latitude,longitude,month,rainfall_mm,humidity_pct,temperature_c,wind_speed_kmh,elevation_m,slope_degree,soil_type,river_proximity_km,ndvi,risk_label,unosat_flood,unosat_water,unosat_landslide,label_source
6.9,79.85,2023-01,85.9,91.1,25.2,17.3,6.2,1.0,clay,3.14,0.54,Warning,False,False,False,rule_based
6.9,79.85,2023-02,67.3,95.1,25.6,15.8,6.2,1.0,clay,3.14,0.48,Warning,False,False,False,rule_based
6.9,79.85,2023-03,141.2,95.9,26.5,13.1,6.2,1.0,clay,3.14,0.58,Flood,False,False,False,rule_based
6.9,79.85,2023-04,138.2,95.4,27.4,13.7,6.2,1.0,clay,3.14,0.61,Flood,False,False,False,rule_based
6.9,79.85,2023-05,238.3,94.7,27.4,17.0,6.2,1.0,clay,3.14,0.56,Flood,False,False,False,rule_based
6.9,79.85,2023-06,379.3,94.7,27.1,19.5,6.2,1.0,clay,3.14,0.56,Flood,False,False,False,rule_based
6.9,79.85,2023-07,250.1,92.9,26.9,21.0,6.2,1.0,clay,3.14,0.61,Flood,False,False,False,rule_based
6.9,79.85,2023-08,149.6,92.8,27.1,19.7,6.2,1.0,clay,3.14,0.59,Flood,False,False,False,rule_based
6.9,79.85,2023-09,554.6,95.0,26.0,19.3,6.2,1.0,clay,3.14,0.55,Flood,False,False,False,rule_based
6.9,79.85,2023-10,564.4,96.6,25.6,14.8,6.2,1.0,clay,3.14,0.58,Flood,False,False,False,rule_based
6.9,79.85,2023-11,488.6,97.5,25.6,12.0,6.2,1.0,clay,3.14,0.55,Flood,False,False,False,rule_based
6.9,79.85,2023-12,410.4,96.3,25.9,14.8,6.2,1.0,clay,3.14,0.55,Flood,False,False,False,rule_based
6.9,79.85,2024-01,138.1,94.3,26.0,14.2,6.2,1.0,clay,3.14,0.57,Flood,False,False,False,rule_based
6.9,79.85,2024-02,38.3,92.8,27.6,17.0,6.2,1.0,clay,3.14,0.35,Warning,False,False,False,rule_based
6.9,79.85,2024-03,79.9,94.9,28.1,16.7,6.2,1.0,clay,3.14,0.46,Warning,False,False,False,rule_based
6.9,79.85,2024-04,177.2,96.1,28.2,14.5,6.2,1.0,clay,3.14,0.55,Flood,False,False,False,rule_based
6.9,79.85,2024-05,656.3,95.1,27.8,20.1,6.2,1.0,clay,3.14,0.53,Flood,False,False,False,rule_based
6.9,79.85,2024-06,355.6,93.5,27.1,21.2,6.2,1.0,clay,3.14,0.57,Flood,False,False,False,rule_based
6.9,79.85,2024-07,316.0,93.6,27.2,19.0,6.2,1.0,clay,3.14,0.54,Flood,False,False,False,rule_based
6.9,79.85,2024-08,334.0,92.8,26.8,19.1,6.2,1.0,clay,3.14,0.52,Flood,False,False,False,rule_based
6.9,79.85,2024-09,310.4,92.9,27.1,20.0,6.2,1.0,clay,3.14,0.61,Flood,False,False,False,rule_based
6.9,79.85,2024-10,410.6,95.4,26.3,16.9,6.2,1.0,clay,3.14,0.56,Flood,False,False,False,rule_based
6.9,79.85,2024-11,354.2,96.4,25.8,15.1,6.2,1.0,clay,3.14,0.56,Flood,False,False,False,rule_based
6.9,79.85,2024-12,130.0,94.2,26.7,13.7,6.2,1.0,clay,3.14,0.52,Flood,False,False,False,rule_based
6.9,79.85,2025-01,278.6,94.9,25.7,14.2,6.2,1.0,clay,3.14,0.55,Flood,False,False,False,rule_based
6.9,79.85,2025-02,49.0,92.1,27.4,14.6,6.2,1.0,clay,3.14,0.44,Warning,False,False,False,rule_based
6.9,79.85,2025-03,124.6,94.8,27.3,11.6,6.2,1.0,clay,3.14,0.53,Flood,False,False,False,rule_based
6.9,79.85,2025-04,177.0,95.0,27.4,13.3,6.2,1.0,clay,3.14,0.57,Flood,False,False,False,rule_based
6.9,79.85,2025-05,274.2,94.1,27.8,18.1,6.2,1.0,clay,3.14,0.54,Flood,False,False,False,rule_based
6.9,79.85,2025-06,303.2,93.0,27.2,18.2,6.2,1.0,clay,3.14,0.55,Flood,False,False,False,rule_based
6.9,79.85,2025-07,262.1,91.8,27.2,19.2,6.2,1.0,clay,3.14,0.54,Flood,False,False,False,rule_based
6.9,79.85,2025-08,172.6,93.0,26.8,17.6,6.2,1.0,clay,3.14,0.62,Flood,False,False,False,rule_based
6.9,79.85,2025-09,251.5,92.7,26.9,17.5,6.2,1.0,clay,3.14,0.56,Flood,False,False,False,rule_based
6.9,79.85,2025-10,256.5,94.1,26.8,13.3,6.2,1.0,clay,3.14,0.53,Flood,False,False,False,rule_based
6.9,79.85,2025-11,556.3,94.7,26.1,16.1,6.2,1.0,clay,3.14,0.59,Flood,False,False,False,rule_based
6.9,79.85,2025-12,122.4,93.4,26.2,15.4,6.2,1.0,clay,3.14,0.53,Flood,False,False,False,rule_based
6.9,79.875,2023-01,85.9,91.1,25.2,17.3,6.6,1.0,clay,2.29,0.53,Warning,False,False,False,rule_based
6.9,79.875,2023-02,67.3,95.1,25.6,15.8,6.6,1.0,clay,2.29,0.42,Warning,False,False,False,rule_based
6.9,79.875,2023-03,141.2,95.9,26.4,13.1,6.6,1.0,clay,2.29,0.52,Flood,False,False,False,rule_based
6.9,79.875,2023-04,138.2,95.4,27.3,13.7,6.6,1.0,clay,2.29,0.57,Flood,False,False,False,rule_based
6.9,79.875,2023-05,238.3,94.7,27.3,17.0,6.6,1.0,clay,2.29,0.59,Flood,False,False,False,rule_based
6.9,79.875,2023-06,379.3,94.7,27.0,19.5,6.6,1.0,clay,2.29,0.57,Flood,False,False,False,rule_based
6.9,79.875,2023-07,250.1,92.9,26.9,21.0,6.6,1.0,clay,2.29,0.56,Flood,False,False,False,rule_based
6.9,79.875,2023-08,149.6,92.8,27.0,19.7,6.6,1.0,clay,2.29,0.55,Flood,False,False,False,rule_based
6.9,79.875,2023-09,554.6,95.0,26.0,19.3,6.6,1.0,clay,2.29,0.52,Flood,False,False,False,rule_based
6.9,79.875,2023-10,564.4,96.6,25.6,14.8,6.6,1.0,clay,2.29,0.54,Flood,False,False,False,rule_based
6.9,79.875,2023-11,488.6,97.5,25.5,12.0,6.6,1.0,clay,2.29,0.55,Flood,False,False,False,rule_based
6.9,79.875,2023-12,410.4,96.3,25.9,14.8,6.6,1.0,clay,2.29,0.59,Flood,False,False,False,rule_based
6.9,79.875,2024-01,138.1,94.3,26.0,14.2,6.6,1.0,clay,2.29,0.57,Flood,False,False,False,rule_based
6.9,79.875,2024-02,38.3,92.8,27.6,17.0,6.6,1.0,clay,2.29,0.36,Warning,False,False,False,rule_based
6.9,79.875,2024-03,79.9,94.9,28.1,16.7,6.6,1.0,clay,2.29,0.52,Warning,False,False,False,rule_based
6.9,79.875,2024-04,177.2,96.1,28.2,14.5,6.6,1.0,clay,2.29,0.55,Flood,False,False,False,rule_based
6.9,79.875,2024-05,656.3,95.1,27.7,20.1,6.6,1.0,clay,2.29,0.54,Flood,False,False,False,rule_based
6.9,79.875,2024-06,355.6,93.5,27.1,21.2,6.6,1.0,clay,2.29,0.58,Flood,False,False,False,rule_based
6.9,79.875,2024-07,316.0,93.6,27.2,19.0,6.6,1.0,clay,2.29,0.59,Flood,False,False,False,rule_based
6.9,79.875,2024-08,334.0,92.8,26.8,19.1,6.6,1.0,clay,2.29,0.59,Flood,False,False,False,rule_based
6.9,79.875,2024-09,310.4,92.9,27.0,20.0,6.6,1.0,clay,2.29,0.54,Flood,False,False,False,rule_based
6.9,79.875,2024-10,410.6,95.4,26.3,16.9,6.6,1.0,clay,2.29,0.55,Flood,False,False,False,rule_based
6.9,79.875,2024-11,354.2,96.4,25.8,15.1,6.6,1.0,clay,2.29,0.57,Flood,False,False,False,rule_based
6.9,79.875,2024-12,130.0,94.2,26.7,13.7,6.6,1.0,clay,2.29,0.59,Flood,False,False,False,rule_based
6.9,79.875,2025-01,278.6,94.9,25.6,14.2,6.6,1.0,clay,2.29,0.55,Flood,False,False,False,rule_based
6.9,79.875,2025-02,49.0,92.1,27.4,14.6,6.6,1.0,clay,2.29,0.43,Warning,False,False,False,rule_based
6.9,79.875,2025-03,124.6,94.8,27.3,11.6,6.6,1.0,clay,2.29,0.53,Flood,False,False,False,rule_based
6.9,79.875,2025-04,177.0,95.0,27.4,13.3,6.6,1.0,clay,2.29,0.53,Flood,False,False,False,rule_based
6.9,79.875,2025-05,274.2,94.1,27.8,18.1,6.6,1.0,clay,2.29,0.59,Flood,False,False,False,rule_based
6.9,79.875,2025-06,303.2,93.0,27.2,18.2,6.6,1.0,clay,2.29,0.6,Flood,False,False,False,rule_based
6.9,79.875,2025-07,262.1,91.8,27.2,19.2,6.6,1.0,clay,2.29,0.56,Flood,False,False,False,rule_based
6.9,79.875,2025-08,172.6,93.0,26.8,17.6,6.6,1.0,clay,2.29,0.59,Flood,False,False,False,rule_based
6.9,79.875,2025-09,251.5,92.7,26.9,17.5,6.6,1.0,clay,2.29,0.57,Flood,False,False,False,rule_based
6.9,79.875,2025-10,256.5,94.1,26.8,13.3,6.6,1.0,clay,2.29,0.54,Flood,False,False,False,rule_based
6.9,79.875,2025-11,556.3,94.7,26.1,16.1,6.6,1.0,clay,2.29,0.57,Flood,False,False,False,rule_based
6.9,79.875,2025-12,122.4,93.4,26.1,15.4,6.6,1.0,clay,2.29,0.61,Flood,False,False,False,rule_based
6.9,79.9,2023-01,85.9,91.1,25.2,17.3,7.0,1.1,clay,4.0,0.53,Warning,False,False,False,rule_based
6.9,79.9,2023-02,67.3,95.1,25.6,15.8,7.0,1.1,clay,4.0,0.53,Warning,False,False,False,rule_based
6.9,79.9,2023-03,141.2,95.9,26.4,13.1,7.0,1.1,clay,4.0,0.49,Warning,False,False,False,rule_based
6.9,79.9,2023-04,138.2,95.4,27.3,13.7,7.0,1.1,clay,4.0,0.59,Warning,False,False,False,rule_based
6.9,79.9,2023-05,238.3,94.7,27.3,17.0,7.0,1.1,clay,4.0,0.57,Warning,False,False,False,rule_based
6.9,79.9,2023-06,379.3,94.7,27.0,19.5,7.0,1.1,clay,4.0,0.56,Warning,False,False,False,rule_based
6.9,79.9,2023-07,250.1,92.9,26.9,21.0,7.0,1.1,clay,4.0,0.57,Warning,False,False,False,rule_based
6.9,79.9,2023-08,149.6,92.8,27.0,19.7,7.0,1.1,clay,4.0,0.5,Warning,False,False,False,rule_based
6.9,79.9,2023-09,554.6,95.0,26.0,19.3,7.0,1.1,clay,4.0,0.56,Warning,False,False,False,rule_based
6.9,79.9,2023-10,564.4,96.6,25.6,14.8,7.0,1.1,clay,4.0,0.57,Warning,False,False,False,rule_based
6.9,79.9,2023-11,488.6,97.5,25.5,12.0,7.0,1.1,clay,4.0,0.61,Warning,False,False,False,rule_based
6.9,79.9,2023-12,410.4,96.3,25.9,14.8,7.0,1.1,clay,4.0,0.55,Warning,False,False,False,rule_based
6.9,79.9,2024-01,138.1,94.3,26.0,14.2,7.0,1.1,clay,4.0,0.54,Warning,False,False,False,rule_based
6.9,79.9,2024-02,38.3,92.8,27.6,17.0,7.0,1.1,clay,4.0,0.39,Warning,False,False,False,rule_based
6.9,79.9,2024-03,79.9,94.9,28.1,16.7,7.0,1.1,clay,4.0,0.54,Warning,False,False,False,rule_based
6.9,79.9,2024-04,177.2,96.1,28.2,14.5,7.0,1.1,clay,4.0,0.57,Warning,False,False,False,rule_based
6.9,79.9,2024-05,656.3,95.1,27.7,20.1,7.0,1.1,clay,4.0,0.55,Warning,False,False,False,rule_based
6.9,79.9,2024-06,355.6,93.5,27.1,21.2,7.0,1.1,clay,4.0,0.58,Warning,False,False,False,rule_based
6.9,79.9,2024-07,316.0,93.6,27.2,19.0,7.0,1.1,clay,4.0,0.57,Warning,False,False,False,rule_based
6.9,79.9,2024-08,334.0,92.8,26.8,19.1,7.0,1.1,clay,4.0,0.59,Warning,False,False,False,rule_based
6.9,79.9,2024-09,310.4,92.9,27.0,20.0,7.0,1.1,clay,4.0,0.54,Warning,False,False,False,rule_based
6.9,79.9,2024-10,410.6,95.4,26.3,16.9,7.0,1.1,clay,4.0,0.55,Warning,False,False,False,rule_based
6.9,79.9,2024-11,354.2,96.4,25.8,15.1,7.0,1.1,clay,4.0,0.55,Warning,False,False,False,rule_based
6.9,79.9,2024-12,130.0,94.2,26.7,13.7,7.0,1.1,clay,4.0,0.52,Warning,False,False,False,rule_based
6.9,79.9,2025-01,278.6,94.9,25.6,14.2,7.0,1.1,clay,4.0,0.57,Warning,False,False,False,rule_based
6.9,79.9,2025-02,49.0,92.1,27.4,14.6,7.0,1.1,clay,4.0,0.44,Warning,False,False,False,rule_based
6.9,79.9,2025-03,124.6,94.8,27.3,11.6,7.0,1.1,clay,4.0,0.56,Warning,False,False,False,rule_based
6.9,79.9,2025-04,177.0,95.0,27.4,13.3,7.0,1.1,clay,4.0,0.56,Warning,False,False,False,rule_based
6.9,79.9,2025-05,274.2,94.1,27.8,18.1,7.0,1.1,clay,4.0,0.52,Warning,False,False,False,rule_based
6.9,79.9,2025-06,303.2,93.0,27.2,18.2,7.0,1.1,clay,4.0,0.55,Warning,False,False,False,rule_based
6.9,79.9,2025-07,262.1,91.8,27.2,19.2,7.0,1.1,clay,4.0,0.55,Warning,False,False,False,rule_based
6.9,79.9,2025-08,172.6,93.0,26.8,17.6,7.0,1.1,clay,4.0,0.54,Warning,False,False,False,rule_based
6.9,79.9,2025-09,251.5,92.7,26.9,17.5,7.0,1.1,clay,4.0,0.56,Warning,False,False,False,rule_based
6.9,79.9,2025-10,256.5,94.1,26.8,13.3,7.0,1.1,clay,4.0,0.58,Warning,False,False,False,rule_based
6.9,79.9,2025-11,556.3,94.7,26.1,16.1,7.0,1.1,clay,4.0,0.62,Warning,False,False,False,rule_based
6.9,79.9,2025-12,122.4,93.4,26.1,15.4,7.0,1.1,clay,4.0,0.57,Warning,False,False,False,rule_based
6.9,79.925,2023-01,85.9,91.1,25.2,17.3,7.4,1.1,clay,6.21,0.54,Warning,False,False,False,rule_based
6.9,79.925,2023-02,67.3,95.1,25.6,15.8,7.4,1.1,clay,6.21,0.48,Warning,False,False,False,rule_based
6.9,79.925,2023-03,141.2,95.9,26.4,13.1,7.4,1.1,clay,6.21,0.51,Warning,False,False,False,rule_based
6.9,79.925,2023-04,138.2,95.4,27.3,13.7,7.4,1.1,clay,6.21,0.56,Warning,False,False,False,rule_based
6.9,79.925,2023-05,238.3,94.7,27.3,17.0,7.4,1.1,clay,6.21,0.57,Warning,False,False,False,rule_based
6.9,79.925,2023-06,379.3,94.7,27.0,19.5,7.4,1.1,clay,6.21,0.64,Warning,False,False,False,rule_based
6.9,79.925,2023-07,250.1,92.9,26.9,21.0,7.4,1.1,clay,6.21,0.56,Warning,False,False,False,rule_based
6.9,79.925,2023-08,149.6,92.8,27.0,19.7,7.4,1.1,clay,6.21,0.57,Warning,False,False,False,rule_based
6.9,79.925,2023-09,554.6,95.0,26.0,19.3,7.4,1.1,clay,6.21,0.56,Warning,False,False,False,rule_based
6.9,79.925,2023-10,564.4,96.6,25.6,14.8,7.4,1.1,clay,6.21,0.53,Warning,False,False,False,rule_based
6.9,79.925,2023-11,488.6,97.5,25.5,12.0,7.4,1.1,clay,6.21,0.6,Warning,False,False,False,rule_based
6.9,79.925,2023-12,410.4,96.3,25.9,14.8,7.4,1.1,clay,6.21,0.59,Warning,False,False,False,rule_based
6.9,79.925,2024-01,138.1,94.3,26.0,14.2,7.4,1.1,clay,6.21,0.59,Warning,False,False,False,rule_based
6.9,79.925,2024-02,38.3,92.8,27.6,17.0,7.4,1.1,clay,6.21,0.38,Warning,False,False,False,rule_based
6.9,79.925,2024-03,79.9,94.9,28.1,16.7,7.4,1.1,clay,6.21,0.56,Warning,False,False,False,rule_based
6.9,79.925,2024-04,177.2,96.1,28.2,14.5,7.4,1.1,clay,6.21,0.52,Warning,False,False,False,rule_based
6.9,79.925,2024-05,656.3,95.1,27.7,20.1,7.4,1.1,clay,6.21,0.58,Warning,False,False,False,rule_based
6.9,79.925,2024-06,355.6,93.5,27.1,21.2,7.4,1.1,clay,6.21,0.63,Warning,False,False,False,rule_based
6.9,79.925,2024-07,316.0,93.6,27.2,19.0,7.4,1.1,clay,6.21,0.54,Warning,False,False,False,rule_based
6.9,79.925,2024-08,334.0,92.8,26.8,19.1,7.4,1.1,clay,6.21,0.55,Warning,False,False,False,rule_based
6.9,79.925,2024-09,310.4,92.9,27.0,20.0,7.4,1.1,clay,6.21,0.57,Warning,False,False,False,rule_based
6.9,79.925,2024-10,410.6,95.4,26.3,16.9,7.4,1.1,clay,6.21,0.55,Warning,False,False,False,rule_based
6.9,79.925,2024-11,354.2,96.4,25.8,15.1,7.4,1.1,clay,6.21,0.52,Warning,False,False,False,rule_based
6.9,79.925,2024-12,130.0,94.2,26.7,13.7,7.4,1.1,clay,6.21,0.57,Warning,False,False,False,rule_based
6.9,79.925,2025-01,278.6,94.9,25.6,14.2,7.4,1.1,clay,6.21,0.53,Warning,False,False,False,rule_based
6.9,79.925,2025-02,49.0,92.1,27.4,14.6,7.4,1.1,clay,6.21,0.45,Warning,False,False,False,rule_based
6.9,79.925,2025-03,124.6,94.8,27.3,11.6,7.4,1.1,clay,6.21,0.54,Warning,False,False,False,rule_based
6.9,79.925,2025-04,177.0,95.0,27.4,13.3,7.4,1.1,clay,6.21,0.61,Warning,False,False,False,rule_based
6.9,79.925,2025-05,274.2,94.1,27.8,18.1,7.4,1.1,clay,6.21,0.54,Warning,False,False,False,rule_based
6.9,79.925,2025-06,303.2,93.0,27.2,18.2,7.4,1.1,clay,6.21,0.56,Warning,False,False,False,rule_based
6.9,79.925,2025-07,262.1,91.8,27.2,19.2,7.4,1.1,clay,6.21,0.59,Warning,False,False,False,rule_based
6.9,79.925,2025-08,172.6,93.0,26.8,17.6,7.4,1.1,clay,6.21,0.53,Warning,False,False,False,rule_based
6.9,79.925,2025-09,251.5,92.7,26.9,17.5,7.4,1.1,clay,6.21,0.57,Warning,False,False,False,rule_based
6.9,79.925,2025-10,256.5,94.1,26.8,13.3,7.4,1.1,clay,6.21,0.6,Warning,False,False,False,rule_based
6.9,79.925,2025-11,556.3,94.7,26.1,16.1,7.4,1.1,clay,6.21,0.52,Warning,False,False,False,rule_based
6.9,79.925,2025-12,122.4,93.4,26.1,15.4,7.4,1.1,clay,6.21,0.57,Warning,False,False,False,rule_based
6.9,79.95,2023-01,120.8,93.3,25.0,14.3,7.7,1.1,clay,7.85,0.57,Warning,False,False,False,rule_based
6.9,79.95,2023-02,112.9,97.7,25.5,12.9,7.7,1.1,clay,7.85,0.59,Warning,False,False,False,rule_based
6.9,79.95,2023-03,185.9,98.2,26.2,11.0,7.7,1.1,clay,7.85,0.53,Warning,False,False,False,rule_based
6.9,79.95,2023-04,213.5,97.7,26.8,11.7,7.7,1.1,clay,7.85,0.53,Warning,False,False,False,rule_based
6.9,79.95,2023-05,276.4,96.9,26.8,14.6,7.7,1.1,clay,7.85,0.58,Warning,False,False,False,rule_based
6.9,79.95,2023-06,421.5,96.8,26.4,16.7,7.7,1.1,clay,7.85,0.57,Warning,False,False,False,rule_based
6.9,79.95,2023-07,292.2,95.6,26.5,17.5,7.7,1.1,clay,7.85,0.57,Warning,False,False,False,rule_based
6.9,79.95,2023-08,158.9,95.7,26.7,17.6,7.7,1.1,clay,7.85,0.58,Warning,False,False,False,rule_based
6.9,79.95,2023-09,573.5,96.9,25.5,16.9,7.7,1.1,clay,7.85,0.54,Warning,False,False,False,rule_based
6.9,79.95,2023-10,657.4,98.0,25.4,12.9,7.7,1.1,clay,7.85,0.57,Warning,False,False,False,rule_based
6.9,79.95,2023-11,541.1,99.5,25.3,10.6,7.7,1.1,clay,7.85,0.57,Warning,False,False,False,rule_based
6.9,79.95,2023-12,449.5,98.6,25.7,12.9,7.7,1.1,clay,7.85,0.54,Warning,False,False,False,rule_based
6.9,79.95,2024-01,168.0,96.8,26.0,12.0,7.7,1.1,clay,7.85,0.62,Warning,False,False,False,rule_based
6.9,79.95,2024-02,37.5,95.3,27.5,14.7,7.7,1.1,clay,7.85,0.42,Warning,False,False,False,rule_based
6.9,79.95,2024-03,117.0,97.1,28.0,14.7,7.7,1.1,clay,7.85,0.53,Warning,False,False,False,rule_based
6.9,79.95,2024-04,224.9,98.5,27.9,12.7,7.7,1.1,clay,7.85,0.59,Warning,False,False,False,rule_based
6.9,79.95,2024-05,761.3,97.1,27.2,16.4,7.7,1.1,clay,7.85,0.54,Warning,False,False,False,rule_based
6.9,79.95,2024-06,368.9,96.0,26.7,18.3,7.7,1.1,clay,7.85,0.59,Warning,False,False,False,rule_based
6.9,79.95,2024-07,363.2,96.3,26.7,16.3,7.7,1.1,clay,7.85,0.6,Warning,False,False,False,rule_based
6.9,79.95,2024-08,369.5,96.2,26.3,16.6,7.7,1.1,clay,7.85,0.54,Warning,False,False,False,rule_based
6.9,79.95,2024-09,383.1,96.3,26.5,17.5,7.7,1.1,clay,7.85,0.59,Warning,False,False,False,rule_based
6.9,79.95,2024-10,460.2,97.1,25.9,14.4,7.7,1.1,clay,7.85,0.58,Warning,False,False,False,rule_based
6.9,79.95,2024-11,411.9,98.9,25.4,12.6,7.7,1.1,clay,7.85,0.59,Warning,False,False,False,rule_based
6.9,79.95,2024-12,198.0,97.6,26.1,12.2,7.7,1.1,clay,7.85,0.62,Warning,False,False,False,rule_based
6.9,79.95,2025-01,322.1,97.8,25.3,12.1,7.7,1.1,clay,7.85,0.56,Warning,False,False,False,rule_based
6.9,79.95,2025-02,76.5,96.2,27.1,12.8,7.7,1.1,clay,7.85,0.48,Warning,False,False,False,rule_based
6.9,79.95,2025-03,189.7,98.4,26.7,10.4,7.7,1.1,clay,7.85,0.54,Warning,False,False,False,rule_based
6.9,79.95,2025-04,246.8,97.8,26.7,12.2,7.7,1.1,clay,7.85,0.54,Warning,False,False,False,rule_based
6.9,79.95,2025-05,307.3,96.9,27.1,15.7,7.7,1.1,clay,7.85,0.56,Warning,False,False,False,rule_based
6.9,79.95,2025-06,419.6,96.6,26.6,15.9,7.7,1.1,clay,7.85,0.58,Warning,False,False,False,rule_based
6.9,79.95,2025-07,412.6,95.3,26.7,16.5,7.7,1.1,clay,7.85,0.57,Warning,False,False,False,rule_based
6.9,79.95,2025-08,256.1,95.8,26.3,15.9,7.7,1.1,clay,7.85,0.59,Warning,False,False,False,rule_based
6.9,79.95,2025-09,303.8,96.9,26.3,15.9,7.7,1.1,clay,7.85,0.57,Warning,False,False,False,rule_based
6.9,79.95,2025-10,315.3,96.8,26.2,12.0,7.7,1.1,clay,7.85,0.61,Warning,False,False,False,rule_based
6.9,79.95,2025-11,580.5,98.2,25.6,14.3,7.7,1.1,clay,7.85,0.56,Warning,False,False,False,rule_based
6.9,79.95,2025-12,162.6,96.4,25.8,14.0,7.7,1.1,clay,7.85,0.65,Warning,False,False,False,rule_based
6.9,79.975,2023-01,120.8,93.3,25.0,14.3,8.1,1.1,clay,10.01,0.58,Warning,False,False,False,rule_based
6.9,79.975,2023-02,112.9,97.7,25.5,12.9,8.1,1.1,clay,10.01,0.54,Warning,False,False,False,rule_based
6.9,79.975,2023-03,185.9,98.2,26.2,11.0,8.1,1.1,clay,10.01,0.53,Warning,False,False,False,rule_based
6.9,79.975,2023-04,213.5,97.7,26.8,11.7,8.1,1.1,clay,10.01,0.58,Warning,False,False,False,rule_based
6.9,79.975,2023-05,276.4,96.9,26.8,14.6,8.1,1.1,clay,10.01,0.56,Warning,False,False,False,rule_based
6.9,79.975,2023-06,421.5,96.8,26.4,16.7,8.1,1.1,clay,10.01,0.59,Warning,False,False,False,rule_based
6.9,79.975,2023-07,292.2,95.6,26.5,17.5,8.1,1.1,clay,10.01,0.58,Warning,False,False,False,rule_based
6.9,79.975,2023-08,158.9,95.7,26.7,17.6,8.1,1.1,clay,10.01,0.56,Warning,False,False,False,rule_based
6.9,79.975,2023-09,573.5,96.9,25.5,16.9,8.1,1.1,clay,10.01,0.54,Warning,False,False,False,rule_based
6.9,79.975,2023-10,657.4,98.0,25.4,12.9,8.1,1.1,clay,10.01,0.52,Warning,False,False,False,rule_based
6.9,79.975,2023-11,541.1,99.5,25.3,10.6,8.1,1.1,clay,10.01,0.55,Warning,False,False,False,rule_based
6.9,79.975,2023-12,449.5,98.6,25.7,12.9,8.1,1.1,clay,10.01,0.59,Warning,False,False,False,rule_based
6.9,79.975,2024-01,168.0,96.8,26.0,12.0,8.1,1.1,clay,10.01,0.57,Warning,False,False,False,rule_based
6.9,79.975,2024-02,37.5,95.3,27.5,14.7,8.1,1.1,clay,10.01,0.37,Warning,False,False,False,rule_based
6.9,79.975,2024-03,117.0,97.1,28.0,14.7,8.1,1.1,clay,10.01,0.57,Warning,False,False,False,rule_based
6.9,79.975,2024-04,224.9,98.5,27.9,12.7,8.1,1.1,clay,10.01,0.58,Warning,False,False,False,rule_based
6.9,79.975,2024-05,761.3,97.1,27.2,16.4,8.1,1.1,clay,10.01,0.54,Warning,False,False,False,rule_based
6.9,79.975,2024-06,368.9,96.0,26.7,18.3,8.1,1.1,clay,10.01,0.57,Warning,False,False,False,rule_based
6.9,79.975,2024-07,363.2,96.3,26.7,16.3,8.1,1.1,clay,10.01,0.57,Warning,False,False,False,rule_based
6.9,79.975,2024-08,369.5,96.2,26.3,16.6,8.1,1.1,clay,10.01,0.53,Warning,False,False,False,rule_based
6.9,79.975,2024-09,383.1,96.3,26.5,17.5,8.1,1.1,clay,10.01,0.58,Warning,False,False,False,rule_based
6.9,79.975,2024-10,460.2,97.1,25.9,14.4,8.1,1.1,clay,10.01,0.58,Warning,False,False,False,rule_based
6.9,79.975,2024-11,411.9,98.9,25.4,12.6,8.1,1.1,clay,10.01,0.6,Warning,False,False,False,rule_based
6.9,79.975,2024-12,198.0,97.6,26.1,12.2,8.1,1.1,clay,10.01,0.6,Warning,False,False,False,rule_based
6.9,79.975,2025-01,322.1,97.8,25.3,12.1,8.1,1.1,clay,10.01,0.52,Warning,False,False,False,rule_based
6.9,79.975,2025-02,76.5,96.2,27.1,12.8,8.1,1.1,clay,10.01,0.48,Warning,False,False,False,rule_based
6.9,79.975,2025-03,189.7,98.4,26.7,10.4,8.1,1.1,clay,10.01,0.58,Warning,False,False,False,rule_based
6.9,79.975,2025-04,246.8,97.8,26.7,12.2,8.1,1.1,clay,10.01,0.58,Warning,False,False,False,rule_based
6.9,79.975,2025-05,307.3,96.9,27.1,15.7,8.1,1.1,clay,10.01,0.58,Warning,False,False,False,rule_based
6.9,79.975,2025-06,419.6,96.6,26.6,15.9,8.1,1.1,clay,10.01,0.68,Warning,False,False,False,rule_based
6.9,79.975,2025-07,412.6,95.3,26.7,16.5,8.1,1.1,clay,10.01,0.58,Warning,False,False,False,rule_based
6.9,79.975,2025-08,256.1,95.8,26.3,15.9,8.1,1.1,clay,10.01,0.6,Warning,False,False,False,rule_based
6.9,79.975,2025-09,303.8,96.9,26.3,15.9,8.1,1.1,clay,10.01,0.59,Warning,False,False,False,rule_based
6.9,79.975,2025-10,315.3,96.8,26.2,12.0,8.1,1.1,clay,10.01,0.59,Warning,False,False,False,rule_based
6.9,79.975,2025-11,580.5,98.2,25.6,14.3,8.1,1.1,clay,10.01,0.56,Warning,False,False,False,rule_based
6.9,79.975,2025-12,162.6,96.4,25.8,14.0,8.1,1.1,clay,10.01,0.59,Warning,False,False,False,rule_based
6.9,80.0,2023-01,120.8,93.3,25.0,14.3,23.0,2.4,clay,11.8,0.57,Warning,False,False,False,rule_based
6.9,80.0,2023-02,112.9,97.7,25.5,12.9,23.0,2.4,clay,11.8,0.59,Warning,False,False,False,rule_based
6.9,80.0,2023-03,185.9,98.2,26.2,11.0,23.0,2.4,clay,11.8,0.58,Warning,False,False,False,rule_based
6.9,80.0,2023-04,213.5,97.7,26.8,11.7,23.0,2.4,clay,11.8,0.6,Warning,False,False,False,rule_based
6.9,80.0,2023-05,276.4,96.9,26.8,14.6,23.0,2.4,clay,11.8,0.67,Warning,False,False,False,rule_based
6.9,80.0,2023-06,421.5,96.8,26.4,16.7,23.0,2.4,clay,11.8,0.54,Warning,False,False,False,rule_based
6.9,80.0,2023-07,292.2,95.6,26.5,17.5,23.0,2.4,clay,11.8,0.62,Warning,False,False,False,rule_based
6.9,80.0,2023-08,158.9,95.7,26.7,17.6,23.0,2.4,clay,11.8,0.55,Warning,False,False,False,rule_based
6.9,80.0,2023-09,573.5,96.9,25.5,16.9,23.0,2.4,clay,11.8,0.58,Warning,False,False,False,rule_based
6.9,80.0,2023-10,657.4,98.0,25.4,12.9,23.0,2.4,clay,11.8,0.63,Warning,False,False,False,rule_based
6.9,80.0,2023-11,541.1,99.5,25.3,10.6,23.0,2.4,clay,11.8,0.6,Warning,False,False,False,rule_based
6.9,80.0,2023-12,449.5,98.6,25.7,12.9,23.0,2.4,clay,11.8,0.56,Warning,False,False,False,rule_based
6.9,80.0,2024-01,168.0,96.8,26.0,12.0,23.0,2.4,clay,11.8,0.57,Warning,False,False,False,rule_based
6.9,80.0,2024-02,37.5,95.3,27.5,14.7,23.0,2.4,clay,11.8,0.46,Warning,False,False,False,rule_based
6.9,80.0,2024-03,117.0,97.1,28.0,14.7,23.0,2.4,clay,11.8,0.57,Warning,False,False,False,rule_based
6.9,80.0,2024-04,224.9,98.5,27.9,12.7,23.0,2.4,clay,11.8,0.6,Warning,False,False,False,rule_based
6.9,80.0,2024-05,761.3,97.1,27.2,16.4,23.0,2.4,clay,11.8,0.6,Warning,False,False,False,rule_based
6.9,80.0,2024-06,368.9,96.0,26.7,18.3,23.0,2.4,clay,11.8,0.58,Warning,False,False,False,rule_based
6.9,80.0,2024-07,363.2,96.3,26.7,16.3,23.0,2.4,clay,11.8,0.66,Warning,False,False,False,rule_based
6.9,80.0,2024-08,369.5,96.2,26.3,16.6,23.0,2.4,clay,11.8,0.62,Warning,False,False,False,rule_based
6.9,80.0,2024-09,383.1,96.3,26.5,17.5,23.0,2.4,clay,11.8,0.54,Warning,False,False,False,rule_based
6.9,80.0,2024-10,460.2,97.1,25.9,14.4,23.0,2.4,clay,11.8,0.6,Warning,False,False,False,rule_based
6.9,80.0,2024-11,411.9,98.9,25.4,12.6,23.0,2.4,clay,11.8,0.58,Warning,False,False,False,rule_based
6.9,80.0,2024-12,198.0,97.6,26.1,12.2,23.0,2.4,clay,11.8,0.62,Warning,False,False,False,rule_based
6.9,80.0,2025-01,322.1,97.8,25.3,12.1,23.0,2.4,clay,11.8,0.57,Warning,False,False,False,rule_based
6.9,80.0,2025-02,76.5,96.2,27.1,12.8,23.0,2.4,clay,11.8,0.53,Warning,False,False,False,rule_based
6.9,80.0,2025-03,189.7,98.4,26.7,10.4,23.0,2.4,clay,11.8,0.61,Warning,False,False,False,rule_based
6.9,80.0,2025-04,246.8,97.8,26.7,12.2,23.0,2.4,clay,11.8,0.62,Warning,False,False,False,rule_based
6.9,80.0,2025-05,307.3,96.9,27.1,15.7,23.0,2.4,clay,11.8,0.56,Warning,False,False,False,rule_based
6.9,80.0,2025-06,419.6,96.6,26.6,15.9,23.0,2.4,clay,11.8,0.59,Warning,False,False,False,rule_based
6.9,80.0,2025-07,412.6,95.3,26.7,16.5,23.0,2.4,clay,11.8,0.58,Warning,False,False,False,rule_based
6.9,80.0,2025-08,256.1,95.8,26.3,15.9,23.0,2.4,clay,11.8,0.58,Warning,False,False,False,rule_based
6.9,80.0,2025-09,303.8,96.9,26.3,15.9,23.0,2.4,clay,11.8,0.65,Warning,False,False,False,rule_based
6.9,80.0,2025-10,315.3,96.8,26.2,12.0,23.0,2.4,clay,11.8,0.61,Warning,False,False,False,rule_based
6.9,80.0,2025-11,580.5,98.2,25.6,14.3,23.0,2.4,clay,11.8,0.56,Warning,False,False,False,rule_based
6.9,80.0,2025-12,162.6,96.4,25.8,14.0,23.0,2.4,clay,11.8,0.62,Warning,False,False,False,rule_based
6.9,80.025,2023-01,146.5,93.9,24.8,13.6,23.8,2.5,clay,13.24,0.66,Warning,False,False,False,rule_based
6.9,80.025,2023-02,124.2,98.1,25.3,12.8,23.8,2.5,clay,13.24,0.63,Warning,False,False,False,rule_based
6.9,80.025,2023-03,182.7,98.6,25.9,9.9,23.8,2.5,clay,13.24,0.55,Warning,False,False,False,rule_based
6.9,80.025,2023-04,197.0,98.1,26.5,11.0,23.8,2.5,clay,13.24,0.58,Warning,False,False,False,rule_based
6.9,80.025,2023-05,272.0,97.6,26.4,13.6,23.8,2.5,clay,13.24,0.64,Warning,False,False,False,rule_based
6.9,80.025,2023-06,360.3,98.4,25.9,15.7,23.8,2.5,clay,13.24,0.58,Warning,False,False,False,rule_based
6.9,80.025,2023-07,296.9,97.1,26.0,16.8,23.8,2.5,clay,13.24,0.61,Warning,False,False,False,rule_based
6.9,80.025,2023-08,160.2,96.9,26.4,17.2,23.8,2.5,clay,13.24,0.62,Warning,False,False,False,rule_based
6.9,80.025,2023-09,568.4,97.8,25.1,16.8,23.8,2.5,clay,13.24,0.57,Warning,False,False,False,rule_based
6.9,80.025,2023-10,593.4,97.9,25.2,12.8,23.8,2.5,clay,13.24,0.6,Warning,False,False,False,rule_based
6.9,80.025,2023-11,584.2,99.3,25.2,10.6,23.8,2.5,clay,13.24,0.5,Warning,False,False,False,rule_based
6.9,80.025,2023-12,496.5,98.8,25.5,12.2,23.8,2.5,clay,13.24,0.57,Warning,False,False,False,rule_based
6.9,80.025,2024-01,197.5,96.7,25.9,11.3,23.8,2.5,clay,13.24,0.59,Warning,False,False,False,rule_based
6.9,80.025,2024-02,38.5,96.1,27.3,13.1,23.8,2.5,clay,13.24,0.41,Warning,False,False,False,rule_based
6.9,80.025,2024-03,128.0,97.2,27.9,14.9,23.8,2.5,clay,13.24,0.65,Warning,False,False,False,rule_based
6.9,80.025,2024-04,227.3,98.2,27.7,12.5,23.8,2.5,clay,13.24,0.55,Warning,False,False,False,rule_based
6.9,80.025,2024-05,755.7,97.9,26.8,15.7,23.8,2.5,clay,13.24,0.58,Warning,False,False,False,rule_based
6.9,80.025,2024-06,391.0,97.2,26.3,17.3,23.8,2.5,clay,13.24,0.6,Warning,False,False,False,rule_based
6.9,80.025,2024-07,328.2,97.8,26.3,15.7,23.8,2.5,clay,13.24,0.64,Warning,False,False,False,rule_based
6.9,80.025,2024-08,340.6,97.0,26.0,16.4,23.8,2.5,clay,13.24,0.55,Warning,False,False,False,rule_based
6.9,80.025,2024-09,378.4,97.8,26.0,16.8,23.8,2.5,clay,13.24,0.63,Warning,False,False,False,rule_based
6.9,80.025,2024-10,468.1,97.6,25.6,13.8,23.8,2.5,clay,13.24,0.6,Warning,False,False,False,rule_based
6.9,80.025,2024-11,482.8,98.9,25.2,13.0,23.8,2.5,clay,13.24,0.57,Warning,False,False,False,rule_based
6.9,80.025,2024-12,199.0,98.2,25.6,12.5,23.8,2.5,clay,13.24,0.61,Warning,False,False,False,rule_based
6.9,80.025,2025-01,376.1,98.7,25.0,12.5,23.8,2.5,clay,13.24,0.6,Warning,False,False,False,rule_based
6.9,80.025,2025-02,69.4,97.1,26.3,13.4,23.8,2.5,clay,13.24,0.5,Warning,False,False,False,rule_based
6.9,80.025,2025-03,212.2,98.7,26.1,11.2,23.8,2.5,clay,13.24,0.6,Warning,False,False,False,rule_based
6.9,80.025,2025-04,295.1,98.6,26.1,12.6,23.8,2.5,clay,13.24,0.59,Warning,False,False,False,rule_based
6.9,80.025,2025-05,319.7,98.6,26.5,16.0,23.8,2.5,clay,13.24,0.6,Warning,False,False,False,rule_based
6.9,80.025,2025-06,434.2,98.9,26.0,16.4,23.8,2.5,clay,13.24,0.62,Warning,False,False,False,rule_based
6.9,80.025,2025-07,334.7,98.5,26.1,17.2,23.8,2.5,clay,13.24,0.65,Warning,False,False,False,rule_based
6.9,80.025,2025-08,266.0,98.3,25.7,16.4,23.8,2.5,clay,13.24,0.56,Warning,False,False,False,rule_based
6.9,80.025,2025-09,300.0,98.9,25.7,16.4,23.8,2.5,clay,13.24,0.66,Warning,False,False,False,rule_based
6.9,80.025,2025-10,348.5,97.9,25.7,12.6,23.8,2.5,clay,13.24,0.54,Warning,False,False,False,rule_based
6.9,80.025,2025-11,600.9,98.9,25.2,15.3,23.8,2.5,clay,13.24,0.59,Warning,False,False,False,rule_based
6.9,80.025,2025-12,204.5,97.4,25.4,14.6,23.8,2.5,clay,13.24,0.62,Warning,False,False,False,rule_based
6.9,80.05,2023-01,146.5,93.9,24.8,13.6,24.5,2.5,clay,14.89,0.61,Warning,False,False,False,rule_based
6.9,80.05,2023-02,124.2,98.1,25.3,12.8,24.5,2.5,clay,14.89,0.58,Warning,False,False,False,rule_based
6.9,80.05,2023-03,182.7,98.6,25.9,9.9,24.5,2.5,clay,14.89,0.59,Warning,False,False,False,rule_based
6.9,80.05,2023-04,197.0,98.1,26.5,11.0,24.5,2.5,clay,14.89,0.58,Warning,False,False,False,rule_based
6.9,80.05,2023-05,272.0,97.6,26.4,13.6,24.5,2.5,clay,14.89,0.58,Warning,False,False,False,rule_based
6.9,80.05,2023-06,360.3,98.4,25.9,15.7,24.5,2.5,clay,14.89,0.62,Warning,False,False,False,rule_based
6.9,80.05,2023-07,296.9,97.1,26.0,16.8,24.5,2.5,clay,14.89,0.61,Warning,False,False,False,rule_based
6.9,80.05,2023-08,160.2,96.9,26.4,17.2,24.5,2.5,clay,14.89,0.58,Warning,False,False,False,rule_based
6.9,80.05,2023-09,568.4,97.8,25.1,16.8,24.5,2.5,clay,14.89,0.63,Warning,False,False,False,rule_based
6.9,80.05,2023-10,593.4,97.9,25.2,12.8,24.5,2.5,clay,14.89,0.61,Warning,False,False,False,rule_based
6.9,80.05,2023-11,584.2,99.3,25.2,10.6,24.5,2.5,clay,14.89,0.62,Warning,False,False,False,rule_based
6.9,80.05,2023-12,496.5,98.8,25.5,12.2,24.5,2.5,clay,14.89,0.62,Warning,False,False,False,rule_based
6.9,80.05,2024-01,197.5,96.7,25.9,11.3,24.5,2.5,clay,14.89,0.57,Warning,False,False,False,rule_based
6.9,80.05,2024-02,38.5,96.1,27.3,13.1,24.5,2.5,clay,14.89,0.43,Warning,False,False,False,rule_based
6.9,80.05,2024-03,128.0,97.2,27.9,14.9,24.5,2.5,clay,14.89,0.62,Warning,False,False,False,rule_based
6.9,80.05,2024-04,227.3,98.2,27.7,12.5,24.5,2.5,clay,14.89,0.62,Warning,False,False,False,rule_based
6.9,80.05,2024-05,755.7,97.9,26.8,15.7,24.5,2.5,clay,14.89,0.6,Warning,False,False,False,rule_based
6.9,80.05,2024-06,391.0,97.2,26.3,17.3,24.5,2.5,clay,14.89,0.6,Warning,False,False,False,rule_based
6.9,80.05,2024-07,328.2,97.8,26.3,15.7,24.5,2.5,clay,14.89,0.64,Warning,False,False,False,rule_based
6.9,80.05,2024-08,340.6,97.0,26.0,16.4,24.5,2.5,clay,14.89,0.58,Warning,False,False,False,rule_based
6.9,80.05,2024-09,378.4,97.8,26.0,16.8,24.5,2.5,clay,14.89,0.62,Warning,False,False,False,rule_based
6.9,80.05,2024-10,468.1,97.6,25.6,13.8,24.5,2.5,clay,14.89,0.59,Warning,False,False,False,rule_based
6.9,80.05,2024-11,482.8,98.9,25.2,13.0,24.5,2.5,clay,14.89,0.59,Warning,False,False,False,rule_based
6.9,80.05,2024-12,199.0,98.2,25.6,12.5,24.5,2.5,clay,14.89,0.63,Warning,False,False,False,rule_based
6.9,80.05,2025-01,376.1,98.7,25.0,12.5,24.5,2.5,clay,14.89,0.62,Warning,False,False,False,rule_based
6.9,80.05,2025-02,69.4,97.1,26.3,13.4,24.5,2.5,clay,14.89,0.55,Warning,False,False,False,rule_based
6.9,80.05,2025-03,212.2,98.7,26.1,11.2,24.5,2.5,clay,14.89,0.64,Warning,False,False,False,rule_based
6.9,80.05,2025-04,295.1,98.6,26.1,12.6,24.5,2.5,clay,14.89,0.6,Warning,False,False,False,rule_based
6.9,80.05,2025-05,319.7,98.6,26.5,16.0,24.5,2.5,clay,14.89,0.62,Warning,False,False,False,rule_based
6.9,80.05,2025-06,434.2,98.9,26.0,16.4,24.5,2.5,clay,14.89,0.59,Warning,False,False,False,rule_based
6.9,80.05,2025-07,334.7,98.5,26.1,17.2,24.5,2.5,clay,14.89,0.61,Warning,False,False,False,rule_based
6.9,80.05,2025-08,266.0,98.3,25.7,16.4,24.5,2.5,clay,14.89,0.6,Warning,False,False,False,rule_based
6.9,80.05,2025-09,300.0,98.9,25.7,16.4,24.5,2.5,clay,14.89,0.6,Warning,False,False,False,rule_based
6.9,80.05,2025-10,348.5,97.9,25.7,12.6,24.5,2.5,clay,14.89,0.62,Warning,False,False,False,rule_based
6.9,80.05,2025-11,600.9,98.9,25.2,15.3,24.5,2.5,clay,14.89,0.57,Warning,False,False,False,rule_based
6.9,80.05,2025-12,204.5,97.4,25.4,14.6,24.5,2.5,clay,14.89,0.66,Warning,False,False,False,rule_based
6.9,80.075,2023-01,146.5,93.9,24.8,13.6,25.3,2.6,loam,15.0,0.57,Warning,False,False,False,rule_based
6.9,80.075,2023-02,124.2,98.1,25.3,12.8,25.3,2.6,loam,15.0,0.56,Warning,False,False,False,rule_based
6.9,80.075,2023-03,182.7,98.6,25.9,9.9,25.3,2.6,loam,15.0,0.64,Warning,False,False,False,rule_based
6.9,80.075,2023-04,197.0,98.1,26.5,11.0,25.3,2.6,loam,15.0,0.62,Warning,False,False,False,rule_based
6.9,80.075,2023-05,272.0,97.6,26.4,13.6,25.3,2.6,loam,15.0,0.62,Warning,False,False,False,rule_based
6.9,80.075,2023-06,360.3,98.4,25.9,15.7,25.3,2.6,loam,15.0,0.62,Warning,False,False,False,rule_based
6.9,80.075,2023-07,296.9,97.1,26.0,16.8,25.3,2.6,loam,15.0,0.6,Warning,False,False,False,rule_based
6.9,80.075,2023-08,160.2,96.9,26.4,17.2,25.3,2.6,loam,15.0,0.57,Warning,False,False,False,rule_based
6.9,80.075,2023-09,568.4,97.8,25.1,16.8,25.3,2.6,loam,15.0,0.6,Warning,False,False,False,rule_based
6.9,80.075,2023-10,593.4,97.9,25.2,12.8,25.3,2.6,loam,15.0,0.58,Warning,False,False,False,rule_based
6.9,80.075,2023-11,584.2,99.3,25.2,10.6,25.3,2.6,loam,15.0,0.63,Warning,False,False,False,rule_based
6.9,80.075,2023-12,496.5,98.8,25.5,12.2,25.3,2.6,loam,15.0,0.6,Warning,False,False,False,rule_based
6.9,80.075,2024-01,197.5,96.7,25.9,11.3,25.3,2.6,loam,15.0,0.58,Warning,False,False,False,rule_based
6.9,80.075,2024-02,38.5,96.1,27.3,13.1,25.3,2.6,loam,15.0,0.44,Warning,False,False,False,rule_based
6.9,80.075,2024-03,128.0,97.2,27.9,14.9,25.3,2.6,loam,15.0,0.61,Warning,False,False,False,rule_based
6.9,80.075,2024-04,227.3,98.2,27.7,12.5,25.3,2.6,loam,15.0,0.58,Warning,False,False,False,rule_based
6.9,80.075,2024-05,755.7,97.9,26.8,15.7,25.3,2.6,loam,15.0,0.58,Warning,False,False,False,rule_based
6.9,80.075,2024-06,391.0,97.2,26.3,17.3,25.3,2.6,loam,15.0,0.61,Warning,False,False,False,rule_based
6.9,80.075,2024-07,328.2,97.8,26.3,15.7,25.3,2.6,loam,15.0,0.61,Warning,False,False,False,rule_based
6.9,80.075,2024-08,340.6,97.0,26.0,16.4,25.3,2.6,loam,15.0,0.59,Warning,False,False,False,rule_based
6.9,80.075,2024-09,378.4,97.8,26.0,16.8,25.3,2.6,loam,15.0,0.59,Warning,False,False,False,rule_based
6.9,80.075,2024-10,468.1,97.6,25.6,13.8,25.3,2.6,loam,15.0,0.61,Warning,False,False,False,rule_based
6.9,80.075,2024-11,482.8,98.9,25.2,13.0,25.3,2.6,loam,15.0,0.56,Warning,False,False,False,rule_based
6.9,80.075,2024-12,199.0,98.2,25.6,12.5,25.3,2.6,loam,15.0,0.56,Warning,False,False,False,rule_based
6.9,80.075,2025-01,376.1,98.7,25.0,12.5,25.3,2.6,loam,15.0,0.58,Warning,False,False,False,rule_based
6.9,80.075,2025-02,69.4,97.1,26.3,13.4,25.3,2.6,loam,15.0,0.52,Warning,False,False,False,rule_based
6.9,80.075,2025-03,212.2,98.7,26.1,11.2,25.3,2.6,loam,15.0,0.61,Warning,False,False,False,rule_based
6.9,80.075,2025-04,295.1,98.6,26.1,12.6,25.3,2.6,loam,15.0,0.64,Warning,False,False,False,rule_based
6.9,80.075,2025-05,319.7,98.6,26.5,16.0,25.3,2.6,loam,15.0,0.63,Warning,False,False,False,rule_based
6.9,80.075,2025-06,434.2,98.9,26.0,16.4,25.3,2.6,loam,15.0,0.6,Warning,False,False,False,rule_based
6.9,80.075,2025-07,334.7,98.5,26.1,17.2,25.3,2.6,loam,15.0,0.6,Warning,False,False,False,rule_based
6.9,80.075,2025-08,266.0,98.3,25.7,16.4,25.3,2.6,loam,15.0,0.57,Warning,False,False,False,rule_based
6.9,80.075,2025-09,300.0,98.9,25.7,16.4,25.3,2.6,loam,15.0,0.6,Warning,False,False,False,rule_based
6.9,80.075,2025-10,348.5,97.9,25.7,12.6,25.3,2.6,loam,15.0,0.59,Warning,False,False,False,rule_based
6.9,80.075,2025-11,600.9,98.9,25.2,15.3,25.3,2.6,loam,15.0,0.61,Warning,False,False,False,rule_based
6.9,80.075,2025-12,204.5,97.4,25.4,14.6,25.3,2.6,loam,15.0,0.58,Warning,False,False,False,rule_based
6.9,80.1,2023-01,158.0,95.0,24.4,12.9,26.0,2.7,loam,15.0,0.62,Warning,False,False,False,rule_based
6.9,80.1,2023-02,114.0,98.1,25.1,11.9,26.0,2.7,loam,15.0,0.65,Warning,False,False,False,rule_based
6.9,80.1,2023-03,180.9,98.2,25.7,9.9,26.0,2.7,loam,15.0,0.6,Warning,False,False,False,rule_based
6.9,80.1,2023-04,199.7,97.4,26.5,11.4,26.0,2.7,loam,15.0,0.61,Warning,False,False,False,rule_based
6.9,80.1,2023-05,241.1,96.6,26.3,13.2,26.0,2.7,loam,15.0,0.62,Warning,False,False,False,rule_based
6.9,80.1,2023-06,341.0,97.5,25.8,14.8,26.0,2.7,loam,15.0,0.59,Warning,False,False,False,rule_based
6.9,80.1,2023-07,364.4,97.5,25.7,16.7,26.0,2.7,loam,15.0,0.61,Warning,False,False,False,rule_based
6.9,80.1,2023-08,155.9,96.5,26.2,17.3,26.0,2.7,loam,15.0,0.6,Warning,False,False,False,rule_based
6.9,80.1,2023-09,608.4,96.8,25.0,16.9,26.0,2.7,loam,15.0,0.6,Warning,False,False,False,rule_based
6.9,80.1,2023-10,624.0,97.0,25.1,13.2,26.0,2.7,loam,15.0,0.58,Warning,False,False,False,rule_based
6.9,80.1,2023-11,568.2,98.5,25.1,10.6,26.0,2.7,loam,15.0,0.6,Warning,False,False,False,rule_based
6.9,80.1,2023-12,462.6,98.5,25.3,12.0,26.0,2.7,loam,15.0,0.62,Warning,False,False,False,rule_based
6.9,80.1,2024-01,190.0,97.1,25.6,10.3,26.0,2.7,loam,15.0,0.65,Warning,False,False,False,rule_based
6.9,80.1,2024-02,39.2,96.4,27.1,12.8,26.0,2.7,loam,15.0,0.48,Warning,False,False,False,rule_based
6.9,80.1,2024-03,113.7,95.5,28.0,16.3,26.0,2.7,loam,15.0,0.67,Warning,False,False,False,rule_based
6.9,80.1,2024-04,186.5,96.9,27.7,13.3,26.0,2.7,loam,15.0,0.58,Warning,False,False,False,rule_based
6.9,80.1,2024-05,766.7,97.3,26.7,16.0,26.0,2.7,loam,15.0,0.63,Warning,False,False,False,rule_based
6.9,80.1,2024-06,403.3,96.8,26.0,17.1,26.0,2.7,loam,15.0,0.61,Warning,False,False,False,rule_based
6.9,80.1,2024-07,303.0,97.5,26.1,15.9,26.0,2.7,loam,15.0,0.67,Warning,False,False,False,rule_based
6.9,80.1,2024-08,359.2,96.3,25.7,16.3,26.0,2.7,loam,15.0,0.58,Warning,False,False,False,rule_based
6.9,80.1,2024-09,363.1,97.4,25.7,16.7,26.0,2.7,loam,15.0,0.58,Warning,False,False,False,rule_based
6.9,80.1,2024-10,509.7,97.0,25.5,13.9,26.0,2.7,loam,15.0,0.58,Warning,False,False,False,rule_based
6.9,80.1,2024-11,507.2,98.4,25.0,13.8,26.0,2.7,loam,15.0,0.54,Warning,False,False,False,rule_based
6.9,80.1,2024-12,173.2,98.2,25.3,12.4,26.0,2.7,loam,15.0,0.59,Warning,False,False,False,rule_based
6.9,80.1,2025-01,332.0,99.1,24.8,11.3,26.0,2.7,loam,15.0,0.58,Warning,False,False,False,rule_based
6.9,80.1,2025-02,74.5,97.5,26.1,13.4,26.0,2.7,loam,15.0,0.54,Warning,False,False,False,rule_based
6.9,80.1,2025-03,169.4,98.8,25.9,12.0,26.0,2.7,loam,15.0,0.61,Warning,False,False,False,rule_based
6.9,80.1,2025-04,301.3,98.8,25.8,12.7,26.0,2.7,loam,15.0,0.66,Warning,False,False,False,rule_based
6.9,80.1,2025-05,317.5,98.8,26.0,15.3,26.0,2.7,loam,15.0,0.63,Warning,False,False,False,rule_based
6.9,80.1,2025-06,439.4,99.4,25.5,15.8,26.0,2.7,loam,15.0,0.58,Warning,False,False,False,rule_based
6.9,80.1,2025-07,317.5,99.1,25.6,16.9,26.0,2.7,loam,15.0,0.58,Warning,False,False,False,rule_based
6.9,80.1,2025-08,290.5,99.0,25.3,16.0,26.0,2.7,loam,15.0,0.62,Warning,False,False,False,rule_based
6.9,80.1,2025-09,282.9,99.2,25.2,16.2,26.0,2.7,loam,15.0,0.56,Warning,False,False,False,rule_based
6.9,80.1,2025-10,345.0,98.2,25.4,12.9,26.0,2.7,loam,15.0,0.66,Warning,False,False,False,rule_based
6.9,80.1,2025-11,632.8,98.9,24.9,14.9,26.0,2.7,loam,15.0,0.64,Warning,False,False,False,rule_based
6.9,80.1,2025-12,184.9,97.9,25.1,14.2,26.0,2.7,loam,15.0,0.59,Warning,False,False,False,rule_based
6.9,80.125,2023-01,158.0,95.0,24.4,12.9,26.8,2.8,loam,15.0,0.55,Warning,False,False,False,rule_based
6.9,80.125,2023-02,114.0,98.1,25.1,11.9,26.8,2.8,loam,15.0,0.64,Warning,False,False,False,rule_based
6.9,80.125,2023-03,180.9,98.2,25.7,9.9,26.8,2.8,loam,15.0,0.6,Warning,False,False,False,rule_based
6.9,80.125,2023-04,199.7,97.4,26.5,11.4,26.8,2.8,loam,15.0,0.64,Warning,False,False,False,rule_based
6.9,80.125,2023-05,241.1,96.6,26.3,13.2,26.8,2.8,loam,15.0,0.56,Warning,False,False,False,rule_based
6.9,80.125,2023-06,341.0,97.5,25.8,14.8,26.8,2.8,loam,15.0,0.59,Warning,False,False,False,rule_based
6.9,80.125,2023-07,364.4,97.5,25.7,16.7,26.8,2.8,loam,15.0,0.6,Warning,False,False,False,rule_based
6.9,80.125,2023-08,155.9,96.5,26.2,17.3,26.8,2.8,loam,15.0,0.61,Warning,False,False,False,rule_based
6.9,80.125,2023-09,608.4,96.8,25.0,16.9,26.8,2.8,loam,15.0,0.59,Warning,False,False,False,rule_based
6.9,80.125,2023-10,624.0,97.0,25.1,13.2,26.8,2.8,loam,15.0,0.62,Warning,False,False,False,rule_based
6.9,80.125,2023-11,568.2,98.5,25.1,10.6,26.8,2.8,loam,15.0,0.57,Warning,False,False,False,rule_based
6.9,80.125,2023-12,462.6,98.5,25.3,12.0,26.8,2.8,loam,15.0,0.6,Warning,False,False,False,rule_based
6.9,80.125,2024-01,190.0,97.1,25.6,10.3,26.8,2.8,loam,15.0,0.61,Warning,False,False,False,rule_based
6.9,80.125,2024-02,39.2,96.4,27.1,12.8,26.8,2.8,loam,15.0,0.47,Warning,False,False,False,rule_based
6.9,80.125,2024-03,113.7,95.5,28.0,16.3,26.8,2.8,loam,15.0,0.62,Warning,False,False,False,rule_based
6.9,80.125,2024-04,186.5,96.9,27.7,13.3,26.8,2.8,loam,15.0,0.57,Warning,False,False,False,rule_based
6.9,80.125,2024-05,766.7,97.3,26.7,16.0,26.8,2.8,loam,15.0,0.56,Warning,False,False,False,rule_based
6.9,80.125,2024-06,403.3,96.8,26.0,17.1,26.8,2.8,loam,15.0,0.64,Warning,False,False,False,rule_based
6.9,80.125,2024-07,303.0,97.5,26.1,15.9,26.8,2.8,loam,15.0,0.61,Warning,False,False,False,rule_based
6.9,80.125,2024-08,359.2,96.3,25.7,16.3,26.8,2.8,loam,15.0,0.58,Warning,False,False,False,rule_based
6.9,80.125,2024-09,363.1,97.4,25.7,16.7,26.8,2.8,loam,15.0,0.65,Warning,False,False,False,rule_based
6.9,80.125,2024-10,509.7,97.0,25.5,13.9,26.8,2.8,loam,15.0,0.61,Warning,False,False,False,rule_based
6.9,80.125,2024-11,507.2,98.4,25.0,13.8,26.8,2.8,loam,15.0,0.64,Warning,False,False,False,rule_based
6.9,80.125,2024-12,173.2,98.2,25.3,12.4,26.8,2.8,loam,15.0,0.61,Warning,False,False,False,rule_based
6.9,80.125,2025-01,332.0,99.1,24.8,11.3,26.8,2.8,loam,15.0,0.67,Warning,False,False,False,rule_based
6.9,80.125,2025-02,74.5,97.5,26.1,13.4,26.8,2.8,loam,15.0,0.59,Warning,False,False,False,rule_based
6.9,80.125,2025-03,169.4,98.8,25.9,12.0,26.8,2.8,loam,15.0,0.6,Warning,False,False,False,rule_based
6.9,80.125,2025-04,301.3,98.8,25.8,12.7,26.8,2.8,loam,15.0,0.63,Warning,False,False,False,rule_based
6.9,80.125,2025-05,317.5,98.8,26.0,15.3,26.8,2.8,loam,15.0,0.62,Warning,False,False,False,rule_based
6.9,80.125,2025-06,439.4,99.4,25.5,15.8,26.8,2.8,loam,15.0,0.64,Warning,False,False,False,rule_based
6.9,80.125,2025-07,317.5,99.1,25.6,16.9,26.8,2.8,loam,15.0,0.57,Warning,False,False,False,rule_based
6.9,80.125,2025-08,290.5,99.0,25.3,16.0,26.8,2.8,loam,15.0,0.62,Warning,False,False,False,rule_based
6.9,80.125,2025-09,282.9,99.2,25.2,16.2,26.8,2.8,loam,15.0,0.64,Warning,False,False,False,rule_based
6.9,80.125,2025-10,345.0,98.2,25.4,12.9,26.8,2.8,loam,15.0,0.55,Warning,False,False,False,rule_based
6.9,80.125,2025-11,632.8,98.9,24.9,14.9,26.8,2.8,loam,15.0,0.57,Warning,False,False,False,rule_based
6.9,80.125,2025-12,184.9,97.9,25.1,14.2,26.8,2.8,loam,15.0,0.54,Warning,False,False,False,rule_based
6.9,80.15,2023-01,158.0,95.0,24.4,12.9,57.0,6.4,loam,15.0,0.66,Warning,False,False,False,rule_based
6.9,80.15,2023-02,114.0,98.1,25.1,11.9,57.0,6.4,loam,15.0,0.69,Warning,False,False,False,rule_based
6.9,80.15,2023-03,180.9,98.2,25.7,9.9,57.0,6.4,loam,15.0,0.71,Warning,False,False,False,rule_based
6.9,80.15,2023-04,199.7,97.4,26.5,11.4,57.0,6.4,loam,15.0,0.67,Warning,False,False,False,rule_based
6.9,80.15,2023-05,241.1,96.6,26.3,13.2,57.0,6.4,loam,15.0,0.71,Warning,False,False,False,rule_based
6.9,80.15,2023-06,341.0,97.5,25.8,14.8,57.0,6.4,loam,15.0,0.62,Warning,False,False,False,rule_based
6.9,80.15,2023-07,364.4,97.5,25.7,16.7,57.0,6.4,loam,15.0,0.61,Warning,False,False,False,rule_based
6.9,80.15,2023-08,155.9,96.5,26.2,17.3,57.0,6.4,loam,15.0,0.66,Warning,False,False,False,rule_based
6.9,80.15,2023-09,608.4,96.8,25.0,16.9,57.0,6.4,loam,15.0,0.68,Warning,False,False,False,rule_based
6.9,80.15,2023-10,624.0,97.0,25.1,13.2,57.0,6.4,loam,15.0,0.66,Warning,False,False,False,rule_based
6.9,80.15,2023-11,568.2,98.5,25.1,10.6,57.0,6.4,loam,15.0,0.6,Warning,False,False,False,rule_based
6.9,80.15,2023-12,462.6,98.5,25.3,12.0,57.0,6.4,loam,15.0,0.66,Warning,False,False,False,rule_based
6.9,80.15,2024-01,190.0,97.1,25.6,10.3,57.0,6.4,loam,15.0,0.62,Warning,False,False,False,rule_based
6.9,80.15,2024-02,39.2,96.4,27.1,12.8,57.0,6.4,loam,15.0,0.53,No Risk,False,False,False,rule_based
6.9,80.15,2024-03,113.7,95.5,28.0,16.3,57.0,6.4,loam,15.0,0.67,Warning,False,False,False,rule_based
6.9,80.15,2024-04,186.5,96.9,27.7,13.3,57.0,6.4,loam,15.0,0.64,Warning,False,False,False,rule_based
6.9,80.15,2024-05,766.7,97.3,26.7,16.0,57.0,6.4,loam,15.0,0.65,Warning,False,False,False,rule_based
6.9,80.15,2024-06,403.3,96.8,26.0,17.1,57.0,6.4,loam,15.0,0.63,Warning,False,False,False,rule_based
6.9,80.15,2024-07,303.0,97.5,26.1,15.9,57.0,6.4,loam,15.0,0.66,Warning,False,False,False,rule_based
6.9,80.15,2024-08,359.2,96.3,25.7,16.3,57.0,6.4,loam,15.0,0.69,Warning,False,False,False,rule_based
6.9,80.15,2024-09,363.1,97.4,25.7,16.7,57.0,6.4,loam,15.0,0.63,Warning,False,False,False,rule_based
6.9,80.15,2024-10,509.7,97.0,25.5,13.9,57.0,6.4,loam,15.0,0.68,Warning,False,False,False,rule_based
6.9,80.15,2024-11,507.2,98.4,25.0,13.8,57.0,6.4,loam,15.0,0.65,Warning,False,False,False,rule_based
6.9,80.15,2024-12,173.2,98.2,25.3,12.4,57.0,6.4,loam,15.0,0.64,Warning,False,False,False,rule_based
6.9,80.15,2025-01,332.0,99.1,24.8,11.3,57.0,6.4,loam,15.0,0.66,Warning,False,False,False,rule_based
6.9,80.15,2025-02,74.5,97.5,26.1,13.4,57.0,6.4,loam,15.0,0.57,Warning,False,False,False,rule_based
6.9,80.15,2025-03,169.4,98.8,25.9,12.0,57.0,6.4,loam,15.0,0.65,Warning,False,False,False,rule_based
6.9,80.15,2025-04,301.3,98.8,25.8,12.7,57.0,6.4,loam,15.0,0.63,Warning,False,False,False,rule_based
6.9,80.15,2025-05,317.5,98.8,26.0,15.3,57.0,6.4,loam,15.0,0.72,Warning,False,False,False,rule_based
6.9,80.15,2025-06,439.4,99.4,25.5,15.8,57.0,6.4,loam,15.0,0.67,Warning,False,False,False,rule_based
6.9,80.15,2025-07,317.5,99.1,25.6,16.9,57.0,6.4,loam,15.0,0.64,Warning,False,False,False,rule_based
6.9,80.15,2025-08,290.5,99.0,25.3,16.0,57.0,6.4,loam,15.0,0.67,Warning,False,False,False,rule_based
6.9,80.15,2025-09,282.9,99.2,25.2,16.2,57.0,6.4,loam,15.0,0.66,Warning,False,False,False,rule_based
6.9,80.15,2025-10,345.0,98.2,25.4,12.9,57.0,6.4,loam,15.0,0.66,Warning,False,False,False,rule_based
6.9,80.15,2025-11,632.8,98.9,24.9,14.9,57.0,6.4,loam,15.0,0.68,Warning,False,False,False,rule_based
6.9,80.15,2025-12,184.9,97.9,25.1,14.2,57.0,6.4,loam,15.0,0.69,Warning,False,False,False,rule_based
6.9,80.175,2023-01,129.3,96.5,24.2,11.6,58.2,6.6,loam,15.0,0.65,Warning,False,False,False,rule_based
6.9,80.175,2023-02,114.0,97.6,25.2,11.6,58.2,6.6,loam,15.0,0.65,Warning,False,False,False,rule_based
6.9,80.175,2023-03,168.2,97.3,25.8,10.1,58.2,6.6,loam,15.0,0.66,Warning,False,False,False,rule_based
6.9,80.175,2023-04,173.9,96.5,26.5,11.0,58.2,6.6,loam,15.0,0.6,Warning,False,False,False,rule_based
6.9,80.175,2023-05,254.9,95.5,26.4,12.5,58.2,6.6,loam,15.0,0.62,Warning,False,False,False,rule_based
6.9,80.175,2023-06,381.0,95.8,25.9,13.2,58.2,6.6,loam,15.0,0.71,Warning,False,False,False,rule_based
6.9,80.175,2023-07,357.0,96.4,25.7,15.3,58.2,6.6,loam,15.0,0.72,Warning,False,False,False,rule_based
6.9,80.175,2023-08,160.0,95.5,26.2,15.7,58.2,6.6,loam,15.0,0.66,Warning,False,False,False,rule_based
6.9,80.175,2023-09,737.1,95.9,25.1,15.6,58.2,6.6,loam,15.0,0.68,Warning,False,False,False,rule_based
6.9,80.175,2023-10,693.8,97.0,25.1,12.6,58.2,6.6,loam,15.0,0.68,Warning,False,False,False,rule_based
6.9,80.175,2023-11,607.9,98.2,25.1,10.1,58.2,6.6,loam,15.0,0.76,Warning,False,False,False,rule_based
6.9,80.175,2023-12,481.4,98.3,25.4,11.4,58.2,6.6,loam,15.0,0.7,Warning,False,False,False,rule_based
6.9,80.175,2024-01,185.4,96.9,25.6,10.1,58.2,6.6,loam,15.0,0.66,Warning,False,False,False,rule_based
6.9,80.175,2024-02,39.1,96.1,27.1,12.7,58.2,6.6,loam,15.0,0.49,No Risk,False,False,False,rule_based
6.9,80.175,2024-03,86.6,94.1,28.3,16.4,58.2,6.6,loam,15.0,0.58,Warning,False,False,False,rule_based
6.9,80.175,2024-04,193.3,96.3,27.9,13.3,58.2,6.6,loam,15.0,0.67,Warning,False,False,False,rule_based
6.9,80.175,2024-05,800.1,96.8,26.8,14.9,58.2,6.6,loam,15.0,0.64,Warning,False,False,False,rule_based
6.9,80.175,2024-06,426.5,95.8,26.1,15.7,58.2,6.6,loam,15.0,0.62,Warning,False,False,False,rule_based
6.9,80.175,2024-07,353.9,96.5,26.1,14.3,58.2,6.6,loam,15.0,0.65,Warning,False,False,False,rule_based
6.9,80.175,2024-08,402.8,95.4,25.8,14.8,58.2,6.6,loam,15.0,0.63,Warning,False,False,False,rule_based
6.9,80.175,2024-09,347.8,96.5,25.8,14.7,58.2,6.6,loam,15.0,0.72,Warning,False,False,False,rule_based
6.9,80.175,2024-10,570.2,96.0,25.5,12.8,58.2,6.6,loam,15.0,0.69,Warning,False,False,False,rule_based
6.9,80.175,2024-11,482.2,98.3,25.0,12.6,58.2,6.6,loam,15.0,0.67,Warning,False,False,False,rule_based
6.9,80.175,2024-12,169.4,98.2,25.4,11.7,58.2,6.6,loam,15.0,0.71,Warning,False,False,False,rule_based
6.9,80.175,2025-01,290.5,99.0,24.8,9.7,58.2,6.6,loam,15.0,0.67,Warning,False,False,False,rule_based
6.9,80.175,2025-02,59.6,98.0,26.1,13.2,58.2,6.6,loam,15.0,0.54,Warning,False,False,False,rule_based
6.9,80.175,2025-03,132.8,98.8,26.0,11.4,58.2,6.6,loam,15.0,0.71,Warning,False,False,False,rule_based
6.9,80.175,2025-04,304.4,98.1,25.9,11.1,58.2,6.6,loam,15.0,0.68,Warning,False,False,False,rule_based
6.9,80.175,2025-05,299.0,98.2,26.1,12.9,58.2,6.6,loam,15.0,0.64,Warning,False,False,False,rule_based
6.9,80.175,2025-06,466.9,98.7,25.5,13.5,58.2,6.6,loam,15.0,0.66,Warning,False,False,False,rule_based
6.9,80.175,2025-07,414.5,98.5,25.5,14.2,58.2,6.6,loam,15.0,0.64,Warning,False,False,False,rule_based
6.9,80.175,2025-08,293.2,98.4,25.3,13.8,58.2,6.6,loam,15.0,0.62,Warning,False,False,False,rule_based
6.9,80.175,2025-09,314.0,98.5,25.3,14.0,58.2,6.6,loam,15.0,0.69,Warning,False,False,False,rule_based
6.9,80.175,2025-10,357.1,97.9,25.4,11.4,58.2,6.6,loam,15.0,0.72,Warning,False,False,False,rule_based
6.9,80.175,2025-11,622.2,98.8,24.9,13.2,58.2,6.6,loam,15.0,0.62,Warning,False,False,False,rule_based
6.9,80.175,2025-12,180.8,98.5,25.2,12.0,58.2,6.6,loam,15.0,0.68,Warning,False,False,False,rule_based
6.9,80.2,2023-01,129.3,96.5,24.2,11.6,59.5,6.7,loam,15.0,0.65,Warning,False,False,False,rule_based
6.9,80.2,2023-02,114.0,97.6,25.2,11.6,59.5,6.7,loam,15.0,0.65,Warning,False,False,False,rule_based
6.9,80.2,2023-03,168.2,97.3,25.8,10.1,59.5,6.7,loam,15.0,0.65,Warning,False,False,False,rule_based
6.9,80.2,2023-04,173.9,96.5,26.5,11.0,59.5,6.7,loam,15.0,0.64,Warning,False,False,False,rule_based
6.9,80.2,2023-05,254.9,95.5,26.4,12.5,59.5,6.7,loam,15.0,0.67,Warning,False,False,False,rule_based
6.9,80.2,2023-06,381.0,95.8,25.9,13.2,59.5,6.7,loam,15.0,0.64,Warning,False,False,False,rule_based
6.9,80.2,2023-07,357.0,96.4,25.7,15.3,59.5,6.7,loam,15.0,0.68,Warning,False,False,False,rule_based
6.9,80.2,2023-08,160.0,95.5,26.2,15.7,59.5,6.7,loam,15.0,0.67,Warning,False,False,False,rule_based
6.9,80.2,2023-09,737.1,95.9,25.1,15.6,59.5,6.7,loam,15.0,0.66,Warning,False,False,False,rule_based
6.9,80.2,2023-10,693.8,97.0,25.1,12.6,59.5,6.7,loam,15.0,0.64,Warning,False,False,False,rule_based
6.9,80.2,2023-11,607.9,98.2,25.1,10.1,59.5,6.7,loam,15.0,0.65,Warning,False,False,False,rule_based
6.9,80.2,2023-12,481.4,98.3,25.4,11.4,59.5,6.7,loam,15.0,0.69,Warning,False,False,False,rule_based
6.9,80.2,2024-01,185.4,96.9,25.6,10.1,59.5,6.7,loam,15.0,0.68,Warning,False,False,False,rule_based
6.9,80.2,2024-02,39.1,96.1,27.1,12.7,59.5,6.7,loam,15.0,0.49,No Risk,False,False,False,rule_based
6.9,80.2,2024-03,86.6,94.1,28.3,16.4,59.5,6.7,loam,15.0,0.64,Warning,False,False,False,rule_based
6.9,80.2,2024-04,193.3,96.3,27.9,13.3,59.5,6.7,loam,15.0,0.69,Warning,False,False,False,rule_based
6.9,80.2,2024-05,800.1,96.8,26.8,14.9,59.5,6.7,loam,15.0,0.62,Warning,False,False,False,rule_based
6.9,80.2,2024-06,426.5,95.8,26.1,15.7,59.5,6.7,loam,15.0,0.69,Warning,False,False,False,rule_based
6.9,80.2,2024-07,353.9,96.5,26.1,14.3,59.5,6.7,loam,15.0,0.65,Warning,False,False,False,rule_based
6.9,80.2,2024-08,402.8,95.4,25.8,14.8,59.5,6.7,loam,15.0,0.69,Warning,False,False,False,rule_based
6.9,80.2,2024-09,347.8,96.5,25.8,14.7,59.5,6.7,loam,15.0,0.65,Warning,False,False,False,rule_based
6.9,80.2,2024-10,570.2,96.0,25.5,12.8,59.5,6.7,loam,15.0,0.61,Warning,False,False,False,rule_based
6.9,80.2,2024-11,482.2,98.3,25.0,12.6,59.5,6.7,loam,15.0,0.62,Warning,False,False,False,rule_based
6.9,80.2,2024-12,169.4,98.2,25.4,11.7,59.5,6.7,loam,15.0,0.67,Warning,False,False,False,rule_based
6.9,80.2,2025-01,290.5,99.0,24.8,9.7,59.5,6.7,loam,15.0,0.68,Warning,False,False,False,rule_based
6.9,80.2,2025-02,59.6,98.0,26.1,13.2,59.5,6.7,loam,15.0,0.54,Warning,False,False,False,rule_based
6.9,80.2,2025-03,132.8,98.8,26.0,11.4,59.5,6.7,loam,15.0,0.69,Warning,False,False,False,rule_based
6.9,80.2,2025-04,304.4,98.1,25.9,11.1,59.5,6.7,loam,15.0,0.62,Warning,False,False,False,rule_based
6.9,80.2,2025-05,299.0,98.2,26.1,12.9,59.5,6.7,loam,15.0,0.67,Warning,False,False,False,rule_based
6.9,80.2,2025-06,466.9,98.7,25.5,13.5,59.5,6.7,loam,15.0,0.63,Warning,False,False,False,rule_based
6.9,80.2,2025-07,414.5,98.5,25.5,14.2,59.5,6.7,loam,15.0,0.65,Warning,False,False,False,rule_based
6.9,80.2,2025-08,293.2,98.4,25.3,13.8,59.5,6.7,loam,15.0,0.67,Warning,False,False,False,rule_based
6.9,80.2,2025-09,314.0,98.5,25.3,14.0,59.5,6.7,loam,15.0,0.64,Warning,False,False,False,rule_based
6.9,80.2,2025-10,357.1,97.9,25.4,11.4,59.5,6.7,loam,15.0,0.66,Warning,False,False,False,rule_based
6.9,80.2,2025-11,622.2,98.8,24.9,13.2,59.5,6.7,loam,15.0,0.7,Warning,False,False,False,rule_based
6.9,80.2,2025-12,180.8,98.5,25.2,12.0,59.5,6.7,loam,15.0,0.65,Warning,False,False,False,rule_based
6.9,80.225,2023-01,129.3,96.5,24.2,11.6,60.7,6.9,loam,15.0,0.7,Warning,False,False,False,rule_based
6.9,80.225,2023-02,114.0,97.6,25.2,11.6,60.7,6.9,loam,15.0,0.64,Warning,False,False,False,rule_based
6.9,80.225,2023-03,168.2,97.3,25.8,10.1,60.7,6.9,loam,15.0,0.69,Warning,False,False,False,rule_based
6.9,80.225,2023-04,173.9,96.5,26.5,11.0,60.7,6.9,loam,15.0,0.71,Warning,False,False,False,rule_based
6.9,80.225,2023-05,254.9,95.5,26.4,12.5,60.7,6.9,loam,15.0,0.6,Warning,False,False,False,rule_based
6.9,80.225,2023-06,381.0,95.8,25.9,13.2,60.7,6.9,loam,15.0,0.65,Warning,False,False,False,rule_based
6.9,80.225,2023-07,357.0,96.4,25.7,15.3,60.7,6.9,loam,15.0,0.69,Warning,False,False,False,rule_based
6.9,80.225,2023-08,160.0,95.5,26.2,15.7,60.7,6.9,loam,15.0,0.67,Warning,False,False,False,rule_based
6.9,80.225,2023-09,737.1,95.9,25.1,15.6,60.7,6.9,loam,15.0,0.68,Warning,False,False,False,rule_based
6.9,80.225,2023-10,693.8,97.0,25.1,12.6,60.7,6.9,loam,15.0,0.65,Warning,False,False,False,rule_based
6.9,80.225,2023-11,607.9,98.2,25.1,10.1,60.7,6.9,loam,15.0,0.67,Warning,False,False,False,rule_based
6.9,80.225,2023-12,481.4,98.3,25.4,11.4,60.7,6.9,loam,15.0,0.67,Warning,False,False,False,rule_based
6.9,80.225,2024-01,185.4,96.9,25.6,10.1,60.7,6.9,loam,15.0,0.71,Warning,False,False,False,rule_based
6.9,80.225,2024-02,39.1,96.1,27.1,12.7,60.7,6.9,loam,15.0,0.53,No Risk,False,False,False,rule_based
6.9,80.225,2024-03,86.6,94.1,28.3,16.4,60.7,6.9,loam,15.0,0.65,Warning,False,False,False,rule_based
6.9,80.225,2024-04,193.3,96.3,27.9,13.3,60.7,6.9,loam,15.0,0.66,Warning,False,False,False,rule_based
6.9,80.225,2024-05,800.1,96.8,26.8,14.9,60.7,6.9,loam,15.0,0.66,Warning,False,False,False,rule_based
6.9,80.225,2024-06,426.5,95.8,26.1,15.7,60.7,6.9,loam,15.0,0.66,Warning,False,False,False,rule_based
6.9,80.225,2024-07,353.9,96.5,26.1,14.3,60.7,6.9,loam,15.0,0.68,Warning,False,False,False,rule_based
6.9,80.225,2024-08,402.8,95.4,25.8,14.8,60.7,6.9,loam,15.0,0.66,Warning,False,False,False,rule_based
6.9,80.225,2024-09,347.8,96.5,25.8,14.7,60.7,6.9,loam,15.0,0.68,Warning,False,False,False,rule_based
6.9,80.225,2024-10,570.2,96.0,25.5,12.8,60.7,6.9,loam,15.0,0.73,Warning,False,False,False,rule_based
6.9,80.225,2024-11,482.2,98.3,25.0,12.6,60.7,6.9,loam,15.0,0.7,Warning,False,False,False,rule_based
6.9,80.225,2024-12,169.4,98.2,25.4,11.7,60.7,6.9,loam,15.0,0.66,Warning,False,False,False,rule_based
6.9,80.225,2025-01,290.5,99.0,24.8,9.7,60.7,6.9,loam,15.0,0.71,Warning,False,False,False,rule_based
6.9,80.225,2025-02,59.6,98.0,26.1,13.2,60.7,6.9,loam,15.0,0.56,Warning,False,False,False,rule_based
6.9,80.225,2025-03,132.8,98.8,26.0,11.4,60.7,6.9,loam,15.0,0.61,Warning,False,False,False,rule_based
6.9,80.225,2025-04,304.4,98.1,25.9,11.1,60.7,6.9,loam,15.0,0.64,Warning,False,False,False,rule_based
6.9,80.225,2025-05,299.0,98.2,26.1,12.9,60.7,6.9,loam,15.0,0.62,Warning,False,False,False,rule_based
6.9,80.225,2025-06,466.9,98.7,25.5,13.5,60.7,6.9,loam,15.0,0.66,Warning,False,False,False,rule_based
6.9,80.225,2025-07,414.5,98.5,25.5,14.2,60.7,6.9,loam,15.0,0.67,Warning,False,False,False,rule_based
6.9,80.225,2025-08,293.2,98.4,25.3,13.8,60.7,6.9,loam,15.0,0.72,Warning,False,False,False,rule_based
6.9,80.225,2025-09,314.0,98.5,25.3,14.0,60.7,6.9,loam,15.0,0.68,Warning,False,False,False,rule_based
6.9,80.225,2025-10,357.1,97.9,25.4,11.4,60.7,6.9,loam,15.0,0.66,Warning,False,False,False,rule_based
6.9,80.225,2025-11,622.2,98.8,24.9,13.2,60.7,6.9,loam,15.0,0.7,Warning,False,False,False,rule_based
6.9,80.225,2025-12,180.8,98.5,25.2,12.0,60.7,6.9,loam,15.0,0.61,Warning,False,False,False,rule_based
6.9,80.25,2023-01,187.1,96.1,24.0,10.5,116.0,16.9,sandy,15.0,0.79,Landslide,False,False,False,rule_based
6.9,80.25,2023-02,135.7,95.6,25.0,10.9,116.0,16.9,sandy,15.0,0.81,Landslide,False,False,False,rule_based
6.9,80.25,2023-03,198.0,95.8,25.5,9.9,116.0,16.9,sandy,15.0,0.74,Landslide,False,False,False,rule_based
6.9,80.25,2023-04,207.5,95.4,26.1,9.8,116.0,16.9,sandy,15.0,0.82,Landslide,False,False,False,rule_based
6.9,80.25,2023-05,302.9,94.6,26.2,11.8,116.0,16.9,sandy,15.0,0.79,Landslide,False,False,False,rule_based
6.9,80.25,2023-06,463.6,94.8,25.7,12.1,116.0,16.9,sandy,15.0,0.77,Landslide,False,False,False,rule_based
6.9,80.25,2023-07,413.1,94.8,25.5,13.3,116.0,16.9,sandy,15.0,0.8,Landslide,False,False,False,rule_based
6.9,80.25,2023-08,190.3,93.5,26.1,14.4,116.0,16.9,sandy,15.0,0.85,Landslide,False,False,False,rule_based
6.9,80.25,2023-09,806.9,94.8,24.8,15.1,116.0,16.9,sandy,15.0,0.79,Landslide,False,False,False,rule_based
6.9,80.25,2023-10,694.2,97.0,24.8,11.9,116.0,16.9,sandy,15.0,0.79,Landslide,False,False,False,rule_based
6.9,80.25,2023-11,648.1,98.2,24.9,9.9,116.0,16.9,sandy,15.0,0.77,Landslide,False,False,False,rule_based
6.9,80.25,2023-12,496.2,97.6,25.2,10.8,116.0,16.9,sandy,15.0,0.76,Landslide,False,False,False,rule_based
6.9,80.25,2024-01,224.1,96.2,25.4,10.2,116.0,16.9,sandy,15.0,0.81,Landslide,False,False,False,rule_based
6.9,80.25,2024-02,42.6,94.3,26.7,12.2,116.0,16.9,sandy,15.0,0.61,No Risk,False,False,False,rule_based
6.9,80.25,2024-03,95.3,93.0,27.9,14.6,116.0,16.9,sandy,15.0,0.77,Landslide,False,False,False,rule_based
6.9,80.25,2024-04,239.7,96.0,27.6,11.6,116.0,16.9,sandy,15.0,0.77,Landslide,False,False,False,rule_based
6.9,80.25,2024-05,858.9,96.7,26.5,13.5,116.0,16.9,sandy,15.0,0.8,Landslide,False,False,False,rule_based
6.9,80.25,2024-06,455.6,94.8,25.9,14.4,116.0,16.9,sandy,15.0,0.79,Landslide,False,False,False,rule_based
6.9,80.25,2024-07,404.4,95.2,25.9,12.7,116.0,16.9,sandy,15.0,0.81,Landslide,False,False,False,rule_based
6.9,80.25,2024-08,484.2,94.0,25.6,14.1,116.0,16.9,sandy,15.0,0.77,Landslide,False,False,False,rule_based
6.9,80.25,2024-09,417.6,95.1,25.6,12.8,116.0,16.9,sandy,15.0,0.77,Landslide,False,False,False,rule_based
6.9,80.25,2024-10,612.3,95.4,25.3,11.8,116.0,16.9,sandy,15.0,0.75,Landslide,False,False,False,rule_based
6.9,80.25,2024-11,526.2,98.5,24.7,11.5,116.0,16.9,sandy,15.0,0.77,Landslide,False,False,False,rule_based
6.9,80.25,2024-12,177.7,98.1,25.0,11.0,116.0,16.9,sandy,15.0,0.79,Landslide,False,False,False,rule_based
6.9,80.25,2025-01,333.7,99.2,24.6,9.0,116.0,16.9,sandy,15.0,0.8,Landslide,False,False,False,rule_based
6.9,80.25,2025-02,51.8,97.0,25.9,12.1,116.0,16.9,sandy,15.0,0.63,Warning,False,False,False,rule_based
6.9,80.25,2025-03,163.9,98.9,25.7,10.7,116.0,16.9,sandy,15.0,0.81,Landslide,False,False,False,rule_based
6.9,80.25,2025-04,378.4,99.1,25.5,10.6,116.0,16.9,sandy,15.0,0.82,Landslide,False,False,False,rule_based
6.9,80.25,2025-05,411.5,98.9,25.6,11.3,116.0,16.9,sandy,15.0,0.79,Landslide,False,False,False,rule_based
6.9,80.25,2025-06,544.2,99.1,25.1,12.1,116.0,16.9,sandy,15.0,0.84,Landslide,False,False,False,rule_based
6.9,80.25,2025-07,633.7,98.7,25.2,12.2,116.0,16.9,sandy,15.0,0.76,Landslide,False,False,False,rule_based
6.9,80.25,2025-08,313.9,98.2,24.9,12.4,116.0,16.9,sandy,15.0,0.74,Landslide,False,False,False,rule_based
6.9,80.25,2025-09,350.4,98.6,25.0,12.1,116.0,16.9,sandy,15.0,0.73,Landslide,False,False,False,rule_based
6.9,80.25,2025-10,373.2,97.9,25.1,10.2,116.0,16.9,sandy,15.0,0.83,Landslide,False,False,False,rule_based
6.9,80.25,2025-11,665.4,99.0,24.6,12.1,116.0,16.9,sandy,15.0,0.8,Landslide,False,False,False,rule_based
6.9,80.25,2025-12,203.5,98.9,24.9,10.3,116.0,16.9,sandy,15.0,0.78,Landslide,False,False,False,rule_based
6.9,80.275,2023-01,187.1,96.1,24.0,10.5,118.0,17.2,sandy,15.0,0.79,Landslide,False,False,False,rule_based
6.9,80.275,2023-02,135.7,95.6,25.0,10.9,118.0,17.2,sandy,15.0,0.75,Landslide,False,False,False,rule_based
6.9,80.275,2023-03,198.0,95.8,25.5,9.9,118.0,17.2,sandy,15.0,0.85,Landslide,False,False,False,rule_based
6.9,80.275,2023-04,207.5,95.4,26.1,9.8,118.0,17.2,sandy,15.0,0.79,Landslide,False,False,False,rule_based
6.9,80.275,2023-05,302.9,94.6,26.2,11.8,118.0,17.2,sandy,15.0,0.79,Landslide,False,False,False,rule_based
6.9,80.275,2023-06,463.6,94.8,25.7,12.1,118.0,17.2,sandy,15.0,0.81,Landslide,False,False,False,rule_based
6.9,80.275,2023-07,413.1,94.8,25.5,13.3,118.0,17.2,sandy,15.0,0.8,Landslide,False,False,False,rule_based
6.9,80.275,2023-08,190.3,93.5,26.1,14.4,118.0,17.2,sandy,15.0,0.79,Landslide,False,False,False,rule_based
6.9,80.275,2023-09,806.9,94.8,24.8,15.1,118.0,17.2,sandy,15.0,0.76,Landslide,False,False,False,rule_based
6.9,80.275,2023-10,694.2,97.0,24.8,11.9,118.0,17.2,sandy,15.0,0.8,Landslide,False,False,False,rule_based
6.9,80.275,2023-11,648.1,98.2,24.9,9.9,118.0,17.2,sandy,15.0,0.84,Landslide,False,False,False,rule_based
6.9,80.275,2023-12,496.2,97.6,25.2,10.8,118.0,17.2,sandy,15.0,0.83,Landslide,False,False,False,rule_based
6.9,80.275,2024-01,224.1,96.2,25.4,10.2,118.0,17.2,sandy,15.0,0.83,Landslide,False,False,False,rule_based
6.9,80.275,2024-02,42.6,94.3,26.7,12.2,118.0,17.2,sandy,15.0,0.63,No Risk,False,False,False,rule_based
6.9,80.275,2024-03,95.3,93.0,27.9,14.6,118.0,17.2,sandy,15.0,0.74,Landslide,False,False,False,rule_based
6.9,80.275,2024-04,239.7,96.0,27.6,11.6,118.0,17.2,sandy,15.0,0.78,Landslide,False,False,False,rule_based
6.9,80.275,2024-05,858.9,96.7,26.5,13.5,118.0,17.2,sandy,15.0,0.79,Landslide,False,False,False,rule_based
6.9,80.275,2024-06,455.6,94.8,25.9,14.4,118.0,17.2,sandy,15.0,0.82,Landslide,False,False,False,rule_based
6.9,80.275,2024-07,404.4,95.2,25.9,12.7,118.0,17.2,sandy,15.0,0.74,Landslide,False,False,False,rule_based
6.9,80.275,2024-08,484.2,94.0,25.6,14.1,118.0,17.2,sandy,15.0,0.83,Landslide,False,False,False,rule_based
6.9,80.275,2024-09,417.6,95.1,25.6,12.8,118.0,17.2,sandy,15.0,0.78,Landslide,False,False,False,rule_based
6.9,80.275,2024-10,612.3,95.4,25.3,11.8,118.0,17.2,sandy,15.0,0.77,Landslide,False,False,False,rule_based
6.9,80.275,2024-11,526.2,98.5,24.7,11.5,118.0,17.2,sandy,15.0,0.76,Landslide,False,False,False,rule_based
6.9,80.275,2024-12,177.7,98.1,25.0,11.0,118.0,17.2,sandy,15.0,0.74,Landslide,False,False,False,rule_based
6.9,80.275,2025-01,333.7,99.2,24.6,9.0,118.0,17.2,sandy,15.0,0.81,Landslide,False,False,False,rule_based
6.9,80.275,2025-02,51.8,97.0,25.9,12.1,118.0,17.2,sandy,15.0,0.67,Warning,False,False,False,rule_based
6.9,80.275,2025-03,163.9,98.9,25.7,10.7,118.0,17.2,sandy,15.0,0.75,Landslide,False,False,False,rule_based
6.9,80.275,2025-04,378.4,99.1,25.5,10.6,118.0,17.2,sandy,15.0,0.75,Landslide,False,False,False,rule_based
6.9,80.275,2025-05,411.5,98.9,25.6,11.3,118.0,17.2,sandy,15.0,0.78,Landslide,False,False,False,rule_based
6.9,80.275,2025-06,544.2,99.1,25.1,12.1,118.0,17.2,sandy,15.0,0.84,Landslide,False,False,False,rule_based
6.9,80.275,2025-07,633.7,98.7,25.2,12.2,118.0,17.2,sandy,15.0,0.78,Landslide,False,False,False,rule_based
6.9,80.275,2025-08,313.9,98.2,24.9,12.4,118.0,17.2,sandy,15.0,0.74,Landslide,False,False,False,rule_based
6.9,80.275,2025-09,350.4,98.6,25.0,12.1,118.0,17.2,sandy,15.0,0.78,Landslide,False,False,False,rule_based
6.9,80.275,2025-10,373.2,97.9,25.1,10.2,118.0,17.2,sandy,15.0,0.78,Landslide,False,False,False,rule_based
6.9,80.275,2025-11,665.4,99.0,24.6,12.1,118.0,17.2,sandy,15.0,0.71,Landslide,False,False,False,rule_based
6.9,80.275,2025-12,203.5,98.9,24.9,10.3,118.0,17.2,sandy,15.0,0.78,Landslide,False,False,False,rule_based
6.9,80.3,2023-01,187.1,96.1,23.0,10.5,120.0,17.6,sandy,15.0,0.78,Landslide,False,False,False,rule_based
6.9,80.3,2023-02,135.7,95.6,24.0,10.9,120.0,17.6,sandy,15.0,0.81,Landslide,False,False,False,rule_based
6.9,80.3,2023-03,198.0,95.7,24.5,9.9,120.0,17.6,sandy,15.0,0.85,Landslide,False,False,False,rule_based
6.9,80.3,2023-04,207.5,95.4,25.1,9.8,120.0,17.6,sandy,15.0,0.82,Landslide,False,False,False,rule_based
6.9,80.3,2023-05,302.9,94.6,25.1,11.8,120.0,17.6,sandy,15.0,0.78,Landslide,False,False,False,rule_based
6.9,80.3,2023-06,463.6,94.8,24.7,12.1,120.0,17.6,sandy,15.0,0.76,Landslide,False,False,False,rule_based
6.9,80.3,2023-07,413.1,94.8,24.5,13.3,120.0,17.6,sandy,15.0,0.85,Landslide,False,False,False,rule_based
6.9,80.3,2023-08,190.3,93.4,25.0,14.4,120.0,17.6,sandy,15.0,0.79,Landslide,False,False,False,rule_based
6.9,80.3,2023-09,806.9,94.8,23.8,15.1,120.0,17.6,sandy,15.0,0.79,Landslide,False,False,False,rule_based
6.9,80.3,2023-10,694.2,97.0,23.8,11.9,120.0,17.6,sandy,15.0,0.79,Landslide,False,False,False,rule_based
6.9,80.3,2023-11,648.1,98.2,23.9,9.9,120.0,17.6,sandy,15.0,0.8,Landslide,False,False,False,rule_based
6.9,80.3,2023-12,496.2,97.6,24.2,10.8,120.0,17.6,sandy,15.0,0.79,Landslide,False,False,False,rule_based
6.9,80.3,2024-01,224.1,96.2,24.4,10.2,120.0,17.6,sandy,15.0,0.77,Landslide,False,False,False,rule_based
6.9,80.3,2024-02,42.6,94.3,25.7,12.2,120.0,17.6,sandy,15.0,0.63,No Risk,False,False,False,rule_based
6.9,80.3,2024-03,95.3,93.0,26.9,14.6,120.0,17.6,sandy,15.0,0.78,Landslide,False,False,False,rule_based
6.9,80.3,2024-04,239.7,96.0,26.6,11.6,120.0,17.6,sandy,15.0,0.77,Landslide,False,False,False,rule_based
6.9,80.3,2024-05,858.9,96.6,25.5,13.5,120.0,17.6,sandy,15.0,0.77,Landslide,False,False,False,rule_based
6.9,80.3,2024-06,455.6,94.8,24.9,14.4,120.0,17.6,sandy,15.0,0.79,Landslide,False,False,False,rule_based
6.9,80.3,2024-07,404.4,95.2,24.9,12.7,120.0,17.6,sandy,15.0,0.78,Landslide,False,False,False,rule_based
6.9,80.3,2024-08,484.2,94.0,24.6,14.1,120.0,17.6,sandy,15.0,0.84,Landslide,False,False,False,rule_based
6.9,80.3,2024-09,417.6,95.1,24.6,12.8,120.0,17.6,sandy,15.0,0.71,Landslide,False,False,False,rule_based
6.9,80.3,2024-10,612.3,95.4,24.3,11.8,120.0,17.6,sandy,15.0,0.82,Landslide,False,False,False,rule_based
6.9,80.3,2024-11,526.2,98.5,23.7,11.5,120.0,17.6,sandy,15.0,0.83,Landslide,False,False,False,rule_based
6.9,80.3,2024-12,177.7,98.1,24.0,11.0,120.0,17.6,sandy,15.0,0.73,Landslide,False,False,False,rule_based
6.9,80.3,2025-01,333.7,99.2,23.6,9.0,120.0,17.6,sandy,15.0,0.78,Landslide,False,False,False,rule_based
6.9,80.3,2025-02,51.8,97.0,24.9,12.1,120.0,17.6,sandy,15.0,0.66,Warning,False,False,False,rule_based
6.9,80.3,2025-03,163.9,98.9,24.7,10.7,120.0,17.6,sandy,15.0,0.75,Landslide,False,False,False,rule_based
6.9,80.3,2025-04,378.4,99.0,24.5,10.6,120.0,17.6,sandy,15.0,0.77,Landslide,False,False,False,rule_based
6.9,80.3,2025-05,411.5,98.8,24.6,11.3,120.0,17.6,sandy,15.0,0.76,Landslide,False,False,False,rule_based
6.9,80.3,2025-06,544.2,99.1,24.1,12.1,120.0,17.6,sandy,15.0,0.84,Landslide,False,False,False,rule_based
6.9,80.3,2025-07,633.7,98.7,24.2,12.2,120.0,17.6,sandy,15.0,0.82,Landslide,False,False,False,rule_based
6.9,80.3,2025-08,313.9,98.2,23.9,12.4,120.0,17.6,sandy,15.0,0.83,Landslide,False,False,False,rule_based
6.9,80.3,2025-09,350.4,98.6,23.9,12.1,120.0,17.6,sandy,15.0,0.81,Landslide,False,False,False,rule_based
6.9,80.3,2025-10,373.2,97.9,24.1,10.2,120.0,17.6,sandy,15.0,0.76,Landslide,False,False,False,rule_based
6.9,80.3,2025-11,665.4,99.0,23.6,12.1,120.0,17.6,sandy,15.0,0.77,Landslide,False,False,False,rule_based
6.9,80.3,2025-12,203.5,98.9,23.9,10.3,120.0,17.6,sandy,15.0,0.8,Landslide,False,False,False,rule_based
6.9,80.325,2023-01,222.5,94.5,23.0,9.2,122.0,17.9,sandy,15.0,0.76,Landslide,False,False,False,rule_based
6.9,80.325,2023-02,146.4,94.5,23.8,9.6,122.0,17.9,sandy,15.0,0.82,Landslide,False,False,False,rule_based
6.9,80.325,2023-03,215.5,94.9,24.3,9.2,122.0,17.9,sandy,15.0,0.79,Landslide,False,False,False,rule_based
6.9,80.325,2023-04,282.6,95.3,24.9,9.2,122.0,17.9,sandy,15.0,0.78,Landslide,False,False,False,rule_based
6.9,80.325,2023-05,325.7,95.2,25.1,11.0,122.0,17.9,sandy,15.0,0.82,Landslide,False,False,False,rule_based
6.9,80.325,2023-06,401.0,95.7,24.6,11.3,122.0,17.9,sandy,15.0,0.81,Landslide,False,False,False,rule_based
6.9,80.325,2023-07,390.3,94.8,24.5,12.5,122.0,17.9,sandy,15.0,0.78,Landslide,False,False,False,rule_based
6.9,80.325,2023-08,188.7,93.9,24.9,13.8,122.0,17.9,sandy,15.0,0.83,Landslide,False,False,False,rule_based
6.9,80.325,2023-09,618.5,96.2,23.8,15.4,122.0,17.9,sandy,15.0,0.76,Landslide,False,False,False,rule_based
6.9,80.325,2023-10,742.6,96.9,23.9,11.8,122.0,17.9,sandy,15.0,0.81,Landslide,False,False,False,rule_based
6.9,80.325,2023-11,774.5,97.8,24.0,9.8,122.0,17.9,sandy,15.0,0.81,Landslide,False,False,False,rule_based
6.9,80.325,2023-12,546.1,96.5,24.2,10.2,122.0,17.9,sandy,15.0,0.78,Landslide,False,False,False,rule_based
6.9,80.325,2024-01,345.7,94.6,24.3,9.5,122.0,17.9,sandy,15.0,0.8,Landslide,False,False,False,rule_based
6.9,80.325,2024-02,61.8,92.0,25.2,10.8,122.0,17.9,sandy,15.0,0.66,Warning,False,False,False,rule_based
6.9,80.325,2024-03,139.7,92.4,26.3,12.4,122.0,17.9,sandy,15.0,0.82,Landslide,False,False,False,rule_based
6.9,80.325,2024-04,341.0,95.2,26.3,9.5,122.0,17.9,sandy,15.0,0.79,Landslide,False,False,False,rule_based
6.9,80.325,2024-05,851.9,97.2,25.4,13.3,122.0,17.9,sandy,15.0,0.78,Landslide,False,False,False,rule_based
6.9,80.325,2024-06,410.8,96.4,24.8,14.3,122.0,17.9,sandy,15.0,0.83,Landslide,False,False,False,rule_based
6.9,80.325,2024-07,377.5,95.1,24.9,12.4,122.0,17.9,sandy,15.0,0.77,Landslide,False,False,False,rule_based
6.9,80.325,2024-08,484.0,95.3,24.5,14.1,122.0,17.9,sandy,15.0,0.75,Landslide,False,False,False,rule_based
6.9,80.325,2024-09,412.8,96.1,24.4,12.3,122.0,17.9,sandy,15.0,0.75,Landslide,False,False,False,rule_based
6.9,80.325,2024-10,542.0,96.0,24.2,11.4,122.0,17.9,sandy,15.0,0.81,Landslide,False,False,False,rule_based
6.9,80.325,2024-11,636.6,98.2,23.7,10.4,122.0,17.9,sandy,15.0,0.76,Landslide,False,False,False,rule_based
6.9,80.325,2024-12,151.0,97.7,23.9,10.6,122.0,17.9,sandy,15.0,0.85,Landslide,False,False,False,rule_based
6.9,80.325,2025-01,322.2,98.7,23.5,8.4,122.0,17.9,sandy,15.0,0.73,Landslide,False,False,False,rule_based
6.9,80.325,2025-02,58.2,95.8,24.5,10.9,122.0,17.9,sandy,15.0,0.74,Warning,False,False,False,rule_based
6.9,80.325,2025-03,204.4,98.3,24.4,9.8,122.0,17.9,sandy,15.0,0.8,Landslide,False,False,False,rule_based
6.9,80.325,2025-04,349.6,98.9,24.5,10.8,122.0,17.9,sandy,15.0,0.79,Landslide,False,False,False,rule_based
6.9,80.325,2025-05,369.2,99.0,24.6,11.4,122.0,17.9,sandy,15.0,0.78,Landslide,False,False,False,rule_based
6.9,80.325,2025-06,432.5,99.1,24.0,12.0,122.0,17.9,sandy,15.0,0.81,Landslide,False,False,False,rule_based
6.9,80.325,2025-07,494.5,99.0,24.1,11.6,122.0,17.9,sandy,15.0,0.79,Landslide,False,False,False,rule_based
6.9,80.325,2025-08,302.8,98.3,23.8,12.2,122.0,17.9,sandy,15.0,0.83,Landslide,False,False,False,rule_based
6.9,80.325,2025-09,347.1,98.5,23.8,12.1,122.0,17.9,sandy,15.0,0.8,Landslide,False,False,False,rule_based
6.9,80.325,2025-10,378.1,97.9,24.0,10.2,122.0,17.9,sandy,15.0,0.8,Landslide,False,False,False,rule_based
6.9,80.325,2025-11,792.1,99.3,23.5,11.4,122.0,17.9,sandy,15.0,0.78,Landslide,False,False,False,rule_based
6.9,80.325,2025-12,208.7,98.4,23.8,9.6,122.0,17.9,sandy,15.0,0.79,Landslide,False,False,False,rule_based
6.925,80.25,2023-01,187.1,96.1,24.0,10.5,117.0,17.1,sandy,15.0,0.79,Landslide,False,False,False,rule_based
6.925,80.25,2023-02,135.7,95.6,25.0,10.9,117.0,17.1,sandy,15.0,0.73,Landslide,False,False,False,rule_based
6.925,80.25,2023-03,198.0,95.8,25.5,9.9,117.0,17.1,sandy,15.0,0.74,Landslide,False,False,False,rule_based
6.925,80.25,2023-04,207.5,95.4,26.1,9.8,117.0,17.1,sandy,15.0,0.81,Landslide,False,False,False,rule_based
6.925,80.25,2023-05,302.9,94.6,26.2,11.8,117.0,17.1,sandy,15.0,0.79,Landslide,False,False,False,rule_based
6.925,80.25,2023-06,463.6,94.8,25.7,12.1,117.0,17.1,sandy,15.0,0.78,Landslide,False,False,False,rule_based
6.925,80.25,2023-07,413.1,94.8,25.5,13.3,117.0,17.1,sandy,15.0,0.78,Landslide,False,False,False,rule_based
6.925,80.25,2023-08,190.3,93.5,26.1,14.4,117.0,17.1,sandy,15.0,0.79,Landslide,False,False,False,rule_based
6.925,80.25,2023-09,806.9,94.8,24.8,15.1,117.0,17.1,sandy,15.0,0.77,Landslide,False,False,False,rule_based
6.925,80.25,2023-10,694.2,97.0,24.8,11.9,117.0,17.1,sandy,15.0,0.76,Landslide,False,False,False,rule_based
6.925,80.25,2023-11,648.1,98.2,24.9,9.9,117.0,17.1,sandy,15.0,0.79,Landslide,False,False,False,rule_based
6.925,80.25,2023-12,496.2,97.6,25.2,10.8,117.0,17.1,sandy,15.0,0.75,Landslide,False,False,False,rule_based
6.925,80.25,2024-01,224.1,96.2,25.4,10.2,117.0,17.1,sandy,15.0,0.8,Landslide,False,False,False,rule_based
6.925,80.25,2024-02,42.6,94.3,26.7,12.2,117.0,17.1,sandy,15.0,0.59,No Risk,False,False,False,rule_based
6.925,80.25,2024-03,95.3,93.0,27.9,14.6,117.0,17.1,sandy,15.0,0.8,Landslide,False,False,False,rule_based
6.925,80.25,2024-04,239.7,96.0,27.6,11.6,117.0,17.1,sandy,15.0,0.8,Landslide,False,False,False,rule_based
6.925,80.25,2024-05,858.9,96.7,26.5,13.5,117.0,17.1,sandy,15.0,0.79,Landslide,False,False,False,rule_based
6.925,80.25,2024-06,455.6,94.8,25.9,14.4,117.0,17.1,sandy,15.0,0.81,Landslide,False,False,False,rule_based
6.925,80.25,2024-07,404.4,95.2,25.9,12.7,117.0,17.1,sandy,15.0,0.83,Landslide,False,False,False,rule_based
6.925,80.25,2024-08,484.2,94.0,25.6,14.1,117.0,17.1,sandy,15.0,0.81,Landslide,False,False,False,rule_based
6.925,80.25,2024-09,417.6,95.1,25.6,12.8,117.0,17.1,sandy,15.0,0.73,Landslide,False,False,False,rule_based
6.925,80.25,2024-10,612.3,95.4,25.3,11.8,117.0,17.1,sandy,15.0,0.75,Landslide,False,False,False,rule_based
6.925,80.25,2024-11,526.2,98.5,24.7,11.5,117.0,17.1,sandy,15.0,0.77,Landslide,False,False,False,rule_based
6.925,80.25,2024-12,177.7,98.1,25.0,11.0,117.0,17.1,sandy,15.0,0.78,Landslide,False,False,False,rule_based
6.925,80.25,2025-01,333.7,99.2,24.6,9.0,117.0,17.1,sandy,15.0,0.8,Landslide,False,False,False,rule_based
6.925,80.25,2025-02,51.8,97.0,25.9,12.1,117.0,17.1,sandy,15.0,0.64,Warning,False,False,False,rule_based
6.925,80.25,2025-03,163.9,98.9,25.7,10.7,117.0,17.1,sandy,15.0,0.79,Landslide,False,False,False,rule_based
6.925,80.25,2025-04,378.4,99.1,25.5,10.6,117.0,17.1,sandy,15.0,0.76,Landslide,False,False,False,rule_based
6.925,80.25,2025-05,411.5,98.9,25.6,11.3,117.0,17.1,sandy,15.0,0.77,Landslide,False,False,False,rule_based
6.925,80.25,2025-06,544.2,99.1,25.1,12.1,117.0,17.1,sandy,15.0,0.74,Landslide,False,False,False,rule_based
6.925,80.25,2025-07,633.7,98.7,25.2,12.2,117.0,17.1,sandy,15.0,0.76,Landslide,False,False,False,rule_based
6.925,80.25,2025-08,313.9,98.2,24.9,12.4,117.0,17.1,sandy,15.0,0.74,Landslide,False,False,False,rule_based
6.925,80.25,2025-09,350.4,98.6,25.0,12.1,117.0,17.1,sandy,15.0,0.75,Landslide,False,False,False,rule_based
6.925,80.25,2025-10,373.2,97.9,25.1,10.2,117.0,17.1,sandy,15.0,0.82,Landslide,False,False,False,rule_based
6.925,80.25,2025-11,665.4,99.0,24.6,12.1,117.0,17.1,sandy,15.0,0.76,Landslide,False,False,False,rule_based
6.925,80.25,2025-12,203.5,98.9,24.9,10.3,117.0,17.1,sandy,15.0,0.85,Landslide,False,False,False,rule_based
6.925,80.275,2023-01,187.1,96.1,24.0,10.5,119.0,17.4,sandy,15.0,0.8,Landslide,False,False,False,rule_based
6.925,80.275,2023-02,135.7,95.6,25.0,10.9,119.0,17.4,sandy,15.0,0.79,Landslide,False,False,False,rule_based
6.925,80.275,2023-03,198.0,95.8,25.5,9.9,119.0,17.4,sandy,15.0,0.76,Landslide,False,False,False,rule_based
6.925,80.275,2023-04,207.5,95.4,26.1,9.8,119.0,17.4,sandy,15.0,0.81,Landslide,False,False,False,rule_based
6.925,80.275,2023-05,302.9,94.6,26.2,11.8,119.0,17.4,sandy,15.0,0.77,Landslide,False,False,False,rule_based
6.925,80.275,2023-06,463.6,94.8,25.7,12.1,119.0,17.4,sandy,15.0,0.79,Landslide,False,False,False,rule_based
6.925,80.275,2023-07,413.1,94.8,25.5,13.3,119.0,17.4,sandy,15.0,0.85,Landslide,False,False,False,rule_based
6.925,80.275,2023-08,190.3,93.5,26.1,14.4,119.0,17.4,sandy,15.0,0.79,Landslide,False,False,False,rule_based
6.925,80.275,2023-09,806.9,94.8,24.8,15.1,119.0,17.4,sandy,15.0,0.82,Landslide,False,False,False,rule_based
6.925,80.275,2023-10,694.2,97.0,24.8,11.9,119.0,17.4,sandy,15.0,0.77,Landslide,False,False,False,rule_based
6.925,80.275,2023-11,648.1,98.2,24.9,9.9,119.0,17.4,sandy,15.0,0.79,Landslide,False,False,False,rule_based
6.925,80.275,2023-12,496.2,97.6,25.2,10.8,119.0,17.4,sandy,15.0,0.84,Landslide,False,False,False,rule_based
6.925,80.275,2024-01,224.1,96.2,25.4,10.2,119.0,17.4,sandy,15.0,0.77,Landslide,False,False,False,rule_based
6.925,80.275,2024-02,42.6,94.3,26.7,12.2,119.0,17.4,sandy,15.0,0.7,No Risk,False,False,False,rule_based
6.925,80.275,2024-03,95.3,93.0,27.9,14.6,119.0,17.4,sandy,15.0,0.8,Landslide,False,False,False,rule_based
6.925,80.275,2024-04,239.7,96.0,27.6,11.6,119.0,17.4,sandy,15.0,0.77,Landslide,False,False,False,rule_based
6.925,80.275,2024-05,858.9,96.7,26.5,13.5,119.0,17.4,sandy,15.0,0.81,Landslide,False,False,False,rule_based
6.925,80.275,2024-06,455.6,94.8,25.9,14.4,119.0,17.4,sandy,15.0,0.82,Landslide,False,False,False,rule_based
6.925,80.275,2024-07,404.4,95.2,25.9,12.7,119.0,17.4,sandy,15.0,0.81,Landslide,False,False,False,rule_based
6.925,80.275,2024-08,484.2,94.0,25.6,14.1,119.0,17.4,sandy,15.0,0.74,Landslide,False,False,False,rule_based
6.925,80.275,2024-09,417.6,95.1,25.6,12.8,119.0,17.4,sandy,15.0,0.77,Landslide,False,False,False,rule_based
6.925,80.275,2024-10,612.3,95.4,25.3,11.8,119.0,17.4,sandy,15.0,0.78,Landslide,False,False,False,rule_based
6.925,80.275,2024-11,526.2,98.5,24.7,11.5,119.0,17.4,sandy,15.0,0.79,Landslide,False,False,False,rule_based
6.925,80.275,2024-12,177.7,98.1,25.0,11.0,119.0,17.4,sandy,15.0,0.81,Landslide,False,False,False,rule_based
6.925,80.275,2025-01,333.7,99.2,24.6,9.0,119.0,17.4,sandy,15.0,0.79,Landslide,False,False,False,rule_based
6.925,80.275,2025-02,51.8,97.0,25.9,12.1,119.0,17.4,sandy,15.0,0.63,Warning,False,False,False,rule_based
6.925,80.275,2025-03,163.9,98.9,25.7,10.7,119.0,17.4,sandy,15.0,0.8,Landslide,False,False,False,rule_based
6.925,80.275,2025-04,378.4,99.1,25.5,10.6,119.0,17.4,sandy,15.0,0.81,Landslide,False,False,False,rule_based
6.925,80.275,2025-05,411.5,98.9,25.6,11.3,119.0,17.4,sandy,15.0,0.8,Landslide,False,False,False,rule_based
6.925,80.275,2025-06,544.2,99.1,25.1,12.1,119.0,17.4,sandy,15.0,0.82,Landslide,False,False,False,rule_based
6.925,80.275,2025-07,633.7,98.7,25.2,12.2,119.0,17.4,sandy,15.0,0.81,Landslide,False,False,False,rule_based
6.925,80.275,2025-08,313.9,98.2,24.9,12.4,119.0,17.4,sandy,15.0,0.8,Landslide,False,False,False,rule_based
6.925,80.275,2025-09,350.4,98.6,25.0,12.1,119.0,17.4,sandy,15.0,0.79,Landslide,False,False,False,rule_based
6.925,80.275,2025-10,373.2,97.9,25.1,10.2,119.0,17.4,sandy,15.0,0.74,Landslide,False,False,False,rule_based
6.925,80.275,2025-11,665.4,99.0,24.6,12.1,119.0,17.4,sandy,15.0,0.8,Landslide,False,False,False,rule_based
6.925,80.275,2025-12,203.5,98.9,24.9,10.3,119.0,17.4,sandy,15.0,0.79,Landslide,False,False,False,rule_based
6.925,80.3,2023-01,187.1,96.1,24.0,10.5,121.0,17.8,sandy,15.0,0.8,Landslide,False,False,False,rule_based
6.925,80.3,2023-02,135.7,95.6,25.0,10.9,121.0,17.8,sandy,15.0,0.75,Landslide,False,False,False,rule_based
6.925,80.3,2023-03,198.0,95.8,25.5,9.9,121.0,17.8,sandy,15.0,0.76,Landslide,False,False,False,rule_based
6.925,80.3,2023-04,207.5,95.4,26.1,9.8,121.0,17.8,sandy,15.0,0.82,Landslide,False,False,False,rule_based
6.925,80.3,2023-05,302.9,94.6,26.2,11.8,121.0,17.8,sandy,15.0,0.79,Landslide,False,False,False,rule_based
6.925,80.3,2023-06,463.6,94.8,25.7,12.1,121.0,17.8,sandy,15.0,0.81,Landslide,False,False,False,rule_based
6.925,80.3,2023-07,413.1,94.8,25.5,13.3,121.0,17.8,sandy,15.0,0.79,Landslide,False,False,False,rule_based
6.925,80.3,2023-08,190.3,93.5,26.1,14.4,121.0,17.8,sandy,15.0,0.79,Landslide,False,False,False,rule_based
6.925,80.3,2023-09,806.9,94.8,24.8,15.1,121.0,17.8,sandy,15.0,0.82,Landslide,False,False,False,rule_based
6.925,80.3,2023-10,694.2,97.0,24.8,11.9,121.0,17.8,sandy,15.0,0.78,Landslide,False,False,False,rule_based
6.925,80.3,2023-11,648.1,98.2,24.9,9.9,121.0,17.8,sandy,15.0,0.79,Landslide,False,False,False,rule_based
6.925,80.3,2023-12,496.2,97.6,25.2,10.8,121.0,17.8,sandy,15.0,0.78,Landslide,False,False,False,rule_based
6.925,80.3,2024-01,224.1,96.2,25.4,10.2,121.0,17.8,sandy,15.0,0.78,Landslide,False,False,False,rule_based
6.925,80.3,2024-02,42.6,94.3,26.7,12.2,121.0,17.8,sandy,15.0,0.64,No Risk,False,False,False,rule_based
6.925,80.3,2024-03,95.3,93.0,27.9,14.6,121.0,17.8,sandy,15.0,0.79,Landslide,False,False,False,rule_based
6.925,80.3,2024-04,239.7,96.0,27.6,11.6,121.0,17.8,sandy,15.0,0.78,Landslide,False,False,False,rule_based
6.925,80.3,2024-05,858.9,96.7,26.5,13.5,121.0,17.8,sandy,15.0,0.83,Landslide,False,False,False,rule_based
6.925,80.3,2024-06,455.6,94.8,25.9,14.4,121.0,17.8,sandy,15.0,0.77,Landslide,False,False,False,rule_based
6.925,80.3,2024-07,404.4,95.2,25.9,12.7,121.0,17.8,sandy,15.0,0.79,Landslide,False,False,False,rule_based
6.925,80.3,2024-08,484.2,94.0,25.6,14.1,121.0,17.8,sandy,15.0,0.78,Landslide,False,False,False,rule_based
6.925,80.3,2024-09,417.6,95.1,25.6,12.8,121.0,17.8,sandy,15.0,0.84,Landslide,False,False,False,rule_based
6.925,80.3,2024-10,612.3,95.4,25.3,11.8,121.0,17.8,sandy,15.0,0.8,Landslide,False,False,False,rule_based
6.925,80.3,2024-11,526.2,98.5,24.7,11.5,121.0,17.8,sandy,15.0,0.82,Landslide,False,False,False,rule_based
6.925,80.3,2024-12,177.7,98.1,25.0,11.0,121.0,17.8,sandy,15.0,0.75,Landslide,False,False,False,rule_based
6.925,80.3,2025-01,333.7,99.2,24.6,9.0,121.0,17.8,sandy,15.0,0.8,Landslide,False,False,False,rule_based
6.925,80.3,2025-02,51.8,97.0,25.9,12.1,121.0,17.8,sandy,15.0,0.7,Warning,False,False,False,rule_based
6.925,80.3,2025-03,163.9,98.9,25.7,10.7,121.0,17.8,sandy,15.0,0.79,Landslide,False,False,False,rule_based
6.925,80.3,2025-04,378.4,99.1,25.5,10.6,121.0,17.8,sandy,15.0,0.82,Landslide,False,False,False,rule_based
6.925,80.3,2025-05,411.5,98.9,25.6,11.3,121.0,17.8,sandy,15.0,0.78,Landslide,False,False,False,rule_based
6.925,80.3,2025-06,544.2,99.1,25.1,12.1,121.0,17.8,sandy,15.0,0.83,Landslide,False,False,False,rule_based
6.925,80.3,2025-07,633.7,98.7,25.2,12.2,121.0,17.8,sandy,15.0,0.85,Landslide,False,False,False,rule_based
6.925,80.3,2025-08,313.9,98.2,24.9,12.4,121.0,17.8,sandy,15.0,0.78,Landslide,False,False,False,rule_based
6.925,80.3,2025-09,350.4,98.6,25.0,12.1,121.0,17.8,sandy,15.0,0.78,Landslide,False,False,False,rule_based
6.925,80.3,2025-10,373.2,97.9,25.1,10.2,121.0,17.8,sandy,15.0,0.84,Landslide,False,False,False,rule_based
6.925,80.3,2025-11,665.4,99.0,24.6,12.1,121.0,17.8,sandy,15.0,0.84,Landslide,False,False,False,rule_based
6.925,80.3,2025-12,203.5,98.9,24.9,10.3,121.0,17.8,sandy,15.0,0.78,Landslide,False,False,False,rule_based
6.925,80.325,2023-01,222.5,94.5,23.0,9.2,123.0,18.0,sandy,15.0,0.78,Landslide,False,False,False,rule_based
6.925,80.325,2023-02,146.4,94.5,23.8,9.6,123.0,18.0,sandy,15.0,0.79,Landslide,False,False,False,rule_based
6.925,80.325,2023-03,215.5,94.9,24.3,9.2,123.0,18.0,sandy,15.0,0.76,Landslide,False,False,False,rule_based
6.925,80.325,2023-04,282.6,95.3,24.9,9.2,123.0,18.0,sandy,15.0,0.77,Landslide,False,False,False,rule_based
6.925,80.325,2023-05,325.7,95.2,25.1,11.0,123.0,18.0,sandy,15.0,0.77,Landslide,False,False,False,rule_based
6.925,80.325,2023-06,401.0,95.7,24.6,11.3,123.0,18.0,sandy,15.0,0.77,Landslide,False,False,False,rule_based
6.925,80.325,2023-07,390.3,94.8,24.5,12.5,123.0,18.0,sandy,15.0,0.79,Landslide,False,False,False,rule_based
6.925,80.325,2023-08,188.7,93.9,24.9,13.8,123.0,18.0,sandy,15.0,0.8,Landslide,False,False,False,rule_based
6.925,80.325,2023-09,618.5,96.2,23.8,15.4,123.0,18.0,sandy,15.0,0.84,Landslide,False,False,False,rule_based
6.925,80.325,2023-10,742.6,96.9,23.9,11.8,123.0,18.0,sandy,15.0,0.77,Landslide,False,False,False,rule_based
6.925,80.325,2023-11,774.5,97.8,24.0,9.8,123.0,18.0,sandy,15.0,0.83,Landslide,False,False,False,rule_based
6.925,80.325,2023-12,546.1,96.5,24.2,10.2,123.0,18.0,sandy,15.0,0.79,Landslide,False,False,False,rule_based
6.925,80.325,2024-01,345.7,94.6,24.3,9.5,123.0,18.0,sandy,15.0,0.79,Landslide,False,False,False,rule_based
6.925,80.325,2024-02,61.8,92.0,25.2,10.8,123.0,18.0,sandy,15.0,0.72,Warning,False,False,False,rule_based
6.925,80.325,2024-03,139.7,92.4,26.3,12.4,123.0,18.0,sandy,15.0,0.76,Landslide,False,False,False,rule_based
6.925,80.325,2024-04,341.0,95.2,26.3,9.5,123.0,18.0,sandy,15.0,0.81,Landslide,False,False,False,rule_based
6.925,80.325,2024-05,851.9,97.2,25.4,13.3,123.0,18.0,sandy,15.0,0.8,Landslide,False,False,False,rule_based
6.925,80.325,2024-06,410.8,96.4,24.8,14.3,123.0,18.0,sandy,15.0,0.81,Landslide,False,False,False,rule_based
6.925,80.325,2024-07,377.5,95.1,24.9,12.4,123.0,18.0,sandy,15.0,0.8,Landslide,False,False,False,rule_based
6.925,80.325,2024-08,484.0,95.3,24.5,14.1,123.0,18.0,sandy,15.0,0.85,Landslide,False,False,False,rule_based
6.925,80.325,2024-09,412.8,96.1,24.4,12.3,123.0,18.0,sandy,15.0,0.78,Landslide,False,False,False,rule_based
6.925,80.325,2024-10,542.0,96.0,24.2,11.4,123.0,18.0,sandy,15.0,0.78,Landslide,False,False,False,rule_based
6.925,80.325,2024-11,636.6,98.2,23.7,10.4,123.0,18.0,sandy,15.0,0.78,Landslide,False,False,False,rule_based
6.925,80.325,2024-12,151.0,97.7,23.9,10.6,123.0,18.0,sandy,15.0,0.78,Landslide,False,False,False,rule_based
6.925,80.325,2025-01,322.2,98.7,23.5,8.4,123.0,18.0,sandy,15.0,0.78,Landslide,False,False,False,rule_based
6.925,80.325,2025-02,58.2,95.8,24.5,10.9,123.0,18.0,sandy,15.0,0.73,Warning,False,False,False,rule_based
6.925,80.325,2025-03,204.4,98.3,24.4,9.8,123.0,18.0,sandy,15.0,0.84,Landslide,False,False,False,rule_based
6.925,80.325,2025-04,349.6,98.9,24.5,10.8,123.0,18.0,sandy,15.0,0.78,Landslide,False,False,False,rule_based
6.925,80.325,2025-05,369.2,99.0,24.6,11.4,123.0,18.0,sandy,15.0,0.77,Landslide,False,False,False,rule_based
6.925,80.325,2025-06,432.5,99.1,24.0,12.0,123.0,18.0,sandy,15.0,0.81,Landslide,False,False,False,rule_based
6.925,80.325,2025-07,494.5,99.0,24.1,11.6,123.0,18.0,sandy,15.0,0.78,Landslide,False,False,False,rule_based
6.925,80.325,2025-08,302.8,98.3,23.8,12.2,123.0,18.0,sandy,15.0,0.81,Landslide,False,False,False,rule_based
6.925,80.325,2025-09,347.1,98.5,23.8,12.1,123.0,18.0,sandy,15.0,0.8,Landslide,False,False,False,rule_based
6.925,80.325,2025-10,378.1,97.9,24.0,10.2,123.0,18.0,sandy,15.0,0.75,Landslide,False,False,False,rule_based
6.925,80.325,2025-11,792.1,99.3,23.5,11.4,123.0,18.0,sandy,15.0,0.84,Landslide,False,False,False,rule_based
6.925,80.325,2025-12,208.7,98.4,23.8,9.6,123.0,18.0,sandy,15.0,0.85,Landslide,False,False,False,rule_based
6.925,80.35,2023-01,222.5,94.5,23.0,9.2,125.0,18.4,sandy,15.0,0.78,Landslide,False,False,False,rule_based
6.925,80.35,2023-02,146.4,94.5,23.8,9.6,125.0,18.4,sandy,15.0,0.79,Landslide,False,False,False,rule_based
6.925,80.35,2023-03,215.5,94.9,24.3,9.2,125.0,18.4,sandy,15.0,0.81,Landslide,False,False,False,rule_based
6.925,80.35,2023-04,282.6,95.3,24.9,9.2,125.0,18.4,sandy,15.0,0.81,Landslide,False,False,False,rule_based
6.925,80.35,2023-05,325.7,95.2,25.1,11.0,125.0,18.4,sandy,15.0,0.82,Landslide,False,False,False,rule_based
6.925,80.35,2023-06,401.0,95.7,24.6,11.3,125.0,18.4,sandy,15.0,0.85,Landslide,False,False,False,rule_based
6.925,80.35,2023-07,390.3,94.8,24.5,12.5,125.0,18.4,sandy,15.0,0.79,Landslide,False,False,False,rule_based
6.925,80.35,2023-08,188.7,93.9,24.9,13.8,125.0,18.4,sandy,15.0,0.78,Landslide,False,False,False,rule_based
6.925,80.35,2023-09,618.5,96.2,23.8,15.4,125.0,18.4,sandy,15.0,0.76,Landslide,False,False,False,rule_based
6.925,80.35,2023-10,742.6,96.9,23.9,11.8,125.0,18.4,sandy,15.0,0.78,Landslide,False,False,False,rule_based
6.925,80.35,2023-11,774.5,97.8,24.0,9.8,125.0,18.4,sandy,15.0,0.8,Landslide,False,False,False,rule_based
6.925,80.35,2023-12,546.1,96.5,24.2,10.2,125.0,18.4,sandy,15.0,0.85,Landslide,False,False,False,rule_based
6.925,80.35,2024-01,345.7,94.6,24.3,9.5,125.0,18.4,sandy,15.0,0.78,Landslide,False,False,False,rule_based
6.925,80.35,2024-02,61.8,92.0,25.2,10.8,125.0,18.4,sandy,15.0,0.71,Warning,False,False,False,rule_based
6.925,80.35,2024-03,139.7,92.4,26.3,12.4,125.0,18.4,sandy,15.0,0.8,Landslide,False,False,False,rule_based
6.925,80.35,2024-04,341.0,95.2,26.3,9.5,125.0,18.4,sandy,15.0,0.84,Landslide,False,False,False,rule_based
6.925,80.35,2024-05,851.9,97.2,25.4,13.3,125.0,18.4,sandy,15.0,0.85,Landslide,False,False,False,rule_based
6.925,80.35,2024-06,410.8,96.4,24.8,14.3,125.0,18.4,sandy,15.0,0.78,Landslide,False,False,False,rule_based
6.925,80.35,2024-07,377.5,95.1,24.9,12.4,125.0,18.4,sandy,15.0,0.79,Landslide,False,False,False,rule_based
6.925,80.35,2024-08,484.0,95.3,24.5,14.1,125.0,18.4,sandy,15.0,0.83,Landslide,False,False,False,rule_based
6.925,80.35,2024-09,412.8,96.1,24.4,12.3,125.0,18.4,sandy,15.0,0.82,Landslide,False,False,False,rule_based
6.925,80.35,2024-10,542.0,96.0,24.2,11.4,125.0,18.4,sandy,15.0,0.85,Landslide,False,False,False,rule_based
6.925,80.35,2024-11,636.6,98.2,23.7,10.4,125.0,18.4,sandy,15.0,0.82,Landslide,False,False,False,rule_based
6.925,80.35,2024-12,151.0,97.7,23.9,10.6,125.0,18.4,sandy,15.0,0.79,Landslide,False,False,False,rule_based
6.925,80.35,2025-01,322.2,98.7,23.5,8.4,125.0,18.4,sandy,15.0,0.82,Landslide,False,False,False,rule_based
6.925,80.35,2025-02,58.2,95.8,24.5,10.9,125.0,18.4,sandy,15.0,0.73,Warning,False,False,False,rule_based
6.925,80.35,2025-03,204.4,98.3,24.4,9.8,125.0,18.4,sandy,15.0,0.82,Landslide,False,False,False,rule_based
6.925,80.35,2025-04,349.6,98.9,24.5,10.8,125.0,18.4,sandy,15.0,0.82,Landslide,False,False,False,rule_based
6.925,80.35,2025-05,369.2,99.0,24.6,11.4,125.0,18.4,sandy,15.0,0.83,Landslide,False,False,False,rule_based
6.925,80.35,2025-06,432.5,99.1,24.0,12.0,125.0,18.4,sandy,15.0,0.84,Landslide,False,False,False,rule_based
6.925,80.35,2025-07,494.5,99.0,24.1,11.6,125.0,18.4,sandy,15.0,0.84,Landslide,False,False,False,rule_based
6.925,80.35,2025-08,302.8,98.3,23.8,12.2,125.0,18.4,sandy,15.0,0.82,Landslide,False,False,False,rule_based
6.925,80.35,2025-09,347.1,98.5,23.8,12.1,125.0,18.4,sandy,15.0,0.79,Landslide,False,False,False,rule_based
6.925,80.35,2025-10,378.1,97.9,24.0,10.2,125.0,18.4,sandy,15.0,0.8,Landslide,False,False,False,rule_based
6.925,80.35,2025-11,792.1,99.3,23.5,11.4,125.0,18.4,sandy,15.0,0.84,Landslide,False,False,False,rule_based
6.925,80.35,2025-12,208.7,98.4,23.8,9.6,125.0,18.4,sandy,15.0,0.78,Landslide,False,False,False,rule_based
6.95,79.85,2023-01,85.9,91.1,25.2,17.3,6.7,1.0,clay,4.0,0.5,Warning,False,False,False,rule_based
6.95,79.85,2023-02,67.3,95.1,25.6,15.8,6.7,1.0,clay,4.0,0.5,Warning,False,False,False,rule_based
6.95,79.85,2023-03,141.2,95.9,26.5,13.1,6.7,1.0,clay,4.0,0.57,Warning,False,False,False,rule_based
6.95,79.85,2023-04,138.2,95.4,27.4,13.7,6.7,1.0,clay,4.0,0.55,Warning,False,False,False,rule_based
6.95,79.85,2023-05,238.3,94.7,27.4,17.0,6.7,1.0,clay,4.0,0.52,Warning,False,False,False,rule_based
6.95,79.85,2023-06,379.3,94.7,27.1,19.5,6.7,1.0,clay,4.0,0.59,Warning,False,False,False,rule_based
6.95,79.85,2023-07,250.1,92.9,26.9,21.0,6.7,1.0,clay,4.0,0.58,Warning,False,False,False,rule_based
6.95,79.85,2023-08,149.6,92.8,27.1,19.7,6.7,1.0,clay,4.0,0.56,Warning,False,False,False,rule_based
6.95,79.85,2023-09,554.6,95.0,26.0,19.3,6.7,1.0,clay,4.0,0.62,Warning,False,False,False,rule_based
6.95,79.85,2023-10,564.4,96.6,25.6,14.8,6.7,1.0,clay,4.0,0.53,Warning,False,False,False,rule_based
6.95,79.85,2023-11,488.6,97.5,25.6,12.0,6.7,1.0,clay,4.0,0.52,Warning,False,False,False,rule_based
6.95,79.85,2023-12,410.4,96.3,25.9,14.8,6.7,1.0,clay,4.0,0.54,Warning,False,False,False,rule_based
6.95,79.85,2024-01,138.1,94.3,26.0,14.2,6.7,1.0,clay,4.0,0.56,Warning,False,False,False,rule_based
6.95,79.85,2024-02,38.3,92.8,27.6,17.0,6.7,1.0,clay,4.0,0.42,Warning,False,False,False,rule_based
6.95,79.85,2024-03,79.9,94.9,28.1,16.7,6.7,1.0,clay,4.0,0.51,Warning,False,False,False,rule_based
6.95,79.85,2024-04,177.2,96.1,28.2,14.5,6.7,1.0,clay,4.0,0.57,Warning,False,False,False,rule_based
6.95,79.85,2024-05,656.3,95.1,27.8,20.1,6.7,1.0,clay,4.0,0.53,Warning,False,False,False,rule_based
6.95,79.85,2024-06,355.6,93.5,27.1,21.2,6.7,1.0,clay,4.0,0.61,Warning,False,False,False,rule_based
6.95,79.85,2024-07,316.0,93.6,27.2,19.0,6.7,1.0,clay,4.0,0.56,Warning,False,False,False,rule_based
6.95,79.85,2024-08,334.0,92.8,26.8,19.1,6.7,1.0,clay,4.0,0.6,Warning,False,False,False,rule_based
6.95,79.85,2024-09,310.4,92.9,27.1,20.0,6.7,1.0,clay,4.0,0.57,Warning,False,False,False,rule_based
6.95,79.85,2024-10,410.6,95.4,26.3,16.9,6.7,1.0,clay,4.0,0.58,Warning,False,False,False,rule_based
6.95,79.85,2024-11,354.2,96.4,25.8,15.1,6.7,1.0,clay,4.0,0.58,Warning,False,False,False,rule_based
6.95,79.85,2024-12,130.0,94.2,26.7,13.7,6.7,1.0,clay,4.0,0.58,Warning,False,False,False,rule_based
6.95,79.85,2025-01,278.6,94.9,25.7,14.2,6.7,1.0,clay,4.0,0.58,Warning,False,False,False,rule_based
6.95,79.85,2025-02,49.0,92.1,27.4,14.6,6.7,1.0,clay,4.0,0.48,Warning,False,False,False,rule_based
6.95,79.85,2025-03,124.6,94.8,27.3,11.6,6.7,1.0,clay,4.0,0.57,Warning,False,False,False,rule_based
6.95,79.85,2025-04,177.0,95.0,27.4,13.3,6.7,1.0,clay,4.0,0.58,Warning,False,False,False,rule_based
6.95,79.85,2025-05,274.2,94.1,27.8,18.1,6.7,1.0,clay,4.0,0.56,Warning,False,False,False,rule_based
6.95,79.85,2025-06,303.2,93.0,27.2,18.2,6.7,1.0,clay,4.0,0.61,Warning,False,False,False,rule_based
6.95,79.85,2025-07,262.1,91.8,27.2,19.2,6.7,1.0,clay,4.0,0.54,Warning,False,False,False,rule_based
6.95,79.85,2025-08,172.6,93.0,26.8,17.6,6.7,1.0,clay,4.0,0.62,Warning,False,False,False,rule_based
6.95,79.85,2025-09,251.5,92.7,26.9,17.5,6.7,1.0,clay,4.0,0.56,Warning,False,False,False,rule_based
6.95,79.85,2025-10,256.5,94.1,26.8,13.3,6.7,1.0,clay,4.0,0.52,Warning,False,False,False,rule_based
6.95,79.85,2025-11,556.3,94.7,26.1,16.1,6.7,1.0,clay,4.0,0.57,Warning,False,False,False,rule_based
6.95,79.85,2025-12,122.4,93.4,26.2,15.4,6.7,1.0,clay,4.0,0.54,Warning,False,False,False,rule_based
6.95,79.875,2023-01,85.9,91.1,25.2,17.3,7.1,1.1,clay,2.78,0.55,Warning,False,False,False,rule_based
6.95,79.875,2023-02,67.3,95.1,25.6,15.8,7.1,1.1,clay,2.78,0.46,Warning,False,False,False,rule_based
6.95,79.875,2023-03,141.2,95.9,26.4,13.1,7.1,1.1,clay,2.78,0.55,Flood,False,False,False,rule_based
6.95,79.875,2023-04,138.2,95.4,27.3,13.7,7.1,1.1,clay,2.78,0.51,Flood,False,False,False,rule_based
6.95,79.875,2023-05,238.3,94.7,27.3,17.0,7.1,1.1,clay,2.78,0.55,Flood,False,False,False,rule_based
6.95,79.875,2023-06,379.3,94.7,27.0,19.5,7.1,1.1,clay,2.78,0.49,Flood,False,False,False,rule_based
6.95,79.875,2023-07,250.1,92.9,26.9,21.0,7.1,1.1,clay,2.78,0.52,Flood,False,False,False,rule_based
6.95,79.875,2023-08,149.6,92.8,27.0,19.7,7.1,1.1,clay,2.78,0.59,Flood,False,False,False,rule_based
6.95,79.875,2023-09,554.6,95.0,26.0,19.3,7.1,1.1,clay,2.78,0.59,Flood,False,False,False,rule_based
6.95,79.875,2023-10,564.4,96.6,25.6,14.8,7.1,1.1,clay,2.78,0.58,Flood,False,False,False,rule_based
6.95,79.875,2023-11,488.6,97.5,25.5,12.0,7.1,1.1,clay,2.78,0.54,Flood,False,False,False,rule_based
6.95,79.875,2023-12,410.4,96.3,25.9,14.8,7.1,1.1,clay,2.78,0.56,Flood,False,False,False,rule_based
6.95,79.875,2024-01,138.1,94.3,26.0,14.2,7.1,1.1,clay,2.78,0.56,Flood,False,False,False,rule_based
6.95,79.875,2024-02,38.3,92.8,27.6,17.0,7.1,1.1,clay,2.78,0.38,Warning,False,False,False,rule_based
6.95,79.875,2024-03,79.9,94.9,28.1,16.7,7.1,1.1,clay,2.78,0.56,Warning,False,False,False,rule_based
6.95,79.875,2024-04,177.2,96.1,28.2,14.5,7.1,1.1,clay,2.78,0.59,Flood,False,False,False,rule_based
6.95,79.875,2024-05,656.3,95.1,27.7,20.1,7.1,1.1,clay,2.78,0.56,Flood,False,False,False,rule_based
6.95,79.875,2024-06,355.6,93.5,27.1,21.2,7.1,1.1,clay,2.78,0.57,Flood,False,False,False,rule_based
6.95,79.875,2024-07,316.0,93.6,27.2,19.0,7.1,1.1,clay,2.78,0.57,Flood,False,False,False,rule_based
6.95,79.875,2024-08,334.0,92.8,26.8,19.1,7.1,1.1,clay,2.78,0.5,Flood,False,False,False,rule_based
6.95,79.875,2024-09,310.4,92.9,27.0,20.0,7.1,1.1,clay,2.78,0.56,Flood,False,False,False,rule_based
6.95,79.875,2024-10,410.6,95.4,26.3,16.9,7.1,1.1,clay,2.78,0.54,Flood,False,False,False,rule_based
6.95,79.875,2024-11,354.2,96.4,25.8,15.1,7.1,1.1,clay,2.78,0.53,Flood,False,False,False,rule_based
6.95,79.875,2024-12,130.0,94.2,26.7,13.7,7.1,1.1,clay,2.78,0.56,Flood,False,False,False,rule_based
6.95,79.875,2025-01,278.6,94.9,25.6,14.2,7.1,1.1,clay,2.78,0.62,Flood,False,False,False,rule_based
6.95,79.875,2025-02,49.0,92.1,27.4,14.6,7.1,1.1,clay,2.78,0.46,Warning,False,False,False,rule_based
6.95,79.875,2025-03,124.6,94.8,27.3,11.6,7.1,1.1,clay,2.78,0.55,Flood,False,False,False,rule_based
6.95,79.875,2025-04,177.0,95.0,27.4,13.3,7.1,1.1,clay,2.78,0.58,Flood,False,False,False,rule_based
6.95,79.875,2025-05,274.2,94.1,27.8,18.1,7.1,1.1,clay,2.78,0.61,Flood,False,False,False,rule_based
6.95,79.875,2025-06,303.2,93.0,27.2,18.2,7.1,1.1,clay,2.78,0.59,Flood,False,False,False,rule_based
6.95,79.875,2025-07,262.1,91.8,27.2,19.2,7.1,1.1,clay,2.78,0.57,Flood,False,False,False,rule_based
6.95,79.875,2025-08,172.6,93.0,26.8,17.6,7.1,1.1,clay,2.78,0.54,Flood,False,False,False,rule_based
6.95,79.875,2025-09,251.5,92.7,26.9,17.5,7.1,1.1,clay,2.78,0.59,Flood,False,False,False,rule_based
6.95,79.875,2025-10,256.5,94.1,26.8,13.3,7.1,1.1,clay,2.78,0.58,Flood,False,False,False,rule_based
6.95,79.875,2025-11,556.3,94.7,26.1,16.1,7.1,1.1,clay,2.78,0.59,Flood,False,False,False,rule_based
6.95,79.875,2025-12,122.4,93.4,26.1,15.4,7.1,1.1,clay,2.78,0.58,Flood,False,False,False,rule_based
6.95,79.9,2023-01,85.9,91.1,25.2,17.3,7.5,1.1,clay,0.0,0.56,Flood,False,False,False,rule_based
6.95,79.9,2023-02,67.3,95.1,25.6,15.8,7.5,1.1,clay,0.0,0.47,Flood,False,False,False,rule_based
6.95,79.9,2023-03,141.2,95.9,26.4,13.1,7.5,1.1,clay,0.0,0.6,Flood,False,False,False,rule_based
6.95,79.9,2023-04,138.2,95.4,27.3,13.7,7.5,1.1,clay,0.0,0.57,Flood,False,False,False,rule_based
6.95,79.9,2023-05,238.3,94.7,27.3,17.0,7.5,1.1,clay,0.0,0.63,Flood,False,False,False,rule_based
6.95,79.9,2023-06,379.3,94.7,27.0,19.5,7.5,1.1,clay,0.0,0.54,Flood,False,False,False,rule_based
6.95,79.9,2023-07,250.1,92.9,26.9,21.0,7.5,1.1,clay,0.0,0.62,Flood,False,False,False,rule_based
6.95,79.9,2023-08,149.6,92.8,27.0,19.7,7.5,1.1,clay,0.0,0.57,Flood,False,False,False,rule_based
6.95,79.9,2023-09,554.6,95.0,26.0,19.3,7.5,1.1,clay,0.0,0.55,Flood,False,False,False,rule_based
6.95,79.9,2023-10,564.4,96.6,25.6,14.8,7.5,1.1,clay,0.0,0.55,Flood,False,False,False,rule_based
6.95,79.9,2023-11,488.6,97.5,25.5,12.0,7.5,1.1,clay,0.0,0.56,Flood,False,False,False,rule_based
6.95,79.9,2023-12,410.4,96.3,25.9,14.8,7.5,1.1,clay,0.0,0.58,Flood,False,False,False,rule_based
6.95,79.9,2024-01,138.1,94.3,26.0,14.2,7.5,1.1,clay,0.0,0.58,Flood,False,False,False,rule_based
6.95,79.9,2024-02,38.3,92.8,27.6,17.0,7.5,1.1,clay,0.0,0.39,Warning,False,False,False,rule_based
6.95,79.9,2024-03,79.9,94.9,28.1,16.7,7.5,1.1,clay,0.0,0.51,Flood,False,False,False,rule_based
6.95,79.9,2024-04,177.2,96.1,28.2,14.5,7.5,1.1,clay,0.0,0.63,Flood,False,False,False,rule_based
6.95,79.9,2024-05,656.3,95.1,27.7,20.1,7.5,1.1,clay,0.0,0.62,Flood,False,False,False,rule_based
6.95,79.9,2024-06,355.6,93.5,27.1,21.2,7.5,1.1,clay,0.0,0.58,Flood,False,False,False,rule_based
6.95,79.9,2024-07,316.0,93.6,27.2,19.0,7.5,1.1,clay,0.0,0.57,Flood,False,False,False,rule_based
6.95,79.9,2024-08,334.0,92.8,26.8,19.1,7.5,1.1,clay,0.0,0.57,Flood,False,False,False,rule_based
6.95,79.9,2024-09,310.4,92.9,27.0,20.0,7.5,1.1,clay,0.0,0.58,Flood,False,False,False,rule_based
6.95,79.9,2024-10,410.6,95.4,26.3,16.9,7.5,1.1,clay,0.0,0.53,Flood,False,False,False,rule_based
6.95,79.9,2024-11,354.2,96.4,25.8,15.1,7.5,1.1,clay,0.0,0.56,Flood,False,False,False,rule_based
6.95,79.9,2024-12,130.0,94.2,26.7,13.7,7.5,1.1,clay,0.0,0.51,Flood,False,False,False,rule_based
6.95,79.9,2025-01,278.6,94.9,25.6,14.2,7.5,1.1,clay,0.0,0.58,Flood,False,False,False,rule_based
6.95,79.9,2025-02,49.0,92.1,27.4,14.6,7.5,1.1,clay,0.0,0.46,Warning,False,False,False,rule_based
6.95,79.9,2025-03,124.6,94.8,27.3,11.6,7.5,1.1,clay,0.0,0.55,Flood,False,False,False,rule_based
6.95,79.9,2025-04,177.0,95.0,27.4,13.3,7.5,1.1,clay,0.0,0.61,Flood,False,False,False,rule_based
6.95,79.9,2025-05,274.2,94.1,27.8,18.1,7.5,1.1,clay,0.0,0.53,Flood,False,False,False,rule_based
6.95,79.9,2025-06,303.2,93.0,27.2,18.2,7.5,1.1,clay,0.0,0.52,Flood,False,False,False,rule_based
6.95,79.9,2025-07,262.1,91.8,27.2,19.2,7.5,1.1,clay,0.0,0.57,Flood,False,False,False,rule_based
6.95,79.9,2025-08,172.6,93.0,26.8,17.6,7.5,1.1,clay,0.0,0.6,Flood,False,False,False,rule_based
6.95,79.9,2025-09,251.5,92.7,26.9,17.5,7.5,1.1,clay,0.0,0.62,Flood,False,False,False,rule_based
6.95,79.9,2025-10,256.5,94.1,26.8,13.3,7.5,1.1,clay,0.0,0.55,Flood,False,False,False,rule_based
6.95,79.9,2025-11,556.3,94.7,26.1,16.1,7.5,1.1,clay,0.0,0.6,Flood,False,False,False,rule_based
6.95,79.9,2025-12,122.4,93.4,26.1,15.4,7.5,1.1,clay,0.0,0.56,Flood,False,False,False,rule_based
6.95,79.925,2023-01,85.9,91.1,25.2,17.3,7.9,1.1,clay,2.77,0.53,Warning,False,False,False,rule_based
6.95,79.925,2023-02,67.3,95.1,25.6,15.8,7.9,1.1,clay,2.77,0.51,Warning,False,False,False,rule_based
6.95,79.925,2023-03,141.2,95.9,26.4,13.1,7.9,1.1,clay,2.77,0.59,Flood,False,False,False,rule_based
6.95,79.925,2023-04,138.2,95.4,27.3,13.7,7.9,1.1,clay,2.77,0.52,Flood,False,False,False,rule_based
6.95,79.925,2023-05,238.3,94.7,27.3,17.0,7.9,1.1,clay,2.77,0.61,Flood,False,False,False,rule_based
6.95,79.925,2023-06,379.3,94.7,27.0,19.5,7.9,1.1,clay,2.77,0.61,Flood,False,False,False,rule_based
6.95,79.925,2023-07,250.1,92.9,26.9,21.0,7.9,1.1,clay,2.77,0.55,Flood,False,False,False,rule_based
6.95,79.925,2023-08,149.6,92.8,27.0,19.7,7.9,1.1,clay,2.77,0.58,Flood,False,False,False,rule_based
6.95,79.925,2023-09,554.6,95.0,26.0,19.3,7.9,1.1,clay,2.77,0.58,Flood,False,False,False,rule_based
6.95,79.925,2023-10,564.4,96.6,25.6,14.8,7.9,1.1,clay,2.77,0.57,Flood,False,False,False,rule_based
6.95,79.925,2023-11,488.6,97.5,25.5,12.0,7.9,1.1,clay,2.77,0.55,Flood,False,False,False,rule_based
6.95,79.925,2023-12,410.4,96.3,25.9,14.8,7.9,1.1,clay,2.77,0.55,Flood,False,False,False,rule_based
6.95,79.925,2024-01,138.1,94.3,26.0,14.2,7.9,1.1,clay,2.77,0.57,Flood,False,False,False,rule_based
6.95,79.925,2024-02,38.3,92.8,27.6,17.0,7.9,1.1,clay,2.77,0.45,Warning,False,False,False,rule_based
6.95,79.925,2024-03,79.9,94.9,28.1,16.7,7.9,1.1,clay,2.77,0.53,Warning,False,False,False,rule_based
6.95,79.925,2024-04,177.2,96.1,28.2,14.5,7.9,1.1,clay,2.77,0.55,Flood,False,False,False,rule_based
6.95,79.925,2024-05,656.3,95.1,27.7,20.1,7.9,1.1,clay,2.77,0.59,Flood,False,False,False,rule_based
6.95,79.925,2024-06,355.6,93.5,27.1,21.2,7.9,1.1,clay,2.77,0.48,Flood,False,False,False,rule_based
6.95,79.925,2024-07,316.0,93.6,27.2,19.0,7.9,1.1,clay,2.77,0.6,Flood,False,False,False,rule_based
6.95,79.925,2024-08,334.0,92.8,26.8,19.1,7.9,1.1,clay,2.77,0.51,Flood,False,False,False,rule_based
6.95,79.925,2024-09,310.4,92.9,27.0,20.0,7.9,1.1,clay,2.77,0.55,Flood,False,False,False,rule_based
6.95,79.925,2024-10,410.6,95.4,26.3,16.9,7.9,1.1,clay,2.77,0.53,Flood,False,False,False,rule_based
6.95,79.925,2024-11,354.2,96.4,25.8,15.1,7.9,1.1,clay,2.77,0.53,Flood,False,False,False,rule_based
6.95,79.925,2024-12,130.0,94.2,26.7,13.7,7.9,1.1,clay,2.77,0.6,Flood,False,False,False,rule_based
6.95,79.925,2025-01,278.6,94.9,25.6,14.2,7.9,1.1,clay,2.77,0.55,Flood,False,False,False,rule_based
6.95,79.925,2025-02,49.0,92.1,27.4,14.6,7.9,1.1,clay,2.77,0.45,Warning,False,False,False,rule_based
6.95,79.925,2025-03,124.6,94.8,27.3,11.6,7.9,1.1,clay,2.77,0.56,Flood,False,False,False,rule_based
6.95,79.925,2025-04,177.0,95.0,27.4,13.3,7.9,1.1,clay,2.77,0.58,Flood,False,False,False,rule_based
6.95,79.925,2025-05,274.2,94.1,27.8,18.1,7.9,1.1,clay,2.77,0.57,Flood,False,False,False,rule_based
6.95,79.925,2025-06,303.2,93.0,27.2,18.2,7.9,1.1,clay,2.77,0.53,Flood,False,False,False,rule_based
6.95,79.925,2025-07,262.1,91.8,27.2,19.2,7.9,1.1,clay,2.77,0.6,Flood,False,False,False,rule_based
6.95,79.925,2025-08,172.6,93.0,26.8,17.6,7.9,1.1,clay,2.77,0.55,Flood,False,False,False,rule_based
6.95,79.925,2025-09,251.5,92.7,26.9,17.5,7.9,1.1,clay,2.77,0.52,Flood,False,False,False,rule_based
6.95,79.925,2025-10,256.5,94.1,26.8,13.3,7.9,1.1,clay,2.77,0.55,Flood,False,False,False,rule_based
6.95,79.925,2025-11,556.3,94.7,26.1,16.1,7.9,1.1,clay,2.77,0.61,Flood,False,False,False,rule_based
6.95,79.925,2025-12,122.4,93.4,26.1,15.4,7.9,1.1,clay,2.77,0.59,Flood,False,False,False,rule_based
6.95,79.95,2023-01,120.8,93.3,25.0,14.3,8.2,1.2,clay,4.0,0.56,Warning,False,False,False,rule_based
6.95,79.95,2023-02,112.9,97.7,25.5,12.9,8.2,1.2,clay,4.0,0.56,Warning,False,False,False,rule_based
6.95,79.95,2023-03,185.9,98.2,26.2,11.0,8.2,1.2,clay,4.0,0.56,Warning,False,False,False,rule_based
6.95,79.95,2023-04,213.5,97.7,26.8,11.7,8.2,1.2,clay,4.0,0.63,Warning,False,False,False,rule_based
6.95,79.95,2023-05,276.4,96.9,26.8,14.6,8.2,1.2,clay,4.0,0.58,Warning,False,False,False,rule_based
6.95,79.95,2023-06,421.5,96.8,26.4,16.7,8.2,1.2,clay,4.0,0.58,Warning,False,False,False,rule_based
6.95,79.95,2023-07,292.2,95.6,26.5,17.5,8.2,1.2,clay,4.0,0.6,Warning,False,False,False,rule_based
6.95,79.95,2023-08,158.9,95.7,26.7,17.6,8.2,1.2,clay,4.0,0.57,Warning,False,False,False,rule_based
6.95,79.95,2023-09,573.5,96.9,25.5,16.9,8.2,1.2,clay,4.0,0.56,Warning,False,False,False,rule_based
6.95,79.95,2023-10,657.4,98.0,25.4,12.9,8.2,1.2,clay,4.0,0.56,Warning,False,False,False,rule_based
6.95,79.95,2023-11,541.1,99.5,25.3,10.6,8.2,1.2,clay,4.0,0.56,Warning,False,False,False,rule_based
6.95,79.95,2023-12,449.5,98.6,25.7,12.9,8.2,1.2,clay,4.0,0.57,Warning,False,False,False,rule_based
6.95,79.95,2024-01,168.0,96.8,26.0,12.0,8.2,1.2,clay,4.0,0.59,Warning,False,False,False,rule_based
6.95,79.95,2024-02,37.5,95.3,27.5,14.7,8.2,1.2,clay,4.0,0.41,Warning,False,False,False,rule_based
6.95,79.95,2024-03,117.0,97.1,28.0,14.7,8.2,1.2,clay,4.0,0.59,Warning,False,False,False,rule_based
6.95,79.95,2024-04,224.9,98.5,27.9,12.7,8.2,1.2,clay,4.0,0.56,Warning,False,False,False,rule_based
6.95,79.95,2024-05,761.3,97.1,27.2,16.4,8.2,1.2,clay,4.0,0.57,Warning,False,False,False,rule_based
6.95,79.95,2024-06,368.9,96.0,26.7,18.3,8.2,1.2,clay,4.0,0.51,Warning,False,False,False,rule_based
6.95,79.95,2024-07,363.2,96.3,26.7,16.3,8.2,1.2,clay,4.0,0.59,Warning,False,False,False,rule_based
6.95,79.95,2024-08,369.5,96.2,26.3,16.6,8.2,1.2,clay,4.0,0.58,Warning,False,False,False,rule_based
6.95,79.95,2024-09,383.1,96.3,26.5,17.5,8.2,1.2,clay,4.0,0.6,Warning,False,False,False,rule_based
6.95,79.95,2024-10,460.2,97.1,25.9,14.4,8.2,1.2,clay,4.0,0.48,Warning,False,False,False,rule_based
6.95,79.95,2024-11,411.9,98.9,25.4,12.6,8.2,1.2,clay,4.0,0.63,Warning,False,False,False,rule_based
6.95,79.95,2024-12,198.0,97.6,26.1,12.2,8.2,1.2,clay,4.0,0.56,Warning,False,False,False,rule_based
6.95,79.95,2025-01,322.1,97.8,25.3,12.1,8.2,1.2,clay,4.0,0.6,Warning,False,False,False,rule_based
6.95,79.95,2025-02,76.5,96.2,27.1,12.8,8.2,1.2,clay,4.0,0.48,Warning,False,False,False,rule_based
6.95,79.95,2025-03,189.7,98.4,26.7,10.4,8.2,1.2,clay,4.0,0.58,Warning,False,False,False,rule_based
6.95,79.95,2025-04,246.8,97.8,26.7,12.2,8.2,1.2,clay,4.0,0.53,Warning,False,False,False,rule_based
6.95,79.95,2025-05,307.3,96.9,27.1,15.7,8.2,1.2,clay,4.0,0.55,Warning,False,False,False,rule_based
6.95,79.95,2025-06,419.6,96.6,26.6,15.9,8.2,1.2,clay,4.0,0.62,Warning,False,False,False,rule_based
6.95,79.95,2025-07,412.6,95.3,26.7,16.5,8.2,1.2,clay,4.0,0.56,Warning,False,False,False,rule_based
6.95,79.95,2025-08,256.1,95.8,26.3,15.9,8.2,1.2,clay,4.0,0.57,Warning,False,False,False,rule_based
6.95,79.95,2025-09,303.8,96.9,26.3,15.9,8.2,1.2,clay,4.0,0.59,Warning,False,False,False,rule_based
6.95,79.95,2025-10,315.3,96.8,26.2,12.0,8.2,1.2,clay,4.0,0.58,Warning,False,False,False,rule_based
6.95,79.95,2025-11,580.5,98.2,25.6,14.3,8.2,1.2,clay,4.0,0.57,Warning,False,False,False,rule_based
6.95,79.95,2025-12,162.6,96.4,25.8,14.0,8.2,1.2,clay,4.0,0.58,Warning,False,False,False,rule_based
6.95,79.975,2023-01,120.8,93.3,25.0,14.3,8.6,1.2,clay,5.79,0.64,Warning,False,False,False,rule_based
6.95,79.975,2023-02,112.9,97.7,25.5,12.9,8.6,1.2,clay,5.79,0.57,Warning,False,False,False,rule_based
6.95,79.975,2023-03,185.9,98.2,26.2,11.0,8.6,1.2,clay,5.79,0.57,Warning,False,False,False,rule_based
6.95,79.975,2023-04,213.5,97.7,26.8,11.7,8.6,1.2,clay,5.79,0.6,Warning,False,False,False,rule_based
6.95,79.975,2023-05,276.4,96.9,26.8,14.6,8.6,1.2,clay,5.79,0.6,Warning,False,False,False,rule_based
6.95,79.975,2023-06,421.5,96.8,26.4,16.7,8.6,1.2,clay,5.79,0.6,Warning,False,False,False,rule_based
6.95,79.975,2023-07,292.2,95.6,26.5,17.5,8.6,1.2,clay,5.79,0.59,Warning,False,False,False,rule_based
6.95,79.975,2023-08,158.9,95.7,26.7,17.6,8.6,1.2,clay,5.79,0.53,Warning,False,False,False,rule_based
6.95,79.975,2023-09,573.5,96.9,25.5,16.9,8.6,1.2,clay,5.79,0.62,Warning,False,False,False,rule_based
6.95,79.975,2023-10,657.4,98.0,25.4,12.9,8.6,1.2,clay,5.79,0.53,Warning,False,False,False,rule_based
6.95,79.975,2023-11,541.1,99.5,25.3,10.6,8.6,1.2,clay,5.79,0.58,Warning,False,False,False,rule_based
6.95,79.975,2023-12,449.5,98.6,25.7,12.9,8.6,1.2,clay,5.79,0.54,Warning,False,False,False,rule_based
6.95,79.975,2024-01,168.0,96.8,26.0,12.0,8.6,1.2,clay,5.79,0.57,Warning,False,False,False,rule_based
6.95,79.975,2024-02,37.5,95.3,27.5,14.7,8.6,1.2,clay,5.79,0.42,Warning,False,False,False,rule_based
6.95,79.975,2024-03,117.0,97.1,28.0,14.7,8.6,1.2,clay,5.79,0.58,Warning,False,False,False,rule_based
6.95,79.975,2024-04,224.9,98.5,27.9,12.7,8.6,1.2,clay,5.79,0.58,Warning,False,False,False,rule_based
6.95,79.975,2024-05,761.3,97.1,27.2,16.4,8.6,1.2,clay,5.79,0.62,Warning,False,False,False,rule_based
6.95,79.975,2024-06,368.9,96.0,26.7,18.3,8.6,1.2,clay,5.79,0.58,Warning,False,False,False,rule_based
6.95,79.975,2024-07,363.2,96.3,26.7,16.3,8.6,1.2,clay,5.79,0.56,Warning,False,False,False,rule_based
6.95,79.975,2024-08,369.5,96.2,26.3,16.6,8.6,1.2,clay,5.79,0.6,Warning,False,False,False,rule_based
6.95,79.975,2024-09,383.1,96.3,26.5,17.5,8.6,1.2,clay,5.79,0.6,Warning,False,False,False,rule_based
6.95,79.975,2024-10,460.2,97.1,25.9,14.4,8.6,1.2,clay,5.79,0.53,Warning,False,False,False,rule_based
6.95,79.975,2024-11,411.9,98.9,25.4,12.6,8.6,1.2,clay,5.79,0.59,Warning,False,False,False,rule_based
6.95,79.975,2024-12,198.0,97.6,26.1,12.2,8.6,1.2,clay,5.79,0.59,Warning,False,False,False,rule_based
6.95,79.975,2025-01,322.1,97.8,25.3,12.1,8.6,1.2,clay,5.79,0.56,Warning,False,False,False,rule_based
6.95,79.975,2025-02,76.5,96.2,27.1,12.8,8.6,1.2,clay,5.79,0.55,Warning,False,False,False,rule_based
6.95,79.975,2025-03,189.7,98.4,26.7,10.4,8.6,1.2,clay,5.79,0.56,Warning,False,False,False,rule_based
6.95,79.975,2025-04,246.8,97.8,26.7,12.2,8.6,1.2,clay,5.79,0.57,Warning,False,False,False,rule_based
6.95,79.975,2025-05,307.3,96.9,27.1,15.7,8.6,1.2,clay,5.79,0.56,Warning,False,False,False,rule_based
6.95,79.975,2025-06,419.6,96.6,26.6,15.9,8.6,1.2,clay,5.79,0.57,Warning,False,False,False,rule_based
6.95,79.975,2025-07,412.6,95.3,26.7,16.5,8.6,1.2,clay,5.79,0.53,Warning,False,False,False,rule_based
6.95,79.975,2025-08,256.1,95.8,26.3,15.9,8.6,1.2,clay,5.79,0.52,Warning,False,False,False,rule_based
6.95,79.975,2025-09,303.8,96.9,26.3,15.9,8.6,1.2,clay,5.79,0.62,Warning,False,False,False,rule_based
6.95,79.975,2025-10,315.3,96.8,26.2,12.0,8.6,1.2,clay,5.79,0.54,Warning,False,False,False,rule_based
6.95,79.975,2025-11,580.5,98.2,25.6,14.3,8.6,1.2,clay,5.79,0.54,Warning,False,False,False,rule_based
6.95,79.975,2025-12,162.6,96.4,25.8,14.0,8.6,1.2,clay,5.79,0.5,Warning,False,False,False,rule_based
6.95,80.0,2023-01,120.8,93.3,25.0,14.3,24.0,2.5,clay,7.11,0.58,Warning,False,False,False,rule_based
6.95,80.0,2023-02,112.9,97.7,25.5,12.9,24.0,2.5,clay,7.11,0.56,Warning,False,False,False,rule_based
6.95,80.0,2023-03,185.9,98.2,26.2,11.0,24.0,2.5,clay,7.11,0.65,Warning,False,False,False,rule_based
6.95,80.0,2023-04,213.5,97.7,26.8,11.7,24.0,2.5,clay,7.11,0.63,Warning,False,False,False,rule_based
6.95,80.0,2023-05,276.4,96.9,26.8,14.6,24.0,2.5,clay,7.11,0.58,Warning,False,False,False,rule_based
6.95,80.0,2023-06,421.5,96.8,26.4,16.7,24.0,2.5,clay,7.11,0.67,Warning,False,False,False,rule_based
6.95,80.0,2023-07,292.2,95.6,26.5,17.5,24.0,2.5,clay,7.11,0.63,Warning,False,False,False,rule_based
6.95,80.0,2023-08,158.9,95.7,26.7,17.6,24.0,2.5,clay,7.11,0.59,Warning,False,False,False,rule_based
6.95,80.0,2023-09,573.5,96.9,25.5,16.9,24.0,2.5,clay,7.11,0.52,Warning,False,False,False,rule_based
6.95,80.0,2023-10,657.4,98.0,25.4,12.9,24.0,2.5,clay,7.11,0.67,Warning,False,False,False,rule_based
6.95,80.0,2023-11,541.1,99.5,25.3,10.6,24.0,2.5,clay,7.11,0.56,Warning,False,False,False,rule_based
6.95,80.0,2023-12,449.5,98.6,25.7,12.9,24.0,2.5,clay,7.11,0.55,Warning,False,False,False,rule_based
6.95,80.0,2024-01,168.0,96.8,26.0,12.0,24.0,2.5,clay,7.11,0.63,Warning,False,False,False,rule_based
6.95,80.0,2024-02,37.5,95.3,27.5,14.7,24.0,2.5,clay,7.11,0.51,Warning,False,False,False,rule_based
6.95,80.0,2024-03,117.0,97.1,28.0,14.7,24.0,2.5,clay,7.11,0.64,Warning,False,False,False,rule_based
6.95,80.0,2024-04,224.9,98.5,27.9,12.7,24.0,2.5,clay,7.11,0.61,Warning,False,False,False,rule_based
6.95,80.0,2024-05,761.3,97.1,27.2,16.4,24.0,2.5,clay,7.11,0.62,Warning,False,False,False,rule_based
6.95,80.0,2024-06,368.9,96.0,26.7,18.3,24.0,2.5,clay,7.11,0.62,Warning,False,False,False,rule_based
6.95,80.0,2024-07,363.2,96.3,26.7,16.3,24.0,2.5,clay,7.11,0.62,Warning,False,False,False,rule_based
6.95,80.0,2024-08,369.5,96.2,26.3,16.6,24.0,2.5,clay,7.11,0.61,Warning,False,False,False,rule_based
6.95,80.0,2024-09,383.1,96.3,26.5,17.5,24.0,2.5,clay,7.11,0.6,Warning,False,False,False,rule_based
6.95,80.0,2024-10,460.2,97.1,25.9,14.4,24.0,2.5,clay,7.11,0.6,Warning,False,False,False,rule_based
6.95,80.0,2024-11,411.9,98.9,25.4,12.6,24.0,2.5,clay,7.11,0.58,Warning,False,False,False,rule_based
6.95,80.0,2024-12,198.0,97.6,26.1,12.2,24.0,2.5,clay,7.11,0.59,Warning,False,False,False,rule_based
6.95,80.0,2025-01,322.1,97.8,25.3,12.1,24.0,2.5,clay,7.11,0.55,Warning,False,False,False,rule_based
6.95,80.0,2025-02,76.5,96.2,27.1,12.8,24.0,2.5,clay,7.11,0.54,Warning,False,False,False,rule_based
6.95,80.0,2025-03,189.7,98.4,26.7,10.4,24.0,2.5,clay,7.11,0.57,Warning,False,False,False,rule_based
6.95,80.0,2025-04,246.8,97.8,26.7,12.2,24.0,2.5,clay,7.11,0.56,Warning,False,False,False,rule_based
6.95,80.0,2025-05,307.3,96.9,27.1,15.7,24.0,2.5,clay,7.11,0.6,Warning,False,False,False,rule_based
6.95,80.0,2025-06,419.6,96.6,26.6,15.9,24.0,2.5,clay,7.11,0.64,Warning,False,False,False,rule_based
6.95,80.0,2025-07,412.6,95.3,26.7,16.5,24.0,2.5,clay,7.11,0.63,Warning,False,False,False,rule_based
6.95,80.0,2025-08,256.1,95.8,26.3,15.9,24.0,2.5,clay,7.11,0.55,Warning,False,False,False,rule_based
6.95,80.0,2025-09,303.8,96.9,26.3,15.9,24.0,2.5,clay,7.11,0.57,Warning,False,False,False,rule_based
6.95,80.0,2025-10,315.3,96.8,26.2,12.0,24.0,2.5,clay,7.11,0.63,Warning,False,False,False,rule_based
6.95,80.0,2025-11,580.5,98.2,25.6,14.3,24.0,2.5,clay,7.11,0.57,Warning,False,False,False,rule_based
6.95,80.0,2025-12,162.6,96.4,25.8,14.0,24.0,2.5,clay,7.11,0.59,Warning,False,False,False,rule_based
6.95,80.025,2023-01,146.5,93.9,24.8,13.6,24.8,2.6,clay,8.69,0.62,Warning,True,True,False,rule_based
6.95,80.025,2023-02,124.2,98.1,25.3,12.8,24.8,2.6,clay,8.69,0.57,Warning,True,True,False,rule_based
6.95,80.025,2023-03,182.7,98.6,25.9,9.9,24.8,2.6,clay,8.69,0.6,Warning,True,True,False,rule_based
6.95,80.025,2023-04,197.0,98.1,26.5,11.0,24.8,2.6,clay,8.69,0.56,Warning,True,True,False,rule_based
6.95,80.025,2023-05,272.0,97.6,26.4,13.6,24.8,2.6,clay,8.69,0.58,Warning,True,True,False,rule_based
6.95,80.025,2023-06,360.3,98.4,25.9,15.7,24.8,2.6,clay,8.69,0.61,Warning,True,True,False,rule_based
6.95,80.025,2023-07,296.9,97.1,26.0,16.8,24.8,2.6,clay,8.69,0.55,Warning,True,True,False,rule_based
6.95,80.025,2023-08,160.2,96.9,26.4,17.2,24.8,2.6,clay,8.69,0.61,Warning,True,True,False,rule_based
6.95,80.025,2023-09,568.4,97.8,25.1,16.8,24.8,2.6,clay,8.69,0.6,Warning,True,True,False,rule_based
6.95,80.025,2023-10,593.4,97.9,25.2,12.8,24.8,2.6,clay,8.69,0.62,Warning,True,True,False,rule_based
6.95,80.025,2023-11,584.2,99.3,25.2,10.6,24.8,2.6,clay,8.69,0.61,Warning,True,True,False,rule_based
6.95,80.025,2023-12,496.5,98.8,25.5,12.2,24.8,2.6,clay,8.69,0.64,Warning,True,True,False,rule_based
6.95,80.025,2024-01,197.5,96.7,25.9,11.3,24.8,2.6,clay,8.69,0.6,Warning,True,True,False,rule_based
6.95,80.025,2024-02,38.5,96.1,27.3,13.1,24.8,2.6,clay,8.69,0.43,Warning,True,True,False,rule_based
6.95,80.025,2024-03,128.0,97.2,27.9,14.9,24.8,2.6,clay,8.69,0.6,Warning,True,True,False,rule_based
6.95,80.025,2024-04,227.3,98.2,27.7,12.5,24.8,2.6,clay,8.69,0.62,Warning,True,True,False,rule_based
6.95,80.025,2024-05,755.7,97.9,26.8,15.7,24.8,2.6,clay,8.69,0.6,Warning,True,True,False,rule_based
6.95,80.025,2024-06,391.0,97.2,26.3,17.3,24.8,2.6,clay,8.69,0.6,Warning,True,True,False,rule_based
6.95,80.025,2024-07,328.2,97.8,26.3,15.7,24.8,2.6,clay,8.69,0.58,Warning,True,True,False,rule_based
6.95,80.025,2024-08,340.6,97.0,26.0,16.4,24.8,2.6,clay,8.69,0.58,Warning,True,True,False,rule_based
6.95,80.025,2024-09,378.4,97.8,26.0,16.8,24.8,2.6,clay,8.69,0.56,Warning,True,True,False,rule_based
6.95,80.025,2024-10,468.1,97.6,25.6,13.8,24.8,2.6,clay,8.69,0.65,Warning,True,True,False,rule_based
6.95,80.025,2024-11,482.8,98.9,25.2,13.0,24.8,2.6,clay,8.69,0.56,Warning,True,True,False,rule_based
6.95,80.025,2024-12,199.0,98.2,25.6,12.5,24.8,2.6,clay,8.69,0.58,Warning,True,True,False,rule_based
6.95,80.025,2025-01,376.1,98.7,25.0,12.5,24.8,2.6,clay,8.69,0.58,Warning,True,True,False,rule_based
6.95,80.025,2025-02,69.4,97.1,26.3,13.4,24.8,2.6,clay,8.69,0.55,Warning,True,True,False,rule_based
6.95,80.025,2025-03,212.2,98.7,26.1,11.2,24.8,2.6,clay,8.69,0.59,Warning,True,True,False,rule_based
6.95,80.025,2025-04,295.1,98.6,26.1,12.6,24.8,2.6,clay,8.69,0.64,Warning,True,True,False,rule_based
6.95,80.025,2025-05,319.7,98.6,26.5,16.0,24.8,2.6,clay,8.69,0.58,Warning,True,True,False,rule_based
6.95,80.025,2025-06,434.2,98.9,26.0,16.4,24.8,2.6,clay,8.69,0.61,Warning,True,True,False,rule_based
6.95,80.025,2025-07,334.7,98.5,26.1,17.2,24.8,2.6,clay,8.69,0.57,Warning,True,True,False,rule_based
6.95,80.025,2025-08,266.0,98.3,25.7,16.4,24.8,2.6,clay,8.69,0.66,Warning,True,True,False,rule_based
6.95,80.025,2025-09,300.0,98.9,25.7,16.4,24.8,2.6,clay,8.69,0.56,Warning,True,True,False,rule_based
6.95,80.025,2025-10,348.5,97.9,25.7,12.6,24.8,2.6,clay,8.69,0.61,Warning,True,True,False,rule_based
6.95,80.025,2025-11,600.9,98.9,25.2,15.3,24.8,2.6,clay,8.69,0.62,Flood,True,True,False,unosat_satellite
6.95,80.025,2025-12,204.5,97.4,25.4,14.6,24.8,2.6,clay,8.69,0.61,Flood,True,True,False,unosat_satellite
6.95,80.05,2023-01,146.5,93.9,24.8,13.6,25.5,2.7,loam,10.23,0.6,Warning,True,True,False,rule_based
6.95,80.05,2023-02,124.2,98.1,25.3,12.8,25.5,2.7,loam,10.23,0.6,Warning,True,True,False,rule_based
6.95,80.05,2023-03,182.7,98.6,25.9,9.9,25.5,2.7,loam,10.23,0.6,Warning,True,True,False,rule_based
6.95,80.05,2023-04,197.0,98.1,26.5,11.0,25.5,2.7,loam,10.23,0.6,Warning,True,True,False,rule_based
6.95,80.05,2023-05,272.0,97.6,26.4,13.6,25.5,2.7,loam,10.23,0.63,Warning,True,True,False,rule_based
6.95,80.05,2023-06,360.3,98.4,25.9,15.7,25.5,2.7,loam,10.23,0.67,Warning,True,True,False,rule_based
6.95,80.05,2023-07,296.9,97.1,26.0,16.8,25.5,2.7,loam,10.23,0.58,Warning,True,True,False,rule_based
6.95,80.05,2023-08,160.2,96.9,26.4,17.2,25.5,2.7,loam,10.23,0.56,Warning,True,True,False,rule_based
6.95,80.05,2023-09,568.4,97.8,25.1,16.8,25.5,2.7,loam,10.23,0.6,Warning,True,True,False,rule_based
6.95,80.05,2023-10,593.4,97.9,25.2,12.8,25.5,2.7,loam,10.23,0.68,Warning,True,True,False,rule_based
6.95,80.05,2023-11,584.2,99.3,25.2,10.6,25.5,2.7,loam,10.23,0.58,Warning,True,True,False,rule_based
6.95,80.05,2023-12,496.5,98.8,25.5,12.2,25.5,2.7,loam,10.23,0.65,Warning,True,True,False,rule_based
6.95,80.05,2024-01,197.5,96.7,25.9,11.3,25.5,2.7,loam,10.23,0.65,Warning,True,True,False,rule_based
6.95,80.05,2024-02,38.5,96.1,27.3,13.1,25.5,2.7,loam,10.23,0.43,Warning,True,True,False,rule_based
6.95,80.05,2024-03,128.0,97.2,27.9,14.9,25.5,2.7,loam,10.23,0.62,Warning,True,True,False,rule_based
6.95,80.05,2024-04,227.3,98.2,27.7,12.5,25.5,2.7,loam,10.23,0.65,Warning,True,True,False,rule_based
6.95,80.05,2024-05,755.7,97.9,26.8,15.7,25.5,2.7,loam,10.23,0.59,Warning,True,True,False,rule_based
6.95,80.05,2024-06,391.0,97.2,26.3,17.3,25.5,2.7,loam,10.23,0.59,Warning,True,True,False,rule_based
6.95,80.05,2024-07,328.2,97.8,26.3,15.7,25.5,2.7,loam,10.23,0.58,Warning,True,True,False,rule_based
6.95,80.05,2024-08,340.6,97.0,26.0,16.4,25.5,2.7,loam,10.23,0.57,Warning,True,True,False,rule_based
6.95,80.05,2024-09,378.4,97.8,26.0,16.8,25.5,2.7,loam,10.23,0.58,Warning,True,True,False,rule_based
6.95,80.05,2024-10,468.1,97.6,25.6,13.8,25.5,2.7,loam,10.23,0.56,Warning,True,True,False,rule_based
6.95,80.05,2024-11,482.8,98.9,25.2,13.0,25.5,2.7,loam,10.23,0.6,Warning,True,True,False,rule_based
6.95,80.05,2024-12,199.0,98.2,25.6,12.5,25.5,2.7,loam,10.23,0.58,Warning,True,True,False,rule_based
6.95,80.05,2025-01,376.1,98.7,25.0,12.5,25.5,2.7,loam,10.23,0.61,Warning,True,True,False,rule_based
6.95,80.05,2025-02,69.4,97.1,26.3,13.4,25.5,2.7,loam,10.23,0.48,Warning,True,True,False,rule_based
6.95,80.05,2025-03,212.2,98.7,26.1,11.2,25.5,2.7,loam,10.23,0.61,Warning,True,True,False,rule_based
6.95,80.05,2025-04,295.1,98.6,26.1,12.6,25.5,2.7,loam,10.23,0.63,Warning,True,True,False,rule_based
6.95,80.05,2025-05,319.7,98.6,26.5,16.0,25.5,2.7,loam,10.23,0.54,Warning,True,True,False,rule_based
6.95,80.05,2025-06,434.2,98.9,26.0,16.4,25.5,2.7,loam,10.23,0.61,Warning,True,True,False,rule_based
6.95,80.05,2025-07,334.7,98.5,26.1,17.2,25.5,2.7,loam,10.23,0.64,Warning,True,True,False,rule_based
6.95,80.05,2025-08,266.0,98.3,25.7,16.4,25.5,2.7,loam,10.23,0.56,Warning,True,True,False,rule_based
6.95,80.05,2025-09,300.0,98.9,25.7,16.4,25.5,2.7,loam,10.23,0.65,Warning,True,True,False,rule_based
6.95,80.05,2025-10,348.5,97.9,25.7,12.6,25.5,2.7,loam,10.23,0.61,Warning,True,True,False,rule_based
6.95,80.05,2025-11,600.9,98.9,25.2,15.3,25.5,2.7,loam,10.23,0.58,Flood,True,True,False,unosat_satellite
6.95,80.05,2025-12,204.5,97.4,25.4,14.6,25.5,2.7,loam,10.23,0.6,Flood,True,True,False,unosat_satellite
6.95,80.075,2023-01,146.5,93.9,24.8,13.6,26.3,2.8,loam,12.22,0.62,Warning,False,False,False,rule_based
6.95,80.075,2023-02,124.2,98.1,25.3,12.8,26.3,2.8,loam,12.22,0.6,Warning,False,False,False,rule_based
6.95,80.075,2023-03,182.7,98.6,25.9,9.9,26.3,2.8,loam,12.22,0.62,Warning,False,False,False,rule_based
6.95,80.075,2023-04,197.0,98.1,26.5,11.0,26.3,2.8,loam,12.22,0.57,Warning,False,False,False,rule_based
6.95,80.075,2023-05,272.0,97.6,26.4,13.6,26.3,2.8,loam,12.22,0.61,Warning,False,False,False,rule_based
6.95,80.075,2023-06,360.3,98.4,25.9,15.7,26.3,2.8,loam,12.22,0.56,Warning,False,False,False,rule_based
6.95,80.075,2023-07,296.9,97.1,26.0,16.8,26.3,2.8,loam,12.22,0.6,Warning,False,False,False,rule_based
6.95,80.075,2023-08,160.2,96.9,26.4,17.2,26.3,2.8,loam,12.22,0.58,Warning,False,False,False,rule_based
6.95,80.075,2023-09,568.4,97.8,25.1,16.8,26.3,2.8,loam,12.22,0.58,Warning,False,False,False,rule_based
6.95,80.075,2023-10,593.4,97.9,25.2,12.8,26.3,2.8,loam,12.22,0.64,Warning,False,False,False,rule_based
6.95,80.075,2023-11,584.2,99.3,25.2,10.6,26.3,2.8,loam,12.22,0.64,Warning,False,False,False,rule_based
6.95,80.075,2023-12,496.5,98.8,25.5,12.2,26.3,2.8,loam,12.22,0.62,Warning,False,False,False,rule_based
6.95,80.075,2024-01,197.5,96.7,25.9,11.3,26.3,2.8,loam,12.22,0.57,Warning,False,False,False,rule_based
6.95,80.075,2024-02,38.5,96.1,27.3,13.1,26.3,2.8,loam,12.22,0.44,Warning,False,False,False,rule_based
6.95,80.075,2024-03,128.0,97.2,27.9,14.9,26.3,2.8,loam,12.22,0.64,Warning,False,False,False,rule_based
6.95,80.075,2024-04,227.3,98.2,27.7,12.5,26.3,2.8,loam,12.22,0.61,Warning,False,False,False,rule_based
6.95,80.075,2024-05,755.7,97.9,26.8,15.7,26.3,2.8,loam,12.22,0.67,Warning,False,False,False,rule_based
6.95,80.075,2024-06,391.0,97.2,26.3,17.3,26.3,2.8,loam,12.22,0.61,Warning,False,False,False,rule_based
6.95,80.075,2024-07,328.2,97.8,26.3,15.7,26.3,2.8,loam,12.22,0.61,Warning,False,False,False,rule_based
6.95,80.075,2024-08,340.6,97.0,26.0,16.4,26.3,2.8,loam,12.22,0.59,Warning,False,False,False,rule_based
6.95,80.075,2024-09,378.4,97.8,26.0,16.8,26.3,2.8,loam,12.22,0.61,Warning,False,False,False,rule_based
6.95,80.075,2024-10,468.1,97.6,25.6,13.8,26.3,2.8,loam,12.22,0.6,Warning,False,False,False,rule_based
6.95,80.075,2024-11,482.8,98.9,25.2,13.0,26.3,2.8,loam,12.22,0.62,Warning,False,False,False,rule_based
6.95,80.075,2024-12,199.0,98.2,25.6,12.5,26.3,2.8,loam,12.22,0.63,Warning,False,False,False,rule_based
6.95,80.075,2025-01,376.1,98.7,25.0,12.5,26.3,2.8,loam,12.22,0.58,Warning,False,False,False,rule_based
6.95,80.075,2025-02,69.4,97.1,26.3,13.4,26.3,2.8,loam,12.22,0.49,Warning,False,False,False,rule_based
6.95,80.075,2025-03,212.2,98.7,26.1,11.2,26.3,2.8,loam,12.22,0.55,Warning,False,False,False,rule_based
6.95,80.075,2025-04,295.1,98.6,26.1,12.6,26.3,2.8,loam,12.22,0.62,Warning,False,False,False,rule_based
6.95,80.075,2025-05,319.7,98.6,26.5,16.0,26.3,2.8,loam,12.22,0.57,Warning,False,False,False,rule_based
6.95,80.075,2025-06,434.2,98.9,26.0,16.4,26.3,2.8,loam,12.22,0.54,Warning,False,False,False,rule_based
6.95,80.075,2025-07,334.7,98.5,26.1,17.2,26.3,2.8,loam,12.22,0.61,Warning,False,False,False,rule_based
6.95,80.075,2025-08,266.0,98.3,25.7,16.4,26.3,2.8,loam,12.22,0.68,Warning,False,False,False,rule_based
6.95,80.075,2025-09,300.0,98.9,25.7,16.4,26.3,2.8,loam,12.22,0.6,Warning,False,False,False,rule_based
6.95,80.075,2025-10,348.5,97.9,25.7,12.6,26.3,2.8,loam,12.22,0.63,Warning,False,False,False,rule_based
6.95,80.075,2025-11,600.9,98.9,25.2,15.3,26.3,2.8,loam,12.22,0.61,Warning,False,False,False,rule_based
6.95,80.075,2025-12,204.5,97.4,25.4,14.6,26.3,2.8,loam,12.22,0.6,Warning,False,False,False,rule_based
6.95,80.1,2023-01,158.0,95.0,24.4,12.9,27.0,2.8,loam,14.21,0.63,Warning,False,False,False,rule_based
6.95,80.1,2023-02,114.0,98.1,25.1,11.9,27.0,2.8,loam,14.21,0.6,Warning,False,False,False,rule_based
6.95,80.1,2023-03,180.9,98.2,25.7,9.9,27.0,2.8,loam,14.21,0.61,Warning,False,False,False,rule_based
6.95,80.1,2023-04,199.7,97.4,26.5,11.4,27.0,2.8,loam,14.21,0.61,Warning,False,False,False,rule_based
6.95,80.1,2023-05,241.1,96.6,26.3,13.2,27.0,2.8,loam,14.21,0.58,Warning,False,False,False,rule_based
6.95,80.1,2023-06,341.0,97.5,25.8,14.8,27.0,2.8,loam,14.21,0.63,Warning,False,False,False,rule_based
6.95,80.1,2023-07,364.4,97.5,25.7,16.7,27.0,2.8,loam,14.21,0.6,Warning,False,False,False,rule_based
6.95,80.1,2023-08,155.9,96.5,26.2,17.3,27.0,2.8,loam,14.21,0.58,Warning,False,False,False,rule_based
6.95,80.1,2023-09,608.4,96.8,25.0,16.9,27.0,2.8,loam,14.21,0.62,Warning,False,False,False,rule_based
6.95,80.1,2023-10,624.0,97.0,25.1,13.2,27.0,2.8,loam,14.21,0.58,Warning,False,False,False,rule_based
6.95,80.1,2023-11,568.2,98.5,25.1,10.6,27.0,2.8,loam,14.21,0.6,Warning,False,False,False,rule_based
6.95,80.1,2023-12,462.6,98.5,25.3,12.0,27.0,2.8,loam,14.21,0.6,Warning,False,False,False,rule_based
6.95,80.1,2024-01,190.0,97.1,25.6,10.3,27.0,2.8,loam,14.21,0.64,Warning,False,False,False,rule_based
6.95,80.1,2024-02,39.2,96.4,27.1,12.8,27.0,2.8,loam,14.21,0.47,Warning,False,False,False,rule_based
6.95,80.1,2024-03,113.7,95.5,28.0,16.3,27.0,2.8,loam,14.21,0.6,Warning,False,False,False,rule_based
6.95,80.1,2024-04,186.5,96.9,27.7,13.3,27.0,2.8,loam,14.21,0.63,Warning,False,False,False,rule_based
6.95,80.1,2024-05,766.7,97.3,26.7,16.0,27.0,2.8,loam,14.21,0.65,Warning,False,False,False,rule_based
6.95,80.1,2024-06,403.3,96.8,26.0,17.1,27.0,2.8,loam,14.21,0.62,Warning,False,False,False,rule_based
6.95,80.1,2024-07,303.0,97.5,26.1,15.9,27.0,2.8,loam,14.21,0.6,Warning,False,False,False,rule_based
6.95,80.1,2024-08,359.2,96.3,25.7,16.3,27.0,2.8,loam,14.21,0.56,Warning,False,False,False,rule_based
6.95,80.1,2024-09,363.1,97.4,25.7,16.7,27.0,2.8,loam,14.21,0.57,Warning,False,False,False,rule_based
6.95,80.1,2024-10,509.7,97.0,25.5,13.9,27.0,2.8,loam,14.21,0.59,Warning,False,False,False,rule_based
6.95,80.1,2024-11,507.2,98.4,25.0,13.8,27.0,2.8,loam,14.21,0.59,Warning,False,False,False,rule_based
6.95,80.1,2024-12,173.2,98.2,25.3,12.4,27.0,2.8,loam,14.21,0.6,Warning,False,False,False,rule_based
6.95,80.1,2025-01,332.0,99.1,24.8,11.3,27.0,2.8,loam,14.21,0.61,Warning,False,False,False,rule_based
6.95,80.1,2025-02,74.5,97.5,26.1,13.4,27.0,2.8,loam,14.21,0.56,Warning,False,False,False,rule_based
6.95,80.1,2025-03,169.4,98.8,25.9,12.0,27.0,2.8,loam,14.21,0.6,Warning,False,False,False,rule_based
6.95,80.1,2025-04,301.3,98.8,25.8,12.7,27.0,2.8,loam,14.21,0.62,Warning,False,False,False,rule_based
6.95,80.1,2025-05,317.5,98.8,26.0,15.3,27.0,2.8,loam,14.21,0.61,Warning,False,False,False,rule_based
6.95,80.1,2025-06,439.4,99.4,25.5,15.8,27.0,2.8,loam,14.21,0.54,Warning,False,False,False,rule_based
6.95,80.1,2025-07,317.5,99.1,25.6,16.9,27.0,2.8,loam,14.21,0.58,Warning,False,False,False,rule_based
6.95,80.1,2025-08,290.5,99.0,25.3,16.0,27.0,2.8,loam,14.21,0.6,Warning,False,False,False,rule_based
6.95,80.1,2025-09,282.9,99.2,25.2,16.2,27.0,2.8,loam,14.21,0.57,Warning,False,False,False,rule_based
6.95,80.1,2025-10,345.0,98.2,25.4,12.9,27.0,2.8,loam,14.21,0.62,Warning,False,False,False,rule_based
6.95,80.1,2025-11,632.8,98.9,24.9,14.9,27.0,2.8,loam,14.21,0.65,Warning,False,False,False,rule_based
6.95,80.1,2025-12,184.9,97.9,25.1,14.2,27.0,2.8,loam,14.21,0.64,Warning,False,False,False,rule_based
6.95,80.125,2023-01,158.0,95.0,24.4,12.9,27.8,2.9,loam,15.0,0.6,Warning,True,True,False,rule_based
6.95,80.125,2023-02,114.0,98.1,25.1,11.9,27.8,2.9,loam,15.0,0.65,Warning,True,True,False,rule_based
6.95,80.125,2023-03,180.9,98.2,25.7,9.9,27.8,2.9,loam,15.0,0.61,Warning,True,True,False,rule_based
6.95,80.125,2023-04,199.7,97.4,26.5,11.4,27.8,2.9,loam,15.0,0.6,Warning,True,True,False,rule_based
6.95,80.125,2023-05,241.1,96.6,26.3,13.2,27.8,2.9,loam,15.0,0.59,Warning,True,True,False,rule_based
6.95,80.125,2023-06,341.0,97.5,25.8,14.8,27.8,2.9,loam,15.0,0.6,Warning,True,True,False,rule_based
6.95,80.125,2023-07,364.4,97.5,25.7,16.7,27.8,2.9,loam,15.0,0.59,Warning,True,True,False,rule_based
6.95,80.125,2023-08,155.9,96.5,26.2,17.3,27.8,2.9,loam,15.0,0.61,Warning,True,True,False,rule_based
6.95,80.125,2023-09,608.4,96.8,25.0,16.9,27.8,2.9,loam,15.0,0.61,Warning,True,True,False,rule_based
6.95,80.125,2023-10,624.0,97.0,25.1,13.2,27.8,2.9,loam,15.0,0.61,Warning,True,True,False,rule_based
6.95,80.125,2023-11,568.2,98.5,25.1,10.6,27.8,2.9,loam,15.0,0.62,Warning,True,True,False,rule_based
6.95,80.125,2023-12,462.6,98.5,25.3,12.0,27.8,2.9,loam,15.0,0.64,Warning,True,True,False,rule_based
6.95,80.125,2024-01,190.0,97.1,25.6,10.3,27.8,2.9,loam,15.0,0.63,Warning,True,True,False,rule_based
6.95,80.125,2024-02,39.2,96.4,27.1,12.8,27.8,2.9,loam,15.0,0.41,Warning,True,True,False,rule_based
6.95,80.125,2024-03,113.7,95.5,28.0,16.3,27.8,2.9,loam,15.0,0.53,Warning,True,True,False,rule_based
6.95,80.125,2024-04,186.5,96.9,27.7,13.3,27.8,2.9,loam,15.0,0.63,Warning,True,True,False,rule_based
6.95,80.125,2024-05,766.7,97.3,26.7,16.0,27.8,2.9,loam,15.0,0.56,Warning,True,True,False,rule_based
6.95,80.125,2024-06,403.3,96.8,26.0,17.1,27.8,2.9,loam,15.0,0.6,Warning,True,True,False,rule_based
6.95,80.125,2024-07,303.0,97.5,26.1,15.9,27.8,2.9,loam,15.0,0.57,Warning,True,True,False,rule_based
6.95,80.125,2024-08,359.2,96.3,25.7,16.3,27.8,2.9,loam,15.0,0.55,Warning,True,True,False,rule_based
6.95,80.125,2024-09,363.1,97.4,25.7,16.7,27.8,2.9,loam,15.0,0.62,Warning,True,True,False,rule_based
6.95,80.125,2024-10,509.7,97.0,25.5,13.9,27.8,2.9,loam,15.0,0.63,Warning,True,True,False,rule_based
6.95,80.125,2024-11,507.2,98.4,25.0,13.8,27.8,2.9,loam,15.0,0.59,Warning,True,True,False,rule_based
6.95,80.125,2024-12,173.2,98.2,25.3,12.4,27.8,2.9,loam,15.0,0.53,Warning,True,True,False,rule_based
6.95,80.125,2025-01,332.0,99.1,24.8,11.3,27.8,2.9,loam,15.0,0.59,Warning,True,True,False,rule_based
6.95,80.125,2025-02,74.5,97.5,26.1,13.4,27.8,2.9,loam,15.0,0.55,Warning,True,True,False,rule_based
6.95,80.125,2025-03,169.4,98.8,25.9,12.0,27.8,2.9,loam,15.0,0.56,Warning,True,True,False,rule_based
6.95,80.125,2025-04,301.3,98.8,25.8,12.7,27.8,2.9,loam,15.0,0.61,Warning,True,True,False,rule_based
6.95,80.125,2025-05,317.5,98.8,26.0,15.3,27.8,2.9,loam,15.0,0.61,Warning,True,True,False,rule_based
6.95,80.125,2025-06,439.4,99.4,25.5,15.8,27.8,2.9,loam,15.0,0.62,Warning,True,True,False,rule_based
6.95,80.125,2025-07,317.5,99.1,25.6,16.9,27.8,2.9,loam,15.0,0.61,Warning,True,True,False,rule_based
6.95,80.125,2025-08,290.5,99.0,25.3,16.0,27.8,2.9,loam,15.0,0.58,Warning,True,True,False,rule_based
6.95,80.125,2025-09,282.9,99.2,25.2,16.2,27.8,2.9,loam,15.0,0.64,Warning,True,True,False,rule_based
6.95,80.125,2025-10,345.0,98.2,25.4,12.9,27.8,2.9,loam,15.0,0.6,Warning,True,True,False,rule_based
6.95,80.125,2025-11,632.8,98.9,24.9,14.9,27.8,2.9,loam,15.0,0.6,Flood,True,True,False,unosat_satellite
6.95,80.125,2025-12,184.9,97.9,25.1,14.2,27.8,2.9,loam,15.0,0.58,Flood,True,True,False,unosat_satellite
6.95,80.15,2023-01,158.0,95.0,24.4,12.9,58.5,6.6,loam,15.0,0.65,Warning,False,False,False,rule_based
6.95,80.15,2023-02,114.0,98.1,25.1,11.9,58.5,6.6,loam,15.0,0.64,Warning,False,False,False,rule_based
6.95,80.15,2023-03,180.9,98.2,25.7,9.9,58.5,6.6,loam,15.0,0.66,Warning,False,False,False,rule_based
6.95,80.15,2023-04,199.7,97.4,26.5,11.4,58.5,6.6,loam,15.0,0.72,Warning,False,False,False,rule_based
6.95,80.15,2023-05,241.1,96.6,26.3,13.2,58.5,6.6,loam,15.0,0.63,Warning,False,False,False,rule_based
6.95,80.15,2023-06,341.0,97.5,25.8,14.8,58.5,6.6,loam,15.0,0.62,Warning,False,False,False,rule_based
6.95,80.15,2023-07,364.4,97.5,25.7,16.7,58.5,6.6,loam,15.0,0.71,Warning,False,False,False,rule_based
6.95,80.15,2023-08,155.9,96.5,26.2,17.3,58.5,6.6,loam,15.0,0.66,Warning,False,False,False,rule_based
6.95,80.15,2023-09,608.4,96.8,25.0,16.9,58.5,6.6,loam,15.0,0.65,Warning,False,False,False,rule_based
6.95,80.15,2023-10,624.0,97.0,25.1,13.2,58.5,6.6,loam,15.0,0.7,Warning,False,False,False,rule_based
6.95,80.15,2023-11,568.2,98.5,25.1,10.6,58.5,6.6,loam,15.0,0.65,Warning,False,False,False,rule_based
6.95,80.15,2023-12,462.6,98.5,25.3,12.0,58.5,6.6,loam,15.0,0.72,Warning,False,False,False,rule_based
6.95,80.15,2024-01,190.0,97.1,25.6,10.3,58.5,6.6,loam,15.0,0.69,Warning,False,False,False,rule_based
6.95,80.15,2024-02,39.2,96.4,27.1,12.8,58.5,6.6,loam,15.0,0.5,No Risk,False,False,False,rule_based
6.95,80.15,2024-03,113.7,95.5,28.0,16.3,58.5,6.6,loam,15.0,0.73,Warning,False,False,False,rule_based
6.95,80.15,2024-04,186.5,96.9,27.7,13.3,58.5,6.6,loam,15.0,0.65,Warning,False,False,False,rule_based
6.95,80.15,2024-05,766.7,97.3,26.7,16.0,58.5,6.6,loam,15.0,0.69,Warning,False,False,False,rule_based
6.95,80.15,2024-06,403.3,96.8,26.0,17.1,58.5,6.6,loam,15.0,0.68,Warning,False,False,False,rule_based
6.95,80.15,2024-07,303.0,97.5,26.1,15.9,58.5,6.6,loam,15.0,0.71,Warning,False,False,False,rule_based
6.95,80.15,2024-08,359.2,96.3,25.7,16.3,58.5,6.6,loam,15.0,0.71,Warning,False,False,False,rule_based
6.95,80.15,2024-09,363.1,97.4,25.7,16.7,58.5,6.6,loam,15.0,0.67,Warning,False,False,False,rule_based
6.95,80.15,2024-10,509.7,97.0,25.5,13.9,58.5,6.6,loam,15.0,0.64,Warning,False,False,False,rule_based
6.95,80.15,2024-11,507.2,98.4,25.0,13.8,58.5,6.6,loam,15.0,0.68,Warning,False,False,False,rule_based
6.95,80.15,2024-12,173.2,98.2,25.3,12.4,58.5,6.6,loam,15.0,0.65,Warning,False,False,False,rule_based
6.95,80.15,2025-01,332.0,99.1,24.8,11.3,58.5,6.6,loam,15.0,0.73,Warning,False,False,False,rule_based
6.95,80.15,2025-02,74.5,97.5,26.1,13.4,58.5,6.6,loam,15.0,0.61,Warning,False,False,False,rule_based
6.95,80.15,2025-03,169.4,98.8,25.9,12.0,58.5,6.6,loam,15.0,0.66,Warning,False,False,False,rule_based
6.95,80.15,2025-04,301.3,98.8,25.8,12.7,58.5,6.6,loam,15.0,0.67,Warning,False,False,False,rule_based
6.95,80.15,2025-05,317.5,98.8,26.0,15.3,58.5,6.6,loam,15.0,0.63,Warning,False,False,False,rule_based
6.95,80.15,2025-06,439.4,99.4,25.5,15.8,58.5,6.6,loam,15.0,0.64,Warning,False,False,False,rule_based
6.95,80.15,2025-07,317.5,99.1,25.6,16.9,58.5,6.6,loam,15.0,0.7,Warning,False,False,False,rule_based
6.95,80.15,2025-08,290.5,99.0,25.3,16.0,58.5,6.6,loam,15.0,0.65,Warning,False,False,False,rule_based
6.95,80.15,2025-09,282.9,99.2,25.2,16.2,58.5,6.6,loam,15.0,0.64,Warning,False,False,False,rule_based
6.95,80.15,2025-10,345.0,98.2,25.4,12.9,58.5,6.6,loam,15.0,0.68,Warning,False,False,False,rule_based
6.95,80.15,2025-11,632.8,98.9,24.9,14.9,58.5,6.6,loam,15.0,0.7,Warning,False,False,False,rule_based
6.95,80.15,2025-12,184.9,97.9,25.1,14.2,58.5,6.6,loam,15.0,0.69,Warning,False,False,False,rule_based
6.95,80.175,2023-01,129.3,96.5,24.2,11.6,59.7,6.8,loam,15.0,0.7,Warning,False,False,False,rule_based
6.95,80.175,2023-02,114.0,97.6,25.2,11.6,59.7,6.8,loam,15.0,0.65,Warning,False,False,False,rule_based
6.95,80.175,2023-03,168.2,97.3,25.8,10.1,59.7,6.8,loam,15.0,0.63,Warning,False,False,False,rule_based
6.95,80.175,2023-04,173.9,96.5,26.5,11.0,59.7,6.8,loam,15.0,0.71,Warning,False,False,False,rule_based
6.95,80.175,2023-05,254.9,95.5,26.4,12.5,59.7,6.8,loam,15.0,0.66,Warning,False,False,False,rule_based
6.95,80.175,2023-06,381.0,95.8,25.9,13.2,59.7,6.8,loam,15.0,0.66,Warning,False,False,False,rule_based
6.95,80.175,2023-07,357.0,96.4,25.7,15.3,59.7,6.8,loam,15.0,0.71,Warning,False,False,False,rule_based
6.95,80.175,2023-08,160.0,95.5,26.2,15.7,59.7,6.8,loam,15.0,0.69,Warning,False,False,False,rule_based
6.95,80.175,2023-09,737.1,95.9,25.1,15.6,59.7,6.8,loam,15.0,0.68,Warning,False,False,False,rule_based
6.95,80.175,2023-10,693.8,97.0,25.1,12.6,59.7,6.8,loam,15.0,0.73,Warning,False,False,False,rule_based
6.95,80.175,2023-11,607.9,98.2,25.1,10.1,59.7,6.8,loam,15.0,0.65,Warning,False,False,False,rule_based
6.95,80.175,2023-12,481.4,98.3,25.4,11.4,59.7,6.8,loam,15.0,0.7,Warning,False,False,False,rule_based
6.95,80.175,2024-01,185.4,96.9,25.6,10.1,59.7,6.8,loam,15.0,0.67,Warning,False,False,False,rule_based
6.95,80.175,2024-02,39.1,96.1,27.1,12.7,59.7,6.8,loam,15.0,0.53,No Risk,False,False,False,rule_based
6.95,80.175,2024-03,86.6,94.1,28.3,16.4,59.7,6.8,loam,15.0,0.68,Warning,False,False,False,rule_based
6.95,80.175,2024-04,193.3,96.3,27.9,13.3,59.7,6.8,loam,15.0,0.68,Warning,False,False,False,rule_based
6.95,80.175,2024-05,800.1,96.8,26.8,14.9,59.7,6.8,loam,15.0,0.69,Warning,False,False,False,rule_based
6.95,80.175,2024-06,426.5,95.8,26.1,15.7,59.7,6.8,loam,15.0,0.7,Warning,False,False,False,rule_based
6.95,80.175,2024-07,353.9,96.5,26.1,14.3,59.7,6.8,loam,15.0,0.66,Warning,False,False,False,rule_based
6.95,80.175,2024-08,402.8,95.4,25.8,14.8,59.7,6.8,loam,15.0,0.64,Warning,False,False,False,rule_based
6.95,80.175,2024-09,347.8,96.5,25.8,14.7,59.7,6.8,loam,15.0,0.64,Warning,False,False,False,rule_based
6.95,80.175,2024-10,570.2,96.0,25.5,12.8,59.7,6.8,loam,15.0,0.61,Warning,False,False,False,rule_based
6.95,80.175,2024-11,482.2,98.3,25.0,12.6,59.7,6.8,loam,15.0,0.73,Warning,False,False,False,rule_based
6.95,80.175,2024-12,169.4,98.2,25.4,11.7,59.7,6.8,loam,15.0,0.64,Warning,False,False,False,rule_based
6.95,80.175,2025-01,290.5,99.0,24.8,9.7,59.7,6.8,loam,15.0,0.66,Warning,False,False,False,rule_based
6.95,80.175,2025-02,59.6,98.0,26.1,13.2,59.7,6.8,loam,15.0,0.56,Warning,False,False,False,rule_based
6.95,80.175,2025-03,132.8,98.8,26.0,11.4,59.7,6.8,loam,15.0,0.68,Warning,False,False,False,rule_based
6.95,80.175,2025-04,304.4,98.1,25.9,11.1,59.7,6.8,loam,15.0,0.69,Warning,False,False,False,rule_based
6.95,80.175,2025-05,299.0,98.2,26.1,12.9,59.7,6.8,loam,15.0,0.7,Warning,False,False,False,rule_based
6.95,80.175,2025-06,466.9,98.7,25.5,13.5,59.7,6.8,loam,15.0,0.65,Warning,False,False,False,rule_based
6.95,80.175,2025-07,414.5,98.5,25.5,14.2,59.7,6.8,loam,15.0,0.66,Warning,False,False,False,rule_based
6.95,80.175,2025-08,293.2,98.4,25.3,13.8,59.7,6.8,loam,15.0,0.68,Warning,False,False,False,rule_based
6.95,80.175,2025-09,314.0,98.5,25.3,14.0,59.7,6.8,loam,15.0,0.66,Warning,False,False,False,rule_based
6.95,80.175,2025-10,357.1,97.9,25.4,11.4,59.7,6.8,loam,15.0,0.72,Warning,False,False,False,rule_based
6.95,80.175,2025-11,622.2,98.8,24.9,13.2,59.7,6.8,loam,15.0,0.68,Warning,False,False,False,rule_based
6.95,80.175,2025-12,180.8,98.5,25.2,12.0,59.7,6.8,loam,15.0,0.69,Warning,False,False,False,rule_based
6.975,80.35,2023-01,193.5,94.0,23.0,9.9,127.0,18.7,sandy,15.0,0.82,Landslide,False,False,False,rule_based
6.975,80.35,2023-02,114.5,95.3,23.9,9.3,127.0,18.7,sandy,15.0,0.84,Landslide,False,False,False,rule_based
6.975,80.35,2023-03,204.5,95.7,24.4,9.5,127.0,18.7,sandy,15.0,0.81,Landslide,False,False,False,rule_based
6.975,80.35,2023-04,219.8,95.4,25.0,10.6,127.0,18.7,sandy,15.0,0.76,Landslide,False,False,False,rule_based
6.975,80.35,2023-05,284.0,95.4,25.2,11.3,127.0,18.7,sandy,15.0,0.81,Landslide,False,False,False,rule_based
6.975,80.35,2023-06,378.6,95.2,24.7,12.0,127.0,18.7,sandy,15.0,0.78,Landslide,False,False,False,rule_based
6.975,80.35,2023-07,355.6,94.6,24.5,13.2,127.0,18.7,sandy,15.0,0.78,Landslide,False,False,False,rule_based
6.975,80.35,2023-08,159.9,93.8,25.0,14.5,127.0,18.7,sandy,15.0,0.82,Landslide,False,False,False,rule_based
6.975,80.35,2023-09,553.4,96.7,23.9,16.0,127.0,18.7,sandy,15.0,0.84,Landslide,False,False,False,rule_based
6.975,80.35,2023-10,660.6,97.3,24.0,11.6,127.0,18.7,sandy,15.0,0.8,Landslide,False,False,False,rule_based
6.975,80.35,2023-11,754.6,98.1,24.0,9.6,127.0,18.7,sandy,15.0,0.81,Landslide,False,False,False,rule_based
6.975,80.35,2023-12,540.4,97.5,24.3,9.9,127.0,18.7,sandy,15.0,0.85,Landslide,False,False,False,rule_based
6.975,80.35,2024-01,291.5,95.1,24.3,8.8,127.0,18.7,sandy,15.0,0.81,Landslide,False,False,False,rule_based
6.975,80.35,2024-02,50.0,93.8,25.4,11.1,127.0,18.7,sandy,15.0,0.75,Warning,False,False,False,rule_based
6.975,80.35,2024-03,91.4,92.9,26.5,12.4,127.0,18.7,sandy,15.0,0.8,Landslide,False,False,False,rule_based
6.975,80.35,2024-04,254.2,95.8,26.3,9.6,127.0,18.7,sandy,15.0,0.75,Landslide,False,False,False,rule_based
6.975,80.35,2024-05,749.0,97.3,25.5,13.5,127.0,18.7,sandy,15.0,0.82,Landslide,False,False,False,rule_based
6.975,80.35,2024-06,366.8,96.2,24.8,14.9,127.0,18.7,sandy,15.0,0.81,Landslide,False,False,False,rule_based
6.975,80.35,2024-07,352.7,95.2,24.9,12.9,127.0,18.7,sandy,15.0,0.84,Landslide,False,False,False,rule_based
6.975,80.35,2024-08,387.9,95.2,24.6,14.5,127.0,18.7,sandy,15.0,0.82,Landslide,False,False,False,rule_based
6.975,80.35,2024-09,377.7,96.0,24.5,13.2,127.0,18.7,sandy,15.0,0.8,Landslide,False,False,False,rule_based
6.975,80.35,2024-10,514.5,96.2,24.3,11.6,127.0,18.7,sandy,15.0,0.76,Landslide,False,False,False,rule_based
6.975,80.35,2024-11,601.0,98.7,23.8,10.2,127.0,18.7,sandy,15.0,0.79,Landslide,False,False,False,rule_based
6.975,80.35,2024-12,148.9,98.3,24.0,10.6,127.0,18.7,sandy,15.0,0.77,Landslide,False,False,False,rule_based
6.975,80.35,2025-01,374.0,99.2,23.7,8.6,127.0,18.7,sandy,15.0,0.78,Landslide,False,False,False,rule_based
6.975,80.35,2025-02,49.7,96.2,24.8,11.6,127.0,18.7,sandy,15.0,0.69,Warning,False,False,False,rule_based
6.975,80.35,2025-03,166.6,98.5,24.5,10.4,127.0,18.7,sandy,15.0,0.85,Landslide,False,False,False,rule_based
6.975,80.35,2025-04,277.1,98.9,24.6,11.0,127.0,18.7,sandy,15.0,0.81,Landslide,False,False,False,rule_based
6.975,80.35,2025-05,347.8,98.9,24.7,11.9,127.0,18.7,sandy,15.0,0.76,Landslide,False,False,False,rule_based
6.975,80.35,2025-06,417.7,98.7,24.1,12.6,127.0,18.7,sandy,15.0,0.81,Landslide,False,False,False,rule_based
6.975,80.35,2025-07,409.3,98.8,24.2,12.5,127.0,18.7,sandy,15.0,0.84,Landslide,False,False,False,rule_based
6.975,80.35,2025-08,274.8,97.7,24.0,12.9,127.0,18.7,sandy,15.0,0.78,Landslide,False,False,False,rule_based
6.975,80.35,2025-09,290.9,98.3,24.0,12.9,127.0,18.7,sandy,15.0,0.8,Landslide,False,False,False,rule_based
6.975,80.35,2025-10,365.8,98.1,24.1,10.5,127.0,18.7,sandy,15.0,0.8,Landslide,False,False,False,rule_based
6.975,80.35,2025-11,778.2,99.3,23.6,11.2,127.0,18.7,sandy,15.0,0.78,Landslide,False,False,False,rule_based
6.975,80.35,2025-12,216.5,98.7,23.9,9.7,127.0,18.7,sandy,15.0,0.82,Landslide,False,False,False,rule_based
7.0,79.85,2023-01,90.4,91.7,25.2,17.9,7.2,1.1,clay,7.85,0.52,Warning,False,False,False,rule_based
7.0,79.85,2023-02,64.1,95.8,25.7,15.9,7.2,1.1,clay,7.85,0.42,Warning,False,False,False,rule_based
7.0,79.85,2023-03,112.6,97.4,26.5,13.6,7.2,1.1,clay,7.85,0.56,Warning,False,False,False,rule_based
7.0,79.85,2023-04,168.5,98.0,27.1,13.9,7.2,1.1,clay,7.85,0.56,Warning,False,False,False,rule_based
7.0,79.85,2023-05,233.6,95.9,27.4,17.4,7.2,1.1,clay,7.85,0.61,Warning,False,False,False,rule_based
7.0,79.85,2023-06,370.5,94.9,27.1,19.9,7.2,1.1,clay,7.85,0.58,Warning,False,False,False,rule_based
7.0,79.85,2023-07,214.2,92.8,26.9,21.3,7.2,1.1,clay,7.85,0.53,Warning,False,False,False,rule_based
7.0,79.85,2023-08,131.6,92.9,27.1,19.9,7.2,1.1,clay,7.85,0.62,Warning,False,False,False,rule_based
7.0,79.85,2023-09,545.4,95.2,26.1,19.9,7.2,1.1,clay,7.85,0.6,Warning,False,False,False,rule_based
7.0,79.85,2023-10,504.7,96.8,25.6,15.1,7.2,1.1,clay,7.85,0.58,Warning,False,False,False,rule_based
7.0,79.85,2023-11,450.5,97.7,25.6,11.9,7.2,1.1,clay,7.85,0.56,Warning,False,False,False,rule_based
7.0,79.85,2023-12,362.7,96.3,26.0,15.5,7.2,1.1,clay,7.85,0.54,Warning,False,False,False,rule_based
7.0,79.85,2024-01,121.8,93.6,26.1,15.0,7.2,1.1,clay,7.85,0.55,Warning,False,False,False,rule_based
7.0,79.85,2024-02,43.4,91.8,27.7,17.6,7.2,1.1,clay,7.85,0.46,No Risk,False,False,False,rule_based
7.0,79.85,2024-03,93.8,95.0,28.0,16.4,7.2,1.1,clay,7.85,0.61,Warning,False,False,False,rule_based
7.0,79.85,2024-04,173.6,96.5,28.2,14.5,7.2,1.1,clay,7.85,0.61,Warning,False,False,False,rule_based
7.0,79.85,2024-05,607.9,95.2,27.8,19.9,7.2,1.1,clay,7.85,0.55,Warning,False,False,False,rule_based
7.0,79.85,2024-06,326.9,93.5,27.1,21.4,7.2,1.1,clay,7.85,0.53,Warning,False,False,False,rule_based
7.0,79.85,2024-07,302.3,93.6,27.2,19.5,7.2,1.1,clay,7.85,0.57,Warning,False,False,False,rule_based
7.0,79.85,2024-08,309.0,92.7,26.8,19.6,7.2,1.1,clay,7.85,0.51,Warning,False,False,False,rule_based
7.0,79.85,2024-09,304.0,93.0,27.1,20.5,7.2,1.1,clay,7.85,0.57,Warning,False,False,False,rule_based
7.0,79.85,2024-10,416.9,95.4,26.3,16.9,7.2,1.1,clay,7.85,0.56,Warning,False,False,False,rule_based
7.0,79.85,2024-11,382.9,96.9,25.8,15.2,7.2,1.1,clay,7.85,0.55,Warning,False,False,False,rule_based
7.0,79.85,2024-12,133.7,94.9,26.5,14.1,7.2,1.1,clay,7.85,0.52,Warning,False,False,False,rule_based
7.0,79.85,2025-01,278.2,94.5,25.7,15.2,7.2,1.1,clay,7.85,0.58,Warning,False,False,False,rule_based
7.0,79.85,2025-02,47.3,92.0,27.4,15.4,7.2,1.1,clay,7.85,0.42,Warning,False,False,False,rule_based
7.0,79.85,2025-03,137.8,95.4,27.3,12.0,7.2,1.1,clay,7.85,0.53,Warning,False,False,False,rule_based
7.0,79.85,2025-04,164.1,95.3,27.5,14.0,7.2,1.1,clay,7.85,0.48,Warning,False,False,False,rule_based
7.0,79.85,2025-05,278.6,94.1,27.9,19.2,7.2,1.1,clay,7.85,0.56,Warning,False,False,False,rule_based
7.0,79.85,2025-06,309.7,93.5,27.2,19.0,7.2,1.1,clay,7.85,0.62,Warning,False,False,False,rule_based
7.0,79.85,2025-07,189.5,91.8,27.3,19.9,7.2,1.1,clay,7.85,0.61,Warning,False,False,False,rule_based
7.0,79.85,2025-08,198.6,92.9,26.8,18.6,7.2,1.1,clay,7.85,0.55,Warning,False,False,False,rule_based
7.0,79.85,2025-09,265.6,92.7,26.9,18.3,7.2,1.1,clay,7.85,0.55,Warning,False,False,False,rule_based
7.0,79.85,2025-10,255.4,94.5,26.8,13.7,7.2,1.1,clay,7.85,0.58,Warning,False,False,False,rule_based
7.0,79.85,2025-11,595.6,95.1,26.0,16.5,7.2,1.1,clay,7.85,0.53,Warning,False,False,False,rule_based
7.0,79.85,2025-12,120.0,93.5,26.2,16.2,7.2,1.1,clay,7.85,0.57,Warning,False,False,False,rule_based
7.0,79.875,2023-01,90.4,91.7,25.2,17.9,7.6,1.1,clay,6.21,0.56,Warning,False,False,False,rule_based
7.0,79.875,2023-02,64.1,95.8,25.6,15.9,7.6,1.1,clay,6.21,0.51,Warning,False,False,False,rule_based
7.0,79.875,2023-03,112.6,97.4,26.4,13.6,7.6,1.1,clay,6.21,0.56,Warning,False,False,False,rule_based
7.0,79.875,2023-04,168.5,98.0,27.0,13.9,7.6,1.1,clay,6.21,0.56,Warning,False,False,False,rule_based
7.0,79.875,2023-05,233.6,95.9,27.3,17.4,7.6,1.1,clay,6.21,0.54,Warning,False,False,False,rule_based
7.0,79.875,2023-06,370.5,94.9,27.0,19.9,7.6,1.1,clay,6.21,0.54,Warning,False,False,False,rule_based
7.0,79.875,2023-07,214.2,92.8,26.9,21.3,7.6,1.1,clay,6.21,0.56,Warning,False,False,False,rule_based
7.0,79.875,2023-08,131.6,92.9,27.0,19.9,7.6,1.1,clay,6.21,0.58,Warning,False,False,False,rule_based
7.0,79.875,2023-09,545.4,95.2,26.0,19.9,7.6,1.1,clay,6.21,0.59,Warning,False,False,False,rule_based
7.0,79.875,2023-10,504.7,96.8,25.6,15.1,7.6,1.1,clay,6.21,0.54,Warning,False,False,False,rule_based
7.0,79.875,2023-11,450.5,97.7,25.5,11.9,7.6,1.1,clay,6.21,0.61,Warning,False,False,False,rule_based
7.0,79.875,2023-12,362.7,96.3,25.9,15.5,7.6,1.1,clay,6.21,0.56,Warning,False,False,False,rule_based
7.0,79.875,2024-01,121.8,93.6,26.0,15.0,7.6,1.1,clay,6.21,0.56,Warning,False,False,False,rule_based
7.0,79.875,2024-02,43.4,91.8,27.6,17.6,7.6,1.1,clay,6.21,0.4,No Risk,False,False,False,rule_based
7.0,79.875,2024-03,93.8,95.0,28.0,16.4,7.6,1.1,clay,6.21,0.48,Warning,False,False,False,rule_based
7.0,79.875,2024-04,173.6,96.4,28.2,14.5,7.6,1.1,clay,6.21,0.59,Warning,False,False,False,rule_based
7.0,79.875,2024-05,607.9,95.2,27.8,19.9,7.6,1.1,clay,6.21,0.59,Warning,False,False,False,rule_based
7.0,79.875,2024-06,326.9,93.5,27.0,21.4,7.6,1.1,clay,6.21,0.56,Warning,False,False,False,rule_based
7.0,79.875,2024-07,302.3,93.5,27.1,19.5,7.6,1.1,clay,6.21,0.57,Warning,False,False,False,rule_based
7.0,79.875,2024-08,309.0,92.7,26.7,19.6,7.6,1.1,clay,6.21,0.58,Warning,False,False,False,rule_based
7.0,79.875,2024-09,304.0,93.0,27.0,20.5,7.6,1.1,clay,6.21,0.52,Warning,False,False,False,rule_based
7.0,79.875,2024-10,416.9,95.4,26.2,16.9,7.6,1.1,clay,6.21,0.55,Warning,False,False,False,rule_based
7.0,79.875,2024-11,382.9,96.9,25.7,15.2,7.6,1.1,clay,6.21,0.59,Warning,False,False,False,rule_based
7.0,79.875,2024-12,133.7,94.9,26.4,14.1,7.6,1.1,clay,6.21,0.53,Warning,False,False,False,rule_based
7.0,79.875,2025-01,278.2,94.5,25.6,15.2,7.6,1.1,clay,6.21,0.57,Warning,False,False,False,rule_based
7.0,79.875,2025-02,47.3,92.0,27.4,15.4,7.6,1.1,clay,6.21,0.39,Warning,False,False,False,rule_based
7.0,79.875,2025-03,137.8,95.4,27.2,12.0,7.6,1.1,clay,6.21,0.58,Warning,False,False,False,rule_based
7.0,79.875,2025-04,164.1,95.3,27.4,14.0,7.6,1.1,clay,6.21,0.56,Warning,False,False,False,rule_based
7.0,79.875,2025-05,278.6,94.1,27.8,19.2,7.6,1.1,clay,6.21,0.52,Warning,False,False,False,rule_based
7.0,79.875,2025-06,309.7,93.5,27.2,19.0,7.6,1.1,clay,6.21,0.6,Warning,False,False,False,rule_based
7.0,79.875,2025-07,189.5,91.8,27.2,19.9,7.6,1.1,clay,6.21,0.54,Warning,False,False,False,rule_based
7.0,79.875,2025-08,198.6,92.9,26.7,18.6,7.6,1.1,clay,6.21,0.54,Warning,False,False,False,rule_based
7.0,79.875,2025-09,265.6,92.7,26.8,18.3,7.6,1.1,clay,6.21,0.57,Warning,False,False,False,rule_based
7.0,79.875,2025-10,255.4,94.5,26.7,13.7,7.6,1.1,clay,6.21,0.6,Warning,False,False,False,rule_based
7.0,79.875,2025-11,595.6,95.1,25.9,16.5,7.6,1.1,clay,6.21,0.53,Warning,False,False,False,rule_based
7.0,79.875,2025-12,120.0,93.5,26.1,16.2,7.6,1.1,clay,6.21,0.57,Warning,False,False,False,rule_based
7.0,79.9,2023-01,90.4,91.7,25.2,17.9,8.0,1.1,clay,4.0,0.55,Warning,False,False,False,rule_based
7.0,79.9,2023-02,64.1,95.8,25.6,15.9,8.0,1.1,clay,4.0,0.5,Warning,False,False,False,rule_based
7.0,79.9,2023-03,112.6,97.4,26.4,13.6,8.0,1.1,clay,4.0,0.57,Warning,False,False,False,rule_based
7.0,79.9,2023-04,168.5,98.0,27.0,13.9,8.0,1.1,clay,4.0,0.55,Warning,False,False,False,rule_based
7.0,79.9,2023-05,233.6,95.9,27.3,17.4,8.0,1.1,clay,4.0,0.54,Warning,False,False,False,rule_based
7.0,79.9,2023-06,370.5,94.9,27.0,19.9,8.0,1.1,clay,4.0,0.57,Warning,False,False,False,rule_based
7.0,79.9,2023-07,214.2,92.8,26.9,21.3,8.0,1.1,clay,4.0,0.53,Warning,False,False,False,rule_based
7.0,79.9,2023-08,131.6,92.9,27.0,19.9,8.0,1.1,clay,4.0,0.48,Warning,False,False,False,rule_based
7.0,79.9,2023-09,545.4,95.2,26.0,19.9,8.0,1.1,clay,4.0,0.58,Warning,False,False,False,rule_based
7.0,79.9,2023-10,504.7,96.8,25.6,15.1,8.0,1.1,clay,4.0,0.59,Warning,False,False,False,rule_based
7.0,79.9,2023-11,450.5,97.7,25.5,11.9,8.0,1.1,clay,4.0,0.5,Warning,False,False,False,rule_based
7.0,79.9,2023-12,362.7,96.3,25.9,15.5,8.0,1.1,clay,4.0,0.54,Warning,False,False,False,rule_based
7.0,79.9,2024-01,121.8,93.6,26.0,15.0,8.0,1.1,clay,4.0,0.58,Warning,False,False,False,rule_based
7.0,79.9,2024-02,43.4,91.8,27.6,17.6,8.0,1.1,clay,4.0,0.49,No Risk,False,False,False,rule_based
7.0,79.9,2024-03,93.8,95.0,28.0,16.4,8.0,1.1,clay,4.0,0.55,Warning,False,False,False,rule_based
7.0,79.9,2024-04,173.6,96.4,28.2,14.5,8.0,1.1,clay,4.0,0.54,Warning,False,False,False,rule_based
7.0,79.9,2024-05,607.9,95.2,27.8,19.9,8.0,1.1,clay,4.0,0.56,Warning,False,False,False,rule_based
7.0,79.9,2024-06,326.9,93.5,27.0,21.4,8.0,1.1,clay,4.0,0.61,Warning,False,False,False,rule_based
7.0,79.9,2024-07,302.3,93.5,27.1,19.5,8.0,1.1,clay,4.0,0.55,Warning,False,False,False,rule_based
7.0,79.9,2024-08,309.0,92.7,26.7,19.6,8.0,1.1,clay,4.0,0.54,Warning,False,False,False,rule_based
7.0,79.9,2024-09,304.0,93.0,27.0,20.5,8.0,1.1,clay,4.0,0.55,Warning,False,False,False,rule_based
7.0,79.9,2024-10,416.9,95.4,26.2,16.9,8.0,1.1,clay,4.0,0.54,Warning,False,False,False,rule_based
7.0,79.9,2024-11,382.9,96.9,25.7,15.2,8.0,1.1,clay,4.0,0.57,Warning,False,False,False,rule_based
7.0,79.9,2024-12,133.7,94.9,26.4,14.1,8.0,1.1,clay,4.0,0.61,Warning,False,False,False,rule_based
7.0,79.9,2025-01,278.2,94.5,25.6,15.2,8.0,1.1,clay,4.0,0.58,Warning,False,False,False,rule_based
7.0,79.9,2025-02,47.3,92.0,27.4,15.4,8.0,1.1,clay,4.0,0.43,Warning,False,False,False,rule_based
7.0,79.9,2025-03,137.8,95.4,27.2,12.0,8.0,1.1,clay,4.0,0.56,Warning,False,False,False,rule_based
7.0,79.9,2025-04,164.1,95.3,27.4,14.0,8.0,1.1,clay,4.0,0.52,Warning,False,False,False,rule_based
7.0,79.9,2025-05,278.6,94.1,27.8,19.2,8.0,1.1,clay,4.0,0.59,Warning,False,False,False,rule_based
7.0,79.9,2025-06,309.7,93.5,27.2,19.0,8.0,1.1,clay,4.0,0.56,Warning,False,False,False,rule_based
7.0,79.9,2025-07,189.5,91.8,27.2,19.9,8.0,1.1,clay,4.0,0.56,Warning,False,False,False,rule_based
7.0,79.9,2025-08,198.6,92.9,26.7,18.6,8.0,1.1,clay,4.0,0.66,Warning,False,False,False,rule_based
7.0,79.9,2025-09,265.6,92.7,26.8,18.3,8.0,1.1,clay,4.0,0.57,Warning,False,False,False,rule_based
7.0,79.9,2025-10,255.4,94.5,26.7,13.7,8.0,1.1,clay,4.0,0.54,Warning,False,False,False,rule_based
7.0,79.9,2025-11,595.6,95.1,25.9,16.5,8.0,1.1,clay,4.0,0.55,Warning,False,False,False,rule_based
7.0,79.9,2025-12,120.0,93.5,26.1,16.2,8.0,1.1,clay,4.0,0.6,Warning,False,False,False,rule_based
7.0,79.925,2023-01,90.4,91.7,25.2,17.9,8.4,1.2,clay,2.29,0.55,Flood,True,True,False,rule_based
7.0,79.925,2023-02,64.1,95.8,25.6,15.9,8.4,1.2,clay,2.29,0.43,Warning,True,True,False,rule_based
7.0,79.925,2023-03,112.6,97.4,26.4,13.6,8.4,1.2,clay,2.29,0.59,Flood,True,True,False,rule_based
7.0,79.925,2023-04,168.5,98.0,27.0,13.9,8.4,1.2,clay,2.29,0.55,Flood,True,True,False,rule_based
7.0,79.925,2023-05,233.6,95.9,27.3,17.4,8.4,1.2,clay,2.29,0.62,Flood,True,True,False,rule_based
7.0,79.925,2023-06,370.5,94.9,27.0,19.9,8.4,1.2,clay,2.29,0.6,Flood,True,True,False,rule_based
7.0,79.925,2023-07,214.2,92.8,26.9,21.3,8.4,1.2,clay,2.29,0.55,Flood,True,True,False,rule_based
7.0,79.925,2023-08,131.6,92.9,27.0,19.9,8.4,1.2,clay,2.29,0.61,Flood,True,True,False,rule_based
7.0,79.925,2023-09,545.4,95.2,26.0,19.9,8.4,1.2,clay,2.29,0.57,Flood,True,True,False,rule_based
7.0,79.925,2023-10,504.7,96.8,25.6,15.1,8.4,1.2,clay,2.29,0.59,Flood,True,True,False,rule_based
7.0,79.925,2023-11,450.5,97.7,25.5,11.9,8.4,1.2,clay,2.29,0.58,Flood,True,True,False,rule_based
7.0,79.925,2023-12,362.7,96.3,25.9,15.5,8.4,1.2,clay,2.29,0.54,Flood,True,True,False,rule_based
7.0,79.925,2024-01,121.8,93.6,26.0,15.0,8.4,1.2,clay,2.29,0.55,Flood,True,True,False,rule_based
7.0,79.925,2024-02,43.4,91.8,27.6,17.6,8.4,1.2,clay,2.29,0.46,Warning,True,True,False,rule_based
7.0,79.925,2024-03,93.8,95.0,28.0,16.4,8.4,1.2,clay,2.29,0.54,Flood,True,True,False,rule_based
7.0,79.925,2024-04,173.6,96.4,28.2,14.5,8.4,1.2,clay,2.29,0.55,Flood,True,True,False,rule_based
7.0,79.925,2024-05,607.9,95.2,27.8,19.9,8.4,1.2,clay,2.29,0.54,Flood,True,True,False,rule_based
7.0,79.925,2024-06,326.9,93.5,27.0,21.4,8.4,1.2,clay,2.29,0.58,Flood,True,True,False,rule_based
7.0,79.925,2024-07,302.3,93.5,27.1,19.5,8.4,1.2,clay,2.29,0.63,Flood,True,True,False,rule_based
7.0,79.925,2024-08,309.0,92.7,26.7,19.6,8.4,1.2,clay,2.29,0.53,Flood,True,True,False,rule_based
7.0,79.925,2024-09,304.0,93.0,27.0,20.5,8.4,1.2,clay,2.29,0.57,Flood,True,True,False,rule_based
7.0,79.925,2024-10,416.9,95.4,26.2,16.9,8.4,1.2,clay,2.29,0.61,Flood,True,True,False,rule_based
7.0,79.925,2024-11,382.9,96.9,25.7,15.2,8.4,1.2,clay,2.29,0.56,Flood,True,True,False,rule_based
7.0,79.925,2024-12,133.7,94.9,26.4,14.1,8.4,1.2,clay,2.29,0.58,Flood,True,True,False,rule_based
7.0,79.925,2025-01,278.2,94.5,25.6,15.2,8.4,1.2,clay,2.29,0.53,Flood,True,True,False,rule_based
7.0,79.925,2025-02,47.3,92.0,27.4,15.4,8.4,1.2,clay,2.29,0.45,Warning,True,True,False,rule_based
7.0,79.925,2025-03,137.8,95.4,27.2,12.0,8.4,1.2,clay,2.29,0.56,Flood,True,True,False,rule_based
7.0,79.925,2025-04,164.1,95.3,27.4,14.0,8.4,1.2,clay,2.29,0.6,Flood,True,True,False,rule_based
7.0,79.925,2025-05,278.6,94.1,27.8,19.2,8.4,1.2,clay,2.29,0.6,Flood,True,True,False,rule_based
7.0,79.925,2025-06,309.7,93.5,27.2,19.0,8.4,1.2,clay,2.29,0.64,Flood,True,True,False,rule_based
7.0,79.925,2025-07,189.5,91.8,27.2,19.9,8.4,1.2,clay,2.29,0.58,Flood,True,True,False,rule_based
7.0,79.925,2025-08,198.6,92.9,26.7,18.6,8.4,1.2,clay,2.29,0.58,Flood,True,True,False,rule_based
7.0,79.925,2025-09,265.6,92.7,26.8,18.3,8.4,1.2,clay,2.29,0.57,Flood,True,True,False,rule_based
7.0,79.925,2025-10,255.4,94.5,26.7,13.7,8.4,1.2,clay,2.29,0.56,Flood,True,True,False,rule_based
7.0,79.925,2025-11,595.6,95.1,25.9,16.5,8.4,1.2,clay,2.29,0.58,Flood,True,True,False,unosat_satellite
7.0,79.925,2025-12,120.0,93.5,26.1,16.2,8.4,1.2,clay,2.29,0.56,Flood,True,True,False,unosat_satellite
7.0,79.95,2023-01,110.3,91.5,25.2,15.1,8.7,1.2,clay,1.11,0.57,Flood,False,False,False,rule_based
7.0,79.95,2023-02,85.4,96.6,25.6,13.3,8.7,1.2,clay,1.11,0.57,Flood,False,False,False,rule_based
7.0,79.95,2023-03,154.8,97.6,26.3,11.5,8.7,1.2,clay,1.11,0.54,Flood,False,False,False,rule_based
7.0,79.95,2023-04,178.0,97.7,26.9,12.2,8.7,1.2,clay,1.11,0.6,Flood,False,False,False,rule_based
7.0,79.95,2023-05,237.5,96.6,26.9,14.8,8.7,1.2,clay,1.11,0.61,Flood,False,False,False,rule_based
7.0,79.95,2023-06,368.9,96.8,26.6,17.0,8.7,1.2,clay,1.11,0.56,Flood,False,False,False,rule_based
7.0,79.95,2023-07,254.2,95.5,26.6,17.6,8.7,1.2,clay,1.11,0.5,Flood,False,False,False,rule_based
7.0,79.95,2023-08,136.4,95.8,26.7,17.6,8.7,1.2,clay,1.11,0.55,Flood,False,False,False,rule_based
7.0,79.95,2023-09,576.6,96.6,25.6,16.9,8.7,1.2,clay,1.11,0.61,Flood,False,False,False,rule_based
7.0,79.95,2023-10,631.5,98.3,25.4,12.9,8.7,1.2,clay,1.11,0.57,Flood,False,False,False,rule_based
7.0,79.95,2023-11,479.3,99.6,25.4,10.2,8.7,1.2,clay,1.11,0.54,Flood,False,False,False,rule_based
7.0,79.95,2023-12,415.3,98.2,25.8,13.5,8.7,1.2,clay,1.11,0.55,Flood,False,False,False,rule_based
7.0,79.95,2024-01,182.1,95.6,26.0,12.7,8.7,1.2,clay,1.11,0.59,Flood,False,False,False,rule_based
7.0,79.95,2024-02,32.2,93.4,27.8,15.5,8.7,1.2,clay,1.11,0.41,Warning,False,False,False,rule_based
7.0,79.95,2024-03,111.6,96.8,28.1,15.0,8.7,1.2,clay,1.11,0.56,Flood,False,False,False,rule_based
7.0,79.95,2024-04,232.2,98.6,28.0,12.9,8.7,1.2,clay,1.11,0.56,Flood,False,False,False,rule_based
7.0,79.95,2024-05,695.3,97.3,27.3,16.5,8.7,1.2,clay,1.11,0.56,Flood,False,False,False,rule_based
7.0,79.95,2024-06,359.3,95.8,26.7,18.1,8.7,1.2,clay,1.11,0.54,Flood,False,False,False,rule_based
7.0,79.95,2024-07,361.1,96.3,26.8,16.6,8.7,1.2,clay,1.11,0.62,Flood,False,False,False,rule_based
7.0,79.95,2024-08,308.4,96.0,26.4,16.8,8.7,1.2,clay,1.11,0.56,Flood,False,False,False,rule_based
7.0,79.95,2024-09,366.3,96.2,26.6,17.7,8.7,1.2,clay,1.11,0.6,Flood,False,False,False,rule_based
7.0,79.95,2024-10,444.4,97.3,25.9,14.3,8.7,1.2,clay,1.11,0.61,Flood,False,False,False,rule_based
7.0,79.95,2024-11,426.5,98.9,25.4,12.7,8.7,1.2,clay,1.11,0.6,Flood,False,False,False,rule_based
7.0,79.95,2024-12,191.6,97.8,26.1,12.2,8.7,1.2,clay,1.11,0.55,Flood,False,False,False,rule_based
7.0,79.95,2025-01,343.7,97.1,25.4,13.1,8.7,1.2,clay,1.11,0.58,Flood,False,False,False,rule_based
7.0,79.95,2025-02,59.4,95.5,27.3,13.9,8.7,1.2,clay,1.11,0.47,Warning,False,False,False,rule_based
7.0,79.95,2025-03,189.9,98.5,26.7,11.0,8.7,1.2,clay,1.11,0.54,Flood,False,False,False,rule_based
7.0,79.95,2025-04,226.5,97.7,26.9,12.3,8.7,1.2,clay,1.11,0.58,Flood,False,False,False,rule_based
7.0,79.95,2025-05,276.5,96.8,27.2,15.9,8.7,1.2,clay,1.11,0.53,Flood,False,False,False,rule_based
7.0,79.95,2025-06,415.1,96.9,26.6,16.1,8.7,1.2,clay,1.11,0.6,Flood,False,False,False,rule_based
7.0,79.95,2025-07,313.7,95.5,26.8,16.9,8.7,1.2,clay,1.11,0.55,Flood,False,False,False,rule_based
7.0,79.95,2025-08,243.5,96.3,26.4,16.1,8.7,1.2,clay,1.11,0.57,Flood,False,False,False,rule_based
7.0,79.95,2025-09,282.4,96.8,26.4,16.0,8.7,1.2,clay,1.11,0.58,Flood,False,False,False,rule_based
7.0,79.95,2025-10,305.0,97.0,26.3,12.0,8.7,1.2,clay,1.11,0.56,Flood,False,False,False,rule_based
7.0,79.95,2025-11,625.6,98.2,25.6,14.2,8.7,1.2,clay,1.11,0.59,Flood,False,False,False,rule_based
7.0,79.95,2025-12,169.2,95.7,25.9,14.3,8.7,1.2,clay,1.11,0.55,Flood,False,False,False,rule_based
7.0,79.975,2023-01,110.3,91.5,25.2,15.1,9.1,1.2,clay,1.67,0.59,Flood,False,False,False,rule_based
7.0,79.975,2023-02,85.4,96.6,25.6,13.3,9.1,1.2,clay,1.67,0.49,Flood,False,False,False,rule_based
7.0,79.975,2023-03,154.8,97.6,26.3,11.5,9.1,1.2,clay,1.67,0.57,Flood,False,False,False,rule_based
7.0,79.975,2023-04,178.0,97.7,26.9,12.2,9.1,1.2,clay,1.67,0.63,Flood,False,False,False,rule_based
7.0,79.975,2023-05,237.5,96.6,26.9,14.8,9.1,1.2,clay,1.67,0.54,Flood,False,False,False,rule_based
7.0,79.975,2023-06,368.9,96.8,26.6,17.0,9.1,1.2,clay,1.67,0.55,Flood,False,False,False,rule_based
7.0,79.975,2023-07,254.2,95.5,26.6,17.6,9.1,1.2,clay,1.67,0.58,Flood,False,False,False,rule_based
7.0,79.975,2023-08,136.4,95.8,26.7,17.6,9.1,1.2,clay,1.67,0.57,Flood,False,False,False,rule_based
7.0,79.975,2023-09,576.6,96.6,25.6,16.9,9.1,1.2,clay,1.67,0.58,Flood,False,False,False,rule_based
7.0,79.975,2023-10,631.5,98.3,25.4,12.9,9.1,1.2,clay,1.67,0.58,Flood,False,False,False,rule_based
7.0,79.975,2023-11,479.3,99.6,25.4,10.2,9.1,1.2,clay,1.67,0.59,Flood,False,False,False,rule_based
7.0,79.975,2023-12,415.3,98.2,25.8,13.5,9.1,1.2,clay,1.67,0.6,Flood,False,False,False,rule_based
7.0,79.975,2024-01,182.1,95.6,26.0,12.7,9.1,1.2,clay,1.67,0.58,Flood,False,False,False,rule_based
7.0,79.975,2024-02,32.2,93.4,27.8,15.5,9.1,1.2,clay,1.67,0.39,Warning,False,False,False,rule_based
7.0,79.975,2024-03,111.6,96.8,28.1,15.0,9.1,1.2,clay,1.67,0.59,Flood,False,False,False,rule_based
7.0,79.975,2024-04,232.2,98.6,28.0,12.9,9.1,1.2,clay,1.67,0.63,Flood,False,False,False,rule_based
7.0,79.975,2024-05,695.3,97.3,27.3,16.5,9.1,1.2,clay,1.67,0.56,Flood,False,False,False,rule_based
7.0,79.975,2024-06,359.3,95.8,26.7,18.1,9.1,1.2,clay,1.67,0.54,Flood,False,False,False,rule_based
7.0,79.975,2024-07,361.1,96.3,26.8,16.6,9.1,1.2,clay,1.67,0.6,Flood,False,False,False,rule_based
7.0,79.975,2024-08,308.4,96.0,26.4,16.8,9.1,1.2,clay,1.67,0.56,Flood,False,False,False,rule_based
7.0,79.975,2024-09,366.3,96.2,26.6,17.7,9.1,1.2,clay,1.67,0.5,Flood,False,False,False,rule_based
7.0,79.975,2024-10,444.4,97.3,25.9,14.3,9.1,1.2,clay,1.67,0.59,Flood,False,False,False,rule_based
7.0,79.975,2024-11,426.5,98.9,25.4,12.7,9.1,1.2,clay,1.67,0.55,Flood,False,False,False,rule_based
7.0,79.975,2024-12,191.6,97.8,26.1,12.2,9.1,1.2,clay,1.67,0.57,Flood,False,False,False,rule_based
7.0,79.975,2025-01,343.7,97.1,25.4,13.1,9.1,1.2,clay,1.67,0.58,Flood,False,False,False,rule_based
7.0,79.975,2025-02,59.4,95.5,27.3,13.9,9.1,1.2,clay,1.67,0.47,Warning,False,False,False,rule_based
7.0,79.975,2025-03,189.9,98.5,26.7,11.0,9.1,1.2,clay,1.67,0.59,Flood,False,False,False,rule_based
7.0,79.975,2025-04,226.5,97.7,26.9,12.3,9.1,1.2,clay,1.67,0.56,Flood,False,False,False,rule_based
7.0,79.975,2025-05,276.5,96.8,27.2,15.9,9.1,1.2,clay,1.67,0.58,Flood,False,False,False,rule_based
7.0,79.975,2025-06,415.1,96.9,26.6,16.1,9.1,1.2,clay,1.67,0.56,Flood,False,False,False,rule_based
7.0,79.975,2025-07,313.7,95.5,26.8,16.9,9.1,1.2,clay,1.67,0.59,Flood,False,False,False,rule_based
7.0,79.975,2025-08,243.5,96.3,26.4,16.1,9.1,1.2,clay,1.67,0.59,Flood,False,False,False,rule_based
7.0,79.975,2025-09,282.4,96.8,26.4,16.0,9.1,1.2,clay,1.67,0.54,Flood,False,False,False,rule_based
7.0,79.975,2025-10,305.0,97.0,26.3,12.0,9.1,1.2,clay,1.67,0.6,Flood,False,False,False,rule_based
7.0,79.975,2025-11,625.6,98.2,25.6,14.2,9.1,1.2,clay,1.67,0.55,Flood,False,False,False,rule_based
7.0,79.975,2025-12,169.2,95.7,25.9,14.3,9.1,1.2,clay,1.67,0.59,Flood,False,False,False,rule_based
7.0,80.0,2023-01,110.3,91.5,25.2,15.1,25.0,2.6,loam,2.48,0.61,Flood,False,False,False,rule_based
7.0,80.0,2023-02,85.4,96.6,25.6,13.3,25.0,2.6,loam,2.48,0.62,Warning,False,False,False,rule_based
7.0,80.0,2023-03,154.8,97.6,26.3,11.5,25.0,2.6,loam,2.48,0.59,Flood,False,False,False,rule_based
7.0,80.0,2023-04,178.0,97.7,26.9,12.2,25.0,2.6,loam,2.48,0.59,Flood,False,False,False,rule_based
7.0,80.0,2023-05,237.5,96.6,26.9,14.8,25.0,2.6,loam,2.48,0.6,Flood,False,False,False,rule_based
7.0,80.0,2023-06,368.9,96.8,26.6,17.0,25.0,2.6,loam,2.48,0.59,Flood,False,False,False,rule_based
7.0,80.0,2023-07,254.2,95.5,26.6,17.6,25.0,2.6,loam,2.48,0.62,Flood,False,False,False,rule_based
7.0,80.0,2023-08,136.4,95.8,26.7,17.6,25.0,2.6,loam,2.48,0.55,Flood,False,False,False,rule_based
7.0,80.0,2023-09,576.6,96.6,25.6,16.9,25.0,2.6,loam,2.48,0.57,Flood,False,False,False,rule_based
7.0,80.0,2023-10,631.5,98.3,25.4,12.9,25.0,2.6,loam,2.48,0.57,Flood,False,False,False,rule_based
7.0,80.0,2023-11,479.3,99.6,25.4,10.2,25.0,2.6,loam,2.48,0.63,Flood,False,False,False,rule_based
7.0,80.0,2023-12,415.3,98.2,25.8,13.5,25.0,2.6,loam,2.48,0.65,Flood,False,False,False,rule_based
7.0,80.0,2024-01,182.1,95.6,26.0,12.7,25.0,2.6,loam,2.48,0.6,Flood,False,False,False,rule_based
7.0,80.0,2024-02,32.2,93.4,27.8,15.5,25.0,2.6,loam,2.48,0.43,Warning,False,False,False,rule_based
7.0,80.0,2024-03,111.6,96.8,28.1,15.0,25.0,2.6,loam,2.48,0.6,Flood,False,False,False,rule_based
7.0,80.0,2024-04,232.2,98.6,28.0,12.9,25.0,2.6,loam,2.48,0.63,Flood,False,False,False,rule_based
7.0,80.0,2024-05,695.3,97.3,27.3,16.5,25.0,2.6,loam,2.48,0.57,Flood,False,False,False,rule_based
7.0,80.0,2024-06,359.3,95.8,26.7,18.1,25.0,2.6,loam,2.48,0.61,Flood,False,False,False,rule_based
7.0,80.0,2024-07,361.1,96.3,26.8,16.6,25.0,2.6,loam,2.48,0.63,Flood,False,False,False,rule_based
7.0,80.0,2024-08,308.4,96.0,26.4,16.8,25.0,2.6,loam,2.48,0.62,Flood,False,False,False,rule_based
7.0,80.0,2024-09,366.3,96.2,26.6,17.7,25.0,2.6,loam,2.48,0.61,Flood,False,False,False,rule_based
7.0,80.0,2024-10,444.4,97.3,25.9,14.3,25.0,2.6,loam,2.48,0.63,Flood,False,False,False,rule_based
7.0,80.0,2024-11,426.5,98.9,25.4,12.7,25.0,2.6,loam,2.48,0.52,Flood,False,False,False,rule_based
7.0,80.0,2024-12,191.6,97.8,26.1,12.2,25.0,2.6,loam,2.48,0.62,Flood,False,False,False,rule_based
7.0,80.0,2025-01,343.7,97.1,25.4,13.1,25.0,2.6,loam,2.48,0.58,Flood,False,False,False,rule_based
7.0,80.0,2025-02,59.4,95.5,27.3,13.9,25.0,2.6,loam,2.48,0.44,Warning,False,False,False,rule_based
7.0,80.0,2025-03,189.9,98.5,26.7,11.0,25.0,2.6,loam,2.48,0.62,Flood,False,False,False,rule_based
7.0,80.0,2025-04,226.5,97.7,26.9,12.3,25.0,2.6,loam,2.48,0.64,Flood,False,False,False,rule_based
7.0,80.0,2025-05,276.5,96.8,27.2,15.9,25.0,2.6,loam,2.48,0.6,Flood,False,False,False,rule_based
7.0,80.0,2025-06,415.1,96.9,26.6,16.1,25.0,2.6,loam,2.48,0.63,Flood,False,False,False,rule_based
7.0,80.0,2025-07,313.7,95.5,26.8,16.9,25.0,2.6,loam,2.48,0.65,Flood,False,False,False,rule_based
7.0,80.0,2025-08,243.5,96.3,26.4,16.1,25.0,2.6,loam,2.48,0.64,Flood,False,False,False,rule_based
7.0,80.0,2025-09,282.4,96.8,26.4,16.0,25.0,2.6,loam,2.48,0.65,Flood,False,False,False,rule_based
7.0,80.0,2025-10,305.0,97.0,26.3,12.0,25.0,2.6,loam,2.48,0.62,Flood,False,False,False,rule_based
7.0,80.0,2025-11,625.6,98.2,25.6,14.2,25.0,2.6,loam,2.48,0.6,Flood,False,False,False,rule_based
7.0,80.0,2025-12,169.2,95.7,25.9,14.3,25.0,2.6,loam,2.48,0.55,Flood,False,False,False,rule_based
7.0,80.025,2023-01,129.0,91.8,25.1,14.5,25.8,2.7,loam,4.47,0.59,Warning,False,False,False,rule_based
7.0,80.025,2023-02,110.2,97.1,25.6,13.2,25.8,2.7,loam,4.47,0.58,Warning,False,False,False,rule_based
7.0,80.025,2023-03,194.3,98.4,26.2,10.3,25.8,2.7,loam,4.47,0.67,Warning,False,False,False,rule_based
7.0,80.025,2023-04,204.1,98.1,26.8,11.4,25.8,2.7,loam,4.47,0.6,Warning,False,False,False,rule_based
7.0,80.025,2023-05,234.7,97.2,26.7,13.8,25.8,2.7,loam,4.47,0.61,Warning,False,False,False,rule_based
7.0,80.025,2023-06,329.7,97.9,26.2,15.7,25.8,2.7,loam,4.47,0.62,Warning,False,False,False,rule_based
7.0,80.025,2023-07,281.7,96.5,26.2,16.6,25.8,2.7,loam,4.47,0.6,Warning,False,False,False,rule_based
7.0,80.025,2023-08,137.4,96.4,26.5,17.0,25.8,2.7,loam,4.47,0.65,Warning,False,False,False,rule_based
7.0,80.025,2023-09,562.6,97.2,25.3,16.8,25.8,2.7,loam,4.47,0.58,Warning,False,False,False,rule_based
7.0,80.025,2023-10,589.9,97.9,25.3,12.6,25.8,2.7,loam,4.47,0.61,Warning,False,False,False,rule_based
7.0,80.025,2023-11,565.1,99.4,25.3,10.0,25.8,2.7,loam,4.47,0.58,Warning,False,False,False,rule_based
7.0,80.025,2023-12,447.4,98.2,25.7,12.8,25.8,2.7,loam,4.47,0.56,Warning,False,False,False,rule_based
7.0,80.025,2024-01,203.6,95.5,26.1,12.4,25.8,2.7,loam,4.47,0.58,Warning,False,False,False,rule_based
7.0,80.025,2024-02,36.2,93.7,27.7,15.0,25.8,2.7,loam,4.47,0.44,Warning,False,False,False,rule_based
7.0,80.025,2024-03,121.6,96.0,28.2,15.4,25.8,2.7,loam,4.47,0.59,Warning,False,False,False,rule_based
7.0,80.025,2024-04,222.8,98.2,28.0,12.4,25.8,2.7,loam,4.47,0.58,Warning,False,False,False,rule_based
7.0,80.025,2024-05,772.3,97.6,27.0,15.7,25.8,2.7,loam,4.47,0.56,Warning,False,False,False,rule_based
7.0,80.025,2024-06,391.5,96.7,26.4,17.0,25.8,2.7,loam,4.47,0.6,Warning,False,False,False,rule_based
7.0,80.025,2024-07,324.6,97.3,26.5,15.6,25.8,2.7,loam,4.47,0.56,Warning,False,False,False,rule_based
7.0,80.025,2024-08,284.7,96.4,26.1,16.3,25.8,2.7,loam,4.47,0.62,Warning,False,False,False,rule_based
7.0,80.025,2024-09,370.1,97.6,26.2,16.7,25.8,2.7,loam,4.47,0.6,Warning,False,False,False,rule_based
7.0,80.025,2024-10,437.2,97.4,25.8,13.6,25.8,2.7,loam,4.47,0.56,Warning,False,False,False,rule_based
7.0,80.025,2024-11,469.8,98.8,25.3,13.2,25.8,2.7,loam,4.47,0.59,Warning,False,False,False,rule_based
7.0,80.025,2024-12,186.0,97.9,25.7,12.3,25.8,2.7,loam,4.47,0.58,Warning,False,False,False,rule_based
7.0,80.025,2025-01,358.9,97.6,25.2,13.5,25.8,2.7,loam,4.47,0.61,Warning,False,False,False,rule_based
7.0,80.025,2025-02,69.5,96.2,26.6,14.2,25.8,2.7,loam,4.47,0.57,Warning,False,False,False,rule_based
7.0,80.025,2025-03,198.0,98.2,26.4,11.3,25.8,2.7,loam,4.47,0.55,Warning,False,False,False,rule_based
7.0,80.025,2025-04,289.0,98.0,26.4,12.4,25.8,2.7,loam,4.47,0.61,Warning,False,False,False,rule_based
7.0,80.025,2025-05,323.7,98.0,26.7,15.5,25.8,2.7,loam,4.47,0.6,Warning,False,False,False,rule_based
7.0,80.025,2025-06,439.1,98.9,26.1,15.9,25.8,2.7,loam,4.47,0.62,Warning,False,False,False,rule_based
7.0,80.025,2025-07,335.2,98.0,26.3,16.8,25.8,2.7,loam,4.47,0.61,Warning,False,False,False,rule_based
7.0,80.025,2025-08,259.2,98.4,25.9,15.9,25.8,2.7,loam,4.47,0.58,Warning,False,False,False,rule_based
7.0,80.025,2025-09,278.5,98.7,25.9,16.1,25.8,2.7,loam,4.47,0.59,Warning,False,False,False,rule_based
7.0,80.025,2025-10,336.1,97.7,25.9,12.3,25.8,2.7,loam,4.47,0.58,Warning,False,False,False,rule_based
7.0,80.025,2025-11,647.8,98.6,25.3,14.7,25.8,2.7,loam,4.47,0.63,Warning,False,False,False,rule_based
7.0,80.025,2025-12,181.2,96.1,25.6,14.7,25.8,2.7,loam,4.47,0.6,Warning,False,False,False,rule_based
7.0,80.05,2023-01,129.0,91.8,25.1,14.5,26.5,2.8,loam,6.47,0.66,Warning,False,False,False,rule_based
7.0,80.05,2023-02,110.2,97.1,25.6,13.2,26.5,2.8,loam,6.47,0.6,Warning,False,False,False,rule_based
7.0,80.05,2023-03,194.3,98.4,26.2,10.3,26.5,2.8,loam,6.47,0.58,Warning,False,False,False,rule_based
7.0,80.05,2023-04,204.1,98.1,26.8,11.4,26.5,2.8,loam,6.47,0.56,Warning,False,False,False,rule_based
7.0,80.05,2023-05,234.7,97.2,26.7,13.8,26.5,2.8,loam,6.47,0.55,Warning,False,False,False,rule_based
7.0,80.05,2023-06,329.7,97.9,26.2,15.7,26.5,2.8,loam,6.47,0.56,Warning,False,False,False,rule_based
7.0,80.05,2023-07,281.7,96.5,26.2,16.6,26.5,2.8,loam,6.47,0.61,Warning,False,False,False,rule_based
7.0,80.05,2023-08,137.4,96.4,26.5,17.0,26.5,2.8,loam,6.47,0.62,Warning,False,False,False,rule_based
7.0,80.05,2023-09,562.6,97.2,25.3,16.8,26.5,2.8,loam,6.47,0.56,Warning,False,False,False,rule_based
7.0,80.05,2023-10,589.9,97.9,25.3,12.6,26.5,2.8,loam,6.47,0.63,Warning,False,False,False,rule_based
7.0,80.05,2023-11,565.1,99.4,25.3,10.0,26.5,2.8,loam,6.47,0.59,Warning,False,False,False,rule_based
7.0,80.05,2023-12,447.4,98.2,25.7,12.8,26.5,2.8,loam,6.47,0.61,Warning,False,False,False,rule_based
7.0,80.05,2024-01,203.6,95.5,26.1,12.4,26.5,2.8,loam,6.47,0.65,Warning,False,False,False,rule_based
7.0,80.05,2024-02,36.2,93.7,27.7,15.0,26.5,2.8,loam,6.47,0.47,Warning,False,False,False,rule_based
7.0,80.05,2024-03,121.6,96.0,28.2,15.4,26.5,2.8,loam,6.47,0.59,Warning,False,False,False,rule_based
7.0,80.05,2024-04,222.8,98.2,28.0,12.4,26.5,2.8,loam,6.47,0.58,Warning,False,False,False,rule_based
7.0,80.05,2024-05,772.3,97.6,27.0,15.7,26.5,2.8,loam,6.47,0.54,Warning,False,False,False,rule_based
7.0,80.05,2024-06,391.5,96.7,26.4,17.0,26.5,2.8,loam,6.47,0.58,Warning,False,False,False,rule_based
7.0,80.05,2024-07,324.6,97.3,26.5,15.6,26.5,2.8,loam,6.47,0.6,Warning,False,False,False,rule_based
7.0,80.05,2024-08,284.7,96.4,26.1,16.3,26.5,2.8,loam,6.47,0.57,Warning,False,False,False,rule_based
7.0,80.05,2024-09,370.1,97.6,26.2,16.7,26.5,2.8,loam,6.47,0.6,Warning,False,False,False,rule_based
7.0,80.05,2024-10,437.2,97.4,25.8,13.6,26.5,2.8,loam,6.47,0.61,Warning,False,False,False,rule_based
7.0,80.05,2024-11,469.8,98.8,25.3,13.2,26.5,2.8,loam,6.47,0.6,Warning,False,False,False,rule_based
7.0,80.05,2024-12,186.0,97.9,25.7,12.3,26.5,2.8,loam,6.47,0.58,Warning,False,False,False,rule_based
7.0,80.05,2025-01,358.9,97.6,25.2,13.5,26.5,2.8,loam,6.47,0.61,Warning,False,False,False,rule_based
7.0,80.05,2025-02,69.5,96.2,26.6,14.2,26.5,2.8,loam,6.47,0.54,Warning,False,False,False,rule_based
7.0,80.05,2025-03,198.0,98.2,26.4,11.3,26.5,2.8,loam,6.47,0.57,Warning,False,False,False,rule_based
7.0,80.05,2025-04,289.0,98.0,26.4,12.4,26.5,2.8,loam,6.47,0.65,Warning,False,False,False,rule_based
7.0,80.05,2025-05,323.7,98.0,26.7,15.5,26.5,2.8,loam,6.47,0.6,Warning,False,False,False,rule_based
7.0,80.05,2025-06,439.1,98.9,26.1,15.9,26.5,2.8,loam,6.47,0.6,Warning,False,False,False,rule_based
7.0,80.05,2025-07,335.2,98.0,26.3,16.8,26.5,2.8,loam,6.47,0.62,Warning,False,False,False,rule_based
7.0,80.05,2025-08,259.2,98.4,25.9,15.9,26.5,2.8,loam,6.47,0.61,Warning,False,False,False,rule_based
7.0,80.05,2025-09,278.5,98.7,25.9,16.1,26.5,2.8,loam,6.47,0.63,Warning,False,False,False,rule_based
7.0,80.05,2025-10,336.1,97.7,25.9,12.3,26.5,2.8,loam,6.47,0.61,Warning,False,False,False,rule_based
7.0,80.05,2025-11,647.8,98.6,25.3,14.7,26.5,2.8,loam,6.47,0.58,Warning,False,False,False,rule_based
7.0,80.05,2025-12,181.2,96.1,25.6,14.7,26.5,2.8,loam,6.47,0.61,Warning,False,False,False,rule_based
7.0,80.075,2023-01,129.0,91.8,25.1,14.5,27.3,2.9,loam,8.25,0.57,Warning,False,False,False,rule_based
7.0,80.075,2023-02,110.2,97.1,25.6,13.2,27.3,2.9,loam,8.25,0.61,Warning,False,False,False,rule_based
7.0,80.075,2023-03,194.3,98.4,26.2,10.3,27.3,2.9,loam,8.25,0.6,Warning,False,False,False,rule_based
7.0,80.075,2023-04,204.1,98.1,26.8,11.4,27.3,2.9,loam,8.25,0.6,Warning,False,False,False,rule_based
7.0,80.075,2023-05,234.7,97.2,26.7,13.8,27.3,2.9,loam,8.25,0.6,Warning,False,False,False,rule_based
7.0,80.075,2023-06,329.7,97.9,26.2,15.7,27.3,2.9,loam,8.25,0.55,Warning,False,False,False,rule_based
7.0,80.075,2023-07,281.7,96.5,26.2,16.6,27.3,2.9,loam,8.25,0.59,Warning,False,False,False,rule_based
7.0,80.075,2023-08,137.4,96.4,26.5,17.0,27.3,2.9,loam,8.25,0.61,Warning,False,False,False,rule_based
7.0,80.075,2023-09,562.6,97.2,25.3,16.8,27.3,2.9,loam,8.25,0.61,Warning,False,False,False,rule_based
7.0,80.075,2023-10,589.9,97.9,25.3,12.6,27.3,2.9,loam,8.25,0.57,Warning,False,False,False,rule_based
7.0,80.075,2023-11,565.1,99.4,25.3,10.0,27.3,2.9,loam,8.25,0.64,Warning,False,False,False,rule_based
7.0,80.075,2023-12,447.4,98.2,25.7,12.8,27.3,2.9,loam,8.25,0.58,Warning,False,False,False,rule_based
7.0,80.075,2024-01,203.6,95.5,26.1,12.4,27.3,2.9,loam,8.25,0.63,Warning,False,False,False,rule_based
7.0,80.075,2024-02,36.2,93.7,27.7,15.0,27.3,2.9,loam,8.25,0.46,Warning,False,False,False,rule_based
7.0,80.075,2024-03,121.6,96.0,28.2,15.4,27.3,2.9,loam,8.25,0.59,Warning,False,False,False,rule_based
7.0,80.075,2024-04,222.8,98.2,28.0,12.4,27.3,2.9,loam,8.25,0.66,Warning,False,False,False,rule_based
7.0,80.075,2024-05,772.3,97.6,27.0,15.7,27.3,2.9,loam,8.25,0.57,Warning,False,False,False,rule_based
7.0,80.075,2024-06,391.5,96.7,26.4,17.0,27.3,2.9,loam,8.25,0.63,Warning,False,False,False,rule_based
7.0,80.075,2024-07,324.6,97.3,26.5,15.6,27.3,2.9,loam,8.25,0.63,Warning,False,False,False,rule_based
7.0,80.075,2024-08,284.7,96.4,26.1,16.3,27.3,2.9,loam,8.25,0.58,Warning,False,False,False,rule_based
7.0,80.075,2024-09,370.1,97.6,26.2,16.7,27.3,2.9,loam,8.25,0.65,Warning,False,False,False,rule_based
7.0,80.075,2024-10,437.2,97.4,25.8,13.6,27.3,2.9,loam,8.25,0.6,Warning,False,False,False,rule_based
7.0,80.075,2024-11,469.8,98.8,25.3,13.2,27.3,2.9,loam,8.25,0.61,Warning,False,False,False,rule_based
7.0,80.075,2024-12,186.0,97.9,25.7,12.3,27.3,2.9,loam,8.25,0.61,Warning,False,False,False,rule_based
7.0,80.075,2025-01,358.9,97.6,25.2,13.5,27.3,2.9,loam,8.25,0.6,Warning,False,False,False,rule_based
7.0,80.075,2025-02,69.5,96.2,26.6,14.2,27.3,2.9,loam,8.25,0.55,Warning,False,False,False,rule_based
7.0,80.075,2025-03,198.0,98.2,26.4,11.3,27.3,2.9,loam,8.25,0.63,Warning,False,False,False,rule_based
7.0,80.075,2025-04,289.0,98.0,26.4,12.4,27.3,2.9,loam,8.25,0.55,Warning,False,False,False,rule_based
7.0,80.075,2025-05,323.7,98.0,26.7,15.5,27.3,2.9,loam,8.25,0.64,Warning,False,False,False,rule_based
7.0,80.075,2025-06,439.1,98.9,26.1,15.9,27.3,2.9,loam,8.25,0.55,Warning,False,False,False,rule_based
7.0,80.075,2025-07,335.2,98.0,26.3,16.8,27.3,2.9,loam,8.25,0.64,Warning,False,False,False,rule_based
7.0,80.075,2025-08,259.2,98.4,25.9,15.9,27.3,2.9,loam,8.25,0.64,Warning,False,False,False,rule_based
7.0,80.075,2025-09,278.5,98.7,25.9,16.1,27.3,2.9,loam,8.25,0.57,Warning,False,False,False,rule_based
7.0,80.075,2025-10,336.1,97.7,25.9,12.3,27.3,2.9,loam,8.25,0.59,Warning,False,False,False,rule_based
7.0,80.075,2025-11,647.8,98.6,25.3,14.7,27.3,2.9,loam,8.25,0.57,Warning,False,False,False,rule_based
7.0,80.075,2025-12,181.2,96.1,25.6,14.7,27.3,2.9,loam,8.25,0.6,Warning,False,False,False,rule_based
7.0,80.1,2023-01,160.0,92.7,24.7,14.4,28.0,3.0,loam,10.47,0.6,Warning,False,False,False,rule_based
7.0,80.1,2023-02,120.6,97.0,25.4,12.3,28.0,3.0,loam,10.47,0.63,Warning,False,False,False,rule_based
7.0,80.1,2023-03,188.5,97.7,25.9,10.5,28.0,3.0,loam,10.47,0.65,Warning,False,False,False,rule_based
7.0,80.1,2023-04,218.2,97.2,26.6,11.7,28.0,3.0,loam,10.47,0.65,Warning,False,False,False,rule_based
7.0,80.1,2023-05,233.9,96.1,26.5,13.2,28.0,3.0,loam,10.47,0.59,Warning,False,False,False,rule_based
7.0,80.1,2023-06,329.5,97.1,25.9,14.6,28.0,3.0,loam,10.47,0.6,Warning,False,False,False,rule_based
7.0,80.1,2023-07,359.7,97.1,25.9,16.2,28.0,3.0,loam,10.47,0.56,Warning,False,False,False,rule_based
7.0,80.1,2023-08,141.7,95.8,26.3,17.0,28.0,3.0,loam,10.47,0.58,Warning,False,False,False,rule_based
7.0,80.1,2023-09,584.4,96.6,25.1,17.0,28.0,3.0,loam,10.47,0.63,Warning,False,False,False,rule_based
7.0,80.1,2023-10,637.6,97.2,25.2,13.1,28.0,3.0,loam,10.47,0.65,Warning,False,False,False,rule_based
7.0,80.1,2023-11,597.3,98.5,25.2,10.2,28.0,3.0,loam,10.47,0.57,Warning,False,False,False,rule_based
7.0,80.1,2023-12,475.0,97.8,25.5,12.5,28.0,3.0,loam,10.47,0.59,Warning,False,False,False,rule_based
7.0,80.1,2024-01,200.0,95.7,25.8,11.7,28.0,3.0,loam,10.47,0.61,Warning,False,False,False,rule_based
7.0,80.1,2024-02,42.4,94.3,27.5,14.2,28.0,3.0,loam,10.47,0.47,Warning,False,False,False,rule_based
7.0,80.1,2024-03,105.1,95.0,28.1,16.4,28.0,3.0,loam,10.47,0.58,Warning,False,False,False,rule_based
7.0,80.1,2024-04,197.2,96.8,27.9,12.7,28.0,3.0,loam,10.47,0.62,Warning,False,False,False,rule_based
7.0,80.1,2024-05,821.3,97.1,26.8,15.8,28.0,3.0,loam,10.47,0.59,Warning,False,False,False,rule_based
7.0,80.1,2024-06,417.7,96.6,26.1,16.7,28.0,3.0,loam,10.47,0.61,Warning,False,False,False,rule_based
7.0,80.1,2024-07,306.0,97.0,26.2,15.8,28.0,3.0,loam,10.47,0.62,Warning,False,False,False,rule_based
7.0,80.1,2024-08,330.6,95.8,25.9,16.1,28.0,3.0,loam,10.47,0.61,Warning,False,False,False,rule_based
7.0,80.1,2024-09,355.8,97.3,25.9,16.4,28.0,3.0,loam,10.47,0.59,Warning,False,False,False,rule_based
7.0,80.1,2024-10,476.9,96.7,25.6,13.5,28.0,3.0,loam,10.47,0.6,Warning,False,False,False,rule_based
7.0,80.1,2024-11,499.0,98.3,25.1,14.1,28.0,3.0,loam,10.47,0.6,Warning,False,False,False,rule_based
7.0,80.1,2024-12,178.3,97.8,25.4,12.7,28.0,3.0,loam,10.47,0.59,Warning,False,False,False,rule_based
7.0,80.1,2025-01,350.2,98.2,25.0,12.7,28.0,3.0,loam,10.47,0.6,Warning,False,False,False,rule_based
7.0,80.1,2025-02,45.7,96.4,26.3,14.2,28.0,3.0,loam,10.47,0.52,Warning,False,False,False,rule_based
7.0,80.1,2025-03,173.9,98.4,26.1,12.1,28.0,3.0,loam,10.47,0.62,Warning,False,False,False,rule_based
7.0,80.1,2025-04,282.7,98.3,25.9,12.8,28.0,3.0,loam,10.47,0.6,Warning,False,False,False,rule_based
7.0,80.1,2025-05,326.0,98.4,26.2,15.3,28.0,3.0,loam,10.47,0.63,Warning,False,False,False,rule_based
7.0,80.1,2025-06,430.2,99.1,25.6,15.8,28.0,3.0,loam,10.47,0.6,Warning,False,False,False,rule_based
7.0,80.1,2025-07,359.5,98.8,25.7,16.6,28.0,3.0,loam,10.47,0.64,Warning,False,False,False,rule_based
7.0,80.1,2025-08,286.6,98.6,25.4,16.0,28.0,3.0,loam,10.47,0.62,Warning,False,False,False,rule_based
7.0,80.1,2025-09,281.9,99.0,25.4,16.0,28.0,3.0,loam,10.47,0.6,Warning,False,False,False,rule_based
7.0,80.1,2025-10,345.4,98.0,25.6,12.4,28.0,3.0,loam,10.47,0.62,Warning,False,False,False,rule_based
7.0,80.1,2025-11,681.4,98.6,25.0,14.8,28.0,3.0,loam,10.47,0.56,Warning,False,False,False,rule_based
7.0,80.1,2025-12,182.8,97.1,25.3,14.8,28.0,3.0,loam,10.47,0.57,Warning,False,False,False,rule_based
7.0,80.125,2023-01,160.0,92.7,24.7,14.4,28.8,3.1,loam,12.17,0.57,Warning,False,False,False,rule_based
7.0,80.125,2023-02,120.6,97.0,25.4,12.3,28.8,3.1,loam,12.17,0.61,Warning,False,False,False,rule_based
7.0,80.125,2023-03,188.5,97.7,25.9,10.5,28.8,3.1,loam,12.17,0.66,Warning,False,False,False,rule_based
7.0,80.125,2023-04,218.2,97.2,26.6,11.7,28.8,3.1,loam,12.17,0.67,Warning,False,False,False,rule_based
7.0,80.125,2023-05,233.9,96.1,26.5,13.2,28.8,3.1,loam,12.17,0.63,Warning,False,False,False,rule_based
7.0,80.125,2023-06,329.5,97.1,25.9,14.6,28.8,3.1,loam,12.17,0.62,Warning,False,False,False,rule_based
7.0,80.125,2023-07,359.7,97.1,25.9,16.2,28.8,3.1,loam,12.17,0.55,Warning,False,False,False,rule_based
7.0,80.125,2023-08,141.7,95.8,26.3,17.0,28.8,3.1,loam,12.17,0.59,Warning,False,False,False,rule_based
7.0,80.125,2023-09,584.4,96.6,25.1,17.0,28.8,3.1,loam,12.17,0.58,Warning,False,False,False,rule_based
7.0,80.125,2023-10,637.6,97.2,25.2,13.1,28.8,3.1,loam,12.17,0.59,Warning,False,False,False,rule_based
7.0,80.125,2023-11,597.3,98.5,25.2,10.2,28.8,3.1,loam,12.17,0.6,Warning,False,False,False,rule_based
7.0,80.125,2023-12,475.0,97.8,25.5,12.5,28.8,3.1,loam,12.17,0.59,Warning,False,False,False,rule_based
7.0,80.125,2024-01,200.0,95.7,25.8,11.7,28.8,3.1,loam,12.17,0.55,Warning,False,False,False,rule_based
7.0,80.125,2024-02,42.4,94.3,27.5,14.2,28.8,3.1,loam,12.17,0.49,Warning,False,False,False,rule_based
7.0,80.125,2024-03,105.1,95.0,28.1,16.4,28.8,3.1,loam,12.17,0.58,Warning,False,False,False,rule_based
7.0,80.125,2024-04,197.2,96.8,27.9,12.7,28.8,3.1,loam,12.17,0.61,Warning,False,False,False,rule_based
7.0,80.125,2024-05,821.3,97.1,26.8,15.8,28.8,3.1,loam,12.17,0.67,Warning,False,False,False,rule_based
7.0,80.125,2024-06,417.7,96.6,26.1,16.7,28.8,3.1,loam,12.17,0.58,Warning,False,False,False,rule_based
7.0,80.125,2024-07,306.0,97.0,26.2,15.8,28.8,3.1,loam,12.17,0.53,Warning,False,False,False,rule_based
7.0,80.125,2024-08,330.6,95.8,25.9,16.1,28.8,3.1,loam,12.17,0.6,Warning,False,False,False,rule_based
7.0,80.125,2024-09,355.8,97.3,25.9,16.4,28.8,3.1,loam,12.17,0.64,Warning,False,False,False,rule_based
7.0,80.125,2024-10,476.9,96.7,25.6,13.5,28.8,3.1,loam,12.17,0.67,Warning,False,False,False,rule_based
7.0,80.125,2024-11,499.0,98.3,25.1,14.1,28.8,3.1,loam,12.17,0.57,Warning,False,False,False,rule_based
7.0,80.125,2024-12,178.3,97.8,25.4,12.7,28.8,3.1,loam,12.17,0.62,Warning,False,False,False,rule_based
7.0,80.125,2025-01,350.2,98.2,25.0,12.7,28.8,3.1,loam,12.17,0.59,Warning,False,False,False,rule_based
7.0,80.125,2025-02,45.7,96.4,26.3,14.2,28.8,3.1,loam,12.17,0.47,Warning,False,False,False,rule_based
7.0,80.125,2025-03,173.9,98.4,26.1,12.1,28.8,3.1,loam,12.17,0.69,Warning,False,False,False,rule_based
7.0,80.125,2025-04,282.7,98.3,25.9,12.8,28.8,3.1,loam,12.17,0.56,Warning,False,False,False,rule_based
7.0,80.125,2025-05,326.0,98.4,26.2,15.3,28.8,3.1,loam,12.17,0.62,Warning,False,False,False,rule_based
7.0,80.125,2025-06,430.2,99.1,25.6,15.8,28.8,3.1,loam,12.17,0.62,Warning,False,False,False,rule_based
7.0,80.125,2025-07,359.5,98.8,25.7,16.6,28.8,3.1,loam,12.17,0.64,Warning,False,False,False,rule_based
7.0,80.125,2025-08,286.6,98.6,25.4,16.0,28.8,3.1,loam,12.17,0.61,Warning,False,False,False,rule_based
7.0,80.125,2025-09,281.9,99.0,25.4,16.0,28.8,3.1,loam,12.17,0.62,Warning,False,False,False,rule_based
7.0,80.125,2025-10,345.4,98.0,25.6,12.4,28.8,3.1,loam,12.17,0.6,Warning,False,False,False,rule_based
7.0,80.125,2025-11,681.4,98.6,25.0,14.8,28.8,3.1,loam,12.17,0.62,Warning,False,False,False,rule_based
7.0,80.125,2025-12,182.8,97.1,25.3,14.8,28.8,3.1,loam,12.17,0.6,Warning,False,False,False,rule_based
7.0,80.15,2023-01,160.0,92.7,24.7,14.4,60.0,6.8,loam,12.41,0.69,Warning,False,False,False,rule_based
7.0,80.15,2023-02,120.6,97.0,25.4,12.3,60.0,6.8,loam,12.41,0.66,Warning,False,False,False,rule_based
7.0,80.15,2023-03,188.5,97.7,25.9,10.5,60.0,6.8,loam,12.41,0.68,Warning,False,False,False,rule_based
7.0,80.15,2023-04,218.2,97.2,26.6,11.7,60.0,6.8,loam,12.41,0.67,Warning,False,False,False,rule_based
7.0,80.15,2023-05,233.9,96.1,26.5,13.2,60.0,6.8,loam,12.41,0.7,Warning,False,False,False,rule_based
7.0,80.15,2023-06,329.5,97.1,25.9,14.6,60.0,6.8,loam,12.41,0.67,Warning,False,False,False,rule_based
7.0,80.15,2023-07,359.7,97.1,25.9,16.2,60.0,6.8,loam,12.41,0.62,Warning,False,False,False,rule_based
7.0,80.15,2023-08,141.7,95.8,26.3,17.0,60.0,6.8,loam,12.41,0.71,Warning,False,False,False,rule_based
7.0,80.15,2023-09,584.4,96.6,25.1,17.0,60.0,6.8,loam,12.41,0.64,Warning,False,False,False,rule_based
7.0,80.15,2023-10,637.6,97.2,25.2,13.1,60.0,6.8,loam,12.41,0.65,Warning,False,False,False,rule_based
7.0,80.15,2023-11,597.3,98.5,25.2,10.2,60.0,6.8,loam,12.41,0.65,Warning,False,False,False,rule_based
7.0,80.15,2023-12,475.0,97.8,25.5,12.5,60.0,6.8,loam,12.41,0.71,Warning,False,False,False,rule_based
7.0,80.15,2024-01,200.0,95.7,25.8,11.7,60.0,6.8,loam,12.41,0.61,Warning,False,False,False,rule_based
7.0,80.15,2024-02,42.4,94.3,27.5,14.2,60.0,6.8,loam,12.41,0.62,No Risk,False,False,False,rule_based
7.0,80.15,2024-03,105.1,95.0,28.1,16.4,60.0,6.8,loam,12.41,0.7,Warning,False,False,False,rule_based
7.0,80.15,2024-04,197.2,96.8,27.9,12.7,60.0,6.8,loam,12.41,0.68,Warning,False,False,False,rule_based
7.0,80.15,2024-05,821.3,97.1,26.8,15.8,60.0,6.8,loam,12.41,0.67,Warning,False,False,False,rule_based
7.0,80.15,2024-06,417.7,96.6,26.1,16.7,60.0,6.8,loam,12.41,0.68,Warning,False,False,False,rule_based
7.0,80.15,2024-07,306.0,97.0,26.2,15.8,60.0,6.8,loam,12.41,0.69,Warning,False,False,False,rule_based
7.0,80.15,2024-08,330.6,95.8,25.9,16.1,60.0,6.8,loam,12.41,0.69,Warning,False,False,False,rule_based
7.0,80.15,2024-09,355.8,97.3,25.9,16.4,60.0,6.8,loam,12.41,0.69,Warning,False,False,False,rule_based
7.0,80.15,2024-10,476.9,96.7,25.6,13.5,60.0,6.8,loam,12.41,0.67,Warning,False,False,False,rule_based
7.0,80.15,2024-11,499.0,98.3,25.1,14.1,60.0,6.8,loam,12.41,0.66,Warning,False,False,False,rule_based
7.0,80.15,2024-12,178.3,97.8,25.4,12.7,60.0,6.8,loam,12.41,0.67,Warning,False,False,False,rule_based
7.0,80.15,2025-01,350.2,98.2,25.0,12.7,60.0,6.8,loam,12.41,0.66,Warning,False,False,False,rule_based
7.0,80.15,2025-02,45.7,96.4,26.3,14.2,60.0,6.8,loam,12.41,0.57,Warning,False,False,False,rule_based
7.0,80.15,2025-03,173.9,98.4,26.1,12.1,60.0,6.8,loam,12.41,0.69,Warning,False,False,False,rule_based
7.0,80.15,2025-04,282.7,98.3,25.9,12.8,60.0,6.8,loam,12.41,0.58,Warning,False,False,False,rule_based
7.0,80.15,2025-05,326.0,98.4,26.2,15.3,60.0,6.8,loam,12.41,0.69,Warning,False,False,False,rule_based
7.0,80.15,2025-06,430.2,99.1,25.6,15.8,60.0,6.8,loam,12.41,0.68,Warning,False,False,False,rule_based
7.0,80.15,2025-07,359.5,98.8,25.7,16.6,60.0,6.8,loam,12.41,0.67,Warning,False,False,False,rule_based
7.0,80.15,2025-08,286.6,98.6,25.4,16.0,60.0,6.8,loam,12.41,0.66,Warning,False,False,False,rule_based
7.0,80.15,2025-09,281.9,99.0,25.4,16.0,60.0,6.8,loam,12.41,0.7,Warning,False,False,False,rule_based
7.0,80.15,2025-10,345.4,98.0,25.6,12.4,60.0,6.8,loam,12.41,0.7,Warning,False,False,False,rule_based
7.0,80.15,2025-11,681.4,98.6,25.0,14.8,60.0,6.8,loam,12.41,0.65,Warning,False,False,False,rule_based
7.0,80.15,2025-12,182.8,97.1,25.3,14.8,60.0,6.8,loam,12.41,0.68,Warning,False,False,False,rule_based
7.0,80.175,2023-01,167.6,94.4,23.7,13.1,61.2,7.0,loam,11.44,0.64,Warning,False,False,False,rule_based
7.0,80.175,2023-02,123.9,97.0,24.6,11.6,61.2,7.0,loam,11.44,0.63,Warning,False,False,False,rule_based
7.0,80.175,2023-03,164.0,97.5,25.1,10.3,61.2,7.0,loam,11.44,0.65,Warning,False,False,False,rule_based
7.0,80.175,2023-04,163.6,96.7,25.8,11.1,61.2,7.0,loam,11.44,0.7,Warning,False,False,False,rule_based
7.0,80.175,2023-05,234.3,95.5,25.7,12.5,61.2,7.0,loam,11.44,0.7,Warning,False,False,False,rule_based
7.0,80.175,2023-06,342.8,95.8,25.2,13.3,61.2,7.0,loam,11.44,0.69,Warning,False,False,False,rule_based
7.0,80.175,2023-07,344.0,95.8,25.0,15.3,61.2,7.0,loam,11.44,0.69,Warning,False,False,False,rule_based
7.0,80.175,2023-08,156.5,95.0,25.5,15.9,61.2,7.0,loam,11.44,0.69,Warning,False,False,False,rule_based
7.0,80.175,2023-09,667.4,96.1,24.3,16.0,61.2,7.0,loam,11.44,0.65,Warning,False,False,False,rule_based
7.0,80.175,2023-10,680.7,97.5,24.3,12.8,61.2,7.0,loam,11.44,0.69,Warning,False,False,False,rule_based
7.0,80.175,2023-11,601.0,98.5,24.4,10.5,61.2,7.0,loam,11.44,0.7,Warning,False,False,False,rule_based
7.0,80.175,2023-12,464.8,98.1,24.6,11.7,61.2,7.0,loam,11.44,0.7,Warning,False,False,False,rule_based
7.0,80.175,2024-01,189.7,96.6,24.9,11.1,61.2,7.0,loam,11.44,0.71,Warning,False,False,False,rule_based
7.0,80.175,2024-02,46.0,95.3,26.5,13.3,61.2,7.0,loam,11.44,0.56,Warning,False,False,False,rule_based
7.0,80.175,2024-03,87.3,94.4,27.5,16.3,61.2,7.0,loam,11.44,0.65,Warning,False,False,False,rule_based
7.0,80.175,2024-04,200.0,96.4,27.2,12.8,61.2,7.0,loam,11.44,0.7,Warning,False,False,False,rule_based
7.0,80.175,2024-05,817.5,96.9,26.0,15.0,61.2,7.0,loam,11.44,0.67,Warning,False,False,False,rule_based
7.0,80.175,2024-06,470.1,95.8,25.3,16.1,61.2,7.0,loam,11.44,0.65,Warning,False,False,False,rule_based
7.0,80.175,2024-07,355.1,96.4,25.4,14.5,61.2,7.0,loam,11.44,0.67,Warning,False,False,False,rule_based
7.0,80.175,2024-08,391.2,95.1,25.1,15.0,61.2,7.0,loam,11.44,0.65,Warning,False,False,False,rule_based
7.0,80.175,2024-09,346.2,96.6,25.0,15.0,61.2,7.0,loam,11.44,0.65,Warning,False,False,False,rule_based
7.0,80.175,2024-10,559.3,96.4,24.8,12.6,61.2,7.0,loam,11.44,0.67,Warning,False,False,False,rule_based
7.0,80.175,2024-11,502.7,98.4,24.3,12.8,61.2,7.0,loam,11.44,0.65,Warning,False,False,False,rule_based
7.0,80.175,2024-12,155.3,97.8,24.7,12.2,61.2,7.0,loam,11.44,0.66,Warning,False,False,False,rule_based
7.0,80.175,2025-01,339.0,98.4,24.2,10.6,61.2,7.0,loam,11.44,0.62,Warning,False,False,False,rule_based
7.0,80.175,2025-02,55.1,97.2,25.5,14.0,61.2,7.0,loam,11.44,0.57,Warning,False,False,False,rule_based
7.0,80.175,2025-03,170.4,98.5,25.2,11.5,61.2,7.0,loam,11.44,0.67,Warning,False,False,False,rule_based
7.0,80.175,2025-04,314.4,97.8,25.1,11.7,61.2,7.0,loam,11.44,0.65,Warning,False,False,False,rule_based
7.0,80.175,2025-05,309.7,98.0,25.4,13.4,61.2,7.0,loam,11.44,0.69,Warning,False,False,False,rule_based
7.0,80.175,2025-06,471.2,98.3,24.8,14.3,61.2,7.0,loam,11.44,0.7,Warning,False,False,False,rule_based
7.0,80.175,2025-07,454.4,98.4,24.8,14.7,61.2,7.0,loam,11.44,0.62,Warning,False,False,False,rule_based
7.0,80.175,2025-08,304.5,97.9,24.6,14.5,61.2,7.0,loam,11.44,0.65,Warning,False,False,False,rule_based
7.0,80.175,2025-09,333.4,98.2,24.6,14.3,61.2,7.0,loam,11.44,0.65,Warning,False,False,False,rule_based
7.0,80.175,2025-10,377.3,97.6,24.7,11.6,61.2,7.0,loam,11.44,0.64,Warning,False,False,False,rule_based
7.0,80.175,2025-11,693.5,98.9,24.2,13.5,61.2,7.0,loam,11.44,0.7,Warning,False,False,False,rule_based
7.0,80.175,2025-12,201.5,97.9,24.5,13.2,61.2,7.0,loam,11.44,0.67,Warning,False,False,False,rule_based
7.0,80.2,2023-01,167.6,94.5,24.4,13.1,62.5,7.2,loam,11.1,0.67,Warning,False,False,False,rule_based
7.0,80.2,2023-02,123.9,97.0,25.3,11.6,62.5,7.2,loam,11.1,0.61,Warning,False,False,False,rule_based
7.0,80.2,2023-03,164.0,97.5,25.8,10.3,62.5,7.2,loam,11.1,0.69,Warning,False,False,False,rule_based
7.0,80.2,2023-04,163.6,96.7,26.5,11.1,62.5,7.2,loam,11.1,0.64,Warning,False,False,False,rule_based
7.0,80.2,2023-05,234.3,95.5,26.4,12.5,62.5,7.2,loam,11.1,0.68,Warning,False,False,False,rule_based
7.0,80.2,2023-06,342.8,95.8,25.9,13.3,62.5,7.2,loam,11.1,0.68,Warning,False,False,False,rule_based
7.0,80.2,2023-07,344.0,95.8,25.7,15.3,62.5,7.2,loam,11.1,0.72,Warning,False,False,False,rule_based
7.0,80.2,2023-08,156.5,95.0,26.2,15.9,62.5,7.2,loam,11.1,0.64,Warning,False,False,False,rule_based
7.0,80.2,2023-09,667.4,96.1,25.0,16.0,62.5,7.2,loam,11.1,0.58,Warning,False,False,False,rule_based
7.0,80.2,2023-10,680.7,97.5,25.0,12.8,62.5,7.2,loam,11.1,0.68,Warning,False,False,False,rule_based
7.0,80.2,2023-11,601.0,98.6,25.1,10.5,62.5,7.2,loam,11.1,0.73,Warning,False,False,False,rule_based
7.0,80.2,2023-12,464.8,98.1,25.3,11.7,62.5,7.2,loam,11.1,0.71,Warning,False,False,False,rule_based
7.0,80.2,2024-01,189.7,96.6,25.6,11.1,62.5,7.2,loam,11.1,0.68,Warning,False,False,False,rule_based
7.0,80.2,2024-02,46.0,95.4,27.2,13.3,62.5,7.2,loam,11.1,0.53,Warning,False,False,False,rule_based
7.0,80.2,2024-03,87.3,94.4,28.2,16.3,62.5,7.2,loam,11.1,0.67,Warning,False,False,False,rule_based
7.0,80.2,2024-04,200.0,96.4,27.8,12.8,62.5,7.2,loam,11.1,0.65,Warning,False,False,False,rule_based
7.0,80.2,2024-05,817.5,97.0,26.7,15.0,62.5,7.2,loam,11.1,0.69,Warning,False,False,False,rule_based
7.0,80.2,2024-06,470.1,95.8,26.0,16.1,62.5,7.2,loam,11.1,0.69,Warning,False,False,False,rule_based
7.0,80.2,2024-07,355.1,96.4,26.1,14.5,62.5,7.2,loam,11.1,0.71,Warning,False,False,False,rule_based
7.0,80.2,2024-08,391.2,95.2,25.8,15.0,62.5,7.2,loam,11.1,0.76,Warning,False,False,False,rule_based
7.0,80.2,2024-09,346.2,96.6,25.7,15.0,62.5,7.2,loam,11.1,0.69,Warning,False,False,False,rule_based
7.0,80.2,2024-10,559.3,96.4,25.5,12.6,62.5,7.2,loam,11.1,0.66,Warning,False,False,False,rule_based
7.0,80.2,2024-11,502.7,98.4,25.0,12.8,62.5,7.2,loam,11.1,0.67,Warning,False,False,False,rule_based
7.0,80.2,2024-12,155.3,97.8,25.3,12.2,62.5,7.2,loam,11.1,0.62,Warning,False,False,False,rule_based
7.0,80.2,2025-01,339.0,98.4,24.9,10.6,62.5,7.2,loam,11.1,0.65,Warning,False,False,False,rule_based
7.0,80.2,2025-02,55.1,97.2,26.2,14.0,62.5,7.2,loam,11.1,0.55,Warning,False,False,False,rule_based
7.0,80.2,2025-03,170.4,98.5,25.9,11.5,62.5,7.2,loam,11.1,0.66,Warning,False,False,False,rule_based
7.0,80.2,2025-04,314.4,97.9,25.8,11.7,62.5,7.2,loam,11.1,0.68,Warning,False,False,False,rule_based
7.0,80.2,2025-05,309.7,98.0,26.1,13.4,62.5,7.2,loam,11.1,0.65,Warning,False,False,False,rule_based
7.0,80.2,2025-06,471.2,98.4,25.5,14.3,62.5,7.2,loam,11.1,0.71,Warning,False,False,False,rule_based
7.0,80.2,2025-07,454.4,98.4,25.5,14.7,62.5,7.2,loam,11.1,0.68,Warning,False,False,False,rule_based
7.0,80.2,2025-08,304.5,97.9,25.3,14.5,62.5,7.2,loam,11.1,0.67,Warning,False,False,False,rule_based
7.0,80.2,2025-09,333.4,98.3,25.3,14.3,62.5,7.2,loam,11.1,0.67,Warning,False,False,False,rule_based
7.0,80.2,2025-10,377.3,97.6,25.4,11.6,62.5,7.2,loam,11.1,0.68,Warning,False,False,False,rule_based
7.0,80.2,2025-11,693.5,98.9,24.9,13.5,62.5,7.2,loam,11.1,0.7,Warning,False,False,False,rule_based
7.0,80.2,2025-12,201.5,98.0,25.2,13.2,62.5,7.2,loam,11.1,0.65,Warning,False,False,False,rule_based
7.0,80.225,2023-01,167.6,94.5,24.4,13.1,63.7,7.5,loam,11.44,0.66,Warning,False,False,False,rule_based
7.0,80.225,2023-02,123.9,97.0,25.3,11.6,63.7,7.5,loam,11.44,0.67,Warning,False,False,False,rule_based
7.0,80.225,2023-03,164.0,97.5,25.8,10.3,63.7,7.5,loam,11.44,0.64,Warning,False,False,False,rule_based
7.0,80.225,2023-04,163.6,96.7,26.5,11.1,63.7,7.5,loam,11.44,0.65,Warning,False,False,False,rule_based
7.0,80.225,2023-05,234.3,95.5,26.4,12.5,63.7,7.5,loam,11.44,0.66,Warning,False,False,False,rule_based
7.0,80.225,2023-06,342.8,95.8,25.9,13.3,63.7,7.5,loam,11.44,0.7,Warning,False,False,False,rule_based
7.0,80.225,2023-07,344.0,95.8,25.7,15.3,63.7,7.5,loam,11.44,0.69,Warning,False,False,False,rule_based
7.0,80.225,2023-08,156.5,95.0,26.2,15.9,63.7,7.5,loam,11.44,0.68,Warning,False,False,False,rule_based
7.0,80.225,2023-09,667.4,96.1,25.0,16.0,63.7,7.5,loam,11.44,0.7,Warning,False,False,False,rule_based
7.0,80.225,2023-10,680.7,97.5,25.0,12.8,63.7,7.5,loam,11.44,0.67,Warning,False,False,False,rule_based
7.0,80.225,2023-11,601.0,98.6,25.1,10.5,63.7,7.5,loam,11.44,0.69,Warning,False,False,False,rule_based
7.0,80.225,2023-12,464.8,98.1,25.3,11.7,63.7,7.5,loam,11.44,0.67,Warning,False,False,False,rule_based
7.0,80.225,2024-01,189.7,96.6,25.6,11.1,63.7,7.5,loam,11.44,0.69,Warning,False,False,False,rule_based
7.0,80.225,2024-02,46.0,95.4,27.2,13.3,63.7,7.5,loam,11.44,0.52,Warning,False,False,False,rule_based
7.0,80.225,2024-03,87.3,94.4,28.2,16.3,63.7,7.5,loam,11.44,0.57,Warning,False,False,False,rule_based
7.0,80.225,2024-04,200.0,96.4,27.8,12.8,63.7,7.5,loam,11.44,0.67,Warning,False,False,False,rule_based
7.0,80.225,2024-05,817.5,97.0,26.7,15.0,63.7,7.5,loam,11.44,0.72,Warning,False,False,False,rule_based
7.0,80.225,2024-06,470.1,95.8,26.0,16.1,63.7,7.5,loam,11.44,0.71,Warning,False,False,False,rule_based
7.0,80.225,2024-07,355.1,96.4,26.1,14.5,63.7,7.5,loam,11.44,0.71,Warning,False,False,False,rule_based
7.0,80.225,2024-08,391.2,95.2,25.8,15.0,63.7,7.5,loam,11.44,0.71,Warning,False,False,False,rule_based
7.0,80.225,2024-09,346.2,96.6,25.7,15.0,63.7,7.5,loam,11.44,0.68,Warning,False,False,False,rule_based
7.0,80.225,2024-10,559.3,96.4,25.5,12.6,63.7,7.5,loam,11.44,0.68,Warning,False,False,False,rule_based
7.0,80.225,2024-11,502.7,98.4,25.0,12.8,63.7,7.5,loam,11.44,0.66,Warning,False,False,False,rule_based
7.0,80.225,2024-12,155.3,97.8,25.3,12.2,63.7,7.5,loam,11.44,0.67,Warning,False,False,False,rule_based
7.0,80.225,2025-01,339.0,98.4,24.9,10.6,63.7,7.5,loam,11.44,0.7,Warning,False,False,False,rule_based
7.0,80.225,2025-02,55.1,97.2,26.2,14.0,63.7,7.5,loam,11.44,0.6,Warning,False,False,False,rule_based
7.0,80.225,2025-03,170.4,98.5,25.9,11.5,63.7,7.5,loam,11.44,0.67,Warning,False,False,False,rule_based
7.0,80.225,2025-04,314.4,97.9,25.8,11.7,63.7,7.5,loam,11.44,0.66,Warning,False,False,False,rule_based
7.0,80.225,2025-05,309.7,98.0,26.1,13.4,63.7,7.5,loam,11.44,0.68,Warning,False,False,False,rule_based
7.0,80.225,2025-06,471.2,98.4,25.5,14.3,63.7,7.5,loam,11.44,0.7,Warning,False,False,False,rule_based
7.0,80.225,2025-07,454.4,98.4,25.5,14.7,63.7,7.5,loam,11.44,0.63,Warning,False,False,False,rule_based
7.0,80.225,2025-08,304.5,97.9,25.3,14.5,63.7,7.5,loam,11.44,0.61,Warning,False,False,False,rule_based
7.0,80.225,2025-09,333.4,98.3,25.3,14.3,63.7,7.5,loam,11.44,0.66,Warning,False,False,False,rule_based
7.0,80.225,2025-10,377.3,97.6,25.4,11.6,63.7,7.5,loam,11.44,0.64,Warning,False,False,False,rule_based
7.0,80.225,2025-11,693.5,98.9,24.9,13.5,63.7,7.5,loam,11.44,0.66,Warning,False,False,False,rule_based
7.0,80.225,2025-12,201.5,98.0,25.2,13.2,63.7,7.5,loam,11.44,0.67,Warning,False,False,False,rule_based
7.0,80.25,2023-01,178.5,94.7,24.0,11.3,120.0,17.6,sandy,12.41,0.78,Landslide,False,False,False,rule_based
7.0,80.25,2023-02,122.7,96.2,25.0,10.9,120.0,17.6,sandy,12.41,0.83,Landslide,False,False,False,rule_based
7.0,80.25,2023-03,186.2,96.6,25.4,10.0,120.0,17.6,sandy,12.41,0.8,Landslide,False,False,False,rule_based
7.0,80.25,2023-04,195.6,96.3,26.1,10.7,120.0,17.6,sandy,12.41,0.8,Landslide,False,False,False,rule_based
7.0,80.25,2023-05,254.7,94.5,26.1,12.0,120.0,17.6,sandy,12.41,0.81,Landslide,False,False,False,rule_based
7.0,80.25,2023-06,395.4,94.7,25.6,12.7,120.0,17.6,sandy,12.41,0.76,Landslide,False,False,False,rule_based
7.0,80.25,2023-07,401.1,94.6,25.5,14.0,120.0,17.6,sandy,12.41,0.82,Landslide,False,False,False,rule_based
7.0,80.25,2023-08,174.7,93.3,26.0,15.2,120.0,17.6,sandy,12.41,0.79,Landslide,False,False,False,rule_based
7.0,80.25,2023-09,709.1,95.5,24.7,15.8,120.0,17.6,sandy,12.41,0.81,Landslide,False,False,False,rule_based
7.0,80.25,2023-10,687.8,97.6,24.7,12.1,120.0,17.6,sandy,12.41,0.76,Landslide,False,False,False,rule_based
7.0,80.25,2023-11,620.6,98.7,24.8,10.2,120.0,17.6,sandy,12.41,0.74,Landslide,False,False,False,rule_based
7.0,80.25,2023-12,518.7,98.1,25.1,10.9,120.0,17.6,sandy,12.41,0.81,Landslide,False,False,False,rule_based
7.0,80.25,2024-01,236.9,96.2,25.3,9.9,120.0,17.6,sandy,12.41,0.8,Landslide,False,False,False,rule_based
7.0,80.25,2024-02,46.5,94.6,26.7,12.3,120.0,17.6,sandy,12.41,0.63,Warning,False,False,False,rule_based
7.0,80.25,2024-03,86.9,93.6,27.8,14.1,120.0,17.6,sandy,12.41,0.73,Landslide,False,False,False,rule_based
7.0,80.25,2024-04,203.0,96.8,27.5,11.1,120.0,17.6,sandy,12.41,0.82,Landslide,False,False,False,rule_based
7.0,80.25,2024-05,878.4,96.9,26.4,13.9,120.0,17.6,sandy,12.41,0.75,Landslide,False,False,False,rule_based
7.0,80.25,2024-06,451.6,95.4,25.7,15.3,120.0,17.6,sandy,12.41,0.84,Landslide,False,False,False,rule_based
7.0,80.25,2024-07,387.1,95.2,25.8,13.1,120.0,17.6,sandy,12.41,0.76,Landslide,False,False,False,rule_based
7.0,80.25,2024-08,456.7,94.2,25.5,14.8,120.0,17.6,sandy,12.41,0.81,Landslide,False,False,False,rule_based
7.0,80.25,2024-09,383.8,95.3,25.5,13.8,120.0,17.6,sandy,12.41,0.78,Landslide,False,False,False,rule_based
7.0,80.25,2024-10,598.7,95.9,25.2,12.0,120.0,17.6,sandy,12.41,0.81,Landslide,False,False,False,rule_based
7.0,80.25,2024-11,522.4,98.6,24.6,11.6,120.0,17.6,sandy,12.41,0.77,Landslide,False,False,False,rule_based
7.0,80.25,2024-12,150.5,98.2,25.0,10.9,120.0,17.6,sandy,12.41,0.79,Landslide,False,False,False,rule_based
7.0,80.25,2025-01,364.8,99.2,24.6,9.6,120.0,17.6,sandy,12.41,0.79,Landslide,False,False,False,rule_based
7.0,80.25,2025-02,51.2,96.7,25.9,12.5,120.0,17.6,sandy,12.41,0.64,Warning,False,False,False,rule_based
7.0,80.25,2025-03,168.2,98.9,25.5,10.6,120.0,17.6,sandy,12.41,0.81,Landslide,False,False,False,rule_based
7.0,80.25,2025-04,365.3,98.9,25.4,11.2,120.0,17.6,sandy,12.41,0.77,Landslide,False,False,False,rule_based
7.0,80.25,2025-05,375.1,98.9,25.6,12.2,120.0,17.6,sandy,12.41,0.78,Landslide,False,False,False,rule_based
7.0,80.25,2025-06,488.1,98.6,25.1,12.8,120.0,17.6,sandy,12.41,0.76,Landslide,False,False,False,rule_based
7.0,80.25,2025-07,560.3,98.3,25.1,12.9,120.0,17.6,sandy,12.41,0.71,Landslide,False,False,False,rule_based
7.0,80.25,2025-08,300.9,97.9,24.9,13.3,120.0,17.6,sandy,12.41,0.78,Landslide,False,False,False,rule_based
7.0,80.25,2025-09,332.6,98.1,24.9,12.9,120.0,17.6,sandy,12.41,0.85,Landslide,False,False,False,rule_based
7.0,80.25,2025-10,365.8,97.7,25.1,10.9,120.0,17.6,sandy,12.41,0.81,Landslide,False,False,False,rule_based
7.0,80.25,2025-11,723.3,99.1,24.5,12.4,120.0,17.6,sandy,12.41,0.79,Landslide,False,False,False,rule_based
7.0,80.25,2025-12,228.5,98.7,24.9,11.3,120.0,17.6,sandy,12.41,0.78,Landslide,False,False,False,rule_based
7.0,80.275,2023-01,178.5,94.7,24.0,11.3,122.0,17.9,sandy,13.88,0.79,Landslide,False,False,False,rule_based
7.0,80.275,2023-02,122.7,96.2,25.0,10.9,122.0,17.9,sandy,13.88,0.81,Landslide,False,False,False,rule_based
7.0,80.275,2023-03,186.2,96.6,25.4,10.0,122.0,17.9,sandy,13.88,0.76,Landslide,False,False,False,rule_based
7.0,80.275,2023-04,195.6,96.3,26.1,10.7,122.0,17.9,sandy,13.88,0.83,Landslide,False,False,False,rule_based
7.0,80.275,2023-05,254.7,94.5,26.1,12.0,122.0,17.9,sandy,13.88,0.82,Landslide,False,False,False,rule_based
7.0,80.275,2023-06,395.4,94.7,25.6,12.7,122.0,17.9,sandy,13.88,0.82,Landslide,False,False,False,rule_based
7.0,80.275,2023-07,401.1,94.6,25.5,14.0,122.0,17.9,sandy,13.88,0.81,Landslide,False,False,False,rule_based
7.0,80.275,2023-08,174.7,93.3,26.0,15.2,122.0,17.9,sandy,13.88,0.79,Landslide,False,False,False,rule_based
7.0,80.275,2023-09,709.1,95.5,24.7,15.8,122.0,17.9,sandy,13.88,0.81,Landslide,False,False,False,rule_based
7.0,80.275,2023-10,687.8,97.6,24.7,12.1,122.0,17.9,sandy,13.88,0.81,Landslide,False,False,False,rule_based
7.0,80.275,2023-11,620.6,98.7,24.8,10.2,122.0,17.9,sandy,13.88,0.78,Landslide,False,False,False,rule_based
7.0,80.275,2023-12,518.7,98.1,25.1,10.9,122.0,17.9,sandy,13.88,0.78,Landslide,False,False,False,rule_based
7.0,80.275,2024-01,236.9,96.2,25.3,9.9,122.0,17.9,sandy,13.88,0.8,Landslide,False,False,False,rule_based
7.0,80.275,2024-02,46.5,94.6,26.7,12.3,122.0,17.9,sandy,13.88,0.71,Warning,False,False,False,rule_based
7.0,80.275,2024-03,86.9,93.6,27.8,14.1,122.0,17.9,sandy,13.88,0.72,Landslide,False,False,False,rule_based
7.0,80.275,2024-04,203.0,96.8,27.5,11.1,122.0,17.9,sandy,13.88,0.75,Landslide,False,False,False,rule_based
7.0,80.275,2024-05,878.4,96.9,26.4,13.9,122.0,17.9,sandy,13.88,0.8,Landslide,False,False,False,rule_based
7.0,80.275,2024-06,451.6,95.4,25.7,15.3,122.0,17.9,sandy,13.88,0.8,Landslide,False,False,False,rule_based
7.0,80.275,2024-07,387.1,95.2,25.8,13.1,122.0,17.9,sandy,13.88,0.8,Landslide,False,False,False,rule_based
7.0,80.275,2024-08,456.7,94.2,25.5,14.8,122.0,17.9,sandy,13.88,0.8,Landslide,False,False,False,rule_based
7.0,80.275,2024-09,383.8,95.3,25.5,13.8,122.0,17.9,sandy,13.88,0.79,Landslide,False,False,False,rule_based
7.0,80.275,2024-10,598.7,95.9,25.2,12.0,122.0,17.9,sandy,13.88,0.84,Landslide,False,False,False,rule_based
7.0,80.275,2024-11,522.4,98.6,24.6,11.6,122.0,17.9,sandy,13.88,0.75,Landslide,False,False,False,rule_based
7.0,80.275,2024-12,150.5,98.2,25.0,10.9,122.0,17.9,sandy,13.88,0.77,Landslide,False,False,False,rule_based
7.0,80.275,2025-01,364.8,99.2,24.6,9.6,122.0,17.9,sandy,13.88,0.79,Landslide,False,False,False,rule_based
7.0,80.275,2025-02,51.2,96.7,25.9,12.5,122.0,17.9,sandy,13.88,0.62,Warning,False,False,False,rule_based
7.0,80.275,2025-03,168.2,98.9,25.5,10.6,122.0,17.9,sandy,13.88,0.79,Landslide,False,False,False,rule_based
7.0,80.275,2025-04,365.3,98.9,25.4,11.2,122.0,17.9,sandy,13.88,0.84,Landslide,False,False,False,rule_based
7.0,80.275,2025-05,375.1,98.9,25.6,12.2,122.0,17.9,sandy,13.88,0.79,Landslide,False,False,False,rule_based
7.0,80.275,2025-06,488.1,98.6,25.1,12.8,122.0,17.9,sandy,13.88,0.8,Landslide,False,False,False,rule_based
7.0,80.275,2025-07,560.3,98.3,25.1,12.9,122.0,17.9,sandy,13.88,0.76,Landslide,False,False,False,rule_based
7.0,80.275,2025-08,300.9,97.9,24.9,13.3,122.0,17.9,sandy,13.88,0.78,Landslide,False,False,False,rule_based
7.0,80.275,2025-09,332.6,98.1,24.9,12.9,122.0,17.9,sandy,13.88,0.78,Landslide,False,False,False,rule_based
7.0,80.275,2025-10,365.8,97.7,25.1,10.9,122.0,17.9,sandy,13.88,0.78,Landslide,False,False,False,rule_based
7.0,80.275,2025-11,723.3,99.1,24.5,12.4,122.0,17.9,sandy,13.88,0.83,Landslide,False,False,False,rule_based
7.0,80.275,2025-12,228.5,98.7,24.9,11.3,122.0,17.9,sandy,13.88,0.81,Landslide,False,False,False,rule_based
7.05,79.85,2023-01,101.0,90.3,25.2,18.3,7.7,1.1,clay,11.8,0.53,Warning,False,False,False,rule_based
7.05,79.85,2023-02,60.6,93.6,25.8,16.3,7.7,1.1,clay,11.8,0.47,Warning,False,False,False,rule_based
7.05,79.85,2023-03,117.5,95.7,26.6,13.8,7.7,1.1,clay,11.8,0.58,Warning,False,False,False,rule_based
7.05,79.85,2023-04,122.3,96.6,27.2,13.7,7.7,1.1,clay,11.8,0.6,Warning,False,False,False,rule_based
7.05,79.85,2023-05,224.2,95.1,27.4,17.6,7.7,1.1,clay,11.8,0.61,Warning,False,False,False,rule_based
7.05,79.85,2023-06,326.9,94.7,27.1,20.1,7.7,1.1,clay,11.8,0.53,Warning,False,False,False,rule_based
7.05,79.85,2023-07,205.5,92.5,27.0,21.4,7.7,1.1,clay,11.8,0.54,Warning,False,False,False,rule_based
7.05,79.85,2023-08,109.1,92.5,27.1,19.9,7.7,1.1,clay,11.8,0.53,Warning,False,False,False,rule_based
7.05,79.85,2023-09,510.3,95.0,26.1,20.2,7.7,1.1,clay,11.8,0.56,Warning,False,False,False,rule_based
7.05,79.85,2023-10,478.9,96.7,25.7,14.9,7.7,1.1,clay,11.8,0.58,Warning,False,False,False,rule_based
7.05,79.85,2023-11,473.5,97.8,25.6,11.8,7.7,1.1,clay,11.8,0.6,Warning,False,False,False,rule_based
7.05,79.85,2023-12,366.3,95.8,26.0,16.1,7.7,1.1,clay,11.8,0.56,Warning,False,False,False,rule_based
7.05,79.85,2024-01,130.5,93.1,26.1,15.6,7.7,1.1,clay,11.8,0.56,Warning,False,False,False,rule_based
7.05,79.85,2024-02,42.3,91.2,27.8,17.8,7.7,1.1,clay,11.8,0.43,No Risk,False,False,False,rule_based
7.05,79.85,2024-03,78.7,94.8,28.1,16.3,7.7,1.1,clay,11.8,0.49,Warning,False,False,False,rule_based
7.05,79.85,2024-04,180.0,96.2,28.2,14.5,7.7,1.1,clay,11.8,0.63,Warning,False,False,False,rule_based
7.05,79.85,2024-05,599.9,95.1,27.8,19.8,7.7,1.1,clay,11.8,0.52,Warning,False,False,False,rule_based
7.05,79.85,2024-06,301.6,93.6,27.1,21.6,7.7,1.1,clay,11.8,0.57,Warning,False,False,False,rule_based
7.05,79.85,2024-07,271.7,93.5,27.2,20.0,7.7,1.1,clay,11.8,0.63,Warning,False,False,False,rule_based
7.05,79.85,2024-08,275.8,92.6,26.8,20.0,7.7,1.1,clay,11.8,0.57,Warning,False,False,False,rule_based
7.05,79.85,2024-09,294.4,92.8,27.1,20.8,7.7,1.1,clay,11.8,0.56,Warning,False,False,False,rule_based
7.05,79.85,2024-10,421.1,95.4,26.3,16.8,7.7,1.1,clay,11.8,0.55,Warning,False,False,False,rule_based
7.05,79.85,2024-11,386.9,97.2,25.7,15.8,7.7,1.1,clay,11.8,0.56,Warning,False,False,False,rule_based
7.05,79.85,2024-12,129.1,95.1,26.3,14.6,7.7,1.1,clay,11.8,0.61,Warning,False,False,False,rule_based
7.05,79.85,2025-01,269.5,94.8,25.6,16.5,7.7,1.1,clay,11.8,0.5,Warning,False,False,False,rule_based
7.05,79.85,2025-02,46.2,92.1,27.3,16.5,7.7,1.1,clay,11.8,0.48,Warning,False,False,False,rule_based
7.05,79.85,2025-03,153.9,96.3,26.9,12.5,7.7,1.1,clay,11.8,0.52,Warning,False,False,False,rule_based
7.05,79.85,2025-04,221.9,96.0,27.1,14.7,7.7,1.1,clay,11.8,0.56,Warning,False,False,False,rule_based
7.05,79.85,2025-05,288.9,95.1,27.8,20.2,7.7,1.1,clay,11.8,0.55,Warning,False,False,False,rule_based
7.05,79.85,2025-06,321.3,94.1,27.2,20.2,7.7,1.1,clay,11.8,0.58,Warning,False,False,False,rule_based
7.05,79.85,2025-07,174.4,92.0,27.2,20.9,7.7,1.1,clay,11.8,0.52,Warning,False,False,False,rule_based
7.05,79.85,2025-08,203.6,93.6,26.7,19.7,7.7,1.1,clay,11.8,0.58,Warning,False,False,False,rule_based
7.05,79.85,2025-09,245.0,93.6,26.9,19.3,7.7,1.1,clay,11.8,0.63,Warning,False,False,False,rule_based
7.05,79.85,2025-10,292.9,94.6,26.7,14.6,7.7,1.1,clay,11.8,0.52,Warning,False,False,False,rule_based
7.05,79.85,2025-11,650.0,96.2,25.9,17.2,7.7,1.1,clay,11.8,0.57,Warning,False,False,False,rule_based
7.05,79.85,2025-12,146.3,94.0,25.9,17.1,7.7,1.1,clay,11.8,0.55,Warning,False,False,False,rule_based
7.05,79.875,2023-01,101.0,90.3,25.1,18.3,8.1,1.1,clay,9.88,0.58,Warning,False,False,False,rule_based
7.05,79.875,2023-02,60.6,93.6,25.7,16.3,8.1,1.1,clay,9.88,0.47,Warning,False,False,False,rule_based
7.05,79.875,2023-03,117.5,95.7,26.5,13.8,8.1,1.1,clay,9.88,0.55,Warning,False,False,False,rule_based
7.05,79.875,2023-04,122.3,96.6,27.1,13.7,8.1,1.1,clay,9.88,0.58,Warning,False,False,False,rule_based
7.05,79.875,2023-05,224.2,95.1,27.3,17.6,8.1,1.1,clay,9.88,0.62,Warning,False,False,False,rule_based
7.05,79.875,2023-06,326.9,94.7,27.0,20.1,8.1,1.1,clay,9.88,0.56,Warning,False,False,False,rule_based
7.05,79.875,2023-07,205.5,92.5,26.9,21.4,8.1,1.1,clay,9.88,0.59,Warning,False,False,False,rule_based
7.05,79.875,2023-08,109.1,92.5,27.0,19.9,8.1,1.1,clay,9.88,0.53,Warning,False,False,False,rule_based
7.05,79.875,2023-09,510.3,95.0,26.0,20.2,8.1,1.1,clay,9.88,0.54,Warning,False,False,False,rule_based
7.05,79.875,2023-10,478.9,96.7,25.6,14.9,8.1,1.1,clay,9.88,0.58,Warning,False,False,False,rule_based
7.05,79.875,2023-11,473.5,97.8,25.5,11.8,8.1,1.1,clay,9.88,0.61,Warning,False,False,False,rule_based
7.05,79.875,2023-12,366.3,95.8,25.9,16.1,8.1,1.1,clay,9.88,0.58,Warning,False,False,False,rule_based
7.05,79.875,2024-01,130.5,93.1,26.0,15.6,8.1,1.1,clay,9.88,0.56,Warning,False,False,False,rule_based
7.05,79.875,2024-02,42.3,91.2,27.7,17.8,8.1,1.1,clay,9.88,0.42,No Risk,False,False,False,rule_based
7.05,79.875,2024-03,78.7,94.8,28.0,16.3,8.1,1.1,clay,9.88,0.48,Warning,False,False,False,rule_based
7.05,79.875,2024-04,180.0,96.2,28.1,14.5,8.1,1.1,clay,9.88,0.58,Warning,False,False,False,rule_based
7.05,79.875,2024-05,599.9,95.1,27.7,19.8,8.1,1.1,clay,9.88,0.59,Warning,False,False,False,rule_based
7.05,79.875,2024-06,301.6,93.6,27.0,21.6,8.1,1.1,clay,9.88,0.55,Warning,False,False,False,rule_based
7.05,79.875,2024-07,271.7,93.5,27.1,20.0,8.1,1.1,clay,9.88,0.55,Warning,False,False,False,rule_based
7.05,79.875,2024-08,275.8,92.6,26.7,20.0,8.1,1.1,clay,9.88,0.57,Warning,False,False,False,rule_based
7.05,79.875,2024-09,294.4,92.8,27.0,20.8,8.1,1.1,clay,9.88,0.55,Warning,False,False,False,rule_based
7.05,79.875,2024-10,421.1,95.4,26.2,16.8,8.1,1.1,clay,9.88,0.56,Warning,False,False,False,rule_based
7.05,79.875,2024-11,386.9,97.2,25.6,15.8,8.1,1.1,clay,9.88,0.63,Warning,False,False,False,rule_based
7.05,79.875,2024-12,129.1,95.1,26.2,14.6,8.1,1.1,clay,9.88,0.56,Warning,False,False,False,rule_based
7.05,79.875,2025-01,269.5,94.8,25.5,16.5,8.1,1.1,clay,9.88,0.56,Warning,False,False,False,rule_based
7.05,79.875,2025-02,46.2,92.1,27.2,16.5,8.1,1.1,clay,9.88,0.41,Warning,False,False,False,rule_based
7.05,79.875,2025-03,153.9,96.3,26.8,12.5,8.1,1.1,clay,9.88,0.59,Warning,False,False,False,rule_based
7.05,79.875,2025-04,221.9,96.0,27.0,14.7,8.1,1.1,clay,9.88,0.56,Warning,False,False,False,rule_based
7.05,79.875,2025-05,288.9,95.1,27.7,20.2,8.1,1.1,clay,9.88,0.55,Warning,False,False,False,rule_based
7.05,79.875,2025-06,321.3,94.1,27.1,20.2,8.1,1.1,clay,9.88,0.61,Warning,False,False,False,rule_based
7.05,79.875,2025-07,174.4,92.0,27.1,20.9,8.1,1.1,clay,9.88,0.61,Warning,False,False,False,rule_based
7.05,79.875,2025-08,203.6,93.6,26.7,19.7,8.1,1.1,clay,9.88,0.55,Warning,False,False,False,rule_based
7.05,79.875,2025-09,245.0,93.6,26.8,19.3,8.1,1.1,clay,9.88,0.51,Warning,False,False,False,rule_based
7.05,79.875,2025-10,292.9,94.6,26.6,14.6,8.1,1.1,clay,9.88,0.6,Warning,False,False,False,rule_based
7.05,79.875,2025-11,650.0,96.2,25.8,17.2,8.1,1.1,clay,9.88,0.55,Warning,False,False,False,rule_based
7.05,79.875,2025-12,146.3,94.0,25.8,17.1,8.1,1.1,clay,9.88,0.59,Warning,False,False,False,rule_based
7.05,79.9,2023-01,101.0,90.3,25.1,18.3,8.5,1.2,clay,8.45,0.51,Warning,False,False,False,rule_based
7.05,79.9,2023-02,60.6,93.6,25.7,16.3,8.5,1.2,clay,8.45,0.5,Warning,False,False,False,rule_based
7.05,79.9,2023-03,117.5,95.7,26.5,13.8,8.5,1.2,clay,8.45,0.53,Warning,False,False,False,rule_based
7.05,79.9,2023-04,122.3,96.6,27.1,13.7,8.5,1.2,clay,8.45,0.59,Warning,False,False,False,rule_based
7.05,79.9,2023-05,224.2,95.1,27.3,17.6,8.5,1.2,clay,8.45,0.57,Warning,False,False,False,rule_based
7.05,79.9,2023-06,326.9,94.7,27.0,20.1,8.5,1.2,clay,8.45,0.54,Warning,False,False,False,rule_based
7.05,79.9,2023-07,205.5,92.5,26.9,21.4,8.5,1.2,clay,8.45,0.55,Warning,False,False,False,rule_based
7.05,79.9,2023-08,109.1,92.5,27.0,19.9,8.5,1.2,clay,8.45,0.59,Warning,False,False,False,rule_based
7.05,79.9,2023-09,510.3,95.0,26.0,20.2,8.5,1.2,clay,8.45,0.57,Warning,False,False,False,rule_based
7.05,79.9,2023-10,478.9,96.7,25.6,14.9,8.5,1.2,clay,8.45,0.58,Warning,False,False,False,rule_based
7.05,79.9,2023-11,473.5,97.8,25.5,11.8,8.5,1.2,clay,8.45,0.63,Warning,False,False,False,rule_based
7.05,79.9,2023-12,366.3,95.8,25.9,16.1,8.5,1.2,clay,8.45,0.52,Warning,False,False,False,rule_based
7.05,79.9,2024-01,130.5,93.1,26.0,15.6,8.5,1.2,clay,8.45,0.62,Warning,False,False,False,rule_based
7.05,79.9,2024-02,42.3,91.2,27.7,17.8,8.5,1.2,clay,8.45,0.43,No Risk,False,False,False,rule_based
7.05,79.9,2024-03,78.7,94.8,28.0,16.3,8.5,1.2,clay,8.45,0.49,Warning,False,False,False,rule_based
7.05,79.9,2024-04,180.0,96.2,28.1,14.5,8.5,1.2,clay,8.45,0.53,Warning,False,False,False,rule_based
7.05,79.9,2024-05,599.9,95.1,27.7,19.8,8.5,1.2,clay,8.45,0.56,Warning,False,False,False,rule_based
7.05,79.9,2024-06,301.6,93.6,27.0,21.6,8.5,1.2,clay,8.45,0.59,Warning,False,False,False,rule_based
7.05,79.9,2024-07,271.7,93.5,27.1,20.0,8.5,1.2,clay,8.45,0.56,Warning,False,False,False,rule_based
7.05,79.9,2024-08,275.8,92.6,26.7,20.0,8.5,1.2,clay,8.45,0.61,Warning,False,False,False,rule_based
7.05,79.9,2024-09,294.4,92.8,27.0,20.8,8.5,1.2,clay,8.45,0.52,Warning,False,False,False,rule_based
7.05,79.9,2024-10,421.1,95.4,26.2,16.8,8.5,1.2,clay,8.45,0.57,Warning,False,False,False,rule_based
7.05,79.9,2024-11,386.9,97.2,25.6,15.8,8.5,1.2,clay,8.45,0.53,Warning,False,False,False,rule_based
7.05,79.9,2024-12,129.1,95.1,26.2,14.6,8.5,1.2,clay,8.45,0.58,Warning,False,False,False,rule_based
7.05,79.9,2025-01,269.5,94.8,25.5,16.5,8.5,1.2,clay,8.45,0.59,Warning,False,False,False,rule_based
7.05,79.9,2025-02,46.2,92.1,27.2,16.5,8.5,1.2,clay,8.45,0.42,Warning,False,False,False,rule_based
7.05,79.9,2025-03,153.9,96.3,26.8,12.5,8.5,1.2,clay,8.45,0.49,Warning,False,False,False,rule_based
7.05,79.9,2025-04,221.9,96.0,27.0,14.7,8.5,1.2,clay,8.45,0.57,Warning,False,False,False,rule_based
7.05,79.9,2025-05,288.9,95.1,27.7,20.2,8.5,1.2,clay,8.45,0.58,Warning,False,False,False,rule_based
7.05,79.9,2025-06,321.3,94.1,27.1,20.2,8.5,1.2,clay,8.45,0.58,Warning,False,False,False,rule_based
7.05,79.9,2025-07,174.4,92.0,27.1,20.9,8.5,1.2,clay,8.45,0.6,Warning,False,False,False,rule_based
7.05,79.9,2025-08,203.6,93.6,26.7,19.7,8.5,1.2,clay,8.45,0.53,Warning,False,False,False,rule_based
7.05,79.9,2025-09,245.0,93.6,26.8,19.3,8.5,1.2,clay,8.45,0.59,Warning,False,False,False,rule_based
7.05,79.9,2025-10,292.9,94.6,26.6,14.6,8.5,1.2,clay,8.45,0.6,Warning,False,False,False,rule_based
7.05,79.9,2025-11,650.0,96.2,25.8,17.2,8.5,1.2,clay,8.45,0.51,Warning,False,False,False,rule_based
7.05,79.9,2025-12,146.3,94.0,25.8,17.1,8.5,1.2,clay,8.45,0.58,Warning,False,False,False,rule_based
7.05,79.925,2023-01,101.0,90.3,25.1,18.3,8.9,1.2,clay,6.77,0.55,Warning,False,False,False,rule_based
7.05,79.925,2023-02,60.6,93.6,25.7,16.3,8.9,1.2,clay,6.77,0.47,Warning,False,False,False,rule_based
7.05,79.925,2023-03,117.5,95.7,26.5,13.8,8.9,1.2,clay,6.77,0.58,Warning,False,False,False,rule_based
7.05,79.925,2023-04,122.3,96.6,27.1,13.7,8.9,1.2,clay,6.77,0.55,Warning,False,False,False,rule_based
7.05,79.925,2023-05,224.2,95.1,27.3,17.6,8.9,1.2,clay,6.77,0.55,Warning,False,False,False,rule_based
7.05,79.925,2023-06,326.9,94.7,27.0,20.1,8.9,1.2,clay,6.77,0.57,Warning,False,False,False,rule_based
7.05,79.925,2023-07,205.5,92.5,26.9,21.4,8.9,1.2,clay,6.77,0.54,Warning,False,False,False,rule_based
7.05,79.925,2023-08,109.1,92.5,27.0,19.9,8.9,1.2,clay,6.77,0.54,Warning,False,False,False,rule_based
7.05,79.925,2023-09,510.3,95.0,26.0,20.2,8.9,1.2,clay,6.77,0.59,Warning,False,False,False,rule_based
7.05,79.925,2023-10,478.9,96.7,25.6,14.9,8.9,1.2,clay,6.77,0.53,Warning,False,False,False,rule_based
7.05,79.925,2023-11,473.5,97.8,25.5,11.8,8.9,1.2,clay,6.77,0.59,Warning,False,False,False,rule_based
7.05,79.925,2023-12,366.3,95.8,25.9,16.1,8.9,1.2,clay,6.77,0.58,Warning,False,False,False,rule_based
7.05,79.925,2024-01,130.5,93.1,26.0,15.6,8.9,1.2,clay,6.77,0.52,Warning,False,False,False,rule_based
7.05,79.925,2024-02,42.3,91.2,27.7,17.8,8.9,1.2,clay,6.77,0.4,No Risk,False,False,False,rule_based
7.05,79.925,2024-03,78.7,94.8,28.0,16.3,8.9,1.2,clay,6.77,0.55,Warning,False,False,False,rule_based
7.05,79.925,2024-04,180.0,96.2,28.1,14.5,8.9,1.2,clay,6.77,0.54,Warning,False,False,False,rule_based
7.05,79.925,2024-05,599.9,95.1,27.7,19.8,8.9,1.2,clay,6.77,0.55,Warning,False,False,False,rule_based
7.05,79.925,2024-06,301.6,93.6,27.0,21.6,8.9,1.2,clay,6.77,0.58,Warning,False,False,False,rule_based
7.05,79.925,2024-07,271.7,93.5,27.1,20.0,8.9,1.2,clay,6.77,0.59,Warning,False,False,False,rule_based
7.05,79.925,2024-08,275.8,92.6,26.7,20.0,8.9,1.2,clay,6.77,0.56,Warning,False,False,False,rule_based
7.05,79.925,2024-09,294.4,92.8,27.0,20.8,8.9,1.2,clay,6.77,0.55,Warning,False,False,False,rule_based
7.05,79.925,2024-10,421.1,95.4,26.2,16.8,8.9,1.2,clay,6.77,0.61,Warning,False,False,False,rule_based
7.05,79.925,2024-11,386.9,97.2,25.6,15.8,8.9,1.2,clay,6.77,0.62,Warning,False,False,False,rule_based
7.05,79.925,2024-12,129.1,95.1,26.2,14.6,8.9,1.2,clay,6.77,0.6,Warning,False,False,False,rule_based
7.05,79.925,2025-01,269.5,94.8,25.5,16.5,8.9,1.2,clay,6.77,0.57,Warning,False,False,False,rule_based
7.05,79.925,2025-02,46.2,92.1,27.2,16.5,8.9,1.2,clay,6.77,0.41,Warning,False,False,False,rule_based
7.05,79.925,2025-03,153.9,96.3,26.8,12.5,8.9,1.2,clay,6.77,0.54,Warning,False,False,False,rule_based
7.05,79.925,2025-04,221.9,96.0,27.0,14.7,8.9,1.2,clay,6.77,0.58,Warning,False,False,False,rule_based
7.05,79.925,2025-05,288.9,95.1,27.7,20.2,8.9,1.2,clay,6.77,0.58,Warning,False,False,False,rule_based
7.05,79.925,2025-06,321.3,94.1,27.1,20.2,8.9,1.2,clay,6.77,0.61,Warning,False,False,False,rule_based
7.05,79.925,2025-07,174.4,92.0,27.1,20.9,8.9,1.2,clay,6.77,0.59,Warning,False,False,False,rule_based
7.05,79.925,2025-08,203.6,93.6,26.7,19.7,8.9,1.2,clay,6.77,0.52,Warning,False,False,False,rule_based
7.05,79.925,2025-09,245.0,93.6,26.8,19.3,8.9,1.2,clay,6.77,0.6,Warning,False,False,False,rule_based
7.05,79.925,2025-10,292.9,94.6,26.6,14.6,8.9,1.2,clay,6.77,0.54,Warning,False,False,False,rule_based
7.05,79.925,2025-11,650.0,96.2,25.8,17.2,8.9,1.2,clay,6.77,0.56,Warning,False,False,False,rule_based
7.05,79.925,2025-12,146.3,94.0,25.8,17.1,8.9,1.2,clay,6.77,0.58,Warning,False,False,False,rule_based
7.05,79.95,2023-01,114.3,90.9,25.3,16.0,9.2,1.2,clay,5.55,0.63,Warning,False,False,False,rule_based
7.05,79.95,2023-02,101.8,94.9,25.9,13.4,9.2,1.2,clay,5.55,0.66,Warning,False,False,False,rule_based
7.05,79.95,2023-03,179.2,96.6,26.5,11.9,9.2,1.2,clay,5.55,0.59,Warning,False,False,False,rule_based
7.05,79.95,2023-04,177.6,97.8,27.0,12.4,9.2,1.2,clay,5.55,0.56,Warning,False,False,False,rule_based
7.05,79.95,2023-05,233.4,96.4,27.0,15.1,9.2,1.2,clay,5.55,0.58,Warning,False,False,False,rule_based
7.05,79.95,2023-06,325.2,96.6,26.6,17.5,9.2,1.2,clay,5.55,0.6,Warning,False,False,False,rule_based
7.05,79.95,2023-07,254.6,95.5,26.6,18.0,9.2,1.2,clay,5.55,0.56,Warning,False,False,False,rule_based
7.05,79.95,2023-08,113.9,95.8,26.7,17.7,9.2,1.2,clay,5.55,0.62,Warning,False,False,False,rule_based
7.05,79.95,2023-09,551.0,96.5,25.6,17.2,9.2,1.2,clay,5.55,0.58,Warning,False,False,False,rule_based
7.05,79.95,2023-10,616.8,98.4,25.4,12.6,9.2,1.2,clay,5.55,0.58,Warning,False,False,False,rule_based
7.05,79.95,2023-11,509.4,99.5,25.4,9.8,9.2,1.2,clay,5.55,0.59,Warning,False,False,False,rule_based
7.05,79.95,2023-12,386.0,97.9,25.8,14.1,9.2,1.2,clay,5.55,0.58,Warning,False,False,False,rule_based
7.05,79.95,2024-01,164.6,95.3,26.1,13.8,9.2,1.2,clay,5.55,0.59,Warning,False,False,False,rule_based
7.05,79.95,2024-02,26.5,92.3,28.0,16.3,9.2,1.2,clay,5.55,0.37,Warning,False,False,False,rule_based
7.05,79.95,2024-03,83.2,96.9,28.2,15.1,9.2,1.2,clay,5.55,0.51,Warning,False,False,False,rule_based
7.05,79.95,2024-04,235.2,98.8,28.0,12.8,9.2,1.2,clay,5.55,0.54,Warning,False,False,False,rule_based
7.05,79.95,2024-05,637.4,97.3,27.4,16.3,9.2,1.2,clay,5.55,0.58,Warning,False,False,False,rule_based
7.05,79.95,2024-06,352.7,95.8,26.8,18.3,9.2,1.2,clay,5.55,0.59,Warning,False,False,False,rule_based
7.05,79.95,2024-07,313.3,96.2,26.8,17.2,9.2,1.2,clay,5.55,0.58,Warning,False,False,False,rule_based
7.05,79.95,2024-08,263.9,95.8,26.4,17.1,9.2,1.2,clay,5.55,0.62,Warning,False,False,False,rule_based
7.05,79.95,2024-09,325.9,96.2,26.6,17.9,9.2,1.2,clay,5.55,0.57,Warning,False,False,False,rule_based
7.05,79.95,2024-10,395.3,97.3,25.9,14.3,9.2,1.2,clay,5.55,0.59,Warning,False,False,False,rule_based
7.05,79.95,2024-11,437.4,99.1,25.4,12.9,9.2,1.2,clay,5.55,0.54,Warning,False,False,False,rule_based
7.05,79.95,2024-12,148.9,98.1,25.8,12.6,9.2,1.2,clay,5.55,0.56,Warning,False,False,False,rule_based
7.05,79.95,2025-01,305.5,96.5,25.4,14.5,9.2,1.2,clay,5.55,0.59,Warning,False,False,False,rule_based
7.05,79.95,2025-02,58.8,96.1,27.1,14.3,9.2,1.2,clay,5.55,0.49,Warning,False,False,False,rule_based
7.05,79.95,2025-03,186.2,98.9,26.7,11.8,9.2,1.2,clay,5.55,0.56,Warning,False,False,False,rule_based
7.05,79.95,2025-04,230.2,98.1,26.8,12.8,9.2,1.2,clay,5.55,0.57,Warning,False,False,False,rule_based
7.05,79.95,2025-05,288.8,97.0,27.3,16.7,9.2,1.2,clay,5.55,0.52,Warning,False,False,False,rule_based
7.05,79.95,2025-06,381.7,97.3,26.6,17.2,9.2,1.2,clay,5.55,0.56,Warning,False,False,False,rule_based
7.05,79.95,2025-07,235.7,95.8,26.8,17.7,9.2,1.2,clay,5.55,0.6,Warning,False,False,False,rule_based
7.05,79.95,2025-08,228.4,96.7,26.3,16.9,9.2,1.2,clay,5.55,0.59,Warning,False,False,False,rule_based
7.05,79.95,2025-09,240.2,97.2,26.4,16.8,9.2,1.2,clay,5.55,0.58,Warning,False,False,False,rule_based
7.05,79.95,2025-10,323.8,97.3,26.2,12.3,9.2,1.2,clay,5.55,0.57,Warning,False,False,False,rule_based
7.05,79.95,2025-11,691.2,98.5,25.5,14.3,9.2,1.2,clay,5.55,0.57,Warning,False,False,False,rule_based
7.05,79.95,2025-12,183.9,95.8,25.8,15.1,9.2,1.2,clay,5.55,0.55,Warning,False,False,False,rule_based
7.05,79.975,2023-01,114.3,90.9,25.3,16.0,9.6,1.3,clay,3.72,0.59,Warning,False,False,False,rule_based
7.05,79.975,2023-02,101.8,94.9,25.9,13.4,9.6,1.3,clay,3.72,0.58,Warning,False,False,False,rule_based
7.05,79.975,2023-03,179.2,96.6,26.5,11.9,9.6,1.3,clay,3.72,0.58,Warning,False,False,False,rule_based
7.05,79.975,2023-04,177.6,97.8,27.0,12.4,9.6,1.3,clay,3.72,0.55,Warning,False,False,False,rule_based
7.05,79.975,2023-05,233.4,96.4,27.0,15.1,9.6,1.3,clay,3.72,0.5,Warning,False,False,False,rule_based
7.05,79.975,2023-06,325.2,96.6,26.6,17.5,9.6,1.3,clay,3.72,0.6,Warning,False,False,False,rule_based
7.05,79.975,2023-07,254.6,95.5,26.6,18.0,9.6,1.3,clay,3.72,0.55,Warning,False,False,False,rule_based
7.05,79.975,2023-08,113.9,95.8,26.7,17.7,9.6,1.3,clay,3.72,0.54,Warning,False,False,False,rule_based
7.05,79.975,2023-09,551.0,96.5,25.6,17.2,9.6,1.3,clay,3.72,0.59,Warning,False,False,False,rule_based
7.05,79.975,2023-10,616.8,98.4,25.4,12.6,9.6,1.3,clay,3.72,0.56,Warning,False,False,False,rule_based
7.05,79.975,2023-11,509.4,99.5,25.4,9.8,9.6,1.3,clay,3.72,0.6,Warning,False,False,False,rule_based
7.05,79.975,2023-12,386.0,97.9,25.8,14.1,9.6,1.3,clay,3.72,0.59,Warning,False,False,False,rule_based
7.05,79.975,2024-01,164.6,95.3,26.1,13.8,9.6,1.3,clay,3.72,0.59,Warning,False,False,False,rule_based
7.05,79.975,2024-02,26.5,92.3,28.0,16.3,9.6,1.3,clay,3.72,0.34,Warning,False,False,False,rule_based
7.05,79.975,2024-03,83.2,96.9,28.2,15.1,9.6,1.3,clay,3.72,0.56,Warning,False,False,False,rule_based
7.05,79.975,2024-04,235.2,98.8,28.0,12.8,9.6,1.3,clay,3.72,0.58,Warning,False,False,False,rule_based
7.05,79.975,2024-05,637.4,97.3,27.4,16.3,9.6,1.3,clay,3.72,0.56,Warning,False,False,False,rule_based
7.05,79.975,2024-06,352.7,95.8,26.8,18.3,9.6,1.3,clay,3.72,0.57,Warning,False,False,False,rule_based
7.05,79.975,2024-07,313.3,96.2,26.8,17.2,9.6,1.3,clay,3.72,0.52,Warning,False,False,False,rule_based
7.05,79.975,2024-08,263.9,95.8,26.4,17.1,9.6,1.3,clay,3.72,0.58,Warning,False,False,False,rule_based
7.05,79.975,2024-09,325.9,96.2,26.6,17.9,9.6,1.3,clay,3.72,0.54,Warning,False,False,False,rule_based
7.05,79.975,2024-10,395.3,97.3,25.9,14.3,9.6,1.3,clay,3.72,0.53,Warning,False,False,False,rule_based
7.05,79.975,2024-11,437.4,99.1,25.4,12.9,9.6,1.3,clay,3.72,0.52,Warning,False,False,False,rule_based
7.05,79.975,2024-12,148.9,98.1,25.8,12.6,9.6,1.3,clay,3.72,0.6,Warning,False,False,False,rule_based
7.05,79.975,2025-01,305.5,96.5,25.4,14.5,9.6,1.3,clay,3.72,0.55,Warning,False,False,False,rule_based
7.05,79.975,2025-02,58.8,96.1,27.1,14.3,9.6,1.3,clay,3.72,0.51,Warning,False,False,False,rule_based
7.05,79.975,2025-03,186.2,98.9,26.7,11.8,9.6,1.3,clay,3.72,0.55,Warning,False,False,False,rule_based
7.05,79.975,2025-04,230.2,98.1,26.8,12.8,9.6,1.3,clay,3.72,0.52,Warning,False,False,False,rule_based
7.05,79.975,2025-05,288.8,97.0,27.3,16.7,9.6,1.3,clay,3.72,0.54,Warning,False,False,False,rule_based
7.05,79.975,2025-06,381.7,97.3,26.6,17.2,9.6,1.3,clay,3.72,0.61,Warning,False,False,False,rule_based
7.05,79.975,2025-07,235.7,95.8,26.8,17.7,9.6,1.3,clay,3.72,0.56,Warning,False,False,False,rule_based
7.05,79.975,2025-08,228.4,96.7,26.3,16.9,9.6,1.3,clay,3.72,0.55,Warning,False,False,False,rule_based
7.05,79.975,2025-09,240.2,97.2,26.4,16.8,9.6,1.3,clay,3.72,0.57,Warning,False,False,False,rule_based
7.05,79.975,2025-10,323.8,97.3,26.2,12.3,9.6,1.3,clay,3.72,0.58,Warning,False,False,False,rule_based
7.05,79.975,2025-11,691.2,98.5,25.5,14.3,9.6,1.3,clay,3.72,0.6,Warning,False,False,False,rule_based
7.05,79.975,2025-12,183.9,95.8,25.8,15.1,9.6,1.3,clay,3.72,0.61,Warning,False,False,False,rule_based
7.05,80.0,2023-01,114.3,90.9,25.3,16.0,26.0,2.7,loam,2.22,0.59,Flood,False,False,False,rule_based
7.05,80.0,2023-02,101.8,94.9,25.9,13.4,26.0,2.7,loam,2.22,0.56,Flood,False,False,False,rule_based
7.05,80.0,2023-03,179.2,96.6,26.5,11.9,26.0,2.7,loam,2.22,0.59,Flood,False,False,False,rule_based
7.05,80.0,2023-04,177.6,97.8,27.0,12.4,26.0,2.7,loam,2.22,0.61,Flood,False,False,False,rule_based
7.05,80.0,2023-05,233.4,96.4,27.0,15.1,26.0,2.7,loam,2.22,0.57,Flood,False,False,False,rule_based
7.05,80.0,2023-06,325.2,96.6,26.6,17.5,26.0,2.7,loam,2.22,0.57,Flood,False,False,False,rule_based
7.05,80.0,2023-07,254.6,95.5,26.6,18.0,26.0,2.7,loam,2.22,0.61,Flood,False,False,False,rule_based
7.05,80.0,2023-08,113.9,95.8,26.7,17.7,26.0,2.7,loam,2.22,0.6,Flood,False,False,False,rule_based
7.05,80.0,2023-09,551.0,96.5,25.6,17.2,26.0,2.7,loam,2.22,0.6,Flood,False,False,False,rule_based
7.05,80.0,2023-10,616.8,98.4,25.4,12.6,26.0,2.7,loam,2.22,0.58,Flood,False,False,False,rule_based
7.05,80.0,2023-11,509.4,99.5,25.4,9.8,26.0,2.7,loam,2.22,0.6,Flood,False,False,False,rule_based
7.05,80.0,2023-12,386.0,97.9,25.8,14.1,26.0,2.7,loam,2.22,0.57,Flood,False,False,False,rule_based
7.05,80.0,2024-01,164.6,95.3,26.1,13.8,26.0,2.7,loam,2.22,0.63,Flood,False,False,False,rule_based
7.05,80.0,2024-02,26.5,92.3,28.0,16.3,26.0,2.7,loam,2.22,0.45,Warning,False,False,False,rule_based
7.05,80.0,2024-03,83.2,96.9,28.2,15.1,26.0,2.7,loam,2.22,0.5,Warning,False,False,False,rule_based
7.05,80.0,2024-04,235.2,98.8,28.0,12.8,26.0,2.7,loam,2.22,0.57,Flood,False,False,False,rule_based
7.05,80.0,2024-05,637.4,97.3,27.4,16.3,26.0,2.7,loam,2.22,0.56,Flood,False,False,False,rule_based
7.05,80.0,2024-06,352.7,95.8,26.8,18.3,26.0,2.7,loam,2.22,0.58,Flood,False,False,False,rule_based
7.05,80.0,2024-07,313.3,96.2,26.8,17.2,26.0,2.7,loam,2.22,0.6,Flood,False,False,False,rule_based
7.05,80.0,2024-08,263.9,95.8,26.4,17.1,26.0,2.7,loam,2.22,0.56,Flood,False,False,False,rule_based
7.05,80.0,2024-09,325.9,96.2,26.6,17.9,26.0,2.7,loam,2.22,0.57,Flood,False,False,False,rule_based
7.05,80.0,2024-10,395.3,97.3,25.9,14.3,26.0,2.7,loam,2.22,0.57,Flood,False,False,False,rule_based
7.05,80.0,2024-11,437.4,99.1,25.4,12.9,26.0,2.7,loam,2.22,0.61,Flood,False,False,False,rule_based
7.05,80.0,2024-12,148.9,98.1,25.8,12.6,26.0,2.7,loam,2.22,0.6,Flood,False,False,False,rule_based
7.05,80.0,2025-01,305.5,96.5,25.4,14.5,26.0,2.7,loam,2.22,0.58,Flood,False,False,False,rule_based
7.05,80.0,2025-02,58.8,96.1,27.1,14.3,26.0,2.7,loam,2.22,0.5,Warning,False,False,False,rule_based
7.05,80.0,2025-03,186.2,98.9,26.7,11.8,26.0,2.7,loam,2.22,0.59,Flood,False,False,False,rule_based
7.05,80.0,2025-04,230.2,98.1,26.8,12.8,26.0,2.7,loam,2.22,0.59,Flood,False,False,False,rule_based
7.05,80.0,2025-05,288.8,97.0,27.3,16.7,26.0,2.7,loam,2.22,0.65,Flood,False,False,False,rule_based
7.05,80.0,2025-06,381.7,97.3,26.6,17.2,26.0,2.7,loam,2.22,0.64,Flood,False,False,False,rule_based
7.05,80.0,2025-07,235.7,95.8,26.8,17.7,26.0,2.7,loam,2.22,0.56,Flood,False,False,False,rule_based
7.05,80.0,2025-08,228.4,96.7,26.3,16.9,26.0,2.7,loam,2.22,0.63,Flood,False,False,False,rule_based
7.05,80.0,2025-09,240.2,97.2,26.4,16.8,26.0,2.7,loam,2.22,0.63,Flood,False,False,False,rule_based
7.05,80.0,2025-10,323.8,97.3,26.2,12.3,26.0,2.7,loam,2.22,0.57,Flood,False,False,False,rule_based
7.05,80.0,2025-11,691.2,98.5,25.5,14.3,26.0,2.7,loam,2.22,0.63,Flood,False,False,False,rule_based
7.05,80.0,2025-12,183.9,95.8,25.8,15.1,26.0,2.7,loam,2.22,0.65,Flood,False,False,False,rule_based
7.05,80.025,2023-01,136.8,90.5,25.3,15.7,26.8,2.8,clay,0.56,0.57,Flood,False,False,False,rule_based
7.05,80.025,2023-02,120.8,95.4,25.9,13.2,26.8,2.8,clay,0.56,0.58,Flood,False,False,False,rule_based
7.05,80.025,2023-03,183.6,97.2,26.5,11.5,26.8,2.8,clay,0.56,0.63,Flood,False,False,False,rule_based
7.05,80.025,2023-04,210.1,97.6,26.9,12.0,26.8,2.8,clay,0.56,0.61,Flood,False,False,False,rule_based
7.05,80.025,2023-05,233.2,96.7,26.8,14.2,26.8,2.8,clay,0.56,0.62,Flood,False,False,False,rule_based
7.05,80.025,2023-06,324.3,97.4,26.3,16.2,26.8,2.8,clay,0.56,0.61,Flood,False,False,False,rule_based
7.05,80.025,2023-07,278.9,96.1,26.3,16.8,26.8,2.8,clay,0.56,0.62,Flood,False,False,False,rule_based
7.05,80.025,2023-08,119.1,96.0,26.6,17.1,26.8,2.8,clay,0.56,0.56,Flood,False,False,False,rule_based
7.05,80.025,2023-09,563.7,97.1,25.4,17.0,26.8,2.8,clay,0.56,0.64,Flood,False,False,False,rule_based
7.05,80.025,2023-10,618.4,98.1,25.4,12.5,26.8,2.8,clay,0.56,0.64,Flood,False,False,False,rule_based
7.05,80.025,2023-11,557.1,99.3,25.4,10.0,26.8,2.8,clay,0.56,0.6,Flood,False,False,False,rule_based
7.05,80.025,2023-12,403.4,97.8,25.8,13.6,26.8,2.8,clay,0.56,0.6,Flood,False,False,False,rule_based
7.05,80.025,2024-01,192.4,94.4,26.1,13.7,26.8,2.8,clay,0.56,0.56,Flood,False,False,False,rule_based
7.05,80.025,2024-02,27.6,91.4,28.1,16.6,26.8,2.8,clay,0.56,0.44,No Risk,False,False,False,rule_based
7.05,80.025,2024-03,112.6,95.8,28.3,15.7,26.8,2.8,clay,0.56,0.62,Flood,False,False,False,rule_based
7.05,80.025,2024-04,223.9,98.3,28.1,12.4,26.8,2.8,clay,0.56,0.6,Flood,False,False,False,rule_based
7.05,80.025,2024-05,717.2,97.6,27.1,15.5,26.8,2.8,clay,0.56,0.64,Flood,False,False,False,rule_based
7.05,80.025,2024-06,391.2,96.5,26.5,17.1,26.8,2.8,clay,0.56,0.59,Flood,False,False,False,rule_based
7.05,80.025,2024-07,315.7,97.0,26.5,16.0,26.8,2.8,clay,0.56,0.62,Flood,False,False,False,rule_based
7.05,80.025,2024-08,265.0,96.4,26.2,16.4,26.8,2.8,clay,0.56,0.57,Flood,False,False,False,rule_based
7.05,80.025,2024-09,349.2,97.4,26.3,17.0,26.8,2.8,clay,0.56,0.6,Flood,False,False,False,rule_based
7.05,80.025,2024-10,405.0,97.4,25.8,13.4,26.8,2.8,clay,0.56,0.6,Flood,False,False,False,rule_based
7.05,80.025,2024-11,472.7,98.8,25.3,13.4,26.8,2.8,clay,0.56,0.61,Flood,False,False,False,rule_based
7.05,80.025,2024-12,158.5,98.0,25.7,12.5,26.8,2.8,clay,0.56,0.59,Flood,False,False,False,rule_based
7.05,80.025,2025-01,317.9,96.8,25.4,15.1,26.8,2.8,clay,0.56,0.6,Flood,False,False,False,rule_based
7.05,80.025,2025-02,50.5,95.7,26.9,14.8,26.8,2.8,clay,0.56,0.5,Warning,False,False,False,rule_based
7.05,80.025,2025-03,197.9,98.1,26.5,11.9,26.8,2.8,clay,0.56,0.59,Flood,False,False,False,rule_based
7.05,80.025,2025-04,257.3,98.1,26.5,12.6,26.8,2.8,clay,0.56,0.56,Flood,False,False,False,rule_based
7.05,80.025,2025-05,299.7,97.8,26.8,15.9,26.8,2.8,clay,0.56,0.66,Flood,False,False,False,rule_based
7.05,80.025,2025-06,426.2,98.7,26.2,16.6,26.8,2.8,clay,0.56,0.65,Flood,False,False,False,rule_based
7.05,80.025,2025-07,288.8,97.6,26.3,17.4,26.8,2.8,clay,0.56,0.56,Flood,False,False,False,rule_based
7.05,80.025,2025-08,229.1,98.4,26.0,16.5,26.8,2.8,clay,0.56,0.62,Flood,False,False,False,rule_based
7.05,80.025,2025-09,256.8,98.7,26.0,16.6,26.8,2.8,clay,0.56,0.59,Flood,False,False,False,rule_based
7.05,80.025,2025-10,335.5,97.8,26.0,12.3,26.8,2.8,clay,0.56,0.61,Flood,False,False,False,rule_based
7.05,80.025,2025-11,705.2,98.3,25.3,14.6,26.8,2.8,clay,0.56,0.61,Flood,False,False,False,rule_based
7.05,80.025,2025-12,179.8,95.6,25.7,15.5,26.8,2.8,clay,0.56,0.6,Flood,False,False,False,rule_based
7.05,80.05,2023-01,136.8,90.5,25.3,15.7,27.5,2.9,loam,3.33,0.58,Flood,False,False,False,rule_based
7.05,80.05,2023-02,120.8,95.4,25.9,13.2,27.5,2.9,loam,3.33,0.58,Flood,False,False,False,rule_based
7.05,80.05,2023-03,183.6,97.2,26.5,11.5,27.5,2.9,loam,3.33,0.58,Flood,False,False,False,rule_based
7.05,80.05,2023-04,210.1,97.6,26.9,12.0,27.5,2.9,loam,3.33,0.58,Flood,False,False,False,rule_based
7.05,80.05,2023-05,233.2,96.7,26.8,14.2,27.5,2.9,loam,3.33,0.6,Flood,False,False,False,rule_based
7.05,80.05,2023-06,324.3,97.4,26.3,16.2,27.5,2.9,loam,3.33,0.58,Flood,False,False,False,rule_based
7.05,80.05,2023-07,278.9,96.1,26.3,16.8,27.5,2.9,loam,3.33,0.63,Flood,False,False,False,rule_based
7.05,80.05,2023-08,119.1,96.0,26.6,17.1,27.5,2.9,loam,3.33,0.65,Flood,False,False,False,rule_based
7.05,80.05,2023-09,563.7,97.1,25.4,17.0,27.5,2.9,loam,3.33,0.59,Flood,False,False,False,rule_based
7.05,80.05,2023-10,618.4,98.1,25.4,12.5,27.5,2.9,loam,3.33,0.61,Flood,False,False,False,rule_based
7.05,80.05,2023-11,557.1,99.3,25.4,10.0,27.5,2.9,loam,3.33,0.62,Flood,False,False,False,rule_based
7.05,80.05,2023-12,403.4,97.8,25.8,13.6,27.5,2.9,loam,3.33,0.62,Flood,False,False,False,rule_based
7.05,80.05,2024-01,192.4,94.4,26.1,13.7,27.5,2.9,loam,3.33,0.61,Flood,False,False,False,rule_based
7.05,80.05,2024-02,27.6,91.4,28.1,16.6,27.5,2.9,loam,3.33,0.45,No Risk,False,False,False,rule_based
7.05,80.05,2024-03,112.6,95.8,28.3,15.7,27.5,2.9,loam,3.33,0.62,Flood,False,False,False,rule_based
7.05,80.05,2024-04,223.9,98.3,28.1,12.4,27.5,2.9,loam,3.33,0.57,Flood,False,False,False,rule_based
7.05,80.05,2024-05,717.2,97.6,27.1,15.5,27.5,2.9,loam,3.33,0.63,Flood,False,False,False,rule_based
7.05,80.05,2024-06,391.2,96.5,26.5,17.1,27.5,2.9,loam,3.33,0.63,Flood,False,False,False,rule_based
7.05,80.05,2024-07,315.7,97.0,26.5,16.0,27.5,2.9,loam,3.33,0.58,Flood,False,False,False,rule_based
7.05,80.05,2024-08,265.0,96.4,26.2,16.4,27.5,2.9,loam,3.33,0.61,Flood,False,False,False,rule_based
7.05,80.05,2024-09,349.2,97.4,26.3,17.0,27.5,2.9,loam,3.33,0.63,Flood,False,False,False,rule_based
7.05,80.05,2024-10,405.0,97.4,25.8,13.4,27.5,2.9,loam,3.33,0.6,Flood,False,False,False,rule_based
7.05,80.05,2024-11,472.7,98.8,25.3,13.4,27.5,2.9,loam,3.33,0.64,Flood,False,False,False,rule_based
7.05,80.05,2024-12,158.5,98.0,25.7,12.5,27.5,2.9,loam,3.33,0.68,Flood,False,False,False,rule_based
7.05,80.05,2025-01,317.9,96.8,25.4,15.1,27.5,2.9,loam,3.33,0.58,Flood,False,False,False,rule_based
7.05,80.05,2025-02,50.5,95.7,26.9,14.8,27.5,2.9,loam,3.33,0.44,Warning,False,False,False,rule_based
7.05,80.05,2025-03,197.9,98.1,26.5,11.9,27.5,2.9,loam,3.33,0.61,Flood,False,False,False,rule_based
7.05,80.05,2025-04,257.3,98.1,26.5,12.6,27.5,2.9,loam,3.33,0.63,Flood,False,False,False,rule_based
7.05,80.05,2025-05,299.7,97.8,26.8,15.9,27.5,2.9,loam,3.33,0.6,Flood,False,False,False,rule_based
7.05,80.05,2025-06,426.2,98.7,26.2,16.6,27.5,2.9,loam,3.33,0.65,Flood,False,False,False,rule_based
7.05,80.05,2025-07,288.8,97.6,26.3,17.4,27.5,2.9,loam,3.33,0.56,Flood,False,False,False,rule_based
7.05,80.05,2025-08,229.1,98.4,26.0,16.5,27.5,2.9,loam,3.33,0.63,Flood,False,False,False,rule_based
7.05,80.05,2025-09,256.8,98.7,26.0,16.6,27.5,2.9,loam,3.33,0.59,Flood,False,False,False,rule_based
7.05,80.05,2025-10,335.5,97.8,26.0,12.3,27.5,2.9,loam,3.33,0.66,Flood,False,False,False,rule_based
7.05,80.05,2025-11,705.2,98.3,25.3,14.6,27.5,2.9,loam,3.33,0.66,Flood,False,False,False,rule_based
7.05,80.05,2025-12,179.8,95.6,25.7,15.5,27.5,2.9,loam,3.33,0.58,Flood,False,False,False,rule_based
7.05,80.075,2023-01,136.8,90.5,25.3,15.7,28.3,3.0,loam,4.33,0.59,Warning,False,False,False,rule_based
7.05,80.075,2023-02,120.8,95.4,25.9,13.2,28.3,3.0,loam,4.33,0.63,Warning,False,False,False,rule_based
7.05,80.075,2023-03,183.6,97.2,26.5,11.5,28.3,3.0,loam,4.33,0.59,Warning,False,False,False,rule_based
7.05,80.075,2023-04,210.1,97.6,26.9,12.0,28.3,3.0,loam,4.33,0.61,Warning,False,False,False,rule_based
7.05,80.075,2023-05,233.2,96.7,26.8,14.2,28.3,3.0,loam,4.33,0.61,Warning,False,False,False,rule_based
7.05,80.075,2023-06,324.3,97.4,26.3,16.2,28.3,3.0,loam,4.33,0.55,Warning,False,False,False,rule_based
7.05,80.075,2023-07,278.9,96.1,26.3,16.8,28.3,3.0,loam,4.33,0.61,Warning,False,False,False,rule_based
7.05,80.075,2023-08,119.1,96.0,26.6,17.1,28.3,3.0,loam,4.33,0.59,Warning,False,False,False,rule_based
7.05,80.075,2023-09,563.7,97.1,25.4,17.0,28.3,3.0,loam,4.33,0.59,Warning,False,False,False,rule_based
7.05,80.075,2023-10,618.4,98.1,25.4,12.5,28.3,3.0,loam,4.33,0.65,Warning,False,False,False,rule_based
7.05,80.075,2023-11,557.1,99.3,25.4,10.0,28.3,3.0,loam,4.33,0.57,Warning,False,False,False,rule_based
7.05,80.075,2023-12,403.4,97.8,25.8,13.6,28.3,3.0,loam,4.33,0.63,Warning,False,False,False,rule_based
7.05,80.075,2024-01,192.4,94.4,26.1,13.7,28.3,3.0,loam,4.33,0.6,Warning,False,False,False,rule_based
7.05,80.075,2024-02,27.6,91.4,28.1,16.6,28.3,3.0,loam,4.33,0.42,No Risk,False,False,False,rule_based
7.05,80.075,2024-03,112.6,95.8,28.3,15.7,28.3,3.0,loam,4.33,0.63,Warning,False,False,False,rule_based
7.05,80.075,2024-04,223.9,98.3,28.1,12.4,28.3,3.0,loam,4.33,0.62,Warning,False,False,False,rule_based
7.05,80.075,2024-05,717.2,97.6,27.1,15.5,28.3,3.0,loam,4.33,0.62,Warning,False,False,False,rule_based
7.05,80.075,2024-06,391.2,96.5,26.5,17.1,28.3,3.0,loam,4.33,0.64,Warning,False,False,False,rule_based
7.05,80.075,2024-07,315.7,97.0,26.5,16.0,28.3,3.0,loam,4.33,0.6,Warning,False,False,False,rule_based
7.05,80.075,2024-08,265.0,96.4,26.2,16.4,28.3,3.0,loam,4.33,0.59,Warning,False,False,False,rule_based
7.05,80.075,2024-09,349.2,97.4,26.3,17.0,28.3,3.0,loam,4.33,0.57,Warning,False,False,False,rule_based
7.05,80.075,2024-10,405.0,97.4,25.8,13.4,28.3,3.0,loam,4.33,0.58,Warning,False,False,False,rule_based
7.05,80.075,2024-11,472.7,98.8,25.3,13.4,28.3,3.0,loam,4.33,0.7,Warning,False,False,False,rule_based
7.05,80.075,2024-12,158.5,98.0,25.7,12.5,28.3,3.0,loam,4.33,0.64,Warning,False,False,False,rule_based
7.05,80.075,2025-01,317.9,96.8,25.4,15.1,28.3,3.0,loam,4.33,0.57,Warning,False,False,False,rule_based
7.05,80.075,2025-02,50.5,95.7,26.9,14.8,28.3,3.0,loam,4.33,0.44,Warning,False,False,False,rule_based
7.05,80.075,2025-03,197.9,98.1,26.5,11.9,28.3,3.0,loam,4.33,0.62,Warning,False,False,False,rule_based
7.05,80.075,2025-04,257.3,98.1,26.5,12.6,28.3,3.0,loam,4.33,0.62,Warning,False,False,False,rule_based
7.05,80.075,2025-05,299.7,97.8,26.8,15.9,28.3,3.0,loam,4.33,0.62,Warning,False,False,False,rule_based
7.05,80.075,2025-06,426.2,98.7,26.2,16.6,28.3,3.0,loam,4.33,0.6,Warning,False,False,False,rule_based
7.05,80.075,2025-07,288.8,97.6,26.3,17.4,28.3,3.0,loam,4.33,0.6,Warning,False,False,False,rule_based
7.05,80.075,2025-08,229.1,98.4,26.0,16.5,28.3,3.0,loam,4.33,0.62,Warning,False,False,False,rule_based
7.05,80.075,2025-09,256.8,98.7,26.0,16.6,28.3,3.0,loam,4.33,0.61,Warning,False,False,False,rule_based
7.05,80.075,2025-10,335.5,97.8,26.0,12.3,28.3,3.0,loam,4.33,0.54,Warning,False,False,False,rule_based
7.05,80.075,2025-11,705.2,98.3,25.3,14.6,28.3,3.0,loam,4.33,0.6,Warning,False,False,False,rule_based
7.05,80.075,2025-12,179.8,95.6,25.7,15.5,28.3,3.0,loam,4.33,0.58,Warning,False,False,False,rule_based
7.05,80.1,2023-01,139.2,90.5,24.9,15.9,29.0,3.1,loam,5.98,0.61,Warning,False,False,False,rule_based
7.05,80.1,2023-02,109.4,95.8,25.6,12.7,29.0,3.1,loam,5.98,0.7,Warning,False,False,False,rule_based
7.05,80.1,2023-03,178.2,96.9,26.2,11.6,29.0,3.1,loam,5.98,0.62,Warning,False,False,False,rule_based
7.05,80.1,2023-04,203.6,97.0,26.8,12.4,29.0,3.1,loam,5.98,0.6,Warning,False,False,False,rule_based
7.05,80.1,2023-05,220.9,96.1,26.6,13.6,29.0,3.1,loam,5.98,0.64,Warning,False,False,False,rule_based
7.05,80.1,2023-06,323.6,96.8,26.0,15.3,29.0,3.1,loam,5.98,0.62,Warning,False,False,False,rule_based
7.05,80.1,2023-07,301.7,96.6,25.9,16.4,29.0,3.1,loam,5.98,0.62,Warning,False,False,False,rule_based
7.05,80.1,2023-08,121.5,95.5,26.4,17.1,29.0,3.1,loam,5.98,0.63,Warning,False,False,False,rule_based
7.05,80.1,2023-09,592.1,96.8,25.1,17.4,29.0,3.1,loam,5.98,0.67,Warning,False,False,False,rule_based
7.05,80.1,2023-10,600.5,97.4,25.1,13.1,29.0,3.1,loam,5.98,0.57,Warning,False,False,False,rule_based
7.05,80.1,2023-11,597.1,98.6,25.2,10.0,29.0,3.1,loam,5.98,0.62,Warning,False,False,False,rule_based
7.05,80.1,2023-12,434.2,97.2,25.5,13.6,29.0,3.1,loam,5.98,0.58,Warning,False,False,False,rule_based
7.05,80.1,2024-01,188.3,94.5,25.9,13.1,29.0,3.1,loam,5.98,0.62,Warning,False,False,False,rule_based
7.05,80.1,2024-02,26.9,91.4,27.8,16.3,29.0,3.1,loam,5.98,0.4,No Risk,False,False,False,rule_based
7.05,80.1,2024-03,93.8,94.3,28.3,16.3,29.0,3.1,loam,5.98,0.58,Warning,False,False,False,rule_based
7.05,80.1,2024-04,224.0,96.8,28.0,12.8,29.0,3.1,loam,5.98,0.6,Warning,False,False,False,rule_based
7.05,80.1,2024-05,773.7,97.2,26.8,15.6,29.0,3.1,loam,5.98,0.64,Warning,False,False,False,rule_based
7.05,80.1,2024-06,393.4,96.6,26.1,17.0,29.0,3.1,loam,5.98,0.64,Warning,False,False,False,rule_based
7.05,80.1,2024-07,327.8,96.7,26.2,16.1,29.0,3.1,loam,5.98,0.57,Warning,False,False,False,rule_based
7.05,80.1,2024-08,298.8,95.7,25.9,16.5,29.0,3.1,loam,5.98,0.61,Warning,False,False,False,rule_based
7.05,80.1,2024-09,350.6,97.6,25.9,16.8,29.0,3.1,loam,5.98,0.59,Warning,False,False,False,rule_based
7.05,80.1,2024-10,438.3,96.9,25.5,13.5,29.0,3.1,loam,5.98,0.57,Warning,False,False,False,rule_based
7.05,80.1,2024-11,518.6,98.5,25.1,13.7,29.0,3.1,loam,5.98,0.6,Warning,False,False,False,rule_based
7.05,80.1,2024-12,142.8,97.5,25.4,13.1,29.0,3.1,loam,5.98,0.6,Warning,False,False,False,rule_based
7.05,80.1,2025-01,281.8,97.5,25.1,14.9,29.0,3.1,loam,5.98,0.68,Warning,False,False,False,rule_based
7.05,80.1,2025-02,51.4,95.6,26.4,15.1,29.0,3.1,loam,5.98,0.5,Warning,False,False,False,rule_based
7.05,80.1,2025-03,178.8,97.8,26.2,12.1,29.0,3.1,loam,5.98,0.57,Warning,False,False,False,rule_based
7.05,80.1,2025-04,283.7,98.4,26.0,12.8,29.0,3.1,loam,5.98,0.59,Warning,False,False,False,rule_based
7.05,80.1,2025-05,307.2,98.5,26.2,15.7,29.0,3.1,loam,5.98,0.64,Warning,False,False,False,rule_based
7.05,80.1,2025-06,429.9,98.9,25.6,16.6,29.0,3.1,loam,5.98,0.67,Warning,False,False,False,rule_based
7.05,80.1,2025-07,339.9,98.4,25.7,17.0,29.0,3.1,loam,5.98,0.56,Warning,False,False,False,rule_based
7.05,80.1,2025-08,273.2,98.5,25.4,16.5,29.0,3.1,loam,5.98,0.55,Warning,False,False,False,rule_based
7.05,80.1,2025-09,287.6,98.8,25.4,16.5,29.0,3.1,loam,5.98,0.66,Warning,False,False,False,rule_based
7.05,80.1,2025-10,356.3,97.8,25.6,12.3,29.0,3.1,loam,5.98,0.62,Warning,False,False,False,rule_based
7.05,80.1,2025-11,726.1,98.5,25.0,15.1,29.0,3.1,loam,5.98,0.58,Warning,False,False,False,rule_based
7.05,80.1,2025-12,187.8,96.1,25.4,15.7,29.0,3.1,loam,5.98,0.62,Warning,False,False,False,rule_based
7.05,80.125,2023-01,139.2,90.5,24.9,15.9,29.7,3.2,loam,7.47,0.53,Warning,False,False,False,rule_based
7.05,80.125,2023-02,109.4,95.8,25.6,12.7,29.7,3.2,loam,7.47,0.61,Warning,False,False,False,rule_based
7.05,80.125,2023-03,178.2,96.9,26.2,11.6,29.7,3.2,loam,7.47,0.62,Warning,False,False,False,rule_based
7.05,80.125,2023-04,203.6,97.0,26.8,12.4,29.7,3.2,loam,7.47,0.64,Warning,False,False,False,rule_based
7.05,80.125,2023-05,220.9,96.1,26.6,13.6,29.7,3.2,loam,7.47,0.58,Warning,False,False,False,rule_based
7.05,80.125,2023-06,323.6,96.8,26.0,15.3,29.7,3.2,loam,7.47,0.61,Warning,False,False,False,rule_based
7.05,80.125,2023-07,301.7,96.6,25.9,16.4,29.7,3.2,loam,7.47,0.58,Warning,False,False,False,rule_based
7.05,80.125,2023-08,121.5,95.5,26.4,17.1,29.7,3.2,loam,7.47,0.62,Warning,False,False,False,rule_based
7.05,80.125,2023-09,592.1,96.8,25.1,17.4,29.7,3.2,loam,7.47,0.58,Warning,False,False,False,rule_based
7.05,80.125,2023-10,600.5,97.4,25.1,13.1,29.7,3.2,loam,7.47,0.6,Warning,False,False,False,rule_based
7.05,80.125,2023-11,597.1,98.6,25.2,10.0,29.7,3.2,loam,7.47,0.58,Warning,False,False,False,rule_based
7.05,80.125,2023-12,434.2,97.2,25.5,13.6,29.7,3.2,loam,7.47,0.63,Warning,False,False,False,rule_based
7.05,80.125,2024-01,188.3,94.5,25.9,13.1,29.7,3.2,loam,7.47,0.64,Warning,False,False,False,rule_based
7.05,80.125,2024-02,26.9,91.4,27.8,16.3,29.7,3.2,loam,7.47,0.42,No Risk,False,False,False,rule_based
7.05,80.125,2024-03,93.8,94.3,28.3,16.3,29.7,3.2,loam,7.47,0.6,Warning,False,False,False,rule_based
7.05,80.125,2024-04,224.0,96.8,28.0,12.8,29.7,3.2,loam,7.47,0.57,Warning,False,False,False,rule_based
7.05,80.125,2024-05,773.7,97.2,26.8,15.6,29.7,3.2,loam,7.47,0.6,Warning,False,False,False,rule_based
7.05,80.125,2024-06,393.4,96.6,26.1,17.0,29.7,3.2,loam,7.47,0.61,Warning,False,False,False,rule_based
7.05,80.125,2024-07,327.8,96.7,26.2,16.1,29.7,3.2,loam,7.47,0.69,Warning,False,False,False,rule_based
7.05,80.125,2024-08,298.8,95.7,25.9,16.5,29.7,3.2,loam,7.47,0.58,Warning,False,False,False,rule_based
7.05,80.125,2024-09,350.6,97.6,25.9,16.8,29.7,3.2,loam,7.47,0.65,Warning,False,False,False,rule_based
7.05,80.125,2024-10,438.3,96.9,25.5,13.5,29.7,3.2,loam,7.47,0.64,Warning,False,False,False,rule_based
7.05,80.125,2024-11,518.6,98.5,25.1,13.7,29.7,3.2,loam,7.47,0.62,Warning,False,False,False,rule_based
7.05,80.125,2024-12,142.8,97.5,25.4,13.1,29.7,3.2,loam,7.47,0.66,Warning,False,False,False,rule_based
7.05,80.125,2025-01,281.8,97.5,25.1,14.9,29.7,3.2,loam,7.47,0.62,Warning,False,False,False,rule_based
7.05,80.125,2025-02,51.4,95.6,26.4,15.1,29.7,3.2,loam,7.47,0.5,Warning,False,False,False,rule_based
7.05,80.125,2025-03,178.8,97.8,26.2,12.1,29.7,3.2,loam,7.47,0.61,Warning,False,False,False,rule_based
7.05,80.125,2025-04,283.7,98.4,26.0,12.8,29.7,3.2,loam,7.47,0.65,Warning,False,False,False,rule_based
7.05,80.125,2025-05,307.2,98.5,26.2,15.7,29.7,3.2,loam,7.47,0.64,Warning,False,False,False,rule_based
7.05,80.125,2025-06,429.9,98.9,25.6,16.6,29.7,3.2,loam,7.47,0.59,Warning,False,False,False,rule_based
7.05,80.125,2025-07,339.9,98.4,25.7,17.0,29.7,3.2,loam,7.47,0.57,Warning,False,False,False,rule_based
7.05,80.125,2025-08,273.2,98.5,25.4,16.5,29.7,3.2,loam,7.47,0.6,Warning,False,False,False,rule_based
7.05,80.125,2025-09,287.6,98.8,25.4,16.5,29.7,3.2,loam,7.47,0.59,Warning,False,False,False,rule_based
7.05,80.125,2025-10,356.3,97.8,25.6,12.3,29.7,3.2,loam,7.47,0.61,Warning,False,False,False,rule_based
7.05,80.125,2025-11,726.1,98.5,25.0,15.1,29.7,3.2,loam,7.47,0.65,Warning,False,False,False,rule_based
7.05,80.125,2025-12,187.8,96.1,25.4,15.7,29.7,3.2,loam,7.47,0.6,Warning,False,False,False,rule_based
7.05,80.15,2023-01,139.2,90.5,24.9,15.9,61.5,7.1,loam,7.85,0.67,Warning,False,False,False,rule_based
7.05,80.15,2023-02,109.4,95.8,25.6,12.7,61.5,7.1,loam,7.85,0.67,Warning,False,False,False,rule_based
7.05,80.15,2023-03,178.2,96.9,26.2,11.6,61.5,7.1,loam,7.85,0.7,Warning,False,False,False,rule_based
7.05,80.15,2023-04,203.6,97.0,26.8,12.4,61.5,7.1,loam,7.85,0.61,Warning,False,False,False,rule_based
7.05,80.15,2023-05,220.9,96.1,26.6,13.6,61.5,7.1,loam,7.85,0.65,Warning,False,False,False,rule_based
7.05,80.15,2023-06,323.6,96.8,26.0,15.3,61.5,7.1,loam,7.85,0.68,Warning,False,False,False,rule_based
7.05,80.15,2023-07,301.7,96.6,25.9,16.4,61.5,7.1,loam,7.85,0.71,Warning,False,False,False,rule_based
7.05,80.15,2023-08,121.5,95.5,26.4,17.1,61.5,7.1,loam,7.85,0.66,Warning,False,False,False,rule_based
7.05,80.15,2023-09,592.1,96.8,25.1,17.4,61.5,7.1,loam,7.85,0.62,Warning,False,False,False,rule_based
7.05,80.15,2023-10,600.5,97.4,25.1,13.1,61.5,7.1,loam,7.85,0.69,Warning,False,False,False,rule_based
7.05,80.15,2023-11,597.1,98.6,25.2,10.0,61.5,7.1,loam,7.85,0.65,Warning,False,False,False,rule_based
7.05,80.15,2023-12,434.2,97.2,25.5,13.6,61.5,7.1,loam,7.85,0.64,Warning,False,False,False,rule_based
7.05,80.15,2024-01,188.3,94.5,25.9,13.1,61.5,7.1,loam,7.85,0.65,Warning,False,False,False,rule_based
7.05,80.15,2024-02,26.9,91.4,27.8,16.3,61.5,7.1,loam,7.85,0.48,No Risk,False,False,False,rule_based
7.05,80.15,2024-03,93.8,94.3,28.3,16.3,61.5,7.1,loam,7.85,0.64,Warning,False,False,False,rule_based
7.05,80.15,2024-04,224.0,96.8,28.0,12.8,61.5,7.1,loam,7.85,0.61,Warning,False,False,False,rule_based
7.05,80.15,2024-05,773.7,97.2,26.8,15.6,61.5,7.1,loam,7.85,0.7,Warning,False,False,False,rule_based
7.05,80.15,2024-06,393.4,96.6,26.1,17.0,61.5,7.1,loam,7.85,0.71,Warning,False,False,False,rule_based
7.05,80.15,2024-07,327.8,96.7,26.2,16.1,61.5,7.1,loam,7.85,0.69,Warning,False,False,False,rule_based
7.05,80.15,2024-08,298.8,95.7,25.9,16.5,61.5,7.1,loam,7.85,0.64,Warning,False,False,False,rule_based
7.05,80.15,2024-09,350.6,97.6,25.9,16.8,61.5,7.1,loam,7.85,0.67,Warning,False,False,False,rule_based
7.05,80.15,2024-10,438.3,96.9,25.5,13.5,61.5,7.1,loam,7.85,0.67,Warning,False,False,False,rule_based
7.05,80.15,2024-11,518.6,98.5,25.1,13.7,61.5,7.1,loam,7.85,0.69,Warning,False,False,False,rule_based
7.05,80.15,2024-12,142.8,97.5,25.4,13.1,61.5,7.1,loam,7.85,0.69,Warning,False,False,False,rule_based
7.05,80.15,2025-01,281.8,97.5,25.1,14.9,61.5,7.1,loam,7.85,0.65,Warning,False,False,False,rule_based
7.05,80.15,2025-02,51.4,95.6,26.4,15.1,61.5,7.1,loam,7.85,0.55,Warning,False,False,False,rule_based
7.05,80.15,2025-03,178.8,97.8,26.2,12.1,61.5,7.1,loam,7.85,0.69,Warning,False,False,False,rule_based
7.05,80.15,2025-04,283.7,98.4,26.0,12.8,61.5,7.1,loam,7.85,0.72,Warning,False,False,False,rule_based
7.05,80.15,2025-05,307.2,98.5,26.2,15.7,61.5,7.1,loam,7.85,0.69,Warning,False,False,False,rule_based
7.05,80.15,2025-06,429.9,98.9,25.6,16.6,61.5,7.1,loam,7.85,0.7,Warning,False,False,False,rule_based
7.05,80.15,2025-07,339.9,98.4,25.7,17.0,61.5,7.1,loam,7.85,0.68,Warning,False,False,False,rule_based
7.05,80.15,2025-08,273.2,98.5,25.4,16.5,61.5,7.1,loam,7.85,0.72,Warning,False,False,False,rule_based
7.05,80.15,2025-09,287.6,98.8,25.4,16.5,61.5,7.1,loam,7.85,0.69,Warning,False,False,False,rule_based
7.05,80.15,2025-10,356.3,97.8,25.6,12.3,61.5,7.1,loam,7.85,0.65,Warning,False,False,False,rule_based
7.05,80.15,2025-11,726.1,98.5,25.0,15.1,61.5,7.1,loam,7.85,0.72,Warning,False,False,False,rule_based
7.05,80.15,2025-12,187.8,96.1,25.4,15.7,61.5,7.1,loam,7.85,0.69,Warning,False,False,False,rule_based
7.05,80.175,2023-01,136.7,92.2,24.5,14.8,62.7,7.3,loam,6.21,0.66,Warning,False,False,False,rule_based
7.05,80.175,2023-02,99.6,96.4,25.3,12.1,62.7,7.3,loam,6.21,0.66,Warning,False,False,False,rule_based
7.05,80.175,2023-03,156.8,97.0,25.9,11.4,62.7,7.3,loam,6.21,0.68,Warning,False,False,False,rule_based
7.05,80.175,2023-04,160.9,96.7,26.6,11.7,62.7,7.3,loam,6.21,0.69,Warning,False,False,False,rule_based
7.05,80.175,2023-05,221.1,95.4,26.4,13.2,62.7,7.3,loam,6.21,0.68,Warning,False,False,False,rule_based
7.05,80.175,2023-06,324.4,95.9,25.8,14.4,62.7,7.3,loam,6.21,0.68,Warning,False,False,False,rule_based
7.05,80.175,2023-07,326.1,95.4,25.7,15.8,62.7,7.3,loam,6.21,0.73,Warning,False,False,False,rule_based
7.05,80.175,2023-08,120.1,94.8,26.2,16.7,62.7,7.3,loam,6.21,0.71,Warning,False,False,False,rule_based
7.05,80.175,2023-09,566.4,96.3,24.9,16.9,62.7,7.3,loam,6.21,0.68,Warning,False,False,False,rule_based
7.05,80.175,2023-10,578.0,97.5,24.9,13.3,62.7,7.3,loam,6.21,0.7,Warning,False,False,False,rule_based
7.05,80.175,2023-11,568.6,98.8,24.9,10.6,62.7,7.3,loam,6.21,0.64,Warning,False,False,False,rule_based
7.05,80.175,2023-12,416.7,97.7,25.3,12.9,62.7,7.3,loam,6.21,0.69,Warning,False,False,False,rule_based
7.05,80.175,2024-01,178.8,96.0,25.6,12.4,62.7,7.3,loam,6.21,0.73,Warning,False,False,False,rule_based
7.05,80.175,2024-02,33.8,93.7,27.3,15.5,62.7,7.3,loam,6.21,0.5,No Risk,False,False,False,rule_based
7.05,80.175,2024-03,71.0,94.7,28.0,16.1,62.7,7.3,loam,6.21,0.58,Warning,False,False,False,rule_based
7.05,80.175,2024-04,194.2,96.6,27.7,12.5,62.7,7.3,loam,6.21,0.66,Warning,False,False,False,rule_based
7.05,80.175,2024-05,755.8,97.3,26.6,15.4,62.7,7.3,loam,6.21,0.64,Warning,False,False,False,rule_based
7.05,80.175,2024-06,419.1,96.0,25.9,16.9,62.7,7.3,loam,6.21,0.65,Warning,False,False,False,rule_based
7.05,80.175,2024-07,331.9,96.0,26.0,15.4,62.7,7.3,loam,6.21,0.66,Warning,False,False,False,rule_based
7.05,80.175,2024-08,344.1,95.2,25.7,15.7,62.7,7.3,loam,6.21,0.63,Warning,False,False,False,rule_based
7.05,80.175,2024-09,313.3,97.0,25.6,15.7,62.7,7.3,loam,6.21,0.68,Warning,False,False,False,rule_based
7.05,80.175,2024-10,474.7,96.6,25.3,13.0,62.7,7.3,loam,6.21,0.7,Warning,False,False,False,rule_based
7.05,80.175,2024-11,508.6,98.5,24.8,12.8,62.7,7.3,loam,6.21,0.65,Warning,False,False,False,rule_based
7.05,80.175,2024-12,153.2,97.5,25.3,12.5,62.7,7.3,loam,6.21,0.72,Warning,False,False,False,rule_based
7.05,80.175,2025-01,291.3,98.2,24.9,12.9,62.7,7.3,loam,6.21,0.69,Warning,False,False,False,rule_based
7.05,80.175,2025-02,33.2,96.6,26.1,14.2,62.7,7.3,loam,6.21,0.54,No Risk,False,False,False,rule_based
7.05,80.175,2025-03,205.9,97.8,25.9,11.6,62.7,7.3,loam,6.21,0.66,Warning,False,False,False,rule_based
7.05,80.175,2025-04,299.2,98.3,25.7,12.3,62.7,7.3,loam,6.21,0.7,Warning,False,False,False,rule_based
7.05,80.175,2025-05,305.5,98.3,25.9,14.4,62.7,7.3,loam,6.21,0.64,Warning,False,False,False,rule_based
7.05,80.175,2025-06,449.6,98.6,25.3,15.3,62.7,7.3,loam,6.21,0.7,Warning,False,False,False,rule_based
7.05,80.175,2025-07,409.7,98.2,25.4,15.6,62.7,7.3,loam,6.21,0.68,Warning,False,False,False,rule_based
7.05,80.175,2025-08,296.6,98.1,25.1,15.5,62.7,7.3,loam,6.21,0.69,Warning,False,False,False,rule_based
7.05,80.175,2025-09,325.8,98.4,25.1,15.3,62.7,7.3,loam,6.21,0.64,Warning,False,False,False,rule_based
7.05,80.175,2025-10,363.7,97.9,25.3,11.9,62.7,7.3,loam,6.21,0.65,Warning,False,False,False,rule_based
7.05,80.175,2025-11,731.2,98.9,24.7,14.3,62.7,7.3,loam,6.21,0.69,Warning,False,False,False,rule_based
7.05,80.175,2025-12,166.6,97.2,25.2,14.4,62.7,7.3,loam,6.21,0.65,Warning,False,False,False,rule_based
7.05,80.2,2023-01,136.7,92.1,23.3,14.8,64.0,7.5,loam,5.55,0.69,Warning,False,False,False,rule_based
7.05,80.2,2023-02,99.6,96.4,24.1,12.1,64.0,7.5,loam,5.55,0.64,Warning,False,False,False,rule_based
7.05,80.2,2023-03,156.8,97.0,24.6,11.4,64.0,7.5,loam,5.55,0.7,Warning,False,False,False,rule_based
7.05,80.2,2023-04,160.9,96.6,25.3,11.7,64.0,7.5,loam,5.55,0.64,Warning,False,False,False,rule_based
7.05,80.2,2023-05,221.1,95.4,25.1,13.2,64.0,7.5,loam,5.55,0.69,Warning,False,False,False,rule_based
7.05,80.2,2023-06,324.4,95.9,24.6,14.4,64.0,7.5,loam,5.55,0.7,Warning,False,False,False,rule_based
7.05,80.2,2023-07,326.1,95.3,24.4,15.8,64.0,7.5,loam,5.55,0.66,Warning,False,False,False,rule_based
7.05,80.2,2023-08,120.1,94.8,25.0,16.7,64.0,7.5,loam,5.55,0.7,Warning,False,False,False,rule_based
7.05,80.2,2023-09,566.4,96.3,23.6,16.9,64.0,7.5,loam,5.55,0.69,Warning,False,False,False,rule_based
7.05,80.2,2023-10,578.0,97.5,23.6,13.3,64.0,7.5,loam,5.55,0.66,Warning,False,False,False,rule_based
7.05,80.2,2023-11,568.6,98.8,23.7,10.6,64.0,7.5,loam,5.55,0.65,Warning,False,False,False,rule_based
7.05,80.2,2023-12,416.7,97.6,24.0,12.9,64.0,7.5,loam,5.55,0.62,Warning,False,False,False,rule_based
7.05,80.2,2024-01,178.8,96.0,24.3,12.4,64.0,7.5,loam,5.55,0.69,Warning,False,False,False,rule_based
7.05,80.2,2024-02,33.8,93.6,26.0,15.5,64.0,7.5,loam,5.55,0.47,No Risk,False,False,False,rule_based
7.05,80.2,2024-03,71.0,94.7,26.8,16.1,64.0,7.5,loam,5.55,0.61,Warning,False,False,False,rule_based
7.05,80.2,2024-04,194.2,96.6,26.5,12.5,64.0,7.5,loam,5.55,0.67,Warning,False,False,False,rule_based
7.05,80.2,2024-05,755.8,97.2,25.4,15.4,64.0,7.5,loam,5.55,0.7,Warning,False,False,False,rule_based
7.05,80.2,2024-06,419.1,96.0,24.6,16.9,64.0,7.5,loam,5.55,0.67,Warning,False,False,False,rule_based
7.05,80.2,2024-07,331.9,96.0,24.7,15.4,64.0,7.5,loam,5.55,0.67,Warning,False,False,False,rule_based
7.05,80.2,2024-08,344.1,95.2,24.4,15.7,64.0,7.5,loam,5.55,0.7,Warning,False,False,False,rule_based
7.05,80.2,2024-09,313.3,96.9,24.4,15.7,64.0,7.5,loam,5.55,0.69,Warning,False,False,False,rule_based
7.05,80.2,2024-10,474.7,96.6,24.1,13.0,64.0,7.5,loam,5.55,0.69,Warning,False,False,False,rule_based
7.05,80.2,2024-11,508.6,98.5,23.6,12.8,64.0,7.5,loam,5.55,0.69,Warning,False,False,False,rule_based
7.05,80.2,2024-12,153.2,97.4,24.0,12.5,64.0,7.5,loam,5.55,0.63,Warning,False,False,False,rule_based
7.05,80.2,2025-01,291.3,98.2,23.6,12.9,64.0,7.5,loam,5.55,0.7,Warning,False,False,False,rule_based
7.05,80.2,2025-02,33.2,96.6,24.9,14.2,64.0,7.5,loam,5.55,0.53,No Risk,False,False,False,rule_based
7.05,80.2,2025-03,205.9,97.8,24.7,11.6,64.0,7.5,loam,5.55,0.65,Warning,False,False,False,rule_based
7.05,80.2,2025-04,299.2,98.3,24.4,12.3,64.0,7.5,loam,5.55,0.67,Warning,False,False,False,rule_based
7.05,80.2,2025-05,305.5,98.3,24.7,14.4,64.0,7.5,loam,5.55,0.68,Warning,False,False,False,rule_based
7.05,80.2,2025-06,449.6,98.5,24.1,15.3,64.0,7.5,loam,5.55,0.67,Warning,False,False,False,rule_based
7.05,80.2,2025-07,409.7,98.2,24.1,15.6,64.0,7.5,loam,5.55,0.69,Warning,False,False,False,rule_based
7.05,80.2,2025-08,296.6,98.1,23.9,15.5,64.0,7.5,loam,5.55,0.72,Warning,False,False,False,rule_based
7.05,80.2,2025-09,325.8,98.4,23.9,15.3,64.0,7.5,loam,5.55,0.71,Warning,False,False,False,rule_based
7.05,80.2,2025-10,363.7,97.8,24.0,11.9,64.0,7.5,loam,5.55,0.64,Warning,False,False,False,rule_based
7.05,80.2,2025-11,731.2,98.8,23.4,14.3,64.0,7.5,loam,5.55,0.7,Warning,False,False,False,rule_based
7.05,80.2,2025-12,166.6,97.1,23.9,14.4,64.0,7.5,loam,5.55,0.72,Warning,False,False,False,rule_based
7.05,80.225,2023-01,136.7,92.2,24.5,14.8,65.2,7.7,loam,6.21,0.69,Warning,False,False,False,rule_based
7.05,80.225,2023-02,99.6,96.4,25.3,12.1,65.2,7.7,loam,6.21,0.71,Warning,False,False,False,rule_based
7.05,80.225,2023-03,156.8,97.0,25.9,11.4,65.2,7.7,loam,6.21,0.74,Warning,False,False,False,rule_based
7.05,80.225,2023-04,160.9,96.7,26.6,11.7,65.2,7.7,loam,6.21,0.71,Warning,False,False,False,rule_based
7.05,80.225,2023-05,221.1,95.4,26.4,13.2,65.2,7.7,loam,6.21,0.69,Warning,False,False,False,rule_based
7.05,80.225,2023-06,324.4,95.9,25.8,14.4,65.2,7.7,loam,6.21,0.71,Warning,False,False,False,rule_based
7.05,80.225,2023-07,326.1,95.4,25.7,15.8,65.2,7.7,loam,6.21,0.68,Warning,False,False,False,rule_based
7.05,80.225,2023-08,120.1,94.8,26.2,16.7,65.2,7.7,loam,6.21,0.68,Warning,False,False,False,rule_based
7.05,80.225,2023-09,566.4,96.3,24.9,16.9,65.2,7.7,loam,6.21,0.67,Warning,False,False,False,rule_based
7.05,80.225,2023-10,578.0,97.5,24.9,13.3,65.2,7.7,loam,6.21,0.73,Warning,False,False,False,rule_based
7.05,80.225,2023-11,568.6,98.8,24.9,10.6,65.2,7.7,loam,6.21,0.66,Warning,False,False,False,rule_based
7.05,80.225,2023-12,416.7,97.7,25.3,12.9,65.2,7.7,loam,6.21,0.73,Warning,False,False,False,rule_based
7.05,80.225,2024-01,178.8,96.0,25.6,12.4,65.2,7.7,loam,6.21,0.7,Warning,False,False,False,rule_based
7.05,80.225,2024-02,33.8,93.7,27.3,15.5,65.2,7.7,loam,6.21,0.47,No Risk,False,False,False,rule_based
7.05,80.225,2024-03,71.0,94.7,28.0,16.1,65.2,7.7,loam,6.21,0.62,Warning,False,False,False,rule_based
7.05,80.225,2024-04,194.2,96.6,27.7,12.5,65.2,7.7,loam,6.21,0.62,Warning,False,False,False,rule_based
7.05,80.225,2024-05,755.8,97.3,26.6,15.4,65.2,7.7,loam,6.21,0.7,Warning,False,False,False,rule_based
7.05,80.225,2024-06,419.1,96.0,25.9,16.9,65.2,7.7,loam,6.21,0.71,Warning,False,False,False,rule_based
7.05,80.225,2024-07,331.9,96.0,26.0,15.4,65.2,7.7,loam,6.21,0.66,Warning,False,False,False,rule_based
7.05,80.225,2024-08,344.1,95.2,25.7,15.7,65.2,7.7,loam,6.21,0.68,Warning,False,False,False,rule_based
7.05,80.225,2024-09,313.3,97.0,25.6,15.7,65.2,7.7,loam,6.21,0.74,Warning,False,False,False,rule_based
7.05,80.225,2024-10,474.7,96.6,25.3,13.0,65.2,7.7,loam,6.21,0.67,Warning,False,False,False,rule_based
7.05,80.225,2024-11,508.6,98.5,24.8,12.8,65.2,7.7,loam,6.21,0.65,Warning,False,False,False,rule_based
7.05,80.225,2024-12,153.2,97.5,25.3,12.5,65.2,7.7,loam,6.21,0.72,Warning,False,False,False,rule_based
7.05,80.225,2025-01,291.3,98.2,24.9,12.9,65.2,7.7,loam,6.21,0.74,Warning,False,False,False,rule_based
7.05,80.225,2025-02,33.2,96.6,26.1,14.2,65.2,7.7,loam,6.21,0.51,No Risk,False,False,False,rule_based
7.05,80.225,2025-03,205.9,97.8,25.9,11.6,65.2,7.7,loam,6.21,0.71,Warning,False,False,False,rule_based
7.05,80.225,2025-04,299.2,98.3,25.7,12.3,65.2,7.7,loam,6.21,0.72,Warning,False,False,False,rule_based
7.05,80.225,2025-05,305.5,98.3,25.9,14.4,65.2,7.7,loam,6.21,0.66,Warning,False,False,False,rule_based
7.05,80.225,2025-06,449.6,98.6,25.3,15.3,65.2,7.7,loam,6.21,0.67,Warning,False,False,False,rule_based
7.05,80.225,2025-07,409.7,98.2,25.4,15.6,65.2,7.7,loam,6.21,0.72,Warning,False,False,False,rule_based
7.05,80.225,2025-08,296.6,98.1,25.1,15.5,65.2,7.7,loam,6.21,0.73,Warning,False,False,False,rule_based
7.05,80.225,2025-09,325.8,98.4,25.1,15.3,65.2,7.7,loam,6.21,0.7,Warning,False,False,False,rule_based
7.05,80.225,2025-10,363.7,97.9,25.3,11.9,65.2,7.7,loam,6.21,0.65,Warning,False,False,False,rule_based
7.05,80.225,2025-11,731.2,98.9,24.7,14.3,65.2,7.7,loam,6.21,0.74,Warning,False,False,False,rule_based
7.05,80.225,2025-12,166.6,97.2,25.2,14.4,65.2,7.7,loam,6.21,0.66,Warning,False,False,False,rule_based
7.05,80.25,2023-01,148.1,93.7,24.8,13.4,122.0,17.9,sandy,7.85,0.78,Landslide,False,False,False,rule_based
7.05,80.25,2023-02,96.5,96.6,25.6,11.3,122.0,17.9,sandy,7.85,0.8,Landslide,False,False,False,rule_based
7.05,80.25,2023-03,186.9,96.7,26.2,10.7,122.0,17.9,sandy,7.85,0.84,Landslide,False,False,False,rule_based
7.05,80.25,2023-04,188.3,96.8,26.8,11.5,122.0,17.9,sandy,7.85,0.82,Landslide,False,False,False,rule_based
7.05,80.25,2023-05,240.2,94.9,26.7,13.0,122.0,17.9,sandy,7.85,0.81,Landslide,False,False,False,rule_based
7.05,80.25,2023-06,327.3,95.0,26.2,13.8,122.0,17.9,sandy,7.85,0.81,Landslide,False,False,False,rule_based
7.05,80.25,2023-07,363.1,94.3,26.1,15.0,122.0,17.9,sandy,7.85,0.8,Landslide,False,False,False,rule_based
7.05,80.25,2023-08,132.2,93.3,26.7,16.3,122.0,17.9,sandy,7.85,0.81,Landslide,False,False,False,rule_based
7.05,80.25,2023-09,619.5,96.1,25.3,16.9,122.0,17.9,sandy,7.85,0.72,Landslide,False,False,False,rule_based
7.05,80.25,2023-10,592.3,97.7,25.3,13.1,122.0,17.9,sandy,7.85,0.79,Landslide,False,False,False,rule_based
7.05,80.25,2023-11,614.2,98.9,25.4,10.5,122.0,17.9,sandy,7.85,0.8,Landslide,False,False,False,rule_based
7.05,80.25,2023-12,438.8,98.2,25.7,11.6,122.0,17.9,sandy,7.85,0.76,Landslide,False,False,False,rule_based
7.05,80.25,2024-01,206.0,96.8,25.9,11.1,122.0,17.9,sandy,7.85,0.81,Landslide,False,False,False,rule_based
7.05,80.25,2024-02,25.4,94.4,27.5,14.2,122.0,17.9,sandy,7.85,0.6,No Risk,False,False,False,rule_based
7.05,80.25,2024-03,87.6,95.2,28.4,14.9,122.0,17.9,sandy,7.85,0.82,Landslide,False,False,False,rule_based
7.05,80.25,2024-04,194.8,97.2,28.1,11.2,122.0,17.9,sandy,7.85,0.84,Landslide,False,False,False,rule_based
7.05,80.25,2024-05,809.0,97.3,27.0,15.0,122.0,17.9,sandy,7.85,0.78,Landslide,False,False,False,rule_based
7.05,80.25,2024-06,405.7,95.7,26.3,16.6,122.0,17.9,sandy,7.85,0.79,Landslide,False,False,False,rule_based
7.05,80.25,2024-07,397.7,95.1,26.5,14.2,122.0,17.9,sandy,7.85,0.79,Landslide,False,False,False,rule_based
7.05,80.25,2024-08,387.8,94.5,26.1,15.6,122.0,17.9,sandy,7.85,0.78,Landslide,False,False,False,rule_based
7.05,80.25,2024-09,338.8,95.5,26.1,14.8,122.0,17.9,sandy,7.85,0.8,Landslide,False,False,False,rule_based
7.05,80.25,2024-10,514.5,96.3,25.8,12.7,122.0,17.9,sandy,7.85,0.77,Landslide,False,False,False,rule_based
7.05,80.25,2024-11,540.7,98.6,25.3,12.0,122.0,17.9,sandy,7.85,0.76,Landslide,False,False,False,rule_based
7.05,80.25,2024-12,148.6,97.7,25.7,11.2,122.0,17.9,sandy,7.85,0.81,Landslide,False,False,False,rule_based
7.05,80.25,2025-01,298.3,98.6,25.4,10.9,122.0,17.9,sandy,7.85,0.81,Landslide,False,False,False,rule_based
7.05,80.25,2025-02,60.2,97.2,26.5,12.7,122.0,17.9,sandy,7.85,0.67,Warning,False,False,False,rule_based
7.05,80.25,2025-03,205.2,98.0,26.3,11.1,122.0,17.9,sandy,7.85,0.82,Landslide,False,False,False,rule_based
7.05,80.25,2025-04,300.0,98.5,26.1,11.9,122.0,17.9,sandy,7.85,0.78,Landslide,False,False,False,rule_based
7.05,80.25,2025-05,303.7,98.1,26.3,13.5,122.0,17.9,sandy,7.85,0.8,Landslide,False,False,False,rule_based
7.05,80.25,2025-06,483.8,97.7,25.8,13.8,122.0,17.9,sandy,7.85,0.82,Landslide,False,False,False,rule_based
7.05,80.25,2025-07,463.0,97.6,25.8,14.0,122.0,17.9,sandy,7.85,0.79,Landslide,False,False,False,rule_based
7.05,80.25,2025-08,278.6,97.2,25.6,14.4,122.0,17.9,sandy,7.85,0.81,Landslide,False,False,False,rule_based
7.05,80.25,2025-09,281.4,97.9,25.6,14.3,122.0,17.9,sandy,7.85,0.78,Landslide,False,False,False,rule_based
7.05,80.25,2025-10,361.2,97.3,25.8,11.6,122.0,17.9,sandy,7.85,0.79,Landslide,False,False,False,rule_based
7.05,80.25,2025-11,782.3,99.0,25.1,13.1,122.0,17.9,sandy,7.85,0.79,Landslide,False,False,False,rule_based
7.05,80.25,2025-12,186.3,98.3,25.6,13.0,122.0,17.9,sandy,7.85,0.77,Landslide,False,False,False,rule_based
7.05,80.275,2023-01,148.1,93.7,24.0,13.4,124.0,18.2,sandy,10.01,0.79,Landslide,False,False,False,rule_based
7.05,80.275,2023-02,96.5,96.6,24.9,11.3,124.0,18.2,sandy,10.01,0.74,Landslide,False,False,False,rule_based
7.05,80.275,2023-03,186.9,96.7,25.5,10.7,124.0,18.2,sandy,10.01,0.78,Landslide,False,False,False,rule_based
7.05,80.275,2023-04,188.3,96.8,26.0,11.5,124.0,18.2,sandy,10.01,0.79,Landslide,False,False,False,rule_based
7.05,80.275,2023-05,240.2,94.9,26.0,13.0,124.0,18.2,sandy,10.01,0.79,Landslide,False,False,False,rule_based
7.05,80.275,2023-06,327.3,95.0,25.5,13.8,124.0,18.2,sandy,10.01,0.79,Landslide,False,False,False,rule_based
7.05,80.275,2023-07,363.1,94.3,25.4,15.0,124.0,18.2,sandy,10.01,0.8,Landslide,False,False,False,rule_based
7.05,80.275,2023-08,132.2,93.3,26.0,16.3,124.0,18.2,sandy,10.01,0.81,Landslide,False,False,False,rule_based
7.05,80.275,2023-09,619.5,96.1,24.5,16.9,124.0,18.2,sandy,10.01,0.82,Landslide,False,False,False,rule_based
7.05,80.275,2023-10,592.3,97.7,24.6,13.1,124.0,18.2,sandy,10.01,0.78,Landslide,False,False,False,rule_based
7.05,80.275,2023-11,614.2,98.9,24.6,10.5,124.0,18.2,sandy,10.01,0.76,Landslide,False,False,False,rule_based
7.05,80.275,2023-12,438.8,98.2,25.0,11.6,124.0,18.2,sandy,10.01,0.77,Landslide,False,False,False,rule_based
7.05,80.275,2024-01,206.0,96.7,25.2,11.1,124.0,18.2,sandy,10.01,0.78,Landslide,False,False,False,rule_based
7.05,80.275,2024-02,25.4,94.4,26.7,14.2,124.0,18.2,sandy,10.01,0.6,No Risk,False,False,False,rule_based
7.05,80.275,2024-03,87.6,95.2,27.6,14.9,124.0,18.2,sandy,10.01,0.74,Landslide,False,False,False,rule_based
7.05,80.275,2024-04,194.8,97.1,27.4,11.2,124.0,18.2,sandy,10.01,0.76,Landslide,False,False,False,rule_based
7.05,80.275,2024-05,809.0,97.3,26.3,15.0,124.0,18.2,sandy,10.01,0.78,Landslide,False,False,False,rule_based
7.05,80.275,2024-06,405.7,95.6,25.6,16.6,124.0,18.2,sandy,10.01,0.8,Landslide,False,False,False,rule_based
7.05,80.275,2024-07,397.7,95.1,25.7,14.2,124.0,18.2,sandy,10.01,0.82,Landslide,False,False,False,rule_based
7.05,80.275,2024-08,387.8,94.5,25.4,15.6,124.0,18.2,sandy,10.01,0.78,Landslide,False,False,False,rule_based
7.05,80.275,2024-09,338.8,95.5,25.3,14.8,124.0,18.2,sandy,10.01,0.79,Landslide,False,False,False,rule_based
7.05,80.275,2024-10,514.5,96.2,25.0,12.7,124.0,18.2,sandy,10.01,0.77,Landslide,False,False,False,rule_based
7.05,80.275,2024-11,540.7,98.6,24.5,12.0,124.0,18.2,sandy,10.01,0.8,Landslide,False,False,False,rule_based
7.05,80.275,2024-12,148.6,97.6,25.0,11.2,124.0,18.2,sandy,10.01,0.77,Landslide,False,False,False,rule_based
7.05,80.275,2025-01,298.3,98.5,24.6,10.9,124.0,18.2,sandy,10.01,0.82,Landslide,False,False,False,rule_based
7.05,80.275,2025-02,60.2,97.2,25.8,12.7,124.0,18.2,sandy,10.01,0.64,Warning,False,False,False,rule_based
7.05,80.275,2025-03,205.2,97.9,25.6,11.1,124.0,18.2,sandy,10.01,0.79,Landslide,False,False,False,rule_based
7.05,80.275,2025-04,300.0,98.5,25.4,11.9,124.0,18.2,sandy,10.01,0.81,Landslide,False,False,False,rule_based
7.05,80.275,2025-05,303.7,98.0,25.6,13.5,124.0,18.2,sandy,10.01,0.8,Landslide,False,False,False,rule_based
7.05,80.275,2025-06,483.8,97.7,25.0,13.8,124.0,18.2,sandy,10.01,0.85,Landslide,False,False,False,rule_based
7.05,80.275,2025-07,463.0,97.5,25.0,14.0,124.0,18.2,sandy,10.01,0.81,Landslide,False,False,False,rule_based
7.05,80.275,2025-08,278.6,97.1,24.9,14.4,124.0,18.2,sandy,10.01,0.77,Landslide,False,False,False,rule_based
7.05,80.275,2025-09,281.4,97.8,24.9,14.3,124.0,18.2,sandy,10.01,0.8,Landslide,False,False,False,rule_based
7.05,80.275,2025-10,361.2,97.3,25.1,11.6,124.0,18.2,sandy,10.01,0.74,Landslide,False,False,False,rule_based
7.05,80.275,2025-11,782.3,99.0,24.4,13.1,124.0,18.2,sandy,10.01,0.8,Landslide,False,False,False,rule_based
7.05,80.275,2025-12,186.3,98.3,24.9,13.0,124.0,18.2,sandy,10.01,0.77,Landslide,False,False,False,rule_based
7.05,80.3,2023-01,148.1,93.7,24.0,13.4,126.0,18.5,sandy,11.8,0.83,Landslide,False,False,False,rule_based
7.05,80.3,2023-02,96.5,96.6,24.9,11.3,126.0,18.5,sandy,11.8,0.77,Landslide,False,False,False,rule_based
7.05,80.3,2023-03,186.9,96.7,25.5,10.7,126.0,18.5,sandy,11.8,0.8,Landslide,False,False,False,rule_based
7.05,80.3,2023-04,188.3,96.8,26.0,11.5,126.0,18.5,sandy,11.8,0.78,Landslide,False,False,False,rule_based
7.05,80.3,2023-05,240.2,94.9,26.0,13.0,126.0,18.5,sandy,11.8,0.85,Landslide,False,False,False,rule_based
7.05,80.3,2023-06,327.3,95.0,25.5,13.8,126.0,18.5,sandy,11.8,0.79,Landslide,False,False,False,rule_based
7.05,80.3,2023-07,363.1,94.3,25.4,15.0,126.0,18.5,sandy,11.8,0.85,Landslide,False,False,False,rule_based
7.05,80.3,2023-08,132.2,93.3,26.0,16.3,126.0,18.5,sandy,11.8,0.82,Landslide,False,False,False,rule_based
7.05,80.3,2023-09,619.5,96.1,24.5,16.9,126.0,18.5,sandy,11.8,0.81,Landslide,False,False,False,rule_based
7.05,80.3,2023-10,592.3,97.7,24.6,13.1,126.0,18.5,sandy,11.8,0.81,Landslide,False,False,False,rule_based
7.05,80.3,2023-11,614.2,98.9,24.6,10.5,126.0,18.5,sandy,11.8,0.81,Landslide,False,False,False,rule_based
7.05,80.3,2023-12,438.8,98.2,25.0,11.6,126.0,18.5,sandy,11.8,0.74,Landslide,False,False,False,rule_based
7.05,80.3,2024-01,206.0,96.7,25.2,11.1,126.0,18.5,sandy,11.8,0.79,Landslide,False,False,False,rule_based
7.05,80.3,2024-02,25.4,94.4,26.7,14.2,126.0,18.5,sandy,11.8,0.64,No Risk,False,False,False,rule_based
7.05,80.3,2024-03,87.6,95.2,27.6,14.9,126.0,18.5,sandy,11.8,0.77,Landslide,False,False,False,rule_based
7.05,80.3,2024-04,194.8,97.1,27.4,11.2,126.0,18.5,sandy,11.8,0.76,Landslide,False,False,False,rule_based
7.05,80.3,2024-05,809.0,97.3,26.3,15.0,126.0,18.5,sandy,11.8,0.8,Landslide,False,False,False,rule_based
7.05,80.3,2024-06,405.7,95.6,25.6,16.6,126.0,18.5,sandy,11.8,0.85,Landslide,False,False,False,rule_based
7.05,80.3,2024-07,397.7,95.1,25.7,14.2,126.0,18.5,sandy,11.8,0.84,Landslide,False,False,False,rule_based
7.05,80.3,2024-08,387.8,94.5,25.4,15.6,126.0,18.5,sandy,11.8,0.8,Landslide,False,False,False,rule_based
7.05,80.3,2024-09,338.8,95.5,25.3,14.8,126.0,18.5,sandy,11.8,0.83,Landslide,False,False,False,rule_based
7.05,80.3,2024-10,514.5,96.2,25.0,12.7,126.0,18.5,sandy,11.8,0.79,Landslide,False,False,False,rule_based
7.05,80.3,2024-11,540.7,98.6,24.5,12.0,126.0,18.5,sandy,11.8,0.75,Landslide,False,False,False,rule_based
7.05,80.3,2024-12,148.6,97.6,25.0,11.2,126.0,18.5,sandy,11.8,0.77,Landslide,False,False,False,rule_based
7.05,80.3,2025-01,298.3,98.5,24.6,10.9,126.0,18.5,sandy,11.8,0.85,Landslide,False,False,False,rule_based
7.05,80.3,2025-02,60.2,97.2,25.8,12.7,126.0,18.5,sandy,11.8,0.69,Warning,False,False,False,rule_based
7.05,80.3,2025-03,205.2,97.9,25.6,11.1,126.0,18.5,sandy,11.8,0.79,Landslide,False,False,False,rule_based
7.05,80.3,2025-04,300.0,98.5,25.4,11.9,126.0,18.5,sandy,11.8,0.79,Landslide,False,False,False,rule_based
7.05,80.3,2025-05,303.7,98.0,25.6,13.5,126.0,18.5,sandy,11.8,0.85,Landslide,False,False,False,rule_based
7.05,80.3,2025-06,483.8,97.7,25.0,13.8,126.0,18.5,sandy,11.8,0.85,Landslide,False,False,False,rule_based
7.05,80.3,2025-07,463.0,97.5,25.0,14.0,126.0,18.5,sandy,11.8,0.85,Landslide,False,False,False,rule_based
7.05,80.3,2025-08,278.6,97.1,24.9,14.4,126.0,18.5,sandy,11.8,0.8,Landslide,False,False,False,rule_based
7.05,80.3,2025-09,281.4,97.8,24.9,14.3,126.0,18.5,sandy,11.8,0.81,Landslide,False,False,False,rule_based
7.05,80.3,2025-10,361.2,97.3,25.1,11.6,126.0,18.5,sandy,11.8,0.75,Landslide,False,False,False,rule_based
7.05,80.3,2025-11,782.3,99.0,24.4,13.1,126.0,18.5,sandy,11.8,0.84,Landslide,False,False,False,rule_based
7.05,80.3,2025-12,186.3,98.3,24.9,13.0,126.0,18.5,sandy,11.8,0.76,Landslide,False,False,False,rule_based
7.05,80.325,2023-01,148.1,93.7,24.1,13.4,128.0,18.8,sandy,13.79,0.81,Landslide,False,False,False,rule_based
7.05,80.325,2023-02,96.5,96.6,25.0,11.3,128.0,18.8,sandy,13.79,0.76,Landslide,False,False,False,rule_based
7.05,80.325,2023-03,186.9,96.7,25.6,10.7,128.0,18.8,sandy,13.79,0.78,Landslide,False,False,False,rule_based
7.05,80.325,2023-04,188.3,96.8,26.1,11.5,128.0,18.8,sandy,13.79,0.77,Landslide,False,False,False,rule_based
7.05,80.325,2023-05,240.2,94.9,26.1,13.0,128.0,18.8,sandy,13.79,0.78,Landslide,False,False,False,rule_based
7.05,80.325,2023-06,327.3,95.0,25.6,13.8,128.0,18.8,sandy,13.79,0.78,Landslide,False,False,False,rule_based
7.05,80.325,2023-07,363.1,94.3,25.5,15.0,128.0,18.8,sandy,13.79,0.78,Landslide,False,False,False,rule_based
7.05,80.325,2023-08,132.2,93.3,26.0,16.3,128.0,18.8,sandy,13.79,0.83,Landslide,False,False,False,rule_based
7.05,80.325,2023-09,619.5,96.1,24.6,16.9,128.0,18.8,sandy,13.79,0.77,Landslide,False,False,False,rule_based
7.05,80.325,2023-10,592.3,97.7,24.7,13.1,128.0,18.8,sandy,13.79,0.81,Landslide,False,False,False,rule_based
7.05,80.325,2023-11,614.2,98.9,24.7,10.5,128.0,18.8,sandy,13.79,0.84,Landslide,False,False,False,rule_based
7.05,80.325,2023-12,438.8,98.2,25.1,11.6,128.0,18.8,sandy,13.79,0.78,Landslide,False,False,False,rule_based
7.05,80.325,2024-01,206.0,96.7,25.2,11.1,128.0,18.8,sandy,13.79,0.78,Landslide,False,False,False,rule_based
7.05,80.325,2024-02,25.4,94.4,26.8,14.2,128.0,18.8,sandy,13.79,0.61,No Risk,False,False,False,rule_based
7.05,80.325,2024-03,87.6,95.2,27.7,14.9,128.0,18.8,sandy,13.79,0.8,Landslide,False,False,False,rule_based
7.05,80.325,2024-04,194.8,97.1,27.4,11.2,128.0,18.8,sandy,13.79,0.81,Landslide,False,False,False,rule_based
7.05,80.325,2024-05,809.0,97.3,26.4,15.0,128.0,18.8,sandy,13.79,0.78,Landslide,False,False,False,rule_based
7.05,80.325,2024-06,405.7,95.6,25.6,16.6,128.0,18.8,sandy,13.79,0.81,Landslide,False,False,False,rule_based
7.05,80.325,2024-07,397.7,95.1,25.8,14.2,128.0,18.8,sandy,13.79,0.77,Landslide,False,False,False,rule_based
7.05,80.325,2024-08,387.8,94.5,25.4,15.6,128.0,18.8,sandy,13.79,0.82,Landslide,False,False,False,rule_based
7.05,80.325,2024-09,338.8,95.5,25.4,14.8,128.0,18.8,sandy,13.79,0.81,Landslide,False,False,False,rule_based
7.05,80.325,2024-10,514.5,96.2,25.1,12.7,128.0,18.8,sandy,13.79,0.79,Landslide,False,False,False,rule_based
7.05,80.325,2024-11,540.7,98.6,24.6,12.0,128.0,18.8,sandy,13.79,0.77,Landslide,False,False,False,rule_based
7.05,80.325,2024-12,148.6,97.6,25.1,11.2,128.0,18.8,sandy,13.79,0.77,Landslide,False,False,False,rule_based
7.05,80.325,2025-01,298.3,98.5,24.7,10.9,128.0,18.8,sandy,13.79,0.82,Landslide,False,False,False,rule_based
7.05,80.325,2025-02,60.2,97.2,25.9,12.7,128.0,18.8,sandy,13.79,0.74,Warning,False,False,False,rule_based
7.05,80.325,2025-03,205.2,97.9,25.7,11.1,128.0,18.8,sandy,13.79,0.78,Landslide,False,False,False,rule_based
7.05,80.325,2025-04,300.0,98.5,25.5,11.9,128.0,18.8,sandy,13.79,0.81,Landslide,False,False,False,rule_based
7.05,80.325,2025-05,303.7,98.0,25.6,13.5,128.0,18.8,sandy,13.79,0.74,Landslide,False,False,False,rule_based
7.05,80.325,2025-06,483.8,97.7,25.1,13.8,128.0,18.8,sandy,13.79,0.78,Landslide,False,False,False,rule_based
7.05,80.325,2025-07,463.0,97.5,25.1,14.0,128.0,18.8,sandy,13.79,0.8,Landslide,False,False,False,rule_based
7.05,80.325,2025-08,278.6,97.2,25.0,14.4,128.0,18.8,sandy,13.79,0.77,Landslide,False,False,False,rule_based
7.05,80.325,2025-09,281.4,97.8,24.9,14.3,128.0,18.8,sandy,13.79,0.77,Landslide,False,False,False,rule_based
7.05,80.325,2025-10,361.2,97.3,25.1,11.6,128.0,18.8,sandy,13.79,0.78,Landslide,False,False,False,rule_based
7.05,80.325,2025-11,782.3,99.0,24.5,13.1,128.0,18.8,sandy,13.79,0.81,Landslide,False,False,False,rule_based
7.05,80.325,2025-12,186.3,98.3,24.9,13.0,128.0,18.8,sandy,13.79,0.79,Landslide,False,False,False,rule_based
7.1,79.975,2023-01,114.3,90.9,25.3,16.0,10.1,1.3,clay,7.47,0.5,Warning,False,False,False,rule_based
7.1,79.975,2023-02,101.8,94.9,25.9,13.4,10.1,1.3,clay,7.47,0.51,Warning,False,False,False,rule_based
7.1,79.975,2023-03,179.2,96.6,26.5,11.9,10.1,1.3,clay,7.47,0.55,Warning,False,False,False,rule_based
7.1,79.975,2023-04,177.6,97.8,27.0,12.4,10.1,1.3,clay,7.47,0.58,Warning,False,False,False,rule_based
7.1,79.975,2023-05,233.4,96.4,27.0,15.1,10.1,1.3,clay,7.47,0.49,Warning,False,False,False,rule_based
7.1,79.975,2023-06,325.2,96.6,26.6,17.5,10.1,1.3,clay,7.47,0.56,Warning,False,False,False,rule_based
7.1,79.975,2023-07,254.6,95.5,26.6,18.0,10.1,1.3,clay,7.47,0.55,Warning,False,False,False,rule_based
7.1,79.975,2023-08,113.9,95.8,26.7,17.7,10.1,1.3,clay,7.47,0.61,Warning,False,False,False,rule_based
7.1,79.975,2023-09,551.0,96.5,25.6,17.2,10.1,1.3,clay,7.47,0.56,Warning,False,False,False,rule_based
7.1,79.975,2023-10,616.8,98.4,25.4,12.6,10.1,1.3,clay,7.47,0.58,Warning,False,False,False,rule_based
7.1,79.975,2023-11,509.4,99.5,25.4,9.8,10.1,1.3,clay,7.47,0.57,Warning,False,False,False,rule_based
7.1,79.975,2023-12,386.0,97.9,25.8,14.1,10.1,1.3,clay,7.47,0.51,Warning,False,False,False,rule_based
7.1,79.975,2024-01,164.6,95.3,26.1,13.8,10.1,1.3,clay,7.47,0.59,Warning,False,False,False,rule_based
7.1,79.975,2024-02,26.5,92.3,28.0,16.3,10.1,1.3,clay,7.47,0.39,Warning,False,False,False,rule_based
7.1,79.975,2024-03,83.2,96.9,28.2,15.1,10.1,1.3,clay,7.47,0.54,Warning,False,False,False,rule_based
7.1,79.975,2024-04,235.2,98.8,28.0,12.8,10.1,1.3,clay,7.47,0.69,Warning,False,False,False,rule_based
7.1,79.975,2024-05,637.4,97.3,27.4,16.3,10.1,1.3,clay,7.47,0.51,Warning,False,False,False,rule_based
7.1,79.975,2024-06,352.7,95.8,26.8,18.3,10.1,1.3,clay,7.47,0.62,Warning,False,False,False,rule_based
7.1,79.975,2024-07,313.3,96.2,26.8,17.2,10.1,1.3,clay,7.47,0.56,Warning,False,False,False,rule_based
7.1,79.975,2024-08,263.9,95.8,26.4,17.1,10.1,1.3,clay,7.47,0.58,Warning,False,False,False,rule_based
7.1,79.975,2024-09,325.9,96.2,26.6,17.9,10.1,1.3,clay,7.47,0.57,Warning,False,False,False,rule_based
7.1,79.975,2024-10,395.3,97.3,25.9,14.3,10.1,1.3,clay,7.47,0.56,Warning,False,False,False,rule_based
7.1,79.975,2024-11,437.4,99.1,25.4,12.9,10.1,1.3,clay,7.47,0.55,Warning,False,False,False,rule_based
7.1,79.975,2024-12,148.9,98.1,25.8,12.6,10.1,1.3,clay,7.47,0.58,Warning,False,False,False,rule_based
7.1,79.975,2025-01,305.5,96.5,25.4,14.5,10.1,1.3,clay,7.47,0.52,Warning,False,False,False,rule_based
7.1,79.975,2025-02,58.8,96.1,27.1,14.3,10.1,1.3,clay,7.47,0.49,Warning,False,False,False,rule_based
7.1,79.975,2025-03,186.2,98.9,26.7,11.8,10.1,1.3,clay,7.47,0.56,Warning,False,False,False,rule_based
7.1,79.975,2025-04,230.2,98.1,26.8,12.8,10.1,1.3,clay,7.47,0.54,Warning,False,False,False,rule_based
7.1,79.975,2025-05,288.8,97.0,27.3,16.7,10.1,1.3,clay,7.47,0.56,Warning,False,False,False,rule_based
7.1,79.975,2025-06,381.7,97.3,26.6,17.2,10.1,1.3,clay,7.47,0.61,Warning,False,False,False,rule_based
7.1,79.975,2025-07,235.7,95.8,26.8,17.7,10.1,1.3,clay,7.47,0.55,Warning,False,False,False,rule_based
7.1,79.975,2025-08,228.4,96.7,26.3,16.9,10.1,1.3,clay,7.47,0.58,Warning,False,False,False,rule_based
7.1,79.975,2025-09,240.2,97.2,26.4,16.8,10.1,1.3,clay,7.47,0.55,Warning,False,False,False,rule_based
7.1,79.975,2025-10,323.8,97.3,26.2,12.3,10.1,1.3,clay,7.47,0.59,Warning,False,False,False,rule_based
7.1,79.975,2025-11,691.2,98.5,25.5,14.3,10.1,1.3,clay,7.47,0.59,Warning,False,False,False,rule_based
7.1,79.975,2025-12,183.9,95.8,25.8,15.1,10.1,1.3,clay,7.47,0.63,Warning,False,False,False,rule_based
7.1,80.0,2023-01,114.3,90.9,25.3,16.0,27.0,2.8,loam,5.98,0.6,Warning,True,True,False,rule_based
7.1,80.0,2023-02,101.8,94.9,25.9,13.4,27.0,2.8,loam,5.98,0.62,Warning,True,True,False,rule_based
7.1,80.0,2023-03,179.2,96.6,26.5,11.9,27.0,2.8,loam,5.98,0.61,Warning,True,True,False,rule_based
7.1,80.0,2023-04,177.6,97.8,27.0,12.4,27.0,2.8,loam,5.98,0.64,Warning,True,True,False,rule_based
7.1,80.0,2023-05,233.4,96.4,27.0,15.1,27.0,2.8,loam,5.98,0.58,Warning,True,True,False,rule_based
7.1,80.0,2023-06,325.2,96.6,26.6,17.5,27.0,2.8,loam,5.98,0.63,Warning,True,True,False,rule_based
7.1,80.0,2023-07,254.6,95.5,26.6,18.0,27.0,2.8,loam,5.98,0.6,Warning,True,True,False,rule_based
7.1,80.0,2023-08,113.9,95.8,26.7,17.7,27.0,2.8,loam,5.98,0.6,Warning,True,True,False,rule_based
7.1,80.0,2023-09,551.0,96.5,25.6,17.2,27.0,2.8,loam,5.98,0.61,Warning,True,True,False,rule_based
7.1,80.0,2023-10,616.8,98.4,25.4,12.6,27.0,2.8,loam,5.98,0.61,Warning,True,True,False,rule_based
7.1,80.0,2023-11,509.4,99.5,25.4,9.8,27.0,2.8,loam,5.98,0.6,Warning,True,True,False,rule_based
7.1,80.0,2023-12,386.0,97.9,25.8,14.1,27.0,2.8,loam,5.98,0.61,Warning,True,True,False,rule_based
7.1,80.0,2024-01,164.6,95.3,26.1,13.8,27.0,2.8,loam,5.98,0.65,Warning,True,True,False,rule_based
7.1,80.0,2024-02,26.5,92.3,28.0,16.3,27.0,2.8,loam,5.98,0.45,Warning,True,True,False,rule_based
7.1,80.0,2024-03,83.2,96.9,28.2,15.1,27.0,2.8,loam,5.98,0.59,Warning,True,True,False,rule_based
7.1,80.0,2024-04,235.2,98.8,28.0,12.8,27.0,2.8,loam,5.98,0.59,Warning,True,True,False,rule_based
7.1,80.0,2024-05,637.4,97.3,27.4,16.3,27.0,2.8,loam,5.98,0.58,Warning,True,True,False,rule_based
7.1,80.0,2024-06,352.7,95.8,26.8,18.3,27.0,2.8,loam,5.98,0.63,Warning,True,True,False,rule_based
7.1,80.0,2024-07,313.3,96.2,26.8,17.2,27.0,2.8,loam,5.98,0.63,Warning,True,True,False,rule_based
7.1,80.0,2024-08,263.9,95.8,26.4,17.1,27.0,2.8,loam,5.98,0.65,Warning,True,True,False,rule_based
7.1,80.0,2024-09,325.9,96.2,26.6,17.9,27.0,2.8,loam,5.98,0.59,Warning,True,True,False,rule_based
7.1,80.0,2024-10,395.3,97.3,25.9,14.3,27.0,2.8,loam,5.98,0.6,Warning,True,True,False,rule_based
7.1,80.0,2024-11,437.4,99.1,25.4,12.9,27.0,2.8,loam,5.98,0.55,Warning,True,True,False,rule_based
7.1,80.0,2024-12,148.9,98.1,25.8,12.6,27.0,2.8,loam,5.98,0.59,Warning,True,True,False,rule_based
7.1,80.0,2025-01,305.5,96.5,25.4,14.5,27.0,2.8,loam,5.98,0.63,Warning,True,True,False,rule_based
7.1,80.0,2025-02,58.8,96.1,27.1,14.3,27.0,2.8,loam,5.98,0.49,Warning,True,True,False,rule_based
7.1,80.0,2025-03,186.2,98.9,26.7,11.8,27.0,2.8,loam,5.98,0.62,Warning,True,True,False,rule_based
7.1,80.0,2025-04,230.2,98.1,26.8,12.8,27.0,2.8,loam,5.98,0.6,Warning,True,True,False,rule_based
7.1,80.0,2025-05,288.8,97.0,27.3,16.7,27.0,2.8,loam,5.98,0.61,Warning,True,True,False,rule_based
7.1,80.0,2025-06,381.7,97.3,26.6,17.2,27.0,2.8,loam,5.98,0.57,Warning,True,True,False,rule_based
7.1,80.0,2025-07,235.7,95.8,26.8,17.7,27.0,2.8,loam,5.98,0.61,Warning,True,True,False,rule_based
7.1,80.0,2025-08,228.4,96.7,26.3,16.9,27.0,2.8,loam,5.98,0.51,Warning,True,True,False,rule_based
7.1,80.0,2025-09,240.2,97.2,26.4,16.8,27.0,2.8,loam,5.98,0.6,Warning,True,True,False,rule_based
7.1,80.0,2025-10,323.8,97.3,26.2,12.3,27.0,2.8,loam,5.98,0.56,Warning,True,True,False,rule_based
7.1,80.0,2025-11,691.2,98.5,25.5,14.3,27.0,2.8,loam,5.98,0.64,Flood,True,True,False,unosat_satellite
7.1,80.0,2025-12,183.9,95.8,25.8,15.1,27.0,2.8,loam,5.98,0.63,Flood,True,True,False,unosat_satellite
7.1,80.025,2023-01,112.9,90.5,25.1,16.8,27.8,2.9,loam,3.55,0.62,Warning,True,True,False,rule_based
7.1,80.025,2023-02,118.6,94.7,25.8,13.7,27.8,2.9,loam,3.55,0.65,Warning,True,True,False,rule_based
7.1,80.025,2023-03,192.6,96.3,26.5,12.6,27.8,2.9,loam,3.55,0.58,Warning,True,True,False,rule_based
7.1,80.025,2023-04,195.4,97.9,27.0,12.1,27.8,2.9,loam,3.55,0.66,Warning,True,True,False,rule_based
7.1,80.025,2023-05,231.4,96.8,26.8,14.6,27.8,2.9,loam,3.55,0.63,Warning,True,True,False,rule_based
7.1,80.025,2023-06,304.6,97.0,26.3,17.0,27.8,2.9,loam,3.55,0.6,Warning,True,True,False,rule_based
7.1,80.025,2023-07,241.7,95.9,26.3,17.2,27.8,2.9,loam,3.55,0.64,Warning,True,True,False,rule_based
7.1,80.025,2023-08,91.8,95.8,26.6,17.5,27.8,2.9,loam,3.55,0.55,Warning,True,True,False,rule_based
7.1,80.025,2023-09,544.0,97.4,25.3,17.5,27.8,2.9,loam,3.55,0.58,Warning,True,True,False,rule_based
7.1,80.025,2023-10,597.0,98.2,25.3,12.8,27.8,2.9,loam,3.55,0.59,Warning,True,True,False,rule_based
7.1,80.025,2023-11,582.5,99.2,25.3,10.2,27.8,2.9,loam,3.55,0.59,Warning,True,True,False,rule_based
7.1,80.025,2023-12,396.8,97.1,25.8,14.6,27.8,2.9,loam,3.55,0.57,Warning,True,True,False,rule_based
7.1,80.025,2024-01,168.3,94.2,26.1,14.5,27.8,2.9,loam,3.55,0.64,Warning,True,True,False,rule_based
7.1,80.025,2024-02,29.3,91.2,28.1,17.1,27.8,2.9,loam,3.55,0.42,No Risk,True,True,False,rule_based
7.1,80.025,2024-03,102.7,95.3,28.4,16.2,27.8,2.9,loam,3.55,0.62,Warning,True,True,False,rule_based
7.1,80.025,2024-04,210.0,98.4,28.1,12.8,27.8,2.9,loam,3.55,0.59,Warning,True,True,False,rule_based
7.1,80.025,2024-05,707.0,97.7,27.1,15.6,27.8,2.9,loam,3.55,0.55,Warning,True,True,False,rule_based
7.1,80.025,2024-06,363.0,96.6,26.4,17.9,27.8,2.9,loam,3.55,0.61,Warning,True,True,False,rule_based
7.1,80.025,2024-07,329.9,96.7,26.5,16.8,27.8,2.9,loam,3.55,0.55,Warning,True,True,False,rule_based
7.1,80.025,2024-08,276.9,96.2,26.1,16.7,27.8,2.9,loam,3.55,0.6,Warning,True,True,False,rule_based
7.1,80.025,2024-09,301.4,97.4,26.3,17.4,27.8,2.9,loam,3.55,0.56,Warning,True,True,False,rule_based
7.1,80.025,2024-10,384.5,97.3,25.7,13.5,27.8,2.9,loam,3.55,0.67,Warning,True,True,False,rule_based
7.1,80.025,2024-11,530.0,98.9,25.2,13.4,27.8,2.9,loam,3.55,0.63,Warning,True,True,False,rule_based
7.1,80.025,2024-12,154.0,97.9,25.6,12.9,27.8,2.9,loam,3.55,0.61,Warning,True,True,False,rule_based
7.1,80.025,2025-01,282.0,96.2,25.4,16.2,27.8,2.9,loam,3.55,0.64,Warning,True,True,False,rule_based
7.1,80.025,2025-02,43.2,95.3,27.0,15.6,27.8,2.9,loam,3.55,0.44,Warning,True,True,False,rule_based
7.1,80.025,2025-03,180.6,98.3,26.4,12.7,27.8,2.9,loam,3.55,0.62,Warning,True,True,False,rule_based
7.1,80.025,2025-04,260.0,98.2,26.4,13.1,27.8,2.9,loam,3.55,0.61,Warning,True,True,False,rule_based
7.1,80.025,2025-05,276.9,98.1,26.9,16.9,27.8,2.9,loam,3.55,0.61,Warning,True,True,False,rule_based
7.1,80.025,2025-06,389.0,98.6,26.1,17.5,27.8,2.9,loam,3.55,0.64,Warning,True,True,False,rule_based
7.1,80.025,2025-07,247.3,97.5,26.3,18.0,27.8,2.9,loam,3.55,0.63,Warning,True,True,False,rule_based
7.1,80.025,2025-08,203.3,98.5,26.0,17.3,27.8,2.9,loam,3.55,0.61,Warning,True,True,False,rule_based
7.1,80.025,2025-09,251.9,98.7,25.9,17.4,27.8,2.9,loam,3.55,0.56,Warning,True,True,False,rule_based
7.1,80.025,2025-10,344.1,97.7,25.9,12.6,27.8,2.9,loam,3.55,0.58,Warning,True,True,False,rule_based
7.1,80.025,2025-11,747.9,98.3,25.2,15.2,27.8,2.9,loam,3.55,0.6,Flood,True,True,False,unosat_satellite
7.1,80.025,2025-12,182.7,95.6,25.6,16.7,27.8,2.9,loam,3.55,0.61,Flood,True,True,False,unosat_satellite
7.1,80.05,2023-01,136.8,90.5,25.3,15.7,28.5,3.0,loam,2.22,0.57,Flood,False,False,False,rule_based
7.1,80.05,2023-02,120.8,95.4,25.9,13.2,28.5,3.0,loam,2.22,0.68,Flood,False,False,False,rule_based
7.1,80.05,2023-03,183.6,97.2,26.5,11.5,28.5,3.0,loam,2.22,0.65,Flood,False,False,False,rule_based
7.1,80.05,2023-04,210.1,97.6,26.9,12.0,28.5,3.0,loam,2.22,0.63,Flood,False,False,False,rule_based
7.1,80.05,2023-05,233.2,96.7,26.8,14.2,28.5,3.0,loam,2.22,0.61,Flood,False,False,False,rule_based
7.1,80.05,2023-06,324.3,97.4,26.3,16.2,28.5,3.0,loam,2.22,0.6,Flood,False,False,False,rule_based
7.1,80.05,2023-07,278.9,96.1,26.3,16.8,28.5,3.0,loam,2.22,0.58,Flood,False,False,False,rule_based
7.1,80.05,2023-08,119.1,96.0,26.6,17.1,28.5,3.0,loam,2.22,0.61,Flood,False,False,False,rule_based
7.1,80.05,2023-09,563.7,97.1,25.4,17.0,28.5,3.0,loam,2.22,0.61,Flood,False,False,False,rule_based
7.1,80.05,2023-10,618.4,98.1,25.4,12.5,28.5,3.0,loam,2.22,0.57,Flood,False,False,False,rule_based
7.1,80.05,2023-11,557.1,99.3,25.4,10.0,28.5,3.0,loam,2.22,0.62,Flood,False,False,False,rule_based
7.1,80.05,2023-12,403.4,97.8,25.8,13.6,28.5,3.0,loam,2.22,0.6,Flood,False,False,False,rule_based
7.1,80.05,2024-01,192.4,94.4,26.1,13.7,28.5,3.0,loam,2.22,0.55,Flood,False,False,False,rule_based
7.1,80.05,2024-02,27.6,91.4,28.1,16.6,28.5,3.0,loam,2.22,0.4,No Risk,False,False,False,rule_based
7.1,80.05,2024-03,112.6,95.8,28.3,15.7,28.5,3.0,loam,2.22,0.59,Flood,False,False,False,rule_based
7.1,80.05,2024-04,223.9,98.3,28.1,12.4,28.5,3.0,loam,2.22,0.66,Flood,False,False,False,rule_based
7.1,80.05,2024-05,717.2,97.6,27.1,15.5,28.5,3.0,loam,2.22,0.62,Flood,False,False,False,rule_based
7.1,80.05,2024-06,391.2,96.5,26.5,17.1,28.5,3.0,loam,2.22,0.57,Flood,False,False,False,rule_based
7.1,80.05,2024-07,315.7,97.0,26.5,16.0,28.5,3.0,loam,2.22,0.62,Flood,False,False,False,rule_based
7.1,80.05,2024-08,265.0,96.4,26.2,16.4,28.5,3.0,loam,2.22,0.56,Flood,False,False,False,rule_based
7.1,80.05,2024-09,349.2,97.4,26.3,17.0,28.5,3.0,loam,2.22,0.64,Flood,False,False,False,rule_based
7.1,80.05,2024-10,405.0,97.4,25.8,13.4,28.5,3.0,loam,2.22,0.59,Flood,False,False,False,rule_based
7.1,80.05,2024-11,472.7,98.8,25.3,13.4,28.5,3.0,loam,2.22,0.6,Flood,False,False,False,rule_based
7.1,80.05,2024-12,158.5,98.0,25.7,12.5,28.5,3.0,loam,2.22,0.65,Flood,False,False,False,rule_based
7.1,80.05,2025-01,317.9,96.8,25.4,15.1,28.5,3.0,loam,2.22,0.57,Flood,False,False,False,rule_based
7.1,80.05,2025-02,50.5,95.7,26.9,14.8,28.5,3.0,loam,2.22,0.44,Warning,False,False,False,rule_based
7.1,80.05,2025-03,197.9,98.1,26.5,11.9,28.5,3.0,loam,2.22,0.59,Flood,False,False,False,rule_based
7.1,80.05,2025-04,257.3,98.1,26.5,12.6,28.5,3.0,loam,2.22,0.64,Flood,False,False,False,rule_based
7.1,80.05,2025-05,299.7,97.8,26.8,15.9,28.5,3.0,loam,2.22,0.56,Flood,False,False,False,rule_based
7.1,80.05,2025-06,426.2,98.7,26.2,16.6,28.5,3.0,loam,2.22,0.52,Flood,False,False,False,rule_based
7.1,80.05,2025-07,288.8,97.6,26.3,17.4,28.5,3.0,loam,2.22,0.59,Flood,False,False,False,rule_based
7.1,80.05,2025-08,229.1,98.4,26.0,16.5,28.5,3.0,loam,2.22,0.62,Flood,False,False,False,rule_based
7.1,80.05,2025-09,256.8,98.7,26.0,16.6,28.5,3.0,loam,2.22,0.64,Flood,False,False,False,rule_based
7.1,80.05,2025-10,335.5,97.8,26.0,12.3,28.5,3.0,loam,2.22,0.59,Flood,False,False,False,rule_based
7.1,80.05,2025-11,705.2,98.3,25.3,14.6,28.5,3.0,loam,2.22,0.59,Flood,False,False,False,rule_based
7.1,80.05,2025-12,179.8,95.6,25.7,15.5,28.5,3.0,loam,2.22,0.64,Flood,False,False,False,rule_based
7.1,80.075,2023-01,136.8,90.5,25.3,15.7,29.3,3.1,clay,0.55,0.55,Flood,False,False,False,rule_based
7.1,80.075,2023-02,120.8,95.4,25.9,13.2,29.3,3.1,clay,0.55,0.6,Flood,False,False,False,rule_based
7.1,80.075,2023-03,183.6,97.2,26.5,11.5,29.3,3.1,clay,0.55,0.61,Flood,False,False,False,rule_based
7.1,80.075,2023-04,210.1,97.6,26.9,12.0,29.3,3.1,clay,0.55,0.62,Flood,False,False,False,rule_based
7.1,80.075,2023-05,233.2,96.7,26.8,14.2,29.3,3.1,clay,0.55,0.59,Flood,False,False,False,rule_based
7.1,80.075,2023-06,324.3,97.4,26.3,16.2,29.3,3.1,clay,0.55,0.61,Flood,False,False,False,rule_based
7.1,80.075,2023-07,278.9,96.1,26.3,16.8,29.3,3.1,clay,0.55,0.53,Flood,False,False,False,rule_based
7.1,80.075,2023-08,119.1,96.0,26.6,17.1,29.3,3.1,clay,0.55,0.59,Flood,False,False,False,rule_based
7.1,80.075,2023-09,563.7,97.1,25.4,17.0,29.3,3.1,clay,0.55,0.62,Flood,False,False,False,rule_based
7.1,80.075,2023-10,618.4,98.1,25.4,12.5,29.3,3.1,clay,0.55,0.58,Flood,False,False,False,rule_based
7.1,80.075,2023-11,557.1,99.3,25.4,10.0,29.3,3.1,clay,0.55,0.61,Flood,False,False,False,rule_based
7.1,80.075,2023-12,403.4,97.8,25.8,13.6,29.3,3.1,clay,0.55,0.62,Flood,False,False,False,rule_based
7.1,80.075,2024-01,192.4,94.4,26.1,13.7,29.3,3.1,clay,0.55,0.6,Flood,False,False,False,rule_based
7.1,80.075,2024-02,27.6,91.4,28.1,16.6,29.3,3.1,clay,0.55,0.43,No Risk,False,False,False,rule_based
7.1,80.075,2024-03,112.6,95.8,28.3,15.7,29.3,3.1,clay,0.55,0.58,Flood,False,False,False,rule_based
7.1,80.075,2024-04,223.9,98.3,28.1,12.4,29.3,3.1,clay,0.55,0.6,Flood,False,False,False,rule_based
7.1,80.075,2024-05,717.2,97.6,27.1,15.5,29.3,3.1,clay,0.55,0.63,Flood,False,False,False,rule_based
7.1,80.075,2024-06,391.2,96.5,26.5,17.1,29.3,3.1,clay,0.55,0.61,Flood,False,False,False,rule_based
7.1,80.075,2024-07,315.7,97.0,26.5,16.0,29.3,3.1,clay,0.55,0.59,Flood,False,False,False,rule_based
7.1,80.075,2024-08,265.0,96.4,26.2,16.4,29.3,3.1,clay,0.55,0.62,Flood,False,False,False,rule_based
7.1,80.075,2024-09,349.2,97.4,26.3,17.0,29.3,3.1,clay,0.55,0.63,Flood,False,False,False,rule_based
7.1,80.075,2024-10,405.0,97.4,25.8,13.4,29.3,3.1,clay,0.55,0.55,Flood,False,False,False,rule_based
7.1,80.075,2024-11,472.7,98.8,25.3,13.4,29.3,3.1,clay,0.55,0.64,Flood,False,False,False,rule_based
7.1,80.075,2024-12,158.5,98.0,25.7,12.5,29.3,3.1,clay,0.55,0.6,Flood,False,False,False,rule_based
7.1,80.075,2025-01,317.9,96.8,25.4,15.1,29.3,3.1,clay,0.55,0.62,Flood,False,False,False,rule_based
7.1,80.075,2025-02,50.5,95.7,26.9,14.8,29.3,3.1,clay,0.55,0.52,Warning,False,False,False,rule_based
7.1,80.075,2025-03,197.9,98.1,26.5,11.9,29.3,3.1,clay,0.55,0.57,Flood,False,False,False,rule_based
7.1,80.075,2025-04,257.3,98.1,26.5,12.6,29.3,3.1,clay,0.55,0.59,Flood,False,False,False,rule_based
7.1,80.075,2025-05,299.7,97.8,26.8,15.9,29.3,3.1,clay,0.55,0.6,Flood,False,False,False,rule_based
7.1,80.075,2025-06,426.2,98.7,26.2,16.6,29.3,3.1,clay,0.55,0.59,Flood,False,False,False,rule_based
7.1,80.075,2025-07,288.8,97.6,26.3,17.4,29.3,3.1,clay,0.55,0.66,Flood,False,False,False,rule_based
7.1,80.075,2025-08,229.1,98.4,26.0,16.5,29.3,3.1,clay,0.55,0.58,Flood,False,False,False,rule_based
7.1,80.075,2025-09,256.8,98.7,26.0,16.6,29.3,3.1,clay,0.55,0.59,Flood,False,False,False,rule_based
7.1,80.075,2025-10,335.5,97.8,26.0,12.3,29.3,3.1,clay,0.55,0.61,Flood,False,False,False,rule_based
7.1,80.075,2025-11,705.2,98.3,25.3,14.6,29.3,3.1,clay,0.55,0.57,Flood,False,False,False,rule_based
7.1,80.075,2025-12,179.8,95.6,25.7,15.5,29.3,3.1,clay,0.55,0.6,Flood,False,False,False,rule_based
7.1,80.1,2023-01,126.6,90.0,24.9,17.2,30.0,3.2,loam,2.22,0.62,Flood,False,False,False,rule_based
7.1,80.1,2023-02,100.4,94.5,25.6,13.9,30.0,3.2,loam,2.22,0.6,Flood,False,False,False,rule_based
7.1,80.1,2023-03,151.8,95.6,26.4,13.0,30.0,3.2,loam,2.22,0.61,Flood,False,False,False,rule_based
7.1,80.1,2023-04,174.6,97.1,26.9,12.9,30.0,3.2,loam,2.22,0.59,Flood,False,False,False,rule_based
7.1,80.1,2023-05,229.9,96.1,26.6,14.5,30.0,3.2,loam,2.22,0.56,Flood,False,False,False,rule_based
7.1,80.1,2023-06,296.8,96.7,26.0,16.7,30.0,3.2,loam,2.22,0.62,Flood,False,False,False,rule_based
7.1,80.1,2023-07,266.5,96.4,25.9,17.3,30.0,3.2,loam,2.22,0.66,Flood,False,False,False,rule_based
7.1,80.1,2023-08,91.1,95.5,26.4,17.9,30.0,3.2,loam,2.22,0.59,Flood,False,False,False,rule_based
7.1,80.1,2023-09,538.1,97.0,25.0,18.0,30.0,3.2,loam,2.22,0.62,Flood,False,False,False,rule_based
7.1,80.1,2023-10,541.4,97.7,25.1,13.3,30.0,3.2,loam,2.22,0.63,Flood,False,False,False,rule_based
7.1,80.1,2023-11,608.9,98.5,25.1,10.5,30.0,3.2,loam,2.22,0.57,Flood,False,False,False,rule_based
7.1,80.1,2023-12,387.0,97.0,25.5,15.1,30.0,3.2,loam,2.22,0.66,Flood,False,False,False,rule_based
7.1,80.1,2024-01,152.2,94.0,25.8,14.0,30.0,3.2,loam,2.22,0.62,Flood,False,False,False,rule_based
7.1,80.1,2024-02,25.4,90.9,27.8,17.2,30.0,3.2,loam,2.22,0.47,No Risk,False,False,False,rule_based
7.1,80.1,2024-03,71.2,93.6,28.3,16.3,30.0,3.2,loam,2.22,0.52,Warning,False,False,False,rule_based
7.1,80.1,2024-04,210.1,97.1,28.0,13.2,30.0,3.2,loam,2.22,0.66,Flood,False,False,False,rule_based
7.1,80.1,2024-05,687.7,97.4,26.8,16.0,30.0,3.2,loam,2.22,0.63,Flood,False,False,False,rule_based
7.1,80.1,2024-06,334.7,96.7,26.1,18.3,30.0,3.2,loam,2.22,0.63,Flood,False,False,False,rule_based
7.1,80.1,2024-07,318.9,96.7,26.1,16.8,30.0,3.2,loam,2.22,0.62,Flood,False,False,False,rule_based
7.1,80.1,2024-08,279.8,95.8,25.8,17.1,30.0,3.2,loam,2.22,0.6,Flood,False,False,False,rule_based
7.1,80.1,2024-09,284.1,97.4,25.8,17.6,30.0,3.2,loam,2.22,0.65,Flood,False,False,False,rule_based
7.1,80.1,2024-10,393.0,97.0,25.5,13.8,30.0,3.2,loam,2.22,0.61,Flood,False,False,False,rule_based
7.1,80.1,2024-11,574.4,98.6,25.0,13.5,30.0,3.2,loam,2.22,0.55,Flood,False,False,False,rule_based
7.1,80.1,2024-12,144.9,97.5,25.4,13.2,30.0,3.2,loam,2.22,0.58,Flood,False,False,False,rule_based
7.1,80.1,2025-01,263.6,97.1,25.1,16.4,30.0,3.2,loam,2.22,0.6,Flood,False,False,False,rule_based
7.1,80.1,2025-02,35.8,95.1,26.6,15.7,30.0,3.2,loam,2.22,0.46,Warning,False,False,False,rule_based
7.1,80.1,2025-03,179.3,97.5,26.2,12.4,30.0,3.2,loam,2.22,0.61,Flood,False,False,False,rule_based
7.1,80.1,2025-04,256.2,98.3,26.0,13.4,30.0,3.2,loam,2.22,0.65,Flood,False,False,False,rule_based
7.1,80.1,2025-05,270.7,98.5,26.3,16.9,30.0,3.2,loam,2.22,0.55,Flood,False,False,False,rule_based
7.1,80.1,2025-06,384.6,99.0,25.6,17.6,30.0,3.2,loam,2.22,0.61,Flood,False,False,False,rule_based
7.1,80.1,2025-07,269.7,98.5,25.7,17.9,30.0,3.2,loam,2.22,0.56,Flood,False,False,False,rule_based
7.1,80.1,2025-08,230.7,98.7,25.4,17.4,30.0,3.2,loam,2.22,0.63,Flood,False,False,False,rule_based
7.1,80.1,2025-09,261.1,98.7,25.4,17.5,30.0,3.2,loam,2.22,0.61,Flood,False,False,False,rule_based
7.1,80.1,2025-10,342.3,97.7,25.5,12.9,30.0,3.2,loam,2.22,0.62,Flood,False,False,False,rule_based
7.1,80.1,2025-11,720.8,98.4,24.9,15.6,30.0,3.2,loam,2.22,0.58,Flood,False,False,False,rule_based
7.1,80.1,2025-12,153.7,95.8,25.4,16.8,30.0,3.2,loam,2.22,0.65,Flood,False,False,False,rule_based
7.1,80.125,2023-01,139.2,90.5,24.9,15.9,30.7,3.3,loam,2.78,0.64,Flood,False,False,False,rule_based
7.1,80.125,2023-02,109.4,95.8,25.6,12.7,30.7,3.3,loam,2.78,0.63,Flood,False,False,False,rule_based
7.1,80.125,2023-03,178.2,96.9,26.2,11.6,30.7,3.3,loam,2.78,0.61,Flood,False,False,False,rule_based
7.1,80.125,2023-04,203.6,97.0,26.8,12.4,30.7,3.3,loam,2.78,0.63,Flood,False,False,False,rule_based
7.1,80.125,2023-05,220.9,96.1,26.6,13.6,30.7,3.3,loam,2.78,0.59,Flood,False,False,False,rule_based
7.1,80.125,2023-06,323.6,96.8,26.0,15.3,30.7,3.3,loam,2.78,0.64,Flood,False,False,False,rule_based
7.1,80.125,2023-07,301.7,96.6,25.9,16.4,30.7,3.3,loam,2.78,0.66,Flood,False,False,False,rule_based
7.1,80.125,2023-08,121.5,95.5,26.4,17.1,30.7,3.3,loam,2.78,0.64,Flood,False,False,False,rule_based
7.1,80.125,2023-09,592.1,96.8,25.1,17.4,30.7,3.3,loam,2.78,0.59,Flood,False,False,False,rule_based
7.1,80.125,2023-10,600.5,97.4,25.1,13.1,30.7,3.3,loam,2.78,0.62,Flood,False,False,False,rule_based
7.1,80.125,2023-11,597.1,98.6,25.2,10.0,30.7,3.3,loam,2.78,0.57,Flood,False,False,False,rule_based
7.1,80.125,2023-12,434.2,97.2,25.5,13.6,30.7,3.3,loam,2.78,0.63,Flood,False,False,False,rule_based
7.1,80.125,2024-01,188.3,94.5,25.9,13.1,30.7,3.3,loam,2.78,0.62,Flood,False,False,False,rule_based
7.1,80.125,2024-02,26.9,91.4,27.8,16.3,30.7,3.3,loam,2.78,0.37,No Risk,False,False,False,rule_based
7.1,80.125,2024-03,93.8,94.3,28.3,16.3,30.7,3.3,loam,2.78,0.56,Flood,False,False,False,rule_based
7.1,80.125,2024-04,224.0,96.8,28.0,12.8,30.7,3.3,loam,2.78,0.6,Flood,False,False,False,rule_based
7.1,80.125,2024-05,773.7,97.2,26.8,15.6,30.7,3.3,loam,2.78,0.6,Flood,False,False,False,rule_based
7.1,80.125,2024-06,393.4,96.6,26.1,17.0,30.7,3.3,loam,2.78,0.58,Flood,False,False,False,rule_based
7.1,80.125,2024-07,327.8,96.7,26.2,16.1,30.7,3.3,loam,2.78,0.62,Flood,False,False,False,rule_based
7.1,80.125,2024-08,298.8,95.7,25.9,16.5,30.7,3.3,loam,2.78,0.62,Flood,False,False,False,rule_based
7.1,80.125,2024-09,350.6,97.6,25.9,16.8,30.7,3.3,loam,2.78,0.61,Flood,False,False,False,rule_based
7.1,80.125,2024-10,438.3,96.9,25.5,13.5,30.7,3.3,loam,2.78,0.59,Flood,False,False,False,rule_based
7.1,80.125,2024-11,518.6,98.5,25.1,13.7,30.7,3.3,loam,2.78,0.64,Flood,False,False,False,rule_based
7.1,80.125,2024-12,142.8,97.5,25.4,13.1,30.7,3.3,loam,2.78,0.66,Flood,False,False,False,rule_based
7.1,80.125,2025-01,281.8,97.5,25.1,14.9,30.7,3.3,loam,2.78,0.6,Flood,False,False,False,rule_based
7.1,80.125,2025-02,51.4,95.6,26.4,15.1,30.7,3.3,loam,2.78,0.47,Warning,False,False,False,rule_based
7.1,80.125,2025-03,178.8,97.8,26.2,12.1,30.7,3.3,loam,2.78,0.63,Flood,False,False,False,rule_based
7.1,80.125,2025-04,283.7,98.4,26.0,12.8,30.7,3.3,loam,2.78,0.6,Flood,False,False,False,rule_based
7.1,80.125,2025-05,307.2,98.5,26.2,15.7,30.7,3.3,loam,2.78,0.61,Flood,False,False,False,rule_based
7.1,80.125,2025-06,429.9,98.9,25.6,16.6,30.7,3.3,loam,2.78,0.63,Flood,False,False,False,rule_based
7.1,80.125,2025-07,339.9,98.4,25.7,17.0,30.7,3.3,loam,2.78,0.55,Flood,False,False,False,rule_based
7.1,80.125,2025-08,273.2,98.5,25.4,16.5,30.7,3.3,loam,2.78,0.65,Flood,False,False,False,rule_based
7.1,80.125,2025-09,287.6,98.8,25.4,16.5,30.7,3.3,loam,2.78,0.61,Flood,False,False,False,rule_based
7.1,80.125,2025-10,356.3,97.8,25.6,12.3,30.7,3.3,loam,2.78,0.6,Flood,False,False,False,rule_based
7.1,80.125,2025-11,726.1,98.5,25.0,15.1,30.7,3.3,loam,2.78,0.61,Flood,False,False,False,rule_based
7.1,80.125,2025-12,187.8,96.1,25.4,15.7,30.7,3.3,loam,2.78,0.61,Flood,False,False,False,rule_based
7.1,80.15,2023-01,139.2,90.5,24.9,15.9,63.0,7.3,loam,4.96,0.62,Warning,False,False,False,rule_based
7.1,80.15,2023-02,109.4,95.8,25.6,12.7,63.0,7.3,loam,4.96,0.72,Warning,False,False,False,rule_based
7.1,80.15,2023-03,178.2,96.9,26.2,11.6,63.0,7.3,loam,4.96,0.68,Warning,False,False,False,rule_based
7.1,80.15,2023-04,203.6,97.0,26.8,12.4,63.0,7.3,loam,4.96,0.69,Warning,False,False,False,rule_based
7.1,80.15,2023-05,220.9,96.1,26.6,13.6,63.0,7.3,loam,4.96,0.7,Warning,False,False,False,rule_based
7.1,80.15,2023-06,323.6,96.8,26.0,15.3,63.0,7.3,loam,4.96,0.65,Warning,False,False,False,rule_based
7.1,80.15,2023-07,301.7,96.6,25.9,16.4,63.0,7.3,loam,4.96,0.69,Warning,False,False,False,rule_based
7.1,80.15,2023-08,121.5,95.5,26.4,17.1,63.0,7.3,loam,4.96,0.67,Warning,False,False,False,rule_based
7.1,80.15,2023-09,592.1,96.8,25.1,17.4,63.0,7.3,loam,4.96,0.7,Warning,False,False,False,rule_based
7.1,80.15,2023-10,600.5,97.4,25.1,13.1,63.0,7.3,loam,4.96,0.61,Warning,False,False,False,rule_based
7.1,80.15,2023-11,597.1,98.6,25.2,10.0,63.0,7.3,loam,4.96,0.67,Warning,False,False,False,rule_based
7.1,80.15,2023-12,434.2,97.2,25.5,13.6,63.0,7.3,loam,4.96,0.66,Warning,False,False,False,rule_based
7.1,80.15,2024-01,188.3,94.5,25.9,13.1,63.0,7.3,loam,4.96,0.69,Warning,False,False,False,rule_based
7.1,80.15,2024-02,26.9,91.4,27.8,16.3,63.0,7.3,loam,4.96,0.51,No Risk,False,False,False,rule_based
7.1,80.15,2024-03,93.8,94.3,28.3,16.3,63.0,7.3,loam,4.96,0.64,Warning,False,False,False,rule_based
7.1,80.15,2024-04,224.0,96.8,28.0,12.8,63.0,7.3,loam,4.96,0.65,Warning,False,False,False,rule_based
7.1,80.15,2024-05,773.7,97.2,26.8,15.6,63.0,7.3,loam,4.96,0.67,Warning,False,False,False,rule_based
7.1,80.15,2024-06,393.4,96.6,26.1,17.0,63.0,7.3,loam,4.96,0.65,Warning,False,False,False,rule_based
7.1,80.15,2024-07,327.8,96.7,26.2,16.1,63.0,7.3,loam,4.96,0.7,Warning,False,False,False,rule_based
7.1,80.15,2024-08,298.8,95.7,25.9,16.5,63.0,7.3,loam,4.96,0.66,Warning,False,False,False,rule_based
7.1,80.15,2024-09,350.6,97.6,25.9,16.8,63.0,7.3,loam,4.96,0.59,Warning,False,False,False,rule_based
7.1,80.15,2024-10,438.3,96.9,25.5,13.5,63.0,7.3,loam,4.96,0.66,Warning,False,False,False,rule_based
7.1,80.15,2024-11,518.6,98.5,25.1,13.7,63.0,7.3,loam,4.96,0.64,Warning,False,False,False,rule_based
7.1,80.15,2024-12,142.8,97.5,25.4,13.1,63.0,7.3,loam,4.96,0.63,Warning,False,False,False,rule_based
7.1,80.15,2025-01,281.8,97.5,25.1,14.9,63.0,7.3,loam,4.96,0.64,Warning,False,False,False,rule_based
7.1,80.15,2025-02,51.4,95.6,26.4,15.1,63.0,7.3,loam,4.96,0.56,Warning,False,False,False,rule_based
7.1,80.15,2025-03,178.8,97.8,26.2,12.1,63.0,7.3,loam,4.96,0.72,Warning,False,False,False,rule_based
7.1,80.15,2025-04,283.7,98.4,26.0,12.8,63.0,7.3,loam,4.96,0.69,Warning,False,False,False,rule_based
7.1,80.15,2025-05,307.2,98.5,26.2,15.7,63.0,7.3,loam,4.96,0.66,Warning,False,False,False,rule_based
7.1,80.15,2025-06,429.9,98.9,25.6,16.6,63.0,7.3,loam,4.96,0.69,Warning,False,False,False,rule_based
7.1,80.15,2025-07,339.9,98.4,25.7,17.0,63.0,7.3,loam,4.96,0.66,Warning,False,False,False,rule_based
7.1,80.15,2025-08,273.2,98.5,25.4,16.5,63.0,7.3,loam,4.96,0.66,Warning,False,False,False,rule_based
7.1,80.15,2025-09,287.6,98.8,25.4,16.5,63.0,7.3,loam,4.96,0.64,Warning,False,False,False,rule_based
7.1,80.15,2025-10,356.3,97.8,25.6,12.3,63.0,7.3,loam,4.96,0.62,Warning,False,False,False,rule_based
7.1,80.15,2025-11,726.1,98.5,25.0,15.1,63.0,7.3,loam,4.96,0.66,Warning,False,False,False,rule_based
7.1,80.15,2025-12,187.8,96.1,25.4,15.7,63.0,7.3,loam,4.96,0.68,Warning,False,False,False,rule_based
7.1,80.175,2023-01,104.2,91.3,24.6,15.9,64.2,7.6,loam,2.78,0.68,Warning,False,False,False,rule_based
7.1,80.175,2023-02,73.0,95.4,25.4,13.6,64.2,7.6,loam,2.78,0.6,Warning,False,False,False,rule_based
7.1,80.175,2023-03,147.9,95.8,26.2,12.9,64.2,7.6,loam,2.78,0.65,Warning,False,False,False,rule_based
7.1,80.175,2023-04,152.8,96.4,26.9,12.7,64.2,7.6,loam,2.78,0.7,Warning,False,False,False,rule_based
7.1,80.175,2023-05,232.4,95.5,26.4,14.7,64.2,7.6,loam,2.78,0.64,Warning,False,False,False,rule_based
7.1,80.175,2023-06,285.7,95.4,25.9,16.1,64.2,7.6,loam,2.78,0.7,Warning,False,False,False,rule_based
7.1,80.175,2023-07,274.9,95.3,25.7,16.9,64.2,7.6,loam,2.78,0.65,Warning,False,False,False,rule_based
7.1,80.175,2023-08,94.1,94.5,26.3,17.6,64.2,7.6,loam,2.78,0.64,Warning,False,False,False,rule_based
7.1,80.175,2023-09,531.8,96.5,24.8,17.7,64.2,7.6,loam,2.78,0.63,Warning,False,False,False,rule_based
7.1,80.175,2023-10,491.4,97.8,24.9,13.6,64.2,7.6,loam,2.78,0.66,Warning,False,False,False,rule_based
7.1,80.175,2023-11,562.3,98.9,24.9,10.6,64.2,7.6,loam,2.78,0.71,Warning,False,False,False,rule_based
7.1,80.175,2023-12,383.0,97.4,25.3,14.2,64.2,7.6,loam,2.78,0.69,Warning,False,False,False,rule_based
7.1,80.175,2024-01,157.5,95.3,25.5,13.3,64.2,7.6,loam,2.78,0.71,Warning,False,False,False,rule_based
7.1,80.175,2024-02,19.3,91.9,27.4,16.4,64.2,7.6,loam,2.78,0.49,No Risk,False,False,False,rule_based
7.1,80.175,2024-03,71.6,93.8,28.1,15.9,64.2,7.6,loam,2.78,0.57,Warning,False,False,False,rule_based
7.1,80.175,2024-04,218.0,96.7,27.8,12.8,64.2,7.6,loam,2.78,0.67,Warning,False,False,False,rule_based
7.1,80.175,2024-05,711.3,97.5,26.6,16.0,64.2,7.6,loam,2.78,0.65,Warning,False,False,False,rule_based
7.1,80.175,2024-06,338.8,96.3,25.9,18.2,64.2,7.6,loam,2.78,0.72,Warning,False,False,False,rule_based
7.1,80.175,2024-07,312.9,96.0,26.0,16.6,64.2,7.6,loam,2.78,0.64,Warning,False,False,False,rule_based
7.1,80.175,2024-08,313.4,95.4,25.7,16.6,64.2,7.6,loam,2.78,0.71,Warning,False,False,False,rule_based
7.1,80.175,2024-09,290.9,96.8,25.6,16.7,64.2,7.6,loam,2.78,0.71,Warning,False,False,False,rule_based
7.1,80.175,2024-10,471.7,96.6,25.3,13.7,64.2,7.6,loam,2.78,0.73,Warning,False,False,False,rule_based
7.1,80.175,2024-11,565.6,98.7,24.8,12.7,64.2,7.6,loam,2.78,0.67,Warning,False,False,False,rule_based
7.1,80.175,2024-12,168.6,97.2,25.2,12.7,64.2,7.6,loam,2.78,0.7,Warning,False,False,False,rule_based
7.1,80.175,2025-01,274.9,97.5,24.8,14.8,64.2,7.6,loam,2.78,0.75,Warning,False,False,False,rule_based
7.1,80.175,2025-02,41.8,96.0,26.1,14.5,64.2,7.6,loam,2.78,0.51,No Risk,False,False,False,rule_based
7.1,80.175,2025-03,179.3,97.5,26.0,11.6,64.2,7.6,loam,2.78,0.63,Warning,False,False,False,rule_based
7.1,80.175,2025-04,274.4,97.7,25.9,12.9,64.2,7.6,loam,2.78,0.62,Warning,False,False,False,rule_based
7.1,80.175,2025-05,253.3,97.5,26.1,15.7,64.2,7.6,loam,2.78,0.7,Warning,False,False,False,rule_based
7.1,80.175,2025-06,401.0,97.7,25.4,16.3,64.2,7.6,loam,2.78,0.62,Warning,False,False,False,rule_based
7.1,80.175,2025-07,274.3,97.8,25.4,16.8,64.2,7.6,loam,2.78,0.67,Warning,False,False,False,rule_based
7.1,80.175,2025-08,284.3,97.6,25.2,16.6,64.2,7.6,loam,2.78,0.69,Warning,False,False,False,rule_based
7.1,80.175,2025-09,288.1,97.8,25.2,16.6,64.2,7.6,loam,2.78,0.68,Warning,False,False,False,rule_based
7.1,80.175,2025-10,351.4,97.4,25.3,12.8,64.2,7.6,loam,2.78,0.69,Warning,False,False,False,rule_based
7.1,80.175,2025-11,763.8,98.9,24.6,14.9,64.2,7.6,loam,2.78,0.69,Warning,False,False,False,rule_based
7.1,80.175,2025-12,123.8,96.4,25.1,15.3,64.2,7.6,loam,2.78,0.72,Warning,False,False,False,rule_based
7.1,80.2,2023-01,136.7,92.2,24.5,14.8,65.5,7.8,clay,0.0,0.65,Warning,False,False,False,rule_based
7.1,80.2,2023-02,99.6,96.4,25.3,12.1,65.5,7.8,clay,0.0,0.66,Warning,False,False,False,rule_based
7.1,80.2,2023-03,156.8,97.0,25.9,11.4,65.5,7.8,clay,0.0,0.66,Warning,False,False,False,rule_based
7.1,80.2,2023-04,160.9,96.7,26.6,11.7,65.5,7.8,clay,0.0,0.71,Warning,False,False,False,rule_based
7.1,80.2,2023-05,221.1,95.4,26.4,13.2,65.5,7.8,clay,0.0,0.71,Warning,False,False,False,rule_based
7.1,80.2,2023-06,324.4,95.9,25.8,14.4,65.5,7.8,clay,0.0,0.69,Warning,False,False,False,rule_based
7.1,80.2,2023-07,326.1,95.4,25.7,15.8,65.5,7.8,clay,0.0,0.72,Warning,False,False,False,rule_based
7.1,80.2,2023-08,120.1,94.8,26.2,16.7,65.5,7.8,clay,0.0,0.65,Warning,False,False,False,rule_based
7.1,80.2,2023-09,566.4,96.3,24.9,16.9,65.5,7.8,clay,0.0,0.73,Warning,False,False,False,rule_based
7.1,80.2,2023-10,578.0,97.5,24.9,13.3,65.5,7.8,clay,0.0,0.73,Warning,False,False,False,rule_based
7.1,80.2,2023-11,568.6,98.8,24.9,10.6,65.5,7.8,clay,0.0,0.7,Warning,False,False,False,rule_based
7.1,80.2,2023-12,416.7,97.7,25.3,12.9,65.5,7.8,clay,0.0,0.73,Warning,False,False,False,rule_based
7.1,80.2,2024-01,178.8,96.0,25.6,12.4,65.5,7.8,clay,0.0,0.63,Warning,False,False,False,rule_based
7.1,80.2,2024-02,33.8,93.7,27.3,15.5,65.5,7.8,clay,0.0,0.5,No Risk,False,False,False,rule_based
7.1,80.2,2024-03,71.0,94.7,28.0,16.1,65.5,7.8,clay,0.0,0.59,Warning,False,False,False,rule_based
7.1,80.2,2024-04,194.2,96.6,27.7,12.5,65.5,7.8,clay,0.0,0.7,Warning,False,False,False,rule_based
7.1,80.2,2024-05,755.8,97.3,26.6,15.4,65.5,7.8,clay,0.0,0.65,Warning,False,False,False,rule_based
7.1,80.2,2024-06,419.1,96.0,25.9,16.9,65.5,7.8,clay,0.0,0.7,Warning,False,False,False,rule_based
7.1,80.2,2024-07,331.9,96.0,26.0,15.4,65.5,7.8,clay,0.0,0.72,Warning,False,False,False,rule_based
7.1,80.2,2024-08,344.1,95.2,25.7,15.7,65.5,7.8,clay,0.0,0.7,Warning,False,False,False,rule_based
7.1,80.2,2024-09,313.3,97.0,25.6,15.7,65.5,7.8,clay,0.0,0.69,Warning,False,False,False,rule_based
7.1,80.2,2024-10,474.7,96.6,25.3,13.0,65.5,7.8,clay,0.0,0.65,Warning,False,False,False,rule_based
7.1,80.2,2024-11,508.6,98.5,24.8,12.8,65.5,7.8,clay,0.0,0.66,Warning,False,False,False,rule_based
7.1,80.2,2024-12,153.2,97.5,25.3,12.5,65.5,7.8,clay,0.0,0.72,Warning,False,False,False,rule_based
7.1,80.2,2025-01,291.3,98.2,24.9,12.9,65.5,7.8,clay,0.0,0.7,Warning,False,False,False,rule_based
7.1,80.2,2025-02,33.2,96.6,26.1,14.2,65.5,7.8,clay,0.0,0.51,No Risk,False,False,False,rule_based
7.1,80.2,2025-03,205.9,97.8,25.9,11.6,65.5,7.8,clay,0.0,0.67,Warning,False,False,False,rule_based
7.1,80.2,2025-04,299.2,98.3,25.7,12.3,65.5,7.8,clay,0.0,0.62,Warning,False,False,False,rule_based
7.1,80.2,2025-05,305.5,98.3,25.9,14.4,65.5,7.8,clay,0.0,0.65,Warning,False,False,False,rule_based
7.1,80.2,2025-06,449.6,98.6,25.3,15.3,65.5,7.8,clay,0.0,0.74,Warning,False,False,False,rule_based
7.1,80.2,2025-07,409.7,98.2,25.4,15.6,65.5,7.8,clay,0.0,0.64,Warning,False,False,False,rule_based
7.1,80.2,2025-08,296.6,98.1,25.1,15.5,65.5,7.8,clay,0.0,0.69,Warning,False,False,False,rule_based
7.1,80.2,2025-09,325.8,98.4,25.1,15.3,65.5,7.8,clay,0.0,0.71,Warning,False,False,False,rule_based
7.1,80.2,2025-10,363.7,97.9,25.3,11.9,65.5,7.8,clay,0.0,0.64,Warning,False,False,False,rule_based
7.1,80.2,2025-11,731.2,98.9,24.7,14.3,65.5,7.8,clay,0.0,0.69,Warning,False,False,False,rule_based
7.1,80.2,2025-12,166.6,97.2,25.2,14.4,65.5,7.8,clay,0.0,0.71,Warning,False,False,False,rule_based
7.1,80.225,2023-01,136.7,92.2,24.5,14.8,66.7,8.0,loam,2.77,0.68,Warning,False,False,False,rule_based
7.1,80.225,2023-02,99.6,96.4,25.3,12.1,66.7,8.0,loam,2.77,0.77,Warning,False,False,False,rule_based
7.1,80.225,2023-03,156.8,97.0,25.9,11.4,66.7,8.0,loam,2.77,0.63,Warning,False,False,False,rule_based
7.1,80.225,2023-04,160.9,96.7,26.6,11.7,66.7,8.0,loam,2.77,0.72,Warning,False,False,False,rule_based
7.1,80.225,2023-05,221.1,95.4,26.4,13.2,66.7,8.0,loam,2.77,0.68,Warning,False,False,False,rule_based
7.1,80.225,2023-06,324.4,95.9,25.8,14.4,66.7,8.0,loam,2.77,0.71,Warning,False,False,False,rule_based
7.1,80.225,2023-07,326.1,95.4,25.7,15.8,66.7,8.0,loam,2.77,0.7,Warning,False,False,False,rule_based
7.1,80.225,2023-08,120.1,94.8,26.2,16.7,66.7,8.0,loam,2.77,0.66,Warning,False,False,False,rule_based
7.1,80.225,2023-09,566.4,96.3,24.9,16.9,66.7,8.0,loam,2.77,0.69,Warning,False,False,False,rule_based
7.1,80.225,2023-10,578.0,97.5,24.9,13.3,66.7,8.0,loam,2.77,0.63,Warning,False,False,False,rule_based
7.1,80.225,2023-11,568.6,98.8,24.9,10.6,66.7,8.0,loam,2.77,0.7,Warning,False,False,False,rule_based
7.1,80.225,2023-12,416.7,97.7,25.3,12.9,66.7,8.0,loam,2.77,0.69,Warning,False,False,False,rule_based
7.1,80.225,2024-01,178.8,96.0,25.6,12.4,66.7,8.0,loam,2.77,0.7,Warning,False,False,False,rule_based
7.1,80.225,2024-02,33.8,93.7,27.3,15.5,66.7,8.0,loam,2.77,0.55,No Risk,False,False,False,rule_based
7.1,80.225,2024-03,71.0,94.7,28.0,16.1,66.7,8.0,loam,2.77,0.62,Warning,False,False,False,rule_based
7.1,80.225,2024-04,194.2,96.6,27.7,12.5,66.7,8.0,loam,2.77,0.69,Warning,False,False,False,rule_based
7.1,80.225,2024-05,755.8,97.3,26.6,15.4,66.7,8.0,loam,2.77,0.66,Warning,False,False,False,rule_based
7.1,80.225,2024-06,419.1,96.0,25.9,16.9,66.7,8.0,loam,2.77,0.66,Warning,False,False,False,rule_based
7.1,80.225,2024-07,331.9,96.0,26.0,15.4,66.7,8.0,loam,2.77,0.72,Warning,False,False,False,rule_based
7.1,80.225,2024-08,344.1,95.2,25.7,15.7,66.7,8.0,loam,2.77,0.73,Warning,False,False,False,rule_based
7.1,80.225,2024-09,313.3,97.0,25.6,15.7,66.7,8.0,loam,2.77,0.68,Warning,False,False,False,rule_based
7.1,80.225,2024-10,474.7,96.6,25.3,13.0,66.7,8.0,loam,2.77,0.68,Warning,False,False,False,rule_based
7.1,80.225,2024-11,508.6,98.5,24.8,12.8,66.7,8.0,loam,2.77,0.66,Warning,False,False,False,rule_based
7.1,80.225,2024-12,153.2,97.5,25.3,12.5,66.7,8.0,loam,2.77,0.72,Warning,False,False,False,rule_based
7.1,80.225,2025-01,291.3,98.2,24.9,12.9,66.7,8.0,loam,2.77,0.7,Warning,False,False,False,rule_based
7.1,80.225,2025-02,33.2,96.6,26.1,14.2,66.7,8.0,loam,2.77,0.57,No Risk,False,False,False,rule_based
7.1,80.225,2025-03,205.9,97.8,25.9,11.6,66.7,8.0,loam,2.77,0.66,Warning,False,False,False,rule_based
7.1,80.225,2025-04,299.2,98.3,25.7,12.3,66.7,8.0,loam,2.77,0.67,Warning,False,False,False,rule_based
7.1,80.225,2025-05,305.5,98.3,25.9,14.4,66.7,8.0,loam,2.77,0.69,Warning,False,False,False,rule_based
7.1,80.225,2025-06,449.6,98.6,25.3,15.3,66.7,8.0,loam,2.77,0.7,Warning,False,False,False,rule_based
7.1,80.225,2025-07,409.7,98.2,25.4,15.6,66.7,8.0,loam,2.77,0.68,Warning,False,False,False,rule_based
7.1,80.225,2025-08,296.6,98.1,25.1,15.5,66.7,8.0,loam,2.77,0.66,Warning,False,False,False,rule_based
7.1,80.225,2025-09,325.8,98.4,25.1,15.3,66.7,8.0,loam,2.77,0.71,Warning,False,False,False,rule_based
7.1,80.225,2025-10,363.7,97.9,25.3,11.9,66.7,8.0,loam,2.77,0.71,Warning,False,False,False,rule_based
7.1,80.225,2025-11,731.2,98.9,24.7,14.3,66.7,8.0,loam,2.77,0.66,Warning,False,False,False,rule_based
7.1,80.225,2025-12,166.6,97.2,25.2,14.4,66.7,8.0,loam,2.77,0.72,Warning,False,False,False,rule_based
7.1,80.25,2023-01,106.8,91.8,24.2,14.6,124.0,18.2,sandy,4.0,0.83,Landslide,False,False,False,rule_based
7.1,80.25,2023-02,99.4,96.0,25.0,13.0,124.0,18.2,sandy,4.0,0.8,Landslide,False,False,False,rule_based
7.1,80.25,2023-03,146.7,95.4,25.9,12.1,124.0,18.2,sandy,4.0,0.8,Landslide,False,False,False,rule_based
7.1,80.25,2023-04,145.4,96.2,26.5,12.4,124.0,18.2,sandy,4.0,0.81,Landslide,False,False,False,rule_based
7.1,80.25,2023-05,217.0,94.5,26.2,14.5,124.0,18.2,sandy,4.0,0.77,Landslide,False,False,False,rule_based
7.1,80.25,2023-06,280.0,94.3,25.7,15.4,124.0,18.2,sandy,4.0,0.8,Landslide,False,False,False,rule_based
7.1,80.25,2023-07,308.0,93.5,25.6,16.1,124.0,18.2,sandy,4.0,0.73,Landslide,False,False,False,rule_based
7.1,80.25,2023-08,97.0,92.4,26.3,17.3,124.0,18.2,sandy,4.0,0.82,Landslide,False,False,False,rule_based
7.1,80.25,2023-09,470.1,95.7,24.6,18.0,124.0,18.2,sandy,4.0,0.75,Landslide,False,False,False,rule_based
7.1,80.25,2023-10,494.3,97.6,24.7,13.8,124.0,18.2,sandy,4.0,0.84,Landslide,False,False,False,rule_based
7.1,80.25,2023-11,584.8,98.7,24.7,10.8,124.0,18.2,sandy,4.0,0.79,Landslide,False,False,False,rule_based
7.1,80.25,2023-12,330.7,97.5,25.1,13.0,124.0,18.2,sandy,4.0,0.79,Landslide,False,False,False,rule_based
7.1,80.25,2024-01,182.0,95.5,25.3,12.6,124.0,18.2,sandy,4.0,0.78,Landslide,False,False,False,rule_based
7.1,80.25,2024-02,22.1,92.3,27.0,15.8,124.0,18.2,sandy,4.0,0.59,No Risk,False,False,False,rule_based
7.1,80.25,2024-03,91.3,94.5,27.9,15.7,124.0,18.2,sandy,4.0,0.82,Landslide,False,False,False,rule_based
7.1,80.25,2024-04,194.8,96.7,27.5,12.2,124.0,18.2,sandy,4.0,0.72,Landslide,False,False,False,rule_based
7.1,80.25,2024-05,713.5,96.9,26.4,16.2,124.0,18.2,sandy,4.0,0.84,Landslide,False,False,False,rule_based
7.1,80.25,2024-06,323.3,95.3,25.7,17.9,124.0,18.2,sandy,4.0,0.81,Landslide,False,False,False,rule_based
7.1,80.25,2024-07,370.1,94.3,25.9,15.8,124.0,18.2,sandy,4.0,0.76,Landslide,False,False,False,rule_based
7.1,80.25,2024-08,377.5,94.0,25.5,16.5,124.0,18.2,sandy,4.0,0.77,Landslide,False,False,False,rule_based
7.1,80.25,2024-09,275.1,95.3,25.5,16.4,124.0,18.2,sandy,4.0,0.85,Landslide,False,False,False,rule_based
7.1,80.25,2024-10,454.0,96.0,25.1,13.7,124.0,18.2,sandy,4.0,0.77,Landslide,False,False,False,rule_based
7.1,80.25,2024-11,575.0,98.5,24.6,12.4,124.0,18.2,sandy,4.0,0.76,Landslide,False,False,False,rule_based
7.1,80.25,2024-12,158.0,97.4,25.1,11.9,124.0,18.2,sandy,4.0,0.83,Landslide,False,False,False,rule_based
7.1,80.25,2025-01,299.1,97.5,24.7,13.1,124.0,18.2,sandy,4.0,0.81,Landslide,False,False,False,rule_based
7.1,80.25,2025-02,42.5,96.7,25.9,13.6,124.0,18.2,sandy,4.0,0.63,No Risk,False,False,False,rule_based
7.1,80.25,2025-03,211.9,97.5,25.8,11.6,124.0,18.2,sandy,4.0,0.8,Landslide,False,False,False,rule_based
7.1,80.25,2025-04,269.4,97.9,25.6,12.7,124.0,18.2,sandy,4.0,0.77,Landslide,False,False,False,rule_based
7.1,80.25,2025-05,265.6,97.5,25.8,14.8,124.0,18.2,sandy,4.0,0.83,Landslide,False,False,False,rule_based
7.1,80.25,2025-06,426.2,96.4,25.2,15.2,124.0,18.2,sandy,4.0,0.83,Landslide,False,False,False,rule_based
7.1,80.25,2025-07,380.3,97.0,25.2,15.5,124.0,18.2,sandy,4.0,0.81,Landslide,False,False,False,rule_based
7.1,80.25,2025-08,242.7,96.2,25.1,15.7,124.0,18.2,sandy,4.0,0.81,Landslide,False,False,False,rule_based
7.1,80.25,2025-09,242.4,97.0,25.0,15.7,124.0,18.2,sandy,4.0,0.85,Landslide,False,False,False,rule_based
7.1,80.25,2025-10,359.9,96.7,25.2,12.5,124.0,18.2,sandy,4.0,0.8,Landslide,False,False,False,rule_based
7.1,80.25,2025-11,790.1,99.0,24.4,13.7,124.0,18.2,sandy,4.0,0.76,Landslide,False,False,False,rule_based
7.1,80.25,2025-12,159.1,96.9,24.9,13.9,124.0,18.2,sandy,4.0,0.81,Landslide,False,False,False,rule_based
7.1,80.275,2023-01,148.1,93.7,24.8,13.4,126.0,18.5,sandy,6.0,0.85,Landslide,False,False,False,rule_based
7.1,80.275,2023-02,96.5,96.6,25.6,11.3,126.0,18.5,sandy,6.0,0.76,Landslide,False,False,False,rule_based
7.1,80.275,2023-03,186.9,96.7,26.2,10.7,126.0,18.5,sandy,6.0,0.79,Landslide,False,False,False,rule_based
7.1,80.275,2023-04,188.3,96.8,26.8,11.5,126.0,18.5,sandy,6.0,0.81,Landslide,False,False,False,rule_based
7.1,80.275,2023-05,240.2,94.9,26.7,13.0,126.0,18.5,sandy,6.0,0.8,Landslide,False,False,False,rule_based
7.1,80.275,2023-06,327.3,95.0,26.2,13.8,126.0,18.5,sandy,6.0,0.77,Landslide,False,False,False,rule_based
7.1,80.275,2023-07,363.1,94.3,26.1,15.0,126.0,18.5,sandy,6.0,0.83,Landslide,False,False,False,rule_based
7.1,80.275,2023-08,132.2,93.3,26.7,16.3,126.0,18.5,sandy,6.0,0.85,Landslide,False,False,False,rule_based
7.1,80.275,2023-09,619.5,96.1,25.3,16.9,126.0,18.5,sandy,6.0,0.81,Landslide,False,False,False,rule_based
7.1,80.275,2023-10,592.3,97.7,25.3,13.1,126.0,18.5,sandy,6.0,0.77,Landslide,False,False,False,rule_based
7.1,80.275,2023-11,614.2,98.9,25.4,10.5,126.0,18.5,sandy,6.0,0.75,Landslide,False,False,False,rule_based
7.1,80.275,2023-12,438.8,98.2,25.7,11.6,126.0,18.5,sandy,6.0,0.81,Landslide,False,False,False,rule_based
7.1,80.275,2024-01,206.0,96.8,25.9,11.1,126.0,18.5,sandy,6.0,0.83,Landslide,False,False,False,rule_based
7.1,80.275,2024-02,25.4,94.4,27.5,14.2,126.0,18.5,sandy,6.0,0.63,No Risk,False,False,False,rule_based
7.1,80.275,2024-03,87.6,95.2,28.4,14.9,126.0,18.5,sandy,6.0,0.77,Landslide,False,False,False,rule_based
7.1,80.275,2024-04,194.8,97.2,28.1,11.2,126.0,18.5,sandy,6.0,0.78,Landslide,False,False,False,rule_based
7.1,80.275,2024-05,809.0,97.3,27.0,15.0,126.0,18.5,sandy,6.0,0.77,Landslide,False,False,False,rule_based
7.1,80.275,2024-06,405.7,95.7,26.3,16.6,126.0,18.5,sandy,6.0,0.83,Landslide,False,False,False,rule_based
7.1,80.275,2024-07,397.7,95.1,26.5,14.2,126.0,18.5,sandy,6.0,0.83,Landslide,False,False,False,rule_based
7.1,80.275,2024-08,387.8,94.5,26.1,15.6,126.0,18.5,sandy,6.0,0.75,Landslide,False,False,False,rule_based
7.1,80.275,2024-09,338.8,95.5,26.1,14.8,126.0,18.5,sandy,6.0,0.85,Landslide,False,False,False,rule_based
7.1,80.275,2024-10,514.5,96.3,25.8,12.7,126.0,18.5,sandy,6.0,0.82,Landslide,False,False,False,rule_based
7.1,80.275,2024-11,540.7,98.6,25.3,12.0,126.0,18.5,sandy,6.0,0.84,Landslide,False,False,False,rule_based
7.1,80.275,2024-12,148.6,97.7,25.7,11.2,126.0,18.5,sandy,6.0,0.76,Landslide,False,False,False,rule_based
7.1,80.275,2025-01,298.3,98.6,25.3,10.9,126.0,18.5,sandy,6.0,0.76,Landslide,False,False,False,rule_based
7.1,80.275,2025-02,60.2,97.2,26.5,12.7,126.0,18.5,sandy,6.0,0.7,Warning,False,False,False,rule_based
7.1,80.275,2025-03,205.2,98.0,26.3,11.1,126.0,18.5,sandy,6.0,0.82,Landslide,False,False,False,rule_based
7.1,80.275,2025-04,300.0,98.5,26.1,11.9,126.0,18.5,sandy,6.0,0.85,Landslide,False,False,False,rule_based
7.1,80.275,2025-05,303.7,98.1,26.3,13.5,126.0,18.5,sandy,6.0,0.82,Landslide,False,False,False,rule_based
7.1,80.275,2025-06,483.8,97.7,25.8,13.8,126.0,18.5,sandy,6.0,0.79,Landslide,False,False,False,rule_based
7.1,80.275,2025-07,463.0,97.6,25.8,14.0,126.0,18.5,sandy,6.0,0.77,Landslide,False,False,False,rule_based
7.1,80.275,2025-08,278.6,97.2,25.6,14.4,126.0,18.5,sandy,6.0,0.84,Landslide,False,False,False,rule_based
7.1,80.275,2025-09,281.4,97.9,25.6,14.3,126.0,18.5,sandy,6.0,0.77,Landslide,False,False,False,rule_based
7.1,80.275,2025-10,361.2,97.3,25.8,11.6,126.0,18.5,sandy,6.0,0.85,Landslide,False,False,False,rule_based
7.1,80.275,2025-11,782.3,99.0,25.1,13.1,126.0,18.5,sandy,6.0,0.79,Landslide,False,False,False,rule_based
7.1,80.275,2025-12,186.3,98.3,25.6,13.0,126.0,18.5,sandy,6.0,0.85,Landslide,False,False,False,rule_based
7.1,80.3,2023-01,98.9,92.4,23.4,13.3,128.0,18.8,sandy,8.0,0.82,Landslide,False,False,False,rule_based
7.1,80.3,2023-02,112.4,96.0,24.2,12.3,128.0,18.8,sandy,8.0,0.8,Landslide,False,False,False,rule_based
7.1,80.3,2023-03,143.5,94.6,25.2,11.4,128.0,18.8,sandy,8.0,0.78,Landslide,False,False,False,rule_based
7.1,80.3,2023-04,208.8,96.0,25.5,12.3,128.0,18.8,sandy,8.0,0.79,Landslide,False,False,False,rule_based
7.1,80.3,2023-05,213.1,94.9,25.4,14.2,128.0,18.8,sandy,8.0,0.81,Landslide,False,False,False,rule_based
7.1,80.3,2023-06,240.5,94.6,24.9,15.3,128.0,18.8,sandy,8.0,0.8,Landslide,False,False,False,rule_based
7.1,80.3,2023-07,286.6,93.2,24.9,16.1,128.0,18.8,sandy,8.0,0.78,Landslide,False,False,False,rule_based
7.1,80.3,2023-08,101.4,92.3,25.5,17.5,128.0,18.8,sandy,8.0,0.8,Landslide,False,False,False,rule_based
7.1,80.3,2023-09,410.3,95.8,24.0,18.6,128.0,18.8,sandy,8.0,0.8,Landslide,False,False,False,rule_based
7.1,80.3,2023-10,466.4,97.4,24.1,13.5,128.0,18.8,sandy,8.0,0.74,Landslide,False,False,False,rule_based
7.1,80.3,2023-11,652.5,98.5,24.1,10.3,128.0,18.8,sandy,8.0,0.81,Landslide,False,False,False,rule_based
7.1,80.3,2023-12,341.0,97.0,24.6,12.7,128.0,18.8,sandy,8.0,0.77,Landslide,False,False,False,rule_based
7.1,80.3,2024-01,166.9,95.2,24.6,11.7,128.0,18.8,sandy,8.0,0.77,Landslide,False,False,False,rule_based
7.1,80.3,2024-02,26.9,91.8,26.3,15.9,128.0,18.8,sandy,8.0,0.57,No Risk,False,False,False,rule_based
7.1,80.3,2024-03,106.1,94.6,27.1,14.7,128.0,18.8,sandy,8.0,0.75,Landslide,False,False,False,rule_based
7.1,80.3,2024-04,240.3,96.6,26.7,12.0,128.0,18.8,sandy,8.0,0.76,Landslide,False,False,False,rule_based
7.1,80.3,2024-05,686.7,97.1,25.7,16.2,128.0,18.8,sandy,8.0,0.78,Landslide,False,False,False,rule_based
7.1,80.3,2024-06,313.8,95.5,25.0,18.0,128.0,18.8,sandy,8.0,0.85,Landslide,False,False,False,rule_based
7.1,80.3,2024-07,323.5,94.4,25.2,15.9,128.0,18.8,sandy,8.0,0.78,Landslide,False,False,False,rule_based
7.1,80.3,2024-08,342.0,94.1,24.8,16.8,128.0,18.8,sandy,8.0,0.81,Landslide,False,False,False,rule_based
7.1,80.3,2024-09,284.9,95.2,24.7,16.5,128.0,18.8,sandy,8.0,0.81,Landslide,False,False,False,rule_based
7.1,80.3,2024-10,365.7,96.1,24.5,13.8,128.0,18.8,sandy,8.0,0.8,Landslide,False,False,False,rule_based
7.1,80.3,2024-11,625.7,98.2,24.0,11.4,128.0,18.8,sandy,8.0,0.8,Landslide,False,False,False,rule_based
7.1,80.3,2024-12,154.6,97.4,24.4,11.1,128.0,18.8,sandy,8.0,0.76,Landslide,False,False,False,rule_based
7.1,80.3,2025-01,279.9,97.6,24.1,12.2,128.0,18.8,sandy,8.0,0.84,Landslide,False,False,False,rule_based
7.1,80.3,2025-02,27.7,96.5,25.2,13.1,128.0,18.8,sandy,8.0,0.67,No Risk,False,False,False,rule_based
7.1,80.3,2025-03,188.0,97.4,25.1,10.8,128.0,18.8,sandy,8.0,0.75,Landslide,False,False,False,rule_based
7.1,80.3,2025-04,216.3,97.8,25.0,12.0,128.0,18.8,sandy,8.0,0.77,Landslide,False,False,False,rule_based
7.1,80.3,2025-05,247.2,97.4,25.1,14.6,128.0,18.8,sandy,8.0,0.79,Landslide,False,False,False,rule_based
7.1,80.3,2025-06,361.9,96.3,24.5,14.8,128.0,18.8,sandy,8.0,0.77,Landslide,False,False,False,rule_based
7.1,80.3,2025-07,350.1,96.7,24.5,15.4,128.0,18.8,sandy,8.0,0.82,Landslide,False,False,False,rule_based
7.1,80.3,2025-08,215.9,95.7,24.4,15.2,128.0,18.8,sandy,8.0,0.78,Landslide,False,False,False,rule_based
7.1,80.3,2025-09,242.4,96.8,24.3,15.5,128.0,18.8,sandy,8.0,0.85,Landslide,False,False,False,rule_based
7.1,80.3,2025-10,390.2,96.8,24.5,12.1,128.0,18.8,sandy,8.0,0.84,Landslide,False,False,False,rule_based
7.1,80.3,2025-11,826.6,99.0,23.8,12.8,128.0,18.8,sandy,8.0,0.81,Landslide,False,False,False,rule_based
7.1,80.3,2025-12,192.8,97.5,24.2,12.9,128.0,18.8,sandy,8.0,0.83,Landslide,False,False,False,rule_based
7.1,80.325,2023-01,148.1,93.7,24.3,13.4,130.0,19.1,sandy,9.82,0.83,Landslide,False,False,False,rule_based
7.1,80.325,2023-02,96.5,96.6,25.2,11.3,130.0,19.1,sandy,9.82,0.77,Landslide,False,False,False,rule_based
7.1,80.325,2023-03,186.9,96.7,25.8,10.7,130.0,19.1,sandy,9.82,0.78,Landslide,False,False,False,rule_based
7.1,80.325,2023-04,188.3,96.8,26.3,11.5,130.0,19.1,sandy,9.82,0.8,Landslide,False,False,False,rule_based
7.1,80.325,2023-05,240.2,94.9,26.3,13.0,130.0,19.1,sandy,9.82,0.83,Landslide,False,False,False,rule_based
7.1,80.325,2023-06,327.3,95.0,25.8,13.8,130.0,19.1,sandy,9.82,0.8,Landslide,False,False,False,rule_based
7.1,80.325,2023-07,363.1,94.3,25.7,15.0,130.0,19.1,sandy,9.82,0.75,Landslide,False,False,False,rule_based
7.1,80.325,2023-08,132.2,93.3,26.2,16.3,130.0,19.1,sandy,9.82,0.78,Landslide,False,False,False,rule_based
7.1,80.325,2023-09,619.5,96.1,24.8,16.9,130.0,19.1,sandy,9.82,0.8,Landslide,False,False,False,rule_based
7.1,80.325,2023-10,592.3,97.7,24.9,13.1,130.0,19.1,sandy,9.82,0.8,Landslide,False,False,False,rule_based
7.1,80.325,2023-11,614.2,98.9,24.9,10.5,130.0,19.1,sandy,9.82,0.85,Landslide,False,False,False,rule_based
7.1,80.325,2023-12,438.8,98.2,25.3,11.6,130.0,19.1,sandy,9.82,0.76,Landslide,False,False,False,rule_based
7.1,80.325,2024-01,206.0,96.8,25.4,11.1,130.0,19.1,sandy,9.82,0.82,Landslide,False,False,False,rule_based
7.1,80.325,2024-02,25.4,94.4,27.0,14.2,130.0,19.1,sandy,9.82,0.66,No Risk,False,False,False,rule_based
7.1,80.325,2024-03,87.6,95.2,27.9,14.9,130.0,19.1,sandy,9.82,0.84,Landslide,False,False,False,rule_based
7.1,80.325,2024-04,194.8,97.1,27.6,11.2,130.0,19.1,sandy,9.82,0.79,Landslide,False,False,False,rule_based
7.1,80.325,2024-05,809.0,97.3,26.6,15.0,130.0,19.1,sandy,9.82,0.81,Landslide,False,False,False,rule_based
7.1,80.325,2024-06,405.7,95.7,25.8,16.6,130.0,19.1,sandy,9.82,0.82,Landslide,False,False,False,rule_based
7.1,80.325,2024-07,397.7,95.1,26.0,14.2,130.0,19.1,sandy,9.82,0.81,Landslide,False,False,False,rule_based
7.1,80.325,2024-08,387.8,94.5,25.6,15.6,130.0,19.1,sandy,9.82,0.8,Landslide,False,False,False,rule_based
7.1,80.325,2024-09,338.8,95.5,25.6,14.8,130.0,19.1,sandy,9.82,0.81,Landslide,False,False,False,rule_based
7.1,80.325,2024-10,514.5,96.2,25.3,12.7,130.0,19.1,sandy,9.82,0.72,Landslide,False,False,False,rule_based
7.1,80.325,2024-11,540.7,98.6,24.8,12.0,130.0,19.1,sandy,9.82,0.82,Landslide,False,False,False,rule_based
7.1,80.325,2024-12,148.6,97.6,25.3,11.2,130.0,19.1,sandy,9.82,0.8,Landslide,False,False,False,rule_based
7.1,80.325,2025-01,298.3,98.6,24.9,10.9,130.0,19.1,sandy,9.82,0.79,Landslide,False,False,False,rule_based
7.1,80.325,2025-02,60.2,97.2,26.1,12.7,130.0,19.1,sandy,9.82,0.76,Warning,False,False,False,rule_based
7.1,80.325,2025-03,205.2,97.9,25.9,11.1,130.0,19.1,sandy,9.82,0.78,Landslide,False,False,False,rule_based
7.1,80.325,2025-04,300.0,98.5,25.7,11.9,130.0,19.1,sandy,9.82,0.79,Landslide,False,False,False,rule_based
7.1,80.325,2025-05,303.7,98.1,25.8,13.5,130.0,19.1,sandy,9.82,0.85,Landslide,False,False,False,rule_based
7.1,80.325,2025-06,483.8,97.7,25.3,13.8,130.0,19.1,sandy,9.82,0.78,Landslide,False,False,False,rule_based
7.1,80.325,2025-07,463.0,97.6,25.3,14.0,130.0,19.1,sandy,9.82,0.78,Landslide,False,False,False,rule_based
7.1,80.325,2025-08,278.6,97.2,25.2,14.4,130.0,19.1,sandy,9.82,0.8,Landslide,False,False,False,rule_based
7.1,80.325,2025-09,281.4,97.8,25.1,14.3,130.0,19.1,sandy,9.82,0.83,Landslide,False,False,False,rule_based
7.1,80.325,2025-10,361.2,97.3,25.3,11.6,130.0,19.1,sandy,9.82,0.81,Landslide,False,False,False,rule_based
7.1,80.325,2025-11,782.3,99.0,24.7,13.1,130.0,19.1,sandy,9.82,0.76,Landslide,False,False,False,rule_based
7.1,80.325,2025-12,186.3,98.3,25.1,13.0,130.0,19.1,sandy,9.82,0.78,Landslide,False,False,False,rule_based
7.1,80.35,2023-01,98.9,92.4,24.6,13.3,132.0,19.4,sandy,12.01,0.78,Landslide,False,False,False,rule_based
7.1,80.35,2023-02,112.4,96.1,25.4,12.3,132.0,19.4,sandy,12.01,0.8,Landslide,False,False,False,rule_based
7.1,80.35,2023-03,143.5,94.7,26.3,11.4,132.0,19.4,sandy,12.01,0.81,Landslide,False,False,False,rule_based
7.1,80.35,2023-04,208.8,96.1,26.7,12.3,132.0,19.4,sandy,12.01,0.81,Landslide,False,False,False,rule_based
7.1,80.35,2023-05,213.1,94.9,26.5,14.2,132.0,19.4,sandy,12.01,0.75,Landslide,False,False,False,rule_based
7.1,80.35,2023-06,240.5,94.6,26.0,15.3,132.0,19.4,sandy,12.01,0.83,Landslide,False,False,False,rule_based
7.1,80.35,2023-07,286.6,93.3,26.0,16.1,132.0,19.4,sandy,12.01,0.81,Landslide,False,False,False,rule_based
7.1,80.35,2023-08,101.4,92.4,26.6,17.5,132.0,19.4,sandy,12.01,0.84,Landslide,False,False,False,rule_based
7.1,80.35,2023-09,410.3,95.8,25.2,18.6,132.0,19.4,sandy,12.01,0.81,Landslide,False,False,False,rule_based
7.1,80.35,2023-10,466.4,97.4,25.3,13.5,132.0,19.4,sandy,12.01,0.83,Landslide,False,False,False,rule_based
7.1,80.35,2023-11,652.5,98.5,25.3,10.3,132.0,19.4,sandy,12.01,0.81,Landslide,False,False,False,rule_based
7.1,80.35,2023-12,341.0,97.0,25.8,12.7,132.0,19.4,sandy,12.01,0.84,Landslide,False,False,False,rule_based
7.1,80.35,2024-01,166.9,95.3,25.8,11.7,132.0,19.4,sandy,12.01,0.82,Landslide,False,False,False,rule_based
7.1,80.35,2024-02,26.9,91.8,27.4,15.9,132.0,19.4,sandy,12.01,0.61,No Risk,False,False,False,rule_based
7.1,80.35,2024-03,106.1,94.6,28.3,14.7,132.0,19.4,sandy,12.01,0.85,Landslide,False,False,False,rule_based
7.1,80.35,2024-04,240.3,96.6,27.8,12.0,132.0,19.4,sandy,12.01,0.83,Landslide,False,False,False,rule_based
7.1,80.35,2024-05,686.7,97.2,26.8,16.2,132.0,19.4,sandy,12.01,0.82,Landslide,False,False,False,rule_based
7.1,80.35,2024-06,313.8,95.5,26.1,18.0,132.0,19.4,sandy,12.01,0.76,Landslide,False,False,False,rule_based
7.1,80.35,2024-07,323.5,94.4,26.3,15.9,132.0,19.4,sandy,12.01,0.76,Landslide,False,False,False,rule_based
7.1,80.35,2024-08,342.0,94.1,25.9,16.8,132.0,19.4,sandy,12.01,0.81,Landslide,False,False,False,rule_based
7.1,80.35,2024-09,284.9,95.2,25.9,16.5,132.0,19.4,sandy,12.01,0.8,Landslide,False,False,False,rule_based
7.1,80.35,2024-10,365.7,96.2,25.6,13.8,132.0,19.4,sandy,12.01,0.78,Landslide,False,False,False,rule_based
7.1,80.35,2024-11,625.7,98.2,25.1,11.4,132.0,19.4,sandy,12.01,0.8,Landslide,False,False,False,rule_based
7.1,80.35,2024-12,154.6,97.5,25.5,11.1,132.0,19.4,sandy,12.01,0.85,Landslide,False,False,False,rule_based
7.1,80.35,2025-01,279.9,97.6,25.2,12.2,132.0,19.4,sandy,12.01,0.82,Landslide,False,False,False,rule_based
7.1,80.35,2025-02,27.7,96.5,26.3,13.1,132.0,19.4,sandy,12.01,0.59,No Risk,False,False,False,rule_based
7.1,80.35,2025-03,188.0,97.5,26.3,10.8,132.0,19.4,sandy,12.01,0.8,Landslide,False,False,False,rule_based
7.1,80.35,2025-04,216.3,97.9,26.1,12.0,132.0,19.4,sandy,12.01,0.78,Landslide,False,False,False,rule_based
7.1,80.35,2025-05,247.2,97.4,26.3,14.6,132.0,19.4,sandy,12.01,0.79,Landslide,False,False,False,rule_based
7.1,80.35,2025-06,361.9,96.3,25.7,14.8,132.0,19.4,sandy,12.01,0.79,Landslide,False,False,False,rule_based
7.1,80.35,2025-07,350.1,96.8,25.7,15.4,132.0,19.4,sandy,12.01,0.79,Landslide,False,False,False,rule_based
7.1,80.35,2025-08,215.9,95.7,25.5,15.2,132.0,19.4,sandy,12.01,0.76,Landslide,False,False,False,rule_based
7.1,80.35,2025-09,242.4,96.9,25.5,15.5,132.0,19.4,sandy,12.01,0.8,Landslide,False,False,False,rule_based
7.1,80.35,2025-10,390.2,96.8,25.6,12.1,132.0,19.4,sandy,12.01,0.78,Landslide,False,False,False,rule_based
7.1,80.35,2025-11,826.6,99.1,24.9,12.8,132.0,19.4,sandy,12.01,0.71,Landslide,False,False,False,rule_based
7.1,80.35,2025-12,192.8,97.5,25.4,12.9,132.0,19.4,sandy,12.01,0.85,Landslide,False,False,False,rule_based
7.125,79.85,2023-01,106.2,91.2,25.1,18.5,8.5,1.2,clay,15.0,0.58,Warning,False,False,False,rule_based
7.125,79.85,2023-02,96.0,94.3,25.7,16.7,8.5,1.2,clay,15.0,0.54,Warning,False,False,False,rule_based
7.125,79.85,2023-03,138.5,96.6,26.6,14.1,8.5,1.2,clay,15.0,0.58,Warning,False,False,False,rule_based
7.125,79.85,2023-04,168.7,98.0,27.0,13.8,8.5,1.2,clay,15.0,0.63,Warning,False,False,False,rule_based
7.125,79.85,2023-05,259.2,95.7,27.4,18.0,8.5,1.2,clay,15.0,0.59,Warning,False,False,False,rule_based
7.125,79.85,2023-06,336.4,94.6,27.1,20.5,8.5,1.2,clay,15.0,0.57,Warning,False,False,False,rule_based
7.125,79.85,2023-07,188.6,92.0,26.9,21.3,8.5,1.2,clay,15.0,0.56,Warning,False,False,False,rule_based
7.125,79.85,2023-08,105.1,92.4,27.0,19.9,8.5,1.2,clay,15.0,0.56,Warning,False,False,False,rule_based
7.125,79.85,2023-09,519.6,94.7,26.0,20.5,8.5,1.2,clay,15.0,0.6,Warning,False,False,False,rule_based
7.125,79.85,2023-10,431.7,96.5,25.6,14.7,8.5,1.2,clay,15.0,0.55,Warning,False,False,False,rule_based
7.125,79.85,2023-11,517.8,97.8,25.5,11.8,8.5,1.2,clay,15.0,0.57,Warning,False,False,False,rule_based
7.125,79.85,2023-12,312.3,95.5,26.0,16.8,8.5,1.2,clay,15.0,0.57,Warning,False,False,False,rule_based
7.125,79.85,2024-01,139.3,93.0,26.1,16.3,8.5,1.2,clay,15.0,0.55,Warning,False,False,False,rule_based
7.125,79.85,2024-02,26.6,90.4,27.8,18.1,8.5,1.2,clay,15.0,0.34,No Risk,False,False,False,rule_based
7.125,79.85,2024-03,57.0,94.3,28.0,16.4,8.5,1.2,clay,15.0,0.47,Warning,False,False,False,rule_based
7.125,79.85,2024-04,187.8,95.8,28.1,14.2,8.5,1.2,clay,15.0,0.57,Warning,False,False,False,rule_based
7.125,79.85,2024-05,574.7,94.9,27.7,19.6,8.5,1.2,clay,15.0,0.58,Warning,False,False,False,rule_based
7.125,79.85,2024-06,290.4,93.5,27.0,21.9,8.5,1.2,clay,15.0,0.55,Warning,False,False,False,rule_based
7.125,79.85,2024-07,257.9,93.1,27.1,20.2,8.5,1.2,clay,15.0,0.6,Warning,False,False,False,rule_based
7.125,79.85,2024-08,265.6,92.3,26.7,20.2,8.5,1.2,clay,15.0,0.54,Warning,False,False,False,rule_based
7.125,79.85,2024-09,257.0,92.4,27.1,20.9,8.5,1.2,clay,15.0,0.62,Warning,False,False,False,rule_based
7.125,79.85,2024-10,427.8,95.3,26.3,16.8,8.5,1.2,clay,15.0,0.51,Warning,False,False,False,rule_based
7.125,79.85,2024-11,398.3,97.3,25.6,16.0,8.5,1.2,clay,15.0,0.58,Warning,False,False,False,rule_based
7.125,79.85,2024-12,112.9,95.0,26.2,15.2,8.5,1.2,clay,15.0,0.58,Warning,False,False,False,rule_based
7.125,79.85,2025-01,227.4,94.8,25.5,17.8,8.5,1.2,clay,15.0,0.54,Warning,False,False,False,rule_based
7.125,79.85,2025-02,34.2,91.7,27.3,17.8,8.5,1.2,clay,15.0,0.42,No Risk,False,False,False,rule_based
7.125,79.85,2025-03,152.8,96.4,26.7,12.8,8.5,1.2,clay,15.0,0.61,Warning,False,False,False,rule_based
7.125,79.85,2025-04,221.3,95.7,27.0,15.2,8.5,1.2,clay,15.0,0.5,Warning,False,False,False,rule_based
7.125,79.85,2025-05,252.1,95.0,27.7,20.8,8.5,1.2,clay,15.0,0.58,Warning,False,False,False,rule_based
7.125,79.85,2025-06,300.7,93.9,27.1,21.3,8.5,1.2,clay,15.0,0.49,Warning,False,False,False,rule_based
7.125,79.85,2025-07,154.2,92.0,27.1,21.7,8.5,1.2,clay,15.0,0.54,Warning,False,False,False,rule_based
7.125,79.85,2025-08,158.0,93.1,26.8,20.4,8.5,1.2,clay,15.0,0.62,Warning,False,False,False,rule_based
7.125,79.85,2025-09,232.6,93.3,26.9,20.2,8.5,1.2,clay,15.0,0.55,Warning,False,False,False,rule_based
7.125,79.85,2025-10,289.5,94.4,26.6,15.1,8.5,1.2,clay,15.0,0.53,Warning,False,False,False,rule_based
7.125,79.85,2025-11,716.3,96.3,25.8,18.0,8.5,1.2,clay,15.0,0.56,Warning,False,False,False,rule_based
7.125,79.85,2025-12,154.1,94.0,25.8,18.0,8.5,1.2,clay,15.0,0.63,Warning,False,False,False,rule_based
7.125,79.875,2023-01,106.2,91.2,25.1,18.5,8.9,1.2,clay,15.0,0.51,Warning,False,False,False,rule_based
7.125,79.875,2023-02,96.0,94.3,25.7,16.7,8.9,1.2,clay,15.0,0.53,Warning,False,False,False,rule_based
7.125,79.875,2023-03,138.5,96.6,26.6,14.1,8.9,1.2,clay,15.0,0.61,Warning,False,False,False,rule_based
7.125,79.875,2023-04,168.7,98.0,27.0,13.8,8.9,1.2,clay,15.0,0.62,Warning,False,False,False,rule_based
7.125,79.875,2023-05,259.2,95.7,27.4,18.0,8.9,1.2,clay,15.0,0.56,Warning,False,False,False,rule_based
7.125,79.875,2023-06,336.4,94.6,27.1,20.5,8.9,1.2,clay,15.0,0.53,Warning,False,False,False,rule_based
7.125,79.875,2023-07,188.6,92.0,26.9,21.3,8.9,1.2,clay,15.0,0.63,Warning,False,False,False,rule_based
7.125,79.875,2023-08,105.1,92.4,27.0,19.9,8.9,1.2,clay,15.0,0.62,Warning,False,False,False,rule_based
7.125,79.875,2023-09,519.6,94.7,26.0,20.5,8.9,1.2,clay,15.0,0.59,Warning,False,False,False,rule_based
7.125,79.875,2023-10,431.7,96.5,25.6,14.7,8.9,1.2,clay,15.0,0.54,Warning,False,False,False,rule_based
7.125,79.875,2023-11,517.8,97.8,25.5,11.8,8.9,1.2,clay,15.0,0.57,Warning,False,False,False,rule_based
7.125,79.875,2023-12,312.3,95.5,26.0,16.8,8.9,1.2,clay,15.0,0.56,Warning,False,False,False,rule_based
7.125,79.875,2024-01,139.3,93.0,26.1,16.3,8.9,1.2,clay,15.0,0.58,Warning,False,False,False,rule_based
7.125,79.875,2024-02,26.6,90.4,27.8,18.1,8.9,1.2,clay,15.0,0.43,No Risk,False,False,False,rule_based
7.125,79.875,2024-03,57.0,94.3,28.0,16.4,8.9,1.2,clay,15.0,0.49,Warning,False,False,False,rule_based
7.125,79.875,2024-04,187.8,95.8,28.1,14.2,8.9,1.2,clay,15.0,0.54,Warning,False,False,False,rule_based
7.125,79.875,2024-05,574.7,94.9,27.7,19.6,8.9,1.2,clay,15.0,0.61,Warning,False,False,False,rule_based
7.125,79.875,2024-06,290.4,93.5,27.0,21.9,8.9,1.2,clay,15.0,0.58,Warning,False,False,False,rule_based
7.125,79.875,2024-07,257.9,93.1,27.1,20.2,8.9,1.2,clay,15.0,0.59,Warning,False,False,False,rule_based
7.125,79.875,2024-08,265.6,92.3,26.7,20.2,8.9,1.2,clay,15.0,0.61,Warning,False,False,False,rule_based
7.125,79.875,2024-09,257.0,92.4,27.1,20.9,8.9,1.2,clay,15.0,0.53,Warning,False,False,False,rule_based
7.125,79.875,2024-10,427.8,95.3,26.3,16.8,8.9,1.2,clay,15.0,0.57,Warning,False,False,False,rule_based
7.125,79.875,2024-11,398.3,97.3,25.6,16.0,8.9,1.2,clay,15.0,0.55,Warning,False,False,False,rule_based
7.125,79.875,2024-12,112.9,95.0,26.2,15.2,8.9,1.2,clay,15.0,0.52,Warning,False,False,False,rule_based
7.125,79.875,2025-01,227.4,94.8,25.5,17.8,8.9,1.2,clay,15.0,0.58,Warning,False,False,False,rule_based
7.125,79.875,2025-02,34.2,91.7,27.3,17.8,8.9,1.2,clay,15.0,0.48,No Risk,False,False,False,rule_based
7.125,79.875,2025-03,152.8,96.4,26.7,12.8,8.9,1.2,clay,15.0,0.51,Warning,False,False,False,rule_based
7.125,79.875,2025-04,221.3,95.7,27.0,15.2,8.9,1.2,clay,15.0,0.57,Warning,False,False,False,rule_based
7.125,79.875,2025-05,252.1,95.0,27.7,20.8,8.9,1.2,clay,15.0,0.59,Warning,False,False,False,rule_based
7.125,79.875,2025-06,300.7,93.9,27.1,21.3,8.9,1.2,clay,15.0,0.57,Warning,False,False,False,rule_based
7.125,79.875,2025-07,154.2,92.0,27.1,21.7,8.9,1.2,clay,15.0,0.56,Warning,False,False,False,rule_based
7.125,79.875,2025-08,158.0,93.1,26.8,20.4,8.9,1.2,clay,15.0,0.53,Warning,False,False,False,rule_based
7.125,79.875,2025-09,232.6,93.3,26.9,20.2,8.9,1.2,clay,15.0,0.57,Warning,False,False,False,rule_based
7.125,79.875,2025-10,289.5,94.4,26.6,15.1,8.9,1.2,clay,15.0,0.55,Warning,False,False,False,rule_based
7.125,79.875,2025-11,716.3,96.3,25.8,18.0,8.9,1.2,clay,15.0,0.5,Warning,False,False,False,rule_based
7.125,79.875,2025-12,154.1,94.0,25.8,18.0,8.9,1.2,clay,15.0,0.6,Warning,False,False,False,rule_based
7.125,79.9,2023-01,106.2,91.2,25.1,18.5,9.2,1.2,clay,15.0,0.6,Warning,False,False,False,rule_based
7.125,79.9,2023-02,96.0,94.3,25.7,16.7,9.2,1.2,clay,15.0,0.56,Warning,False,False,False,rule_based
7.125,79.9,2023-03,138.5,96.6,26.6,14.1,9.2,1.2,clay,15.0,0.58,Warning,False,False,False,rule_based
7.125,79.9,2023-04,168.7,98.0,27.0,13.8,9.2,1.2,clay,15.0,0.6,Warning,False,False,False,rule_based
7.125,79.9,2023-05,259.2,95.7,27.4,18.0,9.2,1.2,clay,15.0,0.58,Warning,False,False,False,rule_based
7.125,79.9,2023-06,336.4,94.6,27.1,20.5,9.2,1.2,clay,15.0,0.6,Warning,False,False,False,rule_based
7.125,79.9,2023-07,188.6,92.0,26.9,21.3,9.2,1.2,clay,15.0,0.56,Warning,False,False,False,rule_based
7.125,79.9,2023-08,105.1,92.4,27.0,19.9,9.2,1.2,clay,15.0,0.61,Warning,False,False,False,rule_based
7.125,79.9,2023-09,519.6,94.7,26.0,20.5,9.2,1.2,clay,15.0,0.58,Warning,False,False,False,rule_based
7.125,79.9,2023-10,431.7,96.5,25.6,14.7,9.2,1.2,clay,15.0,0.57,Warning,False,False,False,rule_based
7.125,79.9,2023-11,517.8,97.8,25.5,11.8,9.2,1.2,clay,15.0,0.53,Warning,False,False,False,rule_based
7.125,79.9,2023-12,312.3,95.5,26.0,16.8,9.2,1.2,clay,15.0,0.58,Warning,False,False,False,rule_based
7.125,79.9,2024-01,139.3,93.0,26.1,16.3,9.2,1.2,clay,15.0,0.54,Warning,False,False,False,rule_based
7.125,79.9,2024-02,26.6,90.4,27.8,18.1,9.2,1.2,clay,15.0,0.37,No Risk,False,False,False,rule_based
7.125,79.9,2024-03,57.0,94.3,28.0,16.4,9.2,1.2,clay,15.0,0.44,Warning,False,False,False,rule_based
7.125,79.9,2024-04,187.8,95.8,28.1,14.2,9.2,1.2,clay,15.0,0.54,Warning,False,False,False,rule_based
7.125,79.9,2024-05,574.7,94.9,27.7,19.6,9.2,1.2,clay,15.0,0.63,Warning,False,False,False,rule_based
7.125,79.9,2024-06,290.4,93.5,27.0,21.9,9.2,1.2,clay,15.0,0.61,Warning,False,False,False,rule_based
7.125,79.9,2024-07,257.9,93.1,27.1,20.2,9.2,1.2,clay,15.0,0.63,Warning,False,False,False,rule_based
7.125,79.9,2024-08,265.6,92.3,26.7,20.2,9.2,1.2,clay,15.0,0.53,Warning,False,False,False,rule_based
7.125,79.9,2024-09,257.0,92.4,27.1,20.9,9.2,1.2,clay,15.0,0.57,Warning,False,False,False,rule_based
7.125,79.9,2024-10,427.8,95.3,26.3,16.8,9.2,1.2,clay,15.0,0.53,Warning,False,False,False,rule_based
7.125,79.9,2024-11,398.3,97.3,25.6,16.0,9.2,1.2,clay,15.0,0.55,Warning,False,False,False,rule_based
7.125,79.9,2024-12,112.9,95.0,26.2,15.2,9.2,1.2,clay,15.0,0.54,Warning,False,False,False,rule_based
7.125,79.9,2025-01,227.4,94.8,25.5,17.8,9.2,1.2,clay,15.0,0.61,Warning,False,False,False,rule_based
7.125,79.9,2025-02,34.2,91.7,27.3,17.8,9.2,1.2,clay,15.0,0.39,No Risk,False,False,False,rule_based
7.125,79.9,2025-03,152.8,96.4,26.7,12.8,9.2,1.2,clay,15.0,0.6,Warning,False,False,False,rule_based
7.125,79.9,2025-04,221.3,95.7,27.0,15.2,9.2,1.2,clay,15.0,0.59,Warning,False,False,False,rule_based
7.125,79.9,2025-05,252.1,95.0,27.7,20.8,9.2,1.2,clay,15.0,0.64,Warning,False,False,False,rule_based
7.125,79.9,2025-06,300.7,93.9,27.1,21.3,9.2,1.2,clay,15.0,0.52,Warning,False,False,False,rule_based
7.125,79.9,2025-07,154.2,92.0,27.1,21.7,9.2,1.2,clay,15.0,0.61,Warning,False,False,False,rule_based
7.125,79.9,2025-08,158.0,93.1,26.8,20.4,9.2,1.2,clay,15.0,0.6,Warning,False,False,False,rule_based
7.125,79.9,2025-09,232.6,93.3,26.9,20.2,9.2,1.2,clay,15.0,0.54,Warning,False,False,False,rule_based
7.125,79.9,2025-10,289.5,94.4,26.6,15.1,9.2,1.2,clay,15.0,0.6,Warning,False,False,False,rule_based
7.125,79.9,2025-11,716.3,96.3,25.8,18.0,9.2,1.2,clay,15.0,0.58,Warning,False,False,False,rule_based
7.125,79.9,2025-12,154.1,94.0,25.8,18.0,9.2,1.2,clay,15.0,0.56,Warning,False,False,False,rule_based
7.15,80.05,2023-01,112.9,90.5,25.1,16.8,29.5,3.1,loam,6.47,0.58,Warning,False,False,False,rule_based
7.15,80.05,2023-02,118.6,94.7,25.8,13.7,29.5,3.1,loam,6.47,0.59,Warning,False,False,False,rule_based
7.15,80.05,2023-03,192.6,96.3,26.5,12.6,29.5,3.1,loam,6.47,0.67,Warning,False,False,False,rule_based
7.15,80.05,2023-04,195.4,97.9,27.0,12.1,29.5,3.1,loam,6.47,0.61,Warning,False,False,False,rule_based
7.15,80.05,2023-05,231.4,96.8,26.8,14.6,29.5,3.1,loam,6.47,0.63,Warning,False,False,False,rule_based
7.15,80.05,2023-06,304.6,97.0,26.3,17.0,29.5,3.1,loam,6.47,0.59,Warning,False,False,False,rule_based
7.15,80.05,2023-07,241.7,95.9,26.3,17.2,29.5,3.1,loam,6.47,0.59,Warning,False,False,False,rule_based
7.15,80.05,2023-08,91.8,95.8,26.6,17.5,29.5,3.1,loam,6.47,0.62,Warning,False,False,False,rule_based
7.15,80.05,2023-09,544.0,97.4,25.3,17.5,29.5,3.1,loam,6.47,0.57,Warning,False,False,False,rule_based
7.15,80.05,2023-10,597.0,98.2,25.3,12.8,29.5,3.1,loam,6.47,0.6,Warning,False,False,False,rule_based
7.15,80.05,2023-11,582.5,99.2,25.3,10.2,29.5,3.1,loam,6.47,0.61,Warning,False,False,False,rule_based
7.15,80.05,2023-12,396.8,97.1,25.8,14.6,29.5,3.1,loam,6.47,0.61,Warning,False,False,False,rule_based
7.15,80.05,2024-01,168.3,94.2,26.1,14.5,29.5,3.1,loam,6.47,0.6,Warning,False,False,False,rule_based
7.15,80.05,2024-02,29.3,91.2,28.1,17.1,29.5,3.1,loam,6.47,0.44,No Risk,False,False,False,rule_based
7.15,80.05,2024-03,102.7,95.3,28.4,16.2,29.5,3.1,loam,6.47,0.63,Warning,False,False,False,rule_based
7.15,80.05,2024-04,210.0,98.4,28.1,12.8,29.5,3.1,loam,6.47,0.63,Warning,False,False,False,rule_based
7.15,80.05,2024-05,707.0,97.7,27.1,15.6,29.5,3.1,loam,6.47,0.58,Warning,False,False,False,rule_based
7.15,80.05,2024-06,363.0,96.6,26.4,17.9,29.5,3.1,loam,6.47,0.6,Warning,False,False,False,rule_based
7.15,80.05,2024-07,329.9,96.7,26.5,16.8,29.5,3.1,loam,6.47,0.64,Warning,False,False,False,rule_based
7.15,80.05,2024-08,276.9,96.2,26.1,16.7,29.5,3.1,loam,6.47,0.64,Warning,False,False,False,rule_based
7.15,80.05,2024-09,301.4,97.4,26.3,17.4,29.5,3.1,loam,6.47,0.57,Warning,False,False,False,rule_based
7.15,80.05,2024-10,384.5,97.3,25.7,13.5,29.5,3.1,loam,6.47,0.62,Warning,False,False,False,rule_based
7.15,80.05,2024-11,530.0,98.9,25.2,13.4,29.5,3.1,loam,6.47,0.55,Warning,False,False,False,rule_based
7.15,80.05,2024-12,154.0,97.9,25.6,12.9,29.5,3.1,loam,6.47,0.61,Warning,False,False,False,rule_based
7.15,80.05,2025-01,282.0,96.2,25.4,16.2,29.5,3.1,loam,6.47,0.67,Warning,False,False,False,rule_based
7.15,80.05,2025-02,43.2,95.3,27.0,15.6,29.5,3.1,loam,6.47,0.44,Warning,False,False,False,rule_based
7.15,80.05,2025-03,180.6,98.3,26.4,12.7,29.5,3.1,loam,6.47,0.58,Warning,False,False,False,rule_based
7.15,80.05,2025-04,260.0,98.2,26.4,13.1,29.5,3.1,loam,6.47,0.63,Warning,False,False,False,rule_based
7.15,80.05,2025-05,276.9,98.1,26.9,16.9,29.5,3.1,loam,6.47,0.56,Warning,False,False,False,rule_based
7.15,80.05,2025-06,389.0,98.6,26.1,17.5,29.5,3.1,loam,6.47,0.59,Warning,False,False,False,rule_based
7.15,80.05,2025-07,247.3,97.5,26.3,18.0,29.5,3.1,loam,6.47,0.63,Warning,False,False,False,rule_based
7.15,80.05,2025-08,203.3,98.5,26.0,17.3,29.5,3.1,loam,6.47,0.59,Warning,False,False,False,rule_based
7.15,80.05,2025-09,251.9,98.7,25.9,17.4,29.5,3.1,loam,6.47,0.6,Warning,False,False,False,rule_based
7.15,80.05,2025-10,344.1,97.7,25.9,12.6,29.5,3.1,loam,6.47,0.63,Warning,False,False,False,rule_based
7.15,80.05,2025-11,747.9,98.3,25.2,15.2,29.5,3.1,loam,6.47,0.62,Warning,False,False,False,rule_based
7.15,80.05,2025-12,182.7,95.6,25.6,16.7,29.5,3.1,loam,6.47,0.62,Warning,False,False,False,rule_based
7.15,80.075,2023-01,126.6,90.0,24.9,17.2,30.3,3.2,loam,5.12,0.6,Warning,False,False,False,rule_based
7.15,80.075,2023-02,100.4,94.5,25.6,13.9,30.3,3.2,loam,5.12,0.62,Warning,False,False,False,rule_based
7.15,80.075,2023-03,151.8,95.6,26.4,13.0,30.3,3.2,loam,5.12,0.61,Warning,False,False,False,rule_based
7.15,80.075,2023-04,174.6,97.1,26.9,12.9,30.3,3.2,loam,5.12,0.62,Warning,False,False,False,rule_based
7.15,80.075,2023-05,229.9,96.1,26.6,14.5,30.3,3.2,loam,5.12,0.6,Warning,False,False,False,rule_based
7.15,80.075,2023-06,296.8,96.7,26.0,16.7,30.3,3.2,loam,5.12,0.61,Warning,False,False,False,rule_based
7.15,80.075,2023-07,266.5,96.4,25.9,17.3,30.3,3.2,loam,5.12,0.58,Warning,False,False,False,rule_based
7.15,80.075,2023-08,91.1,95.5,26.4,17.9,30.3,3.2,loam,5.12,0.59,Warning,False,False,False,rule_based
7.15,80.075,2023-09,538.1,97.0,25.0,18.0,30.3,3.2,loam,5.12,0.59,Warning,False,False,False,rule_based
7.15,80.075,2023-10,541.4,97.7,25.1,13.3,30.3,3.2,loam,5.12,0.58,Warning,False,False,False,rule_based
7.15,80.075,2023-11,608.9,98.5,25.1,10.5,30.3,3.2,loam,5.12,0.62,Warning,False,False,False,rule_based
7.15,80.075,2023-12,387.0,97.0,25.5,15.1,30.3,3.2,loam,5.12,0.62,Warning,False,False,False,rule_based
7.15,80.075,2024-01,152.2,94.0,25.8,14.0,30.3,3.2,loam,5.12,0.63,Warning,False,False,False,rule_based
7.15,80.075,2024-02,25.4,90.9,27.8,17.2,30.3,3.2,loam,5.12,0.41,No Risk,False,False,False,rule_based
7.15,80.075,2024-03,71.2,93.6,28.3,16.3,30.3,3.2,loam,5.12,0.55,Warning,False,False,False,rule_based
7.15,80.075,2024-04,210.1,97.1,28.0,13.2,30.3,3.2,loam,5.12,0.63,Warning,False,False,False,rule_based
7.15,80.075,2024-05,687.7,97.4,26.8,16.0,30.3,3.2,loam,5.12,0.62,Warning,False,False,False,rule_based
7.15,80.075,2024-06,334.7,96.7,26.1,18.3,30.3,3.2,loam,5.12,0.59,Warning,False,False,False,rule_based
7.15,80.075,2024-07,318.9,96.7,26.1,16.8,30.3,3.2,loam,5.12,0.62,Warning,False,False,False,rule_based
7.15,80.075,2024-08,279.8,95.8,25.8,17.1,30.3,3.2,loam,5.12,0.62,Warning,False,False,False,rule_based
7.15,80.075,2024-09,284.1,97.4,25.8,17.6,30.3,3.2,loam,5.12,0.61,Warning,False,False,False,rule_based
7.15,80.075,2024-10,393.0,97.0,25.5,13.8,30.3,3.2,loam,5.12,0.55,Warning,False,False,False,rule_based
7.15,80.075,2024-11,574.4,98.6,25.0,13.5,30.3,3.2,loam,5.12,0.62,Warning,False,False,False,rule_based
7.15,80.075,2024-12,144.9,97.5,25.4,13.2,30.3,3.2,loam,5.12,0.68,Warning,False,False,False,rule_based
7.15,80.075,2025-01,263.6,97.1,25.1,16.4,30.3,3.2,loam,5.12,0.6,Warning,False,False,False,rule_based
7.15,80.075,2025-02,35.8,95.1,26.6,15.7,30.3,3.2,loam,5.12,0.43,Warning,False,False,False,rule_based
7.15,80.075,2025-03,179.3,97.5,26.2,12.4,30.3,3.2,loam,5.12,0.62,Warning,False,False,False,rule_based
7.15,80.075,2025-04,256.2,98.3,26.0,13.4,30.3,3.2,loam,5.12,0.62,Warning,False,False,False,rule_based
7.15,80.075,2025-05,270.7,98.5,26.3,16.9,30.3,3.2,loam,5.12,0.65,Warning,False,False,False,rule_based
7.15,80.075,2025-06,384.6,99.0,25.6,17.6,30.3,3.2,loam,5.12,0.57,Warning,False,False,False,rule_based
7.15,80.075,2025-07,269.7,98.5,25.7,17.9,30.3,3.2,loam,5.12,0.63,Warning,False,False,False,rule_based
7.15,80.075,2025-08,230.7,98.7,25.4,17.4,30.3,3.2,loam,5.12,0.63,Warning,False,False,False,rule_based
7.15,80.075,2025-09,261.1,98.7,25.4,17.5,30.3,3.2,loam,5.12,0.61,Warning,False,False,False,rule_based
7.15,80.075,2025-10,342.3,97.7,25.5,12.9,30.3,3.2,loam,5.12,0.62,Warning,False,False,False,rule_based
7.15,80.075,2025-11,720.8,98.4,24.9,15.6,30.3,3.2,loam,5.12,0.64,Warning,False,False,False,rule_based
7.15,80.075,2025-12,153.7,95.8,25.4,16.8,30.3,3.2,loam,5.12,0.64,Warning,False,False,False,rule_based
7.15,80.1,2023-01,126.6,90.0,24.9,17.2,31.0,3.3,loam,3.51,0.58,Warning,False,False,False,rule_based
7.15,80.1,2023-02,100.4,94.5,25.6,13.9,31.0,3.3,loam,3.51,0.64,Warning,False,False,False,rule_based
7.15,80.1,2023-03,151.8,95.6,26.4,13.0,31.0,3.3,loam,3.51,0.61,Warning,False,False,False,rule_based
7.15,80.1,2023-04,174.6,97.1,26.9,12.9,31.0,3.3,loam,3.51,0.61,Warning,False,False,False,rule_based
7.15,80.1,2023-05,229.9,96.1,26.6,14.5,31.0,3.3,loam,3.51,0.61,Warning,False,False,False,rule_based
7.15,80.1,2023-06,296.8,96.7,26.0,16.7,31.0,3.3,loam,3.51,0.61,Warning,False,False,False,rule_based
7.15,80.1,2023-07,266.5,96.4,25.9,17.3,31.0,3.3,loam,3.51,0.65,Warning,False,False,False,rule_based
7.15,80.1,2023-08,91.1,95.5,26.4,17.9,31.0,3.3,loam,3.51,0.59,Warning,False,False,False,rule_based
7.15,80.1,2023-09,538.1,97.0,25.0,18.0,31.0,3.3,loam,3.51,0.58,Warning,False,False,False,rule_based
7.15,80.1,2023-10,541.4,97.7,25.1,13.3,31.0,3.3,loam,3.51,0.6,Warning,False,False,False,rule_based
7.15,80.1,2023-11,608.9,98.5,25.1,10.5,31.0,3.3,loam,3.51,0.62,Warning,False,False,False,rule_based
7.15,80.1,2023-12,387.0,97.0,25.5,15.1,31.0,3.3,loam,3.51,0.65,Warning,False,False,False,rule_based
7.15,80.1,2024-01,152.2,94.0,25.8,14.0,31.0,3.3,loam,3.51,0.63,Warning,False,False,False,rule_based
7.15,80.1,2024-02,25.4,90.9,27.8,17.2,31.0,3.3,loam,3.51,0.4,No Risk,False,False,False,rule_based
7.15,80.1,2024-03,71.2,93.6,28.3,16.3,31.0,3.3,loam,3.51,0.61,Warning,False,False,False,rule_based
7.15,80.1,2024-04,210.1,97.1,28.0,13.2,31.0,3.3,loam,3.51,0.62,Warning,False,False,False,rule_based
7.15,80.1,2024-05,687.7,97.4,26.8,16.0,31.0,3.3,loam,3.51,0.65,Warning,False,False,False,rule_based
7.15,80.1,2024-06,334.7,96.7,26.1,18.3,31.0,3.3,loam,3.51,0.61,Warning,False,False,False,rule_based
7.15,80.1,2024-07,318.9,96.7,26.1,16.8,31.0,3.3,loam,3.51,0.63,Warning,False,False,False,rule_based
7.15,80.1,2024-08,279.8,95.8,25.8,17.1,31.0,3.3,loam,3.51,0.64,Warning,False,False,False,rule_based
7.15,80.1,2024-09,284.1,97.4,25.8,17.6,31.0,3.3,loam,3.51,0.65,Warning,False,False,False,rule_based
7.15,80.1,2024-10,393.0,97.0,25.5,13.8,31.0,3.3,loam,3.51,0.64,Warning,False,False,False,rule_based
7.15,80.1,2024-11,574.4,98.6,25.0,13.5,31.0,3.3,loam,3.51,0.64,Warning,False,False,False,rule_based
7.15,80.1,2024-12,144.9,97.5,25.4,13.2,31.0,3.3,loam,3.51,0.6,Warning,False,False,False,rule_based
7.15,80.1,2025-01,263.6,97.1,25.1,16.4,31.0,3.3,loam,3.51,0.59,Warning,False,False,False,rule_based
7.15,80.1,2025-02,35.8,95.1,26.6,15.7,31.0,3.3,loam,3.51,0.46,Warning,False,False,False,rule_based
7.15,80.1,2025-03,179.3,97.5,26.2,12.4,31.0,3.3,loam,3.51,0.64,Warning,False,False,False,rule_based
7.15,80.1,2025-04,256.2,98.3,26.0,13.4,31.0,3.3,loam,3.51,0.61,Warning,False,False,False,rule_based
7.15,80.1,2025-05,270.7,98.5,26.3,16.9,31.0,3.3,loam,3.51,0.64,Warning,False,False,False,rule_based
7.15,80.1,2025-06,384.6,99.0,25.6,17.6,31.0,3.3,loam,3.51,0.66,Warning,False,False,False,rule_based
7.15,80.1,2025-07,269.7,98.5,25.7,17.9,31.0,3.3,loam,3.51,0.58,Warning,False,False,False,rule_based
7.15,80.1,2025-08,230.7,98.7,25.4,17.4,31.0,3.3,loam,3.51,0.59,Warning,False,False,False,rule_based
7.15,80.1,2025-09,261.1,98.7,25.4,17.5,31.0,3.3,loam,3.51,0.61,Warning,False,False,False,rule_based
7.15,80.1,2025-10,342.3,97.7,25.5,12.9,31.0,3.3,loam,3.51,0.62,Warning,False,False,False,rule_based
7.15,80.1,2025-11,720.8,98.4,24.9,15.6,31.0,3.3,loam,3.51,0.6,Warning,False,False,False,rule_based
7.15,80.1,2025-12,153.7,95.8,25.4,16.8,31.0,3.3,loam,3.51,0.65,Warning,False,False,False,rule_based
7.15,80.125,2023-01,126.6,90.0,24.9,17.2,31.8,3.4,loam,1.67,0.63,Flood,False,False,False,rule_based
7.15,80.125,2023-02,100.4,94.5,25.6,13.9,31.8,3.4,loam,1.67,0.61,Flood,False,False,False,rule_based
7.15,80.125,2023-03,151.8,95.6,26.4,13.0,31.8,3.4,loam,1.67,0.57,Flood,False,False,False,rule_based
7.15,80.125,2023-04,174.6,97.1,26.9,12.9,31.8,3.4,loam,1.67,0.57,Flood,False,False,False,rule_based
7.15,80.125,2023-05,229.9,96.1,26.6,14.5,31.8,3.4,loam,1.67,0.62,Flood,False,False,False,rule_based
7.15,80.125,2023-06,296.8,96.7,26.0,16.7,31.8,3.4,loam,1.67,0.55,Flood,False,False,False,rule_based
7.15,80.125,2023-07,266.5,96.4,25.9,17.3,31.8,3.4,loam,1.67,0.64,Flood,False,False,False,rule_based
7.15,80.125,2023-08,91.1,95.5,26.4,17.9,31.8,3.4,loam,1.67,0.59,Flood,False,False,False,rule_based
7.15,80.125,2023-09,538.1,97.0,25.0,18.0,31.8,3.4,loam,1.67,0.71,Flood,False,False,False,rule_based
7.15,80.125,2023-10,541.4,97.7,25.1,13.3,31.8,3.4,loam,1.67,0.68,Flood,False,False,False,rule_based
7.15,80.125,2023-11,608.9,98.5,25.1,10.5,31.8,3.4,loam,1.67,0.61,Flood,False,False,False,rule_based
7.15,80.125,2023-12,387.0,97.0,25.5,15.1,31.8,3.4,loam,1.67,0.61,Flood,False,False,False,rule_based
7.15,80.125,2024-01,152.2,94.0,25.8,14.0,31.8,3.4,loam,1.67,0.64,Flood,False,False,False,rule_based
7.15,80.125,2024-02,25.4,90.9,27.8,17.2,31.8,3.4,loam,1.67,0.48,No Risk,False,False,False,rule_based
7.15,80.125,2024-03,71.2,93.6,28.3,16.3,31.8,3.4,loam,1.67,0.49,Warning,False,False,False,rule_based
7.15,80.125,2024-04,210.1,97.1,28.0,13.2,31.8,3.4,loam,1.67,0.56,Flood,False,False,False,rule_based
7.15,80.125,2024-05,687.7,97.4,26.8,16.0,31.8,3.4,loam,1.67,0.59,Flood,False,False,False,rule_based
7.15,80.125,2024-06,334.7,96.7,26.1,18.3,31.8,3.4,loam,1.67,0.63,Flood,False,False,False,rule_based
7.15,80.125,2024-07,318.9,96.7,26.1,16.8,31.8,3.4,loam,1.67,0.63,Flood,False,False,False,rule_based
7.15,80.125,2024-08,279.8,95.8,25.8,17.1,31.8,3.4,loam,1.67,0.65,Flood,False,False,False,rule_based
7.15,80.125,2024-09,284.1,97.4,25.8,17.6,31.8,3.4,loam,1.67,0.58,Flood,False,False,False,rule_based
7.15,80.125,2024-10,393.0,97.0,25.5,13.8,31.8,3.4,loam,1.67,0.54,Flood,False,False,False,rule_based
7.15,80.125,2024-11,574.4,98.6,25.0,13.5,31.8,3.4,loam,1.67,0.64,Flood,False,False,False,rule_based
7.15,80.125,2024-12,144.9,97.5,25.4,13.2,31.8,3.4,loam,1.67,0.59,Flood,False,False,False,rule_based
7.15,80.125,2025-01,263.6,97.1,25.1,16.4,31.8,3.4,loam,1.67,0.55,Flood,False,False,False,rule_based
7.15,80.125,2025-02,35.8,95.1,26.6,15.7,31.8,3.4,loam,1.67,0.46,Warning,False,False,False,rule_based
7.15,80.125,2025-03,179.3,97.5,26.2,12.4,31.8,3.4,loam,1.67,0.64,Flood,False,False,False,rule_based
7.15,80.125,2025-04,256.2,98.3,26.0,13.4,31.8,3.4,loam,1.67,0.61,Flood,False,False,False,rule_based
7.15,80.125,2025-05,270.7,98.5,26.3,16.9,31.8,3.4,loam,1.67,0.6,Flood,False,False,False,rule_based
7.15,80.125,2025-06,384.6,99.0,25.6,17.6,31.8,3.4,loam,1.67,0.61,Flood,False,False,False,rule_based
7.15,80.125,2025-07,269.7,98.5,25.7,17.9,31.8,3.4,loam,1.67,0.6,Flood,False,False,False,rule_based
7.15,80.125,2025-08,230.7,98.7,25.4,17.4,31.8,3.4,loam,1.67,0.57,Flood,False,False,False,rule_based
7.15,80.125,2025-09,261.1,98.7,25.4,17.5,31.8,3.4,loam,1.67,0.59,Flood,False,False,False,rule_based
7.15,80.125,2025-10,342.3,97.7,25.5,12.9,31.8,3.4,loam,1.67,0.63,Flood,False,False,False,rule_based
7.15,80.125,2025-11,720.8,98.4,24.9,15.6,31.8,3.4,loam,1.67,0.62,Flood,False,False,False,rule_based
7.15,80.125,2025-12,153.7,95.8,25.4,16.8,31.8,3.4,loam,1.67,0.62,Flood,False,False,False,rule_based
7.15,80.15,2023-01,104.2,91.3,24.6,15.9,64.5,7.6,clay,1.11,0.65,Warning,False,False,False,rule_based
7.15,80.15,2023-02,73.0,95.4,25.4,13.6,64.5,7.6,clay,1.11,0.61,Warning,False,False,False,rule_based
7.15,80.15,2023-03,147.9,95.8,26.2,12.9,64.5,7.6,clay,1.11,0.61,Warning,False,False,False,rule_based
7.15,80.15,2023-04,152.8,96.4,26.9,12.7,64.5,7.6,clay,1.11,0.68,Warning,False,False,False,rule_based
7.15,80.15,2023-05,232.4,95.5,26.4,14.7,64.5,7.6,clay,1.11,0.72,Warning,False,False,False,rule_based
7.15,80.15,2023-06,285.7,95.4,25.9,16.1,64.5,7.6,clay,1.11,0.63,Warning,False,False,False,rule_based
7.15,80.15,2023-07,274.9,95.3,25.7,16.9,64.5,7.6,clay,1.11,0.66,Warning,False,False,False,rule_based
7.15,80.15,2023-08,94.1,94.5,26.3,17.6,64.5,7.6,clay,1.11,0.67,Warning,False,False,False,rule_based
7.15,80.15,2023-09,531.8,96.5,24.8,17.7,64.5,7.6,clay,1.11,0.72,Warning,False,False,False,rule_based
7.15,80.15,2023-10,491.4,97.8,24.9,13.6,64.5,7.6,clay,1.11,0.67,Warning,False,False,False,rule_based
7.15,80.15,2023-11,562.3,98.9,24.9,10.6,64.5,7.6,clay,1.11,0.66,Warning,False,False,False,rule_based
7.15,80.15,2023-12,383.0,97.4,25.3,14.2,64.5,7.6,clay,1.11,0.62,Warning,False,False,False,rule_based
7.15,80.15,2024-01,157.5,95.3,25.5,13.3,64.5,7.6,clay,1.11,0.68,Warning,False,False,False,rule_based
7.15,80.15,2024-02,19.3,91.9,27.4,16.4,64.5,7.6,clay,1.11,0.54,No Risk,False,False,False,rule_based
7.15,80.15,2024-03,71.6,93.8,28.1,15.9,64.5,7.6,clay,1.11,0.62,Warning,False,False,False,rule_based
7.15,80.15,2024-04,218.0,96.7,27.8,12.8,64.5,7.6,clay,1.11,0.68,Warning,False,False,False,rule_based
7.15,80.15,2024-05,711.3,97.5,26.6,16.0,64.5,7.6,clay,1.11,0.69,Warning,False,False,False,rule_based
7.15,80.15,2024-06,338.8,96.3,25.9,18.2,64.5,7.6,clay,1.11,0.68,Warning,False,False,False,rule_based
7.15,80.15,2024-07,312.9,96.0,26.0,16.6,64.5,7.6,clay,1.11,0.65,Warning,False,False,False,rule_based
7.15,80.15,2024-08,313.4,95.4,25.7,16.6,64.5,7.6,clay,1.11,0.7,Warning,False,False,False,rule_based
7.15,80.15,2024-09,290.9,96.8,25.6,16.7,64.5,7.6,clay,1.11,0.69,Warning,False,False,False,rule_based
7.15,80.15,2024-10,471.7,96.6,25.3,13.7,64.5,7.6,clay,1.11,0.68,Warning,False,False,False,rule_based
7.15,80.15,2024-11,565.6,98.7,24.8,12.7,64.5,7.6,clay,1.11,0.65,Warning,False,False,False,rule_based
7.15,80.15,2024-12,168.6,97.2,25.2,12.7,64.5,7.6,clay,1.11,0.72,Warning,False,False,False,rule_based
7.15,80.15,2025-01,274.9,97.5,24.8,14.8,64.5,7.6,clay,1.11,0.7,Warning,False,False,False,rule_based
7.15,80.15,2025-02,41.8,96.0,26.1,14.5,64.5,7.6,clay,1.11,0.52,No Risk,False,False,False,rule_based
7.15,80.15,2025-03,179.3,97.5,26.0,11.6,64.5,7.6,clay,1.11,0.71,Warning,False,False,False,rule_based
7.15,80.15,2025-04,274.4,97.7,25.9,12.9,64.5,7.6,clay,1.11,0.66,Warning,False,False,False,rule_based
7.15,80.15,2025-05,253.3,97.5,26.1,15.7,64.5,7.6,clay,1.11,0.66,Warning,False,False,False,rule_based
7.15,80.15,2025-06,401.0,97.7,25.4,16.3,64.5,7.6,clay,1.11,0.66,Warning,False,False,False,rule_based
7.15,80.15,2025-07,274.3,97.8,25.4,16.8,64.5,7.6,clay,1.11,0.63,Warning,False,False,False,rule_based
7.15,80.15,2025-08,284.3,97.6,25.2,16.6,64.5,7.6,clay,1.11,0.69,Warning,False,False,False,rule_based
7.15,80.15,2025-09,288.1,97.8,25.2,16.6,64.5,7.6,clay,1.11,0.62,Warning,False,False,False,rule_based
7.15,80.15,2025-10,351.4,97.4,25.3,12.8,64.5,7.6,clay,1.11,0.64,Warning,False,False,False,rule_based
7.15,80.15,2025-11,763.8,98.9,24.6,14.9,64.5,7.6,clay,1.11,0.62,Warning,False,False,False,rule_based
7.15,80.15,2025-12,123.8,96.4,25.1,15.3,64.5,7.6,clay,1.11,0.68,Warning,False,False,False,rule_based
7.15,80.175,2023-01,104.2,91.3,24.6,15.9,65.7,7.8,loam,3.38,0.68,Warning,False,False,False,rule_based
7.15,80.175,2023-02,73.0,95.4,25.4,13.6,65.7,7.8,loam,3.38,0.6,Warning,False,False,False,rule_based
7.15,80.175,2023-03,147.9,95.8,26.2,12.9,65.7,7.8,loam,3.38,0.65,Warning,False,False,False,rule_based
7.15,80.175,2023-04,152.8,96.4,26.9,12.7,65.7,7.8,loam,3.38,0.65,Warning,False,False,False,rule_based
7.15,80.175,2023-05,232.4,95.5,26.4,14.7,65.7,7.8,loam,3.38,0.7,Warning,False,False,False,rule_based
7.15,80.175,2023-06,285.7,95.4,25.9,16.1,65.7,7.8,loam,3.38,0.66,Warning,False,False,False,rule_based
7.15,80.175,2023-07,274.9,95.3,25.7,16.9,65.7,7.8,loam,3.38,0.69,Warning,False,False,False,rule_based
7.15,80.175,2023-08,94.1,94.5,26.3,17.6,65.7,7.8,loam,3.38,0.64,Warning,False,False,False,rule_based
7.15,80.175,2023-09,531.8,96.5,24.8,17.7,65.7,7.8,loam,3.38,0.69,Warning,False,False,False,rule_based
7.15,80.175,2023-10,491.4,97.8,24.9,13.6,65.7,7.8,loam,3.38,0.72,Warning,False,False,False,rule_based
7.15,80.175,2023-11,562.3,98.9,24.9,10.6,65.7,7.8,loam,3.38,0.7,Warning,False,False,False,rule_based
7.15,80.175,2023-12,383.0,97.4,25.3,14.2,65.7,7.8,loam,3.38,0.67,Warning,False,False,False,rule_based
7.15,80.175,2024-01,157.5,95.3,25.5,13.3,65.7,7.8,loam,3.38,0.69,Warning,False,False,False,rule_based
7.15,80.175,2024-02,19.3,91.9,27.4,16.4,65.7,7.8,loam,3.38,0.47,No Risk,False,False,False,rule_based
7.15,80.175,2024-03,71.6,93.8,28.1,15.9,65.7,7.8,loam,3.38,0.61,Warning,False,False,False,rule_based
7.15,80.175,2024-04,218.0,96.7,27.8,12.8,65.7,7.8,loam,3.38,0.67,Warning,False,False,False,rule_based
7.15,80.175,2024-05,711.3,97.5,26.6,16.0,65.7,7.8,loam,3.38,0.68,Warning,False,False,False,rule_based
7.15,80.175,2024-06,338.8,96.3,25.9,18.2,65.7,7.8,loam,3.38,0.69,Warning,False,False,False,rule_based
7.15,80.175,2024-07,312.9,96.0,26.0,16.6,65.7,7.8,loam,3.38,0.65,Warning,False,False,False,rule_based
7.15,80.175,2024-08,313.4,95.4,25.7,16.6,65.7,7.8,loam,3.38,0.65,Warning,False,False,False,rule_based
7.15,80.175,2024-09,290.9,96.8,25.6,16.7,65.7,7.8,loam,3.38,0.64,Warning,False,False,False,rule_based
7.15,80.175,2024-10,471.7,96.6,25.3,13.7,65.7,7.8,loam,3.38,0.63,Warning,False,False,False,rule_based
7.15,80.175,2024-11,565.6,98.7,24.8,12.7,65.7,7.8,loam,3.38,0.64,Warning,False,False,False,rule_based
7.15,80.175,2024-12,168.6,97.2,25.2,12.7,65.7,7.8,loam,3.38,0.69,Warning,False,False,False,rule_based
7.15,80.175,2025-01,274.9,97.5,24.8,14.8,65.7,7.8,loam,3.38,0.65,Warning,False,False,False,rule_based
7.15,80.175,2025-02,41.8,96.0,26.1,14.5,65.7,7.8,loam,3.38,0.55,No Risk,False,False,False,rule_based
7.15,80.175,2025-03,179.3,97.5,26.0,11.6,65.7,7.8,loam,3.38,0.68,Warning,False,False,False,rule_based
7.15,80.175,2025-04,274.4,97.7,25.9,12.9,65.7,7.8,loam,3.38,0.62,Warning,False,False,False,rule_based
7.15,80.175,2025-05,253.3,97.5,26.1,15.7,65.7,7.8,loam,3.38,0.7,Warning,False,False,False,rule_based
7.15,80.175,2025-06,401.0,97.7,25.4,16.3,65.7,7.8,loam,3.38,0.71,Warning,False,False,False,rule_based
7.15,80.175,2025-07,274.3,97.8,25.4,16.8,65.7,7.8,loam,3.38,0.65,Warning,False,False,False,rule_based
7.15,80.175,2025-08,284.3,97.6,25.2,16.6,65.7,7.8,loam,3.38,0.69,Warning,False,False,False,rule_based
7.15,80.175,2025-09,288.1,97.8,25.2,16.6,65.7,7.8,loam,3.38,0.66,Warning,False,False,False,rule_based
7.15,80.175,2025-10,351.4,97.4,25.3,12.8,65.7,7.8,loam,3.38,0.68,Warning,False,False,False,rule_based
7.15,80.175,2025-11,763.8,98.9,24.6,14.9,65.7,7.8,loam,3.38,0.64,Warning,False,False,False,rule_based
7.15,80.175,2025-12,123.8,96.4,25.1,15.3,65.7,7.8,loam,3.38,0.63,Warning,False,False,False,rule_based
7.15,80.2,2023-01,104.2,91.3,24.6,15.9,67.0,8.1,loam,4.0,0.67,Warning,False,False,False,rule_based
7.15,80.2,2023-02,73.0,95.4,25.4,13.6,67.0,8.1,loam,4.0,0.61,Warning,False,False,False,rule_based
7.15,80.2,2023-03,147.9,95.8,26.2,12.9,67.0,8.1,loam,4.0,0.67,Warning,False,False,False,rule_based
7.15,80.2,2023-04,152.8,96.4,26.9,12.7,67.0,8.1,loam,4.0,0.65,Warning,False,False,False,rule_based
7.15,80.2,2023-05,232.4,95.5,26.4,14.7,67.0,8.1,loam,4.0,0.67,Warning,False,False,False,rule_based
7.15,80.2,2023-06,285.7,95.4,25.9,16.1,67.0,8.1,loam,4.0,0.69,Warning,False,False,False,rule_based
7.15,80.2,2023-07,274.9,95.3,25.7,16.9,67.0,8.1,loam,4.0,0.68,Warning,False,False,False,rule_based
7.15,80.2,2023-08,94.1,94.5,26.3,17.6,67.0,8.1,loam,4.0,0.67,Warning,False,False,False,rule_based
7.15,80.2,2023-09,531.8,96.5,24.8,17.7,67.0,8.1,loam,4.0,0.66,Warning,False,False,False,rule_based
7.15,80.2,2023-10,491.4,97.8,24.9,13.6,67.0,8.1,loam,4.0,0.72,Warning,False,False,False,rule_based
7.15,80.2,2023-11,562.3,98.9,24.9,10.6,67.0,8.1,loam,4.0,0.65,Warning,False,False,False,rule_based
7.15,80.2,2023-12,383.0,97.4,25.3,14.2,67.0,8.1,loam,4.0,0.7,Warning,False,False,False,rule_based
7.15,80.2,2024-01,157.5,95.3,25.5,13.3,67.0,8.1,loam,4.0,0.72,Warning,False,False,False,rule_based
7.15,80.2,2024-02,19.3,91.9,27.4,16.4,67.0,8.1,loam,4.0,0.5,No Risk,False,False,False,rule_based
7.15,80.2,2024-03,71.6,93.8,28.1,15.9,67.0,8.1,loam,4.0,0.61,Warning,False,False,False,rule_based
7.15,80.2,2024-04,218.0,96.7,27.8,12.8,67.0,8.1,loam,4.0,0.67,Warning,False,False,False,rule_based
7.15,80.2,2024-05,711.3,97.5,26.6,16.0,67.0,8.1,loam,4.0,0.72,Warning,False,False,False,rule_based
7.15,80.2,2024-06,338.8,96.3,25.9,18.2,67.0,8.1,loam,4.0,0.64,Warning,False,False,False,rule_based
7.15,80.2,2024-07,312.9,96.0,26.0,16.6,67.0,8.1,loam,4.0,0.65,Warning,False,False,False,rule_based
7.15,80.2,2024-08,313.4,95.4,25.7,16.6,67.0,8.1,loam,4.0,0.67,Warning,False,False,False,rule_based
7.15,80.2,2024-09,290.9,96.8,25.6,16.7,67.0,8.1,loam,4.0,0.72,Warning,False,False,False,rule_based
7.15,80.2,2024-10,471.7,96.6,25.3,13.7,67.0,8.1,loam,4.0,0.7,Warning,False,False,False,rule_based
7.15,80.2,2024-11,565.6,98.7,24.8,12.7,67.0,8.1,loam,4.0,0.65,Warning,False,False,False,rule_based
7.15,80.2,2024-12,168.6,97.2,25.2,12.7,67.0,8.1,loam,4.0,0.67,Warning,False,False,False,rule_based
7.15,80.2,2025-01,274.9,97.5,24.8,14.8,67.0,8.1,loam,4.0,0.67,Warning,False,False,False,rule_based
7.15,80.2,2025-02,41.8,96.0,26.1,14.5,67.0,8.1,loam,4.0,0.52,No Risk,False,False,False,rule_based
7.15,80.2,2025-03,179.3,97.5,26.0,11.6,67.0,8.1,loam,4.0,0.71,Warning,False,False,False,rule_based
7.15,80.2,2025-04,274.4,97.7,25.9,12.9,67.0,8.1,loam,4.0,0.64,Warning,False,False,False,rule_based
7.15,80.2,2025-05,253.3,97.5,26.1,15.7,67.0,8.1,loam,4.0,0.73,Warning,False,False,False,rule_based
7.15,80.2,2025-06,401.0,97.7,25.4,16.3,67.0,8.1,loam,4.0,0.71,Warning,False,False,False,rule_based
7.15,80.2,2025-07,274.3,97.8,25.4,16.8,67.0,8.1,loam,4.0,0.72,Warning,False,False,False,rule_based
7.15,80.2,2025-08,284.3,97.6,25.2,16.6,67.0,8.1,loam,4.0,0.67,Warning,False,False,False,rule_based
7.15,80.2,2025-09,288.1,97.8,25.2,16.6,67.0,8.1,loam,4.0,0.68,Warning,False,False,False,rule_based
7.15,80.2,2025-10,351.4,97.4,25.3,12.8,67.0,8.1,loam,4.0,0.64,Warning,False,False,False,rule_based
7.15,80.2,2025-11,763.8,98.9,24.6,14.9,67.0,8.1,loam,4.0,0.67,Warning,False,False,False,rule_based
7.15,80.2,2025-12,123.8,96.4,25.1,15.3,67.0,8.1,loam,4.0,0.7,Warning,False,False,False,rule_based
7.15,80.225,2023-01,106.8,91.7,23.5,14.6,68.2,8.3,loam,2.29,0.73,Warning,False,False,False,rule_based
7.15,80.225,2023-02,99.4,96.0,24.2,13.0,68.2,8.3,loam,2.29,0.65,Warning,False,False,False,rule_based
7.15,80.225,2023-03,146.7,95.4,25.1,12.1,68.2,8.3,loam,2.29,0.68,Warning,False,False,False,rule_based
7.15,80.225,2023-04,145.4,96.2,25.7,12.4,68.2,8.3,loam,2.29,0.68,Warning,False,False,False,rule_based
7.15,80.225,2023-05,217.0,94.5,25.4,14.5,68.2,8.3,loam,2.29,0.64,Warning,False,False,False,rule_based
7.15,80.225,2023-06,280.0,94.3,24.9,15.4,68.2,8.3,loam,2.29,0.7,Warning,False,False,False,rule_based
7.15,80.225,2023-07,308.0,93.4,24.8,16.1,68.2,8.3,loam,2.29,0.66,Warning,False,False,False,rule_based
7.15,80.225,2023-08,97.0,92.3,25.5,17.3,68.2,8.3,loam,2.29,0.67,Warning,False,False,False,rule_based
7.15,80.225,2023-09,470.1,95.7,23.9,18.0,68.2,8.3,loam,2.29,0.67,Warning,False,False,False,rule_based
7.15,80.225,2023-10,494.3,97.6,23.9,13.8,68.2,8.3,loam,2.29,0.66,Warning,False,False,False,rule_based
7.15,80.225,2023-11,584.8,98.7,23.9,10.8,68.2,8.3,loam,2.29,0.69,Warning,False,False,False,rule_based
7.15,80.225,2023-12,330.7,97.4,24.3,13.0,68.2,8.3,loam,2.29,0.68,Warning,False,False,False,rule_based
7.15,80.225,2024-01,182.0,95.5,24.5,12.6,68.2,8.3,loam,2.29,0.68,Warning,False,False,False,rule_based
7.15,80.225,2024-02,22.1,92.3,26.2,15.8,68.2,8.3,loam,2.29,0.47,No Risk,False,False,False,rule_based
7.15,80.225,2024-03,91.3,94.5,27.1,15.7,68.2,8.3,loam,2.29,0.67,Warning,False,False,False,rule_based
7.15,80.225,2024-04,194.8,96.6,26.7,12.2,68.2,8.3,loam,2.29,0.74,Warning,False,False,False,rule_based
7.15,80.225,2024-05,713.5,96.8,25.6,16.2,68.2,8.3,loam,2.29,0.69,Warning,False,False,False,rule_based
7.15,80.225,2024-06,323.3,95.3,24.9,17.9,68.2,8.3,loam,2.29,0.72,Warning,False,False,False,rule_based
7.15,80.225,2024-07,370.1,94.3,25.1,15.8,68.2,8.3,loam,2.29,0.64,Warning,False,False,False,rule_based
7.15,80.225,2024-08,377.5,94.0,24.7,16.5,68.2,8.3,loam,2.29,0.69,Warning,False,False,False,rule_based
7.15,80.225,2024-09,275.1,95.2,24.7,16.4,68.2,8.3,loam,2.29,0.65,Warning,False,False,False,rule_based
7.15,80.225,2024-10,454.0,96.0,24.4,13.7,68.2,8.3,loam,2.29,0.64,Warning,False,False,False,rule_based
7.15,80.225,2024-11,575.0,98.5,23.8,12.4,68.2,8.3,loam,2.29,0.66,Warning,False,False,False,rule_based
7.15,80.225,2024-12,158.0,97.3,24.3,11.9,68.2,8.3,loam,2.29,0.72,Warning,False,False,False,rule_based
7.15,80.225,2025-01,299.1,97.5,23.9,13.1,68.2,8.3,loam,2.29,0.71,Warning,False,False,False,rule_based
7.15,80.225,2025-02,42.5,96.6,25.1,13.6,68.2,8.3,loam,2.29,0.55,No Risk,False,False,False,rule_based
7.15,80.225,2025-03,211.9,97.5,25.0,11.6,68.2,8.3,loam,2.29,0.64,Warning,False,False,False,rule_based
7.15,80.225,2025-04,269.4,97.9,24.8,12.7,68.2,8.3,loam,2.29,0.68,Warning,False,False,False,rule_based
7.15,80.225,2025-05,265.6,97.5,25.0,14.8,68.2,8.3,loam,2.29,0.7,Warning,False,False,False,rule_based
7.15,80.225,2025-06,426.2,96.4,24.4,15.2,68.2,8.3,loam,2.29,0.69,Warning,False,False,False,rule_based
7.15,80.225,2025-07,380.3,97.0,24.5,15.5,68.2,8.3,loam,2.29,0.63,Warning,False,False,False,rule_based
7.15,80.225,2025-08,242.7,96.2,24.3,15.7,68.2,8.3,loam,2.29,0.66,Warning,False,False,False,rule_based
7.15,80.225,2025-09,242.4,97.0,24.2,15.7,68.2,8.3,loam,2.29,0.68,Warning,False,False,False,rule_based
7.15,80.225,2025-10,359.9,96.7,24.4,12.5,68.2,8.3,loam,2.29,0.7,Warning,False,False,False,rule_based
7.15,80.225,2025-11,790.1,98.9,23.6,13.7,68.2,8.3,loam,2.29,0.62,Warning,False,False,False,rule_based
7.15,80.225,2025-12,159.1,96.8,24.2,13.9,68.2,8.3,loam,2.29,0.68,Warning,False,False,False,rule_based
7.15,80.25,2023-01,106.8,91.8,24.2,14.6,126.0,18.5,sandy,1.57,0.8,Landslide,False,False,False,rule_based
7.15,80.25,2023-02,99.4,96.0,25.0,13.0,126.0,18.5,sandy,1.57,0.82,Landslide,False,False,False,rule_based
7.15,80.25,2023-03,146.7,95.4,25.9,12.1,126.0,18.5,sandy,1.57,0.82,Landslide,False,False,False,rule_based
7.15,80.25,2023-04,145.4,96.2,26.5,12.4,126.0,18.5,sandy,1.57,0.82,Landslide,False,False,False,rule_based
7.15,80.25,2023-05,217.0,94.5,26.2,14.5,126.0,18.5,sandy,1.57,0.78,Landslide,False,False,False,rule_based
7.15,80.25,2023-06,280.0,94.3,25.7,15.4,126.0,18.5,sandy,1.57,0.74,Landslide,False,False,False,rule_based
7.15,80.25,2023-07,308.0,93.5,25.6,16.1,126.0,18.5,sandy,1.57,0.79,Landslide,False,False,False,rule_based
7.15,80.25,2023-08,97.0,92.4,26.3,17.3,126.0,18.5,sandy,1.57,0.82,Landslide,False,False,False,rule_based
7.15,80.25,2023-09,470.1,95.7,24.6,18.0,126.0,18.5,sandy,1.57,0.84,Landslide,False,False,False,rule_based
7.15,80.25,2023-10,494.3,97.6,24.7,13.8,126.0,18.5,sandy,1.57,0.82,Landslide,False,False,False,rule_based
7.15,80.25,2023-11,584.8,98.7,24.7,10.8,126.0,18.5,sandy,1.57,0.81,Landslide,False,False,False,rule_based
7.15,80.25,2023-12,330.7,97.5,25.1,13.0,126.0,18.5,sandy,1.57,0.81,Landslide,False,False,False,rule_based
7.15,80.25,2024-01,182.0,95.5,25.3,12.6,126.0,18.5,sandy,1.57,0.78,Landslide,False,False,False,rule_based
7.15,80.25,2024-02,22.1,92.3,27.0,15.8,126.0,18.5,sandy,1.57,0.6,No Risk,False,False,False,rule_based
7.15,80.25,2024-03,91.3,94.5,27.9,15.7,126.0,18.5,sandy,1.57,0.83,Landslide,False,False,False,rule_based
7.15,80.25,2024-04,194.8,96.7,27.5,12.2,126.0,18.5,sandy,1.57,0.77,Landslide,False,False,False,rule_based
7.15,80.25,2024-05,713.5,96.9,26.4,16.2,126.0,18.5,sandy,1.57,0.85,Landslide,False,False,False,rule_based
7.15,80.25,2024-06,323.3,95.3,25.7,17.9,126.0,18.5,sandy,1.57,0.79,Landslide,False,False,False,rule_based
7.15,80.25,2024-07,370.1,94.3,25.9,15.8,126.0,18.5,sandy,1.57,0.84,Landslide,False,False,False,rule_based
7.15,80.25,2024-08,377.5,94.0,25.5,16.5,126.0,18.5,sandy,1.57,0.76,Landslide,False,False,False,rule_based
7.15,80.25,2024-09,275.1,95.3,25.5,16.4,126.0,18.5,sandy,1.57,0.82,Landslide,False,False,False,rule_based
7.15,80.25,2024-10,454.0,96.0,25.1,13.7,126.0,18.5,sandy,1.57,0.78,Landslide,False,False,False,rule_based
7.15,80.25,2024-11,575.0,98.5,24.6,12.4,126.0,18.5,sandy,1.57,0.76,Landslide,False,False,False,rule_based
7.15,80.25,2024-12,158.0,97.4,25.1,11.9,126.0,18.5,sandy,1.57,0.81,Landslide,False,False,False,rule_based
7.15,80.25,2025-01,299.1,97.5,24.7,13.1,126.0,18.5,sandy,1.57,0.83,Landslide,False,False,False,rule_based
7.15,80.25,2025-02,42.5,96.7,25.9,13.6,126.0,18.5,sandy,1.57,0.63,No Risk,False,False,False,rule_based
7.15,80.25,2025-03,211.9,97.5,25.8,11.6,126.0,18.5,sandy,1.57,0.76,Landslide,False,False,False,rule_based
7.15,80.25,2025-04,269.4,97.9,25.6,12.7,126.0,18.5,sandy,1.57,0.8,Landslide,False,False,False,rule_based
7.15,80.25,2025-05,265.6,97.5,25.8,14.8,126.0,18.5,sandy,1.57,0.8,Landslide,False,False,False,rule_based
7.15,80.25,2025-06,426.2,96.4,25.2,15.2,126.0,18.5,sandy,1.57,0.82,Landslide,False,False,False,rule_based
7.15,80.25,2025-07,380.3,97.0,25.2,15.5,126.0,18.5,sandy,1.57,0.83,Landslide,False,False,False,rule_based
7.15,80.25,2025-08,242.7,96.2,25.1,15.7,126.0,18.5,sandy,1.57,0.8,Landslide,False,False,False,rule_based
7.15,80.25,2025-09,242.4,97.0,25.0,15.7,126.0,18.5,sandy,1.57,0.85,Landslide,False,False,False,rule_based
7.15,80.25,2025-10,359.9,96.7,25.2,12.5,126.0,18.5,sandy,1.57,0.81,Landslide,False,False,False,rule_based
7.15,80.25,2025-11,790.1,99.0,24.4,13.7,126.0,18.5,sandy,1.57,0.79,Landslide,False,False,False,rule_based
7.15,80.25,2025-12,159.1,96.9,24.9,13.9,126.0,18.5,sandy,1.57,0.75,Landslide,False,False,False,rule_based
7.15,80.275,2023-01,106.8,91.8,24.2,14.6,128.0,18.8,sandy,2.0,0.79,Landslide,False,False,False,rule_based
7.15,80.275,2023-02,99.4,96.0,25.0,13.0,128.0,18.8,sandy,2.0,0.79,Landslide,False,False,False,rule_based
7.15,80.275,2023-03,146.7,95.4,25.9,12.1,128.0,18.8,sandy,2.0,0.83,Landslide,False,False,False,rule_based
7.15,80.275,2023-04,145.4,96.2,26.5,12.4,128.0,18.8,sandy,2.0,0.81,Landslide,False,False,False,rule_based
7.15,80.275,2023-05,217.0,94.5,26.2,14.5,128.0,18.8,sandy,2.0,0.76,Landslide,False,False,False,rule_based
7.15,80.275,2023-06,280.0,94.3,25.7,15.4,128.0,18.8,sandy,2.0,0.81,Landslide,False,False,False,rule_based
7.15,80.275,2023-07,308.0,93.5,25.6,16.1,128.0,18.8,sandy,2.0,0.82,Landslide,False,False,False,rule_based
7.15,80.275,2023-08,97.0,92.4,26.3,17.3,128.0,18.8,sandy,2.0,0.84,Landslide,False,False,False,rule_based
7.15,80.275,2023-09,470.1,95.7,24.6,18.0,128.0,18.8,sandy,2.0,0.83,Landslide,False,False,False,rule_based
7.15,80.275,2023-10,494.3,97.6,24.7,13.8,128.0,18.8,sandy,2.0,0.82,Landslide,False,False,False,rule_based
7.15,80.275,2023-11,584.8,98.7,24.7,10.8,128.0,18.8,sandy,2.0,0.8,Landslide,False,False,False,rule_based
7.15,80.275,2023-12,330.7,97.5,25.1,13.0,128.0,18.8,sandy,2.0,0.81,Landslide,False,False,False,rule_based
7.15,80.275,2024-01,182.0,95.5,25.3,12.6,128.0,18.8,sandy,2.0,0.84,Landslide,False,False,False,rule_based
7.15,80.275,2024-02,22.1,92.3,27.0,15.8,128.0,18.8,sandy,2.0,0.57,No Risk,False,False,False,rule_based
7.15,80.275,2024-03,91.3,94.5,27.9,15.7,128.0,18.8,sandy,2.0,0.77,Landslide,False,False,False,rule_based
7.15,80.275,2024-04,194.8,96.7,27.5,12.2,128.0,18.8,sandy,2.0,0.78,Landslide,False,False,False,rule_based
7.15,80.275,2024-05,713.5,96.9,26.4,16.2,128.0,18.8,sandy,2.0,0.81,Landslide,False,False,False,rule_based
7.15,80.275,2024-06,323.3,95.3,25.7,17.9,128.0,18.8,sandy,2.0,0.84,Landslide,False,False,False,rule_based
7.15,80.275,2024-07,370.1,94.3,25.9,15.8,128.0,18.8,sandy,2.0,0.78,Landslide,False,False,False,rule_based
7.15,80.275,2024-08,377.5,94.0,25.5,16.5,128.0,18.8,sandy,2.0,0.73,Landslide,False,False,False,rule_based
7.15,80.275,2024-09,275.1,95.3,25.5,16.4,128.0,18.8,sandy,2.0,0.79,Landslide,False,False,False,rule_based
7.15,80.275,2024-10,454.0,96.0,25.1,13.7,128.0,18.8,sandy,2.0,0.83,Landslide,False,False,False,rule_based
7.15,80.275,2024-11,575.0,98.5,24.6,12.4,128.0,18.8,sandy,2.0,0.82,Landslide,False,False,False,rule_based
7.15,80.275,2024-12,158.0,97.4,25.1,11.9,128.0,18.8,sandy,2.0,0.81,Landslide,False,False,False,rule_based
7.15,80.275,2025-01,299.1,97.5,24.7,13.1,128.0,18.8,sandy,2.0,0.79,Landslide,False,False,False,rule_based
7.15,80.275,2025-02,42.5,96.7,25.9,13.6,128.0,18.8,sandy,2.0,0.62,No Risk,False,False,False,rule_based
7.15,80.275,2025-03,211.9,97.5,25.8,11.6,128.0,18.8,sandy,2.0,0.82,Landslide,False,False,False,rule_based
7.15,80.275,2025-04,269.4,97.9,25.6,12.7,128.0,18.8,sandy,2.0,0.77,Landslide,False,False,False,rule_based
7.15,80.275,2025-05,265.6,97.5,25.8,14.8,128.0,18.8,sandy,2.0,0.85,Landslide,False,False,False,rule_based
7.15,80.275,2025-06,426.2,96.4,25.2,15.2,128.0,18.8,sandy,2.0,0.82,Landslide,False,False,False,rule_based
7.15,80.275,2025-07,380.3,97.0,25.2,15.5,128.0,18.8,sandy,2.0,0.78,Landslide,False,False,False,rule_based
7.15,80.275,2025-08,242.7,96.2,25.1,15.7,128.0,18.8,sandy,2.0,0.78,Landslide,False,False,False,rule_based
7.15,80.275,2025-09,242.4,97.0,25.0,15.7,128.0,18.8,sandy,2.0,0.8,Landslide,False,False,False,rule_based
7.15,80.275,2025-10,359.9,96.7,25.2,12.5,128.0,18.8,sandy,2.0,0.79,Landslide,False,False,False,rule_based
7.15,80.275,2025-11,790.1,99.0,24.4,13.7,128.0,18.8,sandy,2.0,0.83,Landslide,False,False,False,rule_based
7.15,80.275,2025-12,159.1,96.9,24.9,13.9,128.0,18.8,sandy,2.0,0.81,Landslide,False,False,False,rule_based
7.15,80.3,2023-01,106.8,91.8,24.2,14.6,130.0,19.1,sandy,4.58,0.78,Landslide,False,False,False,rule_based
7.15,80.3,2023-02,99.4,96.0,25.0,13.0,130.0,19.1,sandy,4.58,0.85,Landslide,False,False,False,rule_based
7.15,80.3,2023-03,146.7,95.4,25.9,12.1,130.0,19.1,sandy,4.58,0.8,Landslide,False,False,False,rule_based
7.15,80.3,2023-04,145.4,96.2,26.5,12.4,130.0,19.1,sandy,4.58,0.82,Landslide,False,False,False,rule_based
7.15,80.3,2023-05,217.0,94.5,26.2,14.5,130.0,19.1,sandy,4.58,0.78,Landslide,False,False,False,rule_based
7.15,80.3,2023-06,280.0,94.3,25.7,15.4,130.0,19.1,sandy,4.58,0.81,Landslide,False,False,False,rule_based
7.15,80.3,2023-07,308.0,93.5,25.6,16.1,130.0,19.1,sandy,4.58,0.81,Landslide,False,False,False,rule_based
7.15,80.3,2023-08,97.0,92.4,26.3,17.3,130.0,19.1,sandy,4.58,0.74,Landslide,False,False,False,rule_based
7.15,80.3,2023-09,470.1,95.7,24.6,18.0,130.0,19.1,sandy,4.58,0.85,Landslide,False,False,False,rule_based
7.15,80.3,2023-10,494.3,97.6,24.7,13.8,130.0,19.1,sandy,4.58,0.84,Landslide,False,False,False,rule_based
7.15,80.3,2023-11,584.8,98.7,24.7,10.8,130.0,19.1,sandy,4.58,0.79,Landslide,False,False,False,rule_based
7.15,80.3,2023-12,330.7,97.5,25.1,13.0,130.0,19.1,sandy,4.58,0.77,Landslide,False,False,False,rule_based
7.15,80.3,2024-01,182.0,95.5,25.3,12.6,130.0,19.1,sandy,4.58,0.81,Landslide,False,False,False,rule_based
7.15,80.3,2024-02,22.1,92.3,27.0,15.8,130.0,19.1,sandy,4.58,0.61,No Risk,False,False,False,rule_based
7.15,80.3,2024-03,91.3,94.5,27.9,15.7,130.0,19.1,sandy,4.58,0.79,Landslide,False,False,False,rule_based
7.15,80.3,2024-04,194.8,96.7,27.5,12.2,130.0,19.1,sandy,4.58,0.81,Landslide,False,False,False,rule_based
7.15,80.3,2024-05,713.5,96.9,26.4,16.2,130.0,19.1,sandy,4.58,0.82,Landslide,False,False,False,rule_based
7.15,80.3,2024-06,323.3,95.3,25.7,17.9,130.0,19.1,sandy,4.58,0.84,Landslide,False,False,False,rule_based
7.15,80.3,2024-07,370.1,94.3,25.9,15.8,130.0,19.1,sandy,4.58,0.82,Landslide,False,False,False,rule_based
7.15,80.3,2024-08,377.5,94.0,25.5,16.5,130.0,19.1,sandy,4.58,0.77,Landslide,False,False,False,rule_based
7.15,80.3,2024-09,275.1,95.3,25.5,16.4,130.0,19.1,sandy,4.58,0.84,Landslide,False,False,False,rule_based
7.15,80.3,2024-10,454.0,96.0,25.1,13.7,130.0,19.1,sandy,4.58,0.85,Landslide,False,False,False,rule_based
7.15,80.3,2024-11,575.0,98.5,24.6,12.4,130.0,19.1,sandy,4.58,0.85,Landslide,False,False,False,rule_based
7.15,80.3,2024-12,158.0,97.4,25.1,11.9,130.0,19.1,sandy,4.58,0.77,Landslide,False,False,False,rule_based
7.15,80.3,2025-01,299.1,97.5,24.7,13.1,130.0,19.1,sandy,4.58,0.81,Landslide,False,False,False,rule_based
7.15,80.3,2025-02,42.5,96.7,25.9,13.6,130.0,19.1,sandy,4.58,0.59,No Risk,False,False,False,rule_based
7.15,80.3,2025-03,211.9,97.5,25.8,11.6,130.0,19.1,sandy,4.58,0.82,Landslide,False,False,False,rule_based
7.15,80.3,2025-04,269.4,97.9,25.6,12.7,130.0,19.1,sandy,4.58,0.78,Landslide,False,False,False,rule_based
7.15,80.3,2025-05,265.6,97.5,25.8,14.8,130.0,19.1,sandy,4.58,0.85,Landslide,False,False,False,rule_based
7.15,80.3,2025-06,426.2,96.4,25.2,15.2,130.0,19.1,sandy,4.58,0.78,Landslide,False,False,False,rule_based
7.15,80.3,2025-07,380.3,97.0,25.2,15.5,130.0,19.1,sandy,4.58,0.75,Landslide,False,False,False,rule_based
7.15,80.3,2025-08,242.7,96.2,25.1,15.7,130.0,19.1,sandy,4.58,0.79,Landslide,False,False,False,rule_based
7.15,80.3,2025-09,242.4,97.0,25.0,15.7,130.0,19.1,sandy,4.58,0.74,Landslide,False,False,False,rule_based
7.15,80.3,2025-10,359.9,96.7,25.2,12.5,130.0,19.1,sandy,4.58,0.82,Landslide,False,False,False,rule_based
7.15,80.3,2025-11,790.1,99.0,24.4,13.7,130.0,19.1,sandy,4.58,0.74,Landslide,False,False,False,rule_based
7.15,80.3,2025-12,159.1,96.9,24.9,13.9,130.0,19.1,sandy,4.58,0.8,Landslide,False,False,False,rule_based
7.15,80.325,2023-01,98.9,92.4,24.2,13.3,132.0,19.4,sandy,5.9,0.73,Landslide,False,False,False,rule_based
7.15,80.325,2023-02,112.4,96.1,25.0,12.3,132.0,19.4,sandy,5.9,0.79,Landslide,False,False,False,rule_based
7.15,80.325,2023-03,143.5,94.6,26.0,11.4,132.0,19.4,sandy,5.9,0.85,Landslide,False,False,False,rule_based
7.15,80.325,2023-04,208.8,96.1,26.3,12.3,132.0,19.4,sandy,5.9,0.81,Landslide,False,False,False,rule_based
7.15,80.325,2023-05,213.1,94.9,26.2,14.2,132.0,19.4,sandy,5.9,0.77,Landslide,False,False,False,rule_based
7.15,80.325,2023-06,240.5,94.6,25.7,15.3,132.0,19.4,sandy,5.9,0.8,Landslide,False,False,False,rule_based
7.15,80.325,2023-07,286.6,93.2,25.7,16.1,132.0,19.4,sandy,5.9,0.8,Landslide,False,False,False,rule_based
7.15,80.325,2023-08,101.4,92.3,26.3,17.5,132.0,19.4,sandy,5.9,0.81,Landslide,False,False,False,rule_based
7.15,80.325,2023-09,410.3,95.8,24.8,18.6,132.0,19.4,sandy,5.9,0.76,Landslide,False,False,False,rule_based
7.15,80.325,2023-10,466.4,97.4,24.9,13.5,132.0,19.4,sandy,5.9,0.82,Landslide,False,False,False,rule_based
7.15,80.325,2023-11,652.5,98.5,24.9,10.3,132.0,19.4,sandy,5.9,0.72,Landslide,False,False,False,rule_based
7.15,80.325,2023-12,341.0,97.0,25.4,12.7,132.0,19.4,sandy,5.9,0.78,Landslide,False,False,False,rule_based
7.15,80.325,2024-01,166.9,95.3,25.4,11.7,132.0,19.4,sandy,5.9,0.79,Landslide,False,False,False,rule_based
7.15,80.325,2024-02,26.9,91.8,27.1,15.9,132.0,19.4,sandy,5.9,0.64,No Risk,False,False,False,rule_based
7.15,80.325,2024-03,106.1,94.6,27.9,14.7,132.0,19.4,sandy,5.9,0.8,Landslide,False,False,False,rule_based
7.15,80.325,2024-04,240.3,96.6,27.5,12.0,132.0,19.4,sandy,5.9,0.76,Landslide,False,False,False,rule_based
7.15,80.325,2024-05,686.7,97.1,26.5,16.2,132.0,19.4,sandy,5.9,0.77,Landslide,False,False,False,rule_based
7.15,80.325,2024-06,313.8,95.5,25.8,18.0,132.0,19.4,sandy,5.9,0.81,Landslide,False,False,False,rule_based
7.15,80.325,2024-07,323.5,94.4,26.0,15.9,132.0,19.4,sandy,5.9,0.8,Landslide,False,False,False,rule_based
7.15,80.325,2024-08,342.0,94.1,25.6,16.8,132.0,19.4,sandy,5.9,0.78,Landslide,False,False,False,rule_based
7.15,80.325,2024-09,284.9,95.2,25.5,16.5,132.0,19.4,sandy,5.9,0.79,Landslide,False,False,False,rule_based
7.15,80.325,2024-10,365.7,96.1,25.3,13.8,132.0,19.4,sandy,5.9,0.82,Landslide,False,False,False,rule_based
7.15,80.325,2024-11,625.7,98.2,24.8,11.4,132.0,19.4,sandy,5.9,0.78,Landslide,False,False,False,rule_based
7.15,80.325,2024-12,154.6,97.5,25.2,11.1,132.0,19.4,sandy,5.9,0.8,Landslide,False,False,False,rule_based
7.15,80.325,2025-01,279.9,97.6,24.9,12.2,132.0,19.4,sandy,5.9,0.85,Landslide,False,False,False,rule_based
7.15,80.325,2025-02,27.7,96.5,26.0,13.1,132.0,19.4,sandy,5.9,0.58,No Risk,False,False,False,rule_based
7.15,80.325,2025-03,188.0,97.5,25.9,10.8,132.0,19.4,sandy,5.9,0.74,Landslide,False,False,False,rule_based
7.15,80.325,2025-04,216.3,97.8,25.8,12.0,132.0,19.4,sandy,5.9,0.82,Landslide,False,False,False,rule_based
7.15,80.325,2025-05,247.2,97.4,25.9,14.6,132.0,19.4,sandy,5.9,0.78,Landslide,False,False,False,rule_based
7.15,80.325,2025-06,361.9,96.3,25.3,14.8,132.0,19.4,sandy,5.9,0.79,Landslide,False,False,False,rule_based
7.15,80.325,2025-07,350.1,96.8,25.3,15.4,132.0,19.4,sandy,5.9,0.78,Landslide,False,False,False,rule_based
7.15,80.325,2025-08,215.9,95.7,25.2,15.2,132.0,19.4,sandy,5.9,0.79,Landslide,False,False,False,rule_based
7.15,80.325,2025-09,242.4,96.9,25.1,15.5,132.0,19.4,sandy,5.9,0.85,Landslide,False,False,False,rule_based
7.15,80.325,2025-10,390.2,96.8,25.3,12.1,132.0,19.4,sandy,5.9,0.82,Landslide,False,False,False,rule_based
7.15,80.325,2025-11,826.6,99.0,24.6,12.8,132.0,19.4,sandy,5.9,0.83,Landslide,False,False,False,rule_based
7.15,80.325,2025-12,192.8,97.5,25.0,12.9,132.0,19.4,sandy,5.9,0.76,Landslide,False,False,False,rule_based
7.15,80.35,2023-01,98.9,92.4,23.5,13.3,134.0,19.7,sandy,8.0,0.76,Landslide,False,False,False,rule_based
7.15,80.35,2023-02,112.4,96.0,24.3,12.3,134.0,19.7,sandy,8.0,0.71,Landslide,False,False,False,rule_based
7.15,80.35,2023-03,143.5,94.6,25.2,11.4,134.0,19.7,sandy,8.0,0.78,Landslide,False,False,False,rule_based
7.15,80.35,2023-04,208.8,96.0,25.6,12.3,134.0,19.7,sandy,8.0,0.83,Landslide,False,False,False,rule_based
7.15,80.35,2023-05,213.1,94.9,25.5,14.2,134.0,19.7,sandy,8.0,0.82,Landslide,False,False,False,rule_based
7.15,80.35,2023-06,240.5,94.6,25.0,15.3,134.0,19.7,sandy,8.0,0.79,Landslide,False,False,False,rule_based
7.15,80.35,2023-07,286.6,93.2,24.9,16.1,134.0,19.7,sandy,8.0,0.8,Landslide,False,False,False,rule_based
7.15,80.35,2023-08,101.4,92.3,25.5,17.5,134.0,19.7,sandy,8.0,0.78,Landslide,False,False,False,rule_based
7.15,80.35,2023-09,410.3,95.8,24.1,18.6,134.0,19.7,sandy,8.0,0.81,Landslide,False,False,False,rule_based
7.15,80.35,2023-10,466.4,97.4,24.2,13.5,134.0,19.7,sandy,8.0,0.82,Landslide,False,False,False,rule_based
7.15,80.35,2023-11,652.5,98.5,24.2,10.3,134.0,19.7,sandy,8.0,0.75,Landslide,False,False,False,rule_based
7.15,80.35,2023-12,341.0,97.0,24.7,12.7,134.0,19.7,sandy,8.0,0.81,Landslide,False,False,False,rule_based
7.15,80.35,2024-01,166.9,95.2,24.7,11.7,134.0,19.7,sandy,8.0,0.83,Landslide,False,False,False,rule_based
7.15,80.35,2024-02,26.9,91.8,26.3,15.9,134.0,19.7,sandy,8.0,0.6,No Risk,False,False,False,rule_based
7.15,80.35,2024-03,106.1,94.6,27.2,14.7,134.0,19.7,sandy,8.0,0.82,Landslide,False,False,False,rule_based
7.15,80.35,2024-04,240.3,96.6,26.8,12.0,134.0,19.7,sandy,8.0,0.85,Landslide,False,False,False,rule_based
7.15,80.35,2024-05,686.7,97.1,25.8,16.2,134.0,19.7,sandy,8.0,0.8,Landslide,False,False,False,rule_based
7.15,80.35,2024-06,313.8,95.5,25.0,18.0,134.0,19.7,sandy,8.0,0.81,Landslide,False,False,False,rule_based
7.15,80.35,2024-07,323.5,94.4,25.2,15.9,134.0,19.7,sandy,8.0,0.78,Landslide,False,False,False,rule_based
7.15,80.35,2024-08,342.0,94.1,24.9,16.8,134.0,19.7,sandy,8.0,0.81,Landslide,False,False,False,rule_based
7.15,80.35,2024-09,284.9,95.2,24.8,16.5,134.0,19.7,sandy,8.0,0.81,Landslide,False,False,False,rule_based
7.15,80.35,2024-10,365.7,96.1,24.5,13.8,134.0,19.7,sandy,8.0,0.81,Landslide,False,False,False,rule_based
7.15,80.35,2024-11,625.7,98.2,24.0,11.4,134.0,19.7,sandy,8.0,0.77,Landslide,False,False,False,rule_based
7.15,80.35,2024-12,154.6,97.4,24.4,11.1,134.0,19.7,sandy,8.0,0.81,Landslide,False,False,False,rule_based
7.15,80.35,2025-01,279.9,97.6,24.2,12.2,134.0,19.7,sandy,8.0,0.84,Landslide,False,False,False,rule_based
7.15,80.35,2025-02,27.7,96.5,25.3,13.1,134.0,19.7,sandy,8.0,0.63,No Risk,False,False,False,rule_based
7.15,80.35,2025-03,188.0,97.4,25.2,10.8,134.0,19.7,sandy,8.0,0.83,Landslide,False,False,False,rule_based
7.15,80.35,2025-04,216.3,97.8,25.1,12.0,134.0,19.7,sandy,8.0,0.79,Landslide,False,False,False,rule_based
7.15,80.35,2025-05,247.2,97.4,25.2,14.6,134.0,19.7,sandy,8.0,0.82,Landslide,False,False,False,rule_based
7.15,80.35,2025-06,361.9,96.3,24.6,14.8,134.0,19.7,sandy,8.0,0.81,Landslide,False,False,False,rule_based
7.15,80.35,2025-07,350.1,96.7,24.6,15.4,134.0,19.7,sandy,8.0,0.77,Landslide,False,False,False,rule_based
7.15,80.35,2025-08,215.9,95.7,24.4,15.2,134.0,19.7,sandy,8.0,0.81,Landslide,False,False,False,rule_based
7.15,80.35,2025-09,242.4,96.8,24.4,15.5,134.0,19.7,sandy,8.0,0.77,Landslide,False,False,False,rule_based
7.15,80.35,2025-10,390.2,96.8,24.5,12.1,134.0,19.7,sandy,8.0,0.78,Landslide,False,False,False,rule_based
7.15,80.35,2025-11,826.6,99.0,23.8,12.8,134.0,19.7,sandy,8.0,0.81,Landslide,False,False,False,rule_based
7.15,80.35,2025-12,192.8,97.5,24.3,12.9,134.0,19.7,sandy,8.0,0.81,Landslide,False,False,False,rule_based
7.175,79.85,2023-01,80.3,89.9,25.1,18.8,9.0,1.2,clay,15.0,0.52,Warning,False,False,False,rule_based
7.175,79.85,2023-02,81.3,93.1,25.8,17.2,9.0,1.2,clay,15.0,0.53,Warning,False,False,False,rule_based
7.175,79.85,2023-03,134.0,95.2,26.7,14.7,9.0,1.2,clay,15.0,0.56,Warning,False,False,False,rule_based
7.175,79.85,2023-04,154.1,96.6,27.2,13.8,9.0,1.2,clay,15.0,0.61,Warning,False,False,False,rule_based
7.175,79.85,2023-05,240.3,95.0,27.5,18.1,9.0,1.2,clay,15.0,0.56,Warning,False,False,False,rule_based
7.175,79.85,2023-06,322.4,94.2,27.2,20.7,9.0,1.2,clay,15.0,0.57,Warning,False,False,False,rule_based
7.175,79.85,2023-07,185.4,91.6,27.0,21.1,9.0,1.2,clay,15.0,0.6,Warning,False,False,False,rule_based
7.175,79.85,2023-08,93.4,92.0,27.1,20.0,9.0,1.2,clay,15.0,0.53,Warning,False,False,False,rule_based
7.175,79.85,2023-09,505.9,94.6,26.1,20.7,9.0,1.2,clay,15.0,0.61,Warning,False,False,False,rule_based
7.175,79.85,2023-10,454.8,96.4,25.7,15.0,9.0,1.2,clay,15.0,0.52,Warning,False,False,False,rule_based
7.175,79.85,2023-11,583.5,97.6,25.5,12.1,9.0,1.2,clay,15.0,0.62,Warning,False,False,False,rule_based
7.175,79.85,2023-12,307.0,94.9,26.0,17.3,9.0,1.2,clay,15.0,0.56,Warning,False,False,False,rule_based
7.175,79.85,2024-01,140.8,92.5,26.2,16.8,9.0,1.2,clay,15.0,0.56,Warning,False,False,False,rule_based
7.175,79.85,2024-02,22.4,90.1,27.9,18.9,9.0,1.2,clay,15.0,0.32,No Risk,False,False,False,rule_based
7.175,79.85,2024-03,74.5,92.8,28.1,16.6,9.0,1.2,clay,15.0,0.49,Warning,False,False,False,rule_based
7.175,79.85,2024-04,170.2,95.3,28.1,13.9,9.0,1.2,clay,15.0,0.54,Warning,False,False,False,rule_based
7.175,79.85,2024-05,580.6,94.6,27.7,19.5,9.0,1.2,clay,15.0,0.55,Warning,False,False,False,rule_based
7.175,79.85,2024-06,325.2,93.3,27.1,22.0,9.0,1.2,clay,15.0,0.56,Warning,False,False,False,rule_based
7.175,79.85,2024-07,249.1,92.7,27.2,20.3,9.0,1.2,clay,15.0,0.6,Warning,False,False,False,rule_based
7.175,79.85,2024-08,254.8,92.2,26.8,20.2,9.0,1.2,clay,15.0,0.57,Warning,False,False,False,rule_based
7.175,79.85,2024-09,256.4,92.1,27.1,21.0,9.0,1.2,clay,15.0,0.58,Warning,False,False,False,rule_based
7.175,79.85,2024-10,424.6,94.8,26.3,16.8,9.0,1.2,clay,15.0,0.54,Warning,False,False,False,rule_based
7.175,79.85,2024-11,398.9,96.9,25.6,15.9,9.0,1.2,clay,15.0,0.54,Warning,False,False,False,rule_based
7.175,79.85,2024-12,114.4,95.0,26.1,15.5,9.0,1.2,clay,15.0,0.62,Warning,False,False,False,rule_based
7.175,79.85,2025-01,233.3,94.2,25.6,18.8,9.0,1.2,clay,15.0,0.55,Warning,False,False,False,rule_based
7.175,79.85,2025-02,38.6,91.6,27.1,18.5,9.0,1.2,clay,15.0,0.46,No Risk,False,False,False,rule_based
7.175,79.85,2025-03,130.4,96.7,26.8,13.3,9.0,1.2,clay,15.0,0.56,Warning,False,False,False,rule_based
7.175,79.85,2025-04,170.8,96.0,27.1,15.8,9.0,1.2,clay,15.0,0.57,Warning,False,False,False,rule_based
7.175,79.85,2025-05,261.9,94.4,28.0,21.5,9.0,1.2,clay,15.0,0.6,Warning,False,False,False,rule_based
7.175,79.85,2025-06,308.8,93.3,27.2,22.0,9.0,1.2,clay,15.0,0.61,Warning,False,False,False,rule_based
7.175,79.85,2025-07,132.8,91.2,27.3,22.2,9.0,1.2,clay,15.0,0.56,Warning,False,False,False,rule_based
7.175,79.85,2025-08,131.1,92.5,27.0,21.0,9.0,1.2,clay,15.0,0.56,Warning,False,False,False,rule_based
7.175,79.85,2025-09,203.0,93.1,27.1,21.0,9.0,1.2,clay,15.0,0.57,Warning,False,False,False,rule_based
7.175,79.85,2025-10,297.3,94.4,26.7,15.6,9.0,1.2,clay,15.0,0.58,Warning,False,False,False,rule_based
7.175,79.85,2025-11,768.3,96.7,25.8,18.7,9.0,1.2,clay,15.0,0.59,Warning,False,False,False,rule_based
7.175,79.85,2025-12,139.2,94.2,25.7,18.5,9.0,1.2,clay,15.0,0.57,Warning,False,False,False,rule_based
7.175,79.875,2023-01,80.3,89.9,25.1,18.8,9.4,1.3,clay,15.0,0.54,Warning,False,False,False,rule_based
7.175,79.875,2023-02,81.3,93.1,25.8,17.2,9.4,1.3,clay,15.0,0.57,Warning,False,False,False,rule_based
7.175,79.875,2023-03,134.0,95.2,26.7,14.7,9.4,1.3,clay,15.0,0.58,Warning,False,False,False,rule_based
7.175,79.875,2023-04,154.1,96.6,27.2,13.8,9.4,1.3,clay,15.0,0.58,Warning,False,False,False,rule_based
7.175,79.875,2023-05,240.3,95.0,27.5,18.1,9.4,1.3,clay,15.0,0.52,Warning,False,False,False,rule_based
7.175,79.875,2023-06,322.4,94.2,27.2,20.7,9.4,1.3,clay,15.0,0.49,Warning,False,False,False,rule_based
7.175,79.875,2023-07,185.4,91.6,27.0,21.1,9.4,1.3,clay,15.0,0.58,Warning,False,False,False,rule_based
7.175,79.875,2023-08,93.4,92.0,27.1,20.0,9.4,1.3,clay,15.0,0.55,Warning,False,False,False,rule_based
7.175,79.875,2023-09,505.9,94.6,26.1,20.7,9.4,1.3,clay,15.0,0.55,Warning,False,False,False,rule_based
7.175,79.875,2023-10,454.8,96.4,25.7,15.0,9.4,1.3,clay,15.0,0.58,Warning,False,False,False,rule_based
7.175,79.875,2023-11,583.5,97.6,25.5,12.1,9.4,1.3,clay,15.0,0.57,Warning,False,False,False,rule_based
7.175,79.875,2023-12,307.0,94.9,26.0,17.3,9.4,1.3,clay,15.0,0.6,Warning,False,False,False,rule_based
7.175,79.875,2024-01,140.8,92.5,26.2,16.8,9.4,1.3,clay,15.0,0.57,Warning,False,False,False,rule_based
7.175,79.875,2024-02,22.4,90.1,27.9,18.9,9.4,1.3,clay,15.0,0.35,No Risk,False,False,False,rule_based
7.175,79.875,2024-03,74.5,92.8,28.1,16.6,9.4,1.3,clay,15.0,0.53,Warning,False,False,False,rule_based
7.175,79.875,2024-04,170.2,95.3,28.1,13.9,9.4,1.3,clay,15.0,0.56,Warning,False,False,False,rule_based
7.175,79.875,2024-05,580.6,94.6,27.7,19.5,9.4,1.3,clay,15.0,0.58,Warning,False,False,False,rule_based
7.175,79.875,2024-06,325.2,93.3,27.1,22.0,9.4,1.3,clay,15.0,0.55,Warning,False,False,False,rule_based
7.175,79.875,2024-07,249.1,92.7,27.2,20.3,9.4,1.3,clay,15.0,0.55,Warning,False,False,False,rule_based
7.175,79.875,2024-08,254.8,92.2,26.8,20.2,9.4,1.3,clay,15.0,0.57,Warning,False,False,False,rule_based
7.175,79.875,2024-09,256.4,92.1,27.1,21.0,9.4,1.3,clay,15.0,0.57,Warning,False,False,False,rule_based
7.175,79.875,2024-10,424.6,94.8,26.3,16.8,9.4,1.3,clay,15.0,0.58,Warning,False,False,False,rule_based
7.175,79.875,2024-11,398.9,96.9,25.6,15.9,9.4,1.3,clay,15.0,0.56,Warning,False,False,False,rule_based
7.175,79.875,2024-12,114.4,95.0,26.1,15.5,9.4,1.3,clay,15.0,0.51,Warning,False,False,False,rule_based
7.175,79.875,2025-01,233.3,94.2,25.6,18.8,9.4,1.3,clay,15.0,0.56,Warning,False,False,False,rule_based
7.175,79.875,2025-02,38.6,91.6,27.1,18.5,9.4,1.3,clay,15.0,0.44,No Risk,False,False,False,rule_based
7.175,79.875,2025-03,130.4,96.7,26.8,13.3,9.4,1.3,clay,15.0,0.56,Warning,False,False,False,rule_based
7.175,79.875,2025-04,170.8,96.0,27.1,15.8,9.4,1.3,clay,15.0,0.56,Warning,False,False,False,rule_based
7.175,79.875,2025-05,261.9,94.4,28.0,21.5,9.4,1.3,clay,15.0,0.6,Warning,False,False,False,rule_based
7.175,79.875,2025-06,308.8,93.3,27.2,22.0,9.4,1.3,clay,15.0,0.55,Warning,False,False,False,rule_based
7.175,79.875,2025-07,132.8,91.2,27.3,22.2,9.4,1.3,clay,15.0,0.52,Warning,False,False,False,rule_based
7.175,79.875,2025-08,131.1,92.5,27.0,21.0,9.4,1.3,clay,15.0,0.56,Warning,False,False,False,rule_based
7.175,79.875,2025-09,203.0,93.1,27.1,21.0,9.4,1.3,clay,15.0,0.55,Warning,False,False,False,rule_based
7.175,79.875,2025-10,297.3,94.4,26.7,15.6,9.4,1.3,clay,15.0,0.54,Warning,False,False,False,rule_based
7.175,79.875,2025-11,768.3,96.7,25.8,18.7,9.4,1.3,clay,15.0,0.56,Warning,False,False,False,rule_based
7.175,79.875,2025-12,139.2,94.2,25.7,18.5,9.4,1.3,clay,15.0,0.58,Warning,False,False,False,rule_based
7.175,79.9,2023-01,80.3,89.9,25.1,18.8,9.7,1.3,clay,15.0,0.52,Warning,False,False,False,rule_based
7.175,79.9,2023-02,81.3,93.1,25.8,17.2,9.7,1.3,clay,15.0,0.53,Warning,False,False,False,rule_based
7.175,79.9,2023-03,134.0,95.2,26.7,14.7,9.7,1.3,clay,15.0,0.62,Warning,False,False,False,rule_based
7.175,79.9,2023-04,154.1,96.6,27.2,13.8,9.7,1.3,clay,15.0,0.56,Warning,False,False,False,rule_based
7.175,79.9,2023-05,240.3,95.0,27.5,18.1,9.7,1.3,clay,15.0,0.58,Warning,False,False,False,rule_based
7.175,79.9,2023-06,322.4,94.2,27.2,20.7,9.7,1.3,clay,15.0,0.55,Warning,False,False,False,rule_based
7.175,79.9,2023-07,185.4,91.6,27.0,21.1,9.7,1.3,clay,15.0,0.54,Warning,False,False,False,rule_based
7.175,79.9,2023-08,93.4,92.0,27.1,20.0,9.7,1.3,clay,15.0,0.54,Warning,False,False,False,rule_based
7.175,79.9,2023-09,505.9,94.6,26.1,20.7,9.7,1.3,clay,15.0,0.56,Warning,False,False,False,rule_based
7.175,79.9,2023-10,454.8,96.4,25.7,15.0,9.7,1.3,clay,15.0,0.58,Warning,False,False,False,rule_based
7.175,79.9,2023-11,583.5,97.6,25.5,12.1,9.7,1.3,clay,15.0,0.64,Warning,False,False,False,rule_based
7.175,79.9,2023-12,307.0,94.9,26.0,17.3,9.7,1.3,clay,15.0,0.55,Warning,False,False,False,rule_based
7.175,79.9,2024-01,140.8,92.5,26.2,16.8,9.7,1.3,clay,15.0,0.56,Warning,False,False,False,rule_based
7.175,79.9,2024-02,22.4,90.1,27.9,18.9,9.7,1.3,clay,15.0,0.37,No Risk,False,False,False,rule_based
7.175,79.9,2024-03,74.5,92.8,28.1,16.6,9.7,1.3,clay,15.0,0.52,Warning,False,False,False,rule_based
7.175,79.9,2024-04,170.2,95.3,28.1,13.9,9.7,1.3,clay,15.0,0.58,Warning,False,False,False,rule_based
7.175,79.9,2024-05,580.6,94.6,27.7,19.5,9.7,1.3,clay,15.0,0.61,Warning,False,False,False,rule_based
7.175,79.9,2024-06,325.2,93.3,27.1,22.0,9.7,1.3,clay,15.0,0.5,Warning,False,False,False,rule_based
7.175,79.9,2024-07,249.1,92.7,27.2,20.3,9.7,1.3,clay,15.0,0.5,Warning,False,False,False,rule_based
7.175,79.9,2024-08,254.8,92.2,26.8,20.2,9.7,1.3,clay,15.0,0.55,Warning,False,False,False,rule_based
7.175,79.9,2024-09,256.4,92.1,27.1,21.0,9.7,1.3,clay,15.0,0.6,Warning,False,False,False,rule_based
7.175,79.9,2024-10,424.6,94.8,26.3,16.8,9.7,1.3,clay,15.0,0.52,Warning,False,False,False,rule_based
7.175,79.9,2024-11,398.9,96.9,25.6,15.9,9.7,1.3,clay,15.0,0.48,Warning,False,False,False,rule_based
7.175,79.9,2024-12,114.4,95.0,26.1,15.5,9.7,1.3,clay,15.0,0.59,Warning,False,False,False,rule_based
7.175,79.9,2025-01,233.3,94.2,25.6,18.8,9.7,1.3,clay,15.0,0.58,Warning,False,False,False,rule_based
7.175,79.9,2025-02,38.6,91.6,27.1,18.5,9.7,1.3,clay,15.0,0.38,No Risk,False,False,False,rule_based
7.175,79.9,2025-03,130.4,96.7,26.8,13.3,9.7,1.3,clay,15.0,0.54,Warning,False,False,False,rule_based
7.175,79.9,2025-04,170.8,96.0,27.1,15.8,9.7,1.3,clay,15.0,0.54,Warning,False,False,False,rule_based
7.175,79.9,2025-05,261.9,94.4,28.0,21.5,9.7,1.3,clay,15.0,0.57,Warning,False,False,False,rule_based
7.175,79.9,2025-06,308.8,93.3,27.2,22.0,9.7,1.3,clay,15.0,0.55,Warning,False,False,False,rule_based
7.175,79.9,2025-07,132.8,91.2,27.3,22.2,9.7,1.3,clay,15.0,0.58,Warning,False,False,False,rule_based
7.175,79.9,2025-08,131.1,92.5,27.0,21.0,9.7,1.3,clay,15.0,0.48,Warning,False,False,False,rule_based
7.175,79.9,2025-09,203.0,93.1,27.1,21.0,9.7,1.3,clay,15.0,0.54,Warning,False,False,False,rule_based
7.175,79.9,2025-10,297.3,94.4,26.7,15.6,9.7,1.3,clay,15.0,0.54,Warning,False,False,False,rule_based
7.175,79.9,2025-11,768.3,96.7,25.8,18.7,9.7,1.3,clay,15.0,0.56,Warning,False,False,False,rule_based
7.175,79.9,2025-12,139.2,94.2,25.7,18.5,9.7,1.3,clay,15.0,0.55,Warning,False,False,False,rule_based
7.175,79.925,2023-01,102.6,91.2,25.1,16.9,10.1,1.3,clay,15.0,0.59,Warning,False,False,False,rule_based
7.175,79.925,2023-02,126.3,93.6,25.8,14.6,10.1,1.3,clay,15.0,0.51,Warning,False,False,False,rule_based
7.175,79.925,2023-03,145.7,95.8,26.7,13.0,10.1,1.3,clay,15.0,0.57,Warning,False,False,False,rule_based
7.175,79.925,2023-04,175.3,97.0,27.0,12.1,10.1,1.3,clay,15.0,0.59,Warning,False,False,False,rule_based
7.175,79.925,2023-05,243.9,95.7,27.0,15.5,10.1,1.3,clay,15.0,0.63,Warning,False,False,False,rule_based
7.175,79.925,2023-06,323.5,96.3,26.7,17.9,10.1,1.3,clay,15.0,0.56,Warning,False,False,False,rule_based
7.175,79.925,2023-07,243.6,94.9,26.7,18.4,10.1,1.3,clay,15.0,0.58,Warning,False,False,False,rule_based
7.175,79.925,2023-08,87.4,95.1,26.8,18.0,10.1,1.3,clay,15.0,0.48,Warning,False,False,False,rule_based
7.175,79.925,2023-09,528.7,96.9,25.6,17.8,10.1,1.3,clay,15.0,0.5,Warning,False,False,False,rule_based
7.175,79.925,2023-10,489.6,98.2,25.4,12.9,10.1,1.3,clay,15.0,0.6,Warning,False,False,False,rule_based
7.175,79.925,2023-11,561.3,99.6,25.3,10.5,10.1,1.3,clay,15.0,0.57,Warning,False,False,False,rule_based
7.175,79.925,2023-12,324.2,96.8,25.8,15.4,10.1,1.3,clay,15.0,0.61,Warning,False,False,False,rule_based
7.175,79.925,2024-01,164.3,94.6,26.1,15.4,10.1,1.3,clay,15.0,0.53,Warning,False,False,False,rule_based
7.175,79.925,2024-02,26.6,92.1,28.0,17.0,10.1,1.3,clay,15.0,0.4,Warning,False,False,False,rule_based
7.175,79.925,2024-03,80.8,96.6,28.2,15.6,10.1,1.3,clay,15.0,0.58,Warning,False,False,False,rule_based
7.175,79.925,2024-04,180.2,98.6,28.0,13.1,10.1,1.3,clay,15.0,0.58,Warning,False,False,False,rule_based
7.175,79.925,2024-05,595.9,97.1,27.3,16.3,10.1,1.3,clay,15.0,0.58,Warning,False,False,False,rule_based
7.175,79.925,2024-06,318.3,96.0,26.7,19.1,10.1,1.3,clay,15.0,0.57,Warning,False,False,False,rule_based
7.175,79.925,2024-07,299.4,95.7,26.8,18.0,10.1,1.3,clay,15.0,0.52,Warning,False,False,False,rule_based
7.175,79.925,2024-08,265.0,95.3,26.4,17.3,10.1,1.3,clay,15.0,0.61,Warning,False,False,False,rule_based
7.175,79.925,2024-09,276.9,95.9,26.7,18.5,10.1,1.3,clay,15.0,0.55,Warning,False,False,False,rule_based
7.175,79.925,2024-10,424.1,97.0,25.9,14.3,10.1,1.3,clay,15.0,0.59,Warning,False,False,False,rule_based
7.175,79.925,2024-11,473.3,99.3,25.3,13.5,10.1,1.3,clay,15.0,0.52,Warning,False,False,False,rule_based
7.175,79.925,2024-12,152.5,97.9,25.7,13.6,10.1,1.3,clay,15.0,0.53,Warning,False,False,False,rule_based
7.175,79.925,2025-01,241.3,96.0,25.4,17.0,10.1,1.3,clay,15.0,0.61,Warning,False,False,False,rule_based
7.175,79.925,2025-02,47.4,94.8,27.1,16.0,10.1,1.3,clay,15.0,0.43,Warning,False,False,False,rule_based
7.175,79.925,2025-03,141.2,99.1,26.4,12.9,10.1,1.3,clay,15.0,0.61,Warning,False,False,False,rule_based
7.175,79.925,2025-04,207.0,98.0,26.6,14.0,10.1,1.3,clay,15.0,0.57,Warning,False,False,False,rule_based
7.175,79.925,2025-05,254.0,97.1,27.4,18.6,10.1,1.3,clay,15.0,0.51,Warning,False,False,False,rule_based
7.175,79.925,2025-06,340.6,97.3,26.6,19.0,10.1,1.3,clay,15.0,0.6,Warning,False,False,False,rule_based
7.175,79.925,2025-07,209.3,95.2,26.8,19.4,10.1,1.3,clay,15.0,0.55,Warning,False,False,False,rule_based
7.175,79.925,2025-08,191.8,97.0,26.4,18.4,10.1,1.3,clay,15.0,0.59,Warning,False,False,False,rule_based
7.175,79.925,2025-09,258.9,97.3,26.4,18.3,10.1,1.3,clay,15.0,0.57,Warning,False,False,False,rule_based
7.175,79.925,2025-10,324.0,97.2,26.1,13.3,10.1,1.3,clay,15.0,0.52,Warning,False,False,False,rule_based
7.175,79.925,2025-11,748.6,98.7,25.3,15.8,10.1,1.3,clay,15.0,0.58,Warning,False,False,False,rule_based
7.175,79.925,2025-12,179.8,96.3,25.5,17.2,10.1,1.3,clay,15.0,0.64,Warning,False,False,False,rule_based
7.175,79.95,2023-01,102.6,91.2,25.1,16.9,10.5,1.3,clay,15.0,0.59,Warning,False,False,False,rule_based
7.175,79.95,2023-02,126.3,93.6,25.8,14.6,10.5,1.3,clay,15.0,0.57,Warning,False,False,False,rule_based
7.175,79.95,2023-03,145.7,95.8,26.7,13.0,10.5,1.3,clay,15.0,0.6,Warning,False,False,False,rule_based
7.175,79.95,2023-04,175.3,97.0,27.0,12.1,10.5,1.3,clay,15.0,0.58,Warning,False,False,False,rule_based
7.175,79.95,2023-05,243.9,95.7,27.0,15.5,10.5,1.3,clay,15.0,0.58,Warning,False,False,False,rule_based
7.175,79.95,2023-06,323.5,96.3,26.7,17.9,10.5,1.3,clay,15.0,0.54,Warning,False,False,False,rule_based
7.175,79.95,2023-07,243.6,94.9,26.7,18.4,10.5,1.3,clay,15.0,0.58,Warning,False,False,False,rule_based
7.175,79.95,2023-08,87.4,95.1,26.8,18.0,10.5,1.3,clay,15.0,0.57,Warning,False,False,False,rule_based
7.175,79.95,2023-09,528.7,96.9,25.6,17.8,10.5,1.3,clay,15.0,0.55,Warning,False,False,False,rule_based
7.175,79.95,2023-10,489.6,98.2,25.4,12.9,10.5,1.3,clay,15.0,0.61,Warning,False,False,False,rule_based
7.175,79.95,2023-11,561.3,99.6,25.3,10.5,10.5,1.3,clay,15.0,0.57,Warning,False,False,False,rule_based
7.175,79.95,2023-12,324.2,96.8,25.8,15.4,10.5,1.3,clay,15.0,0.54,Warning,False,False,False,rule_based
7.175,79.95,2024-01,164.3,94.6,26.1,15.4,10.5,1.3,clay,15.0,0.6,Warning,False,False,False,rule_based
7.175,79.95,2024-02,26.6,92.1,28.0,17.0,10.5,1.3,clay,15.0,0.38,Warning,False,False,False,rule_based
7.175,79.95,2024-03,80.8,96.6,28.2,15.6,10.5,1.3,clay,15.0,0.55,Warning,False,False,False,rule_based
7.175,79.95,2024-04,180.2,98.6,28.0,13.1,10.5,1.3,clay,15.0,0.56,Warning,False,False,False,rule_based
7.175,79.95,2024-05,595.9,97.1,27.3,16.3,10.5,1.3,clay,15.0,0.57,Warning,False,False,False,rule_based
7.175,79.95,2024-06,318.3,96.0,26.7,19.1,10.5,1.3,clay,15.0,0.59,Warning,False,False,False,rule_based
7.175,79.95,2024-07,299.4,95.7,26.8,18.0,10.5,1.3,clay,15.0,0.58,Warning,False,False,False,rule_based
7.175,79.95,2024-08,265.0,95.3,26.4,17.3,10.5,1.3,clay,15.0,0.51,Warning,False,False,False,rule_based
7.175,79.95,2024-09,276.9,95.9,26.7,18.5,10.5,1.3,clay,15.0,0.54,Warning,False,False,False,rule_based
7.175,79.95,2024-10,424.1,97.0,25.9,14.3,10.5,1.3,clay,15.0,0.6,Warning,False,False,False,rule_based
7.175,79.95,2024-11,473.3,99.3,25.3,13.5,10.5,1.3,clay,15.0,0.57,Warning,False,False,False,rule_based
7.175,79.95,2024-12,152.5,97.9,25.7,13.6,10.5,1.3,clay,15.0,0.56,Warning,False,False,False,rule_based
7.175,79.95,2025-01,241.3,96.0,25.4,17.0,10.5,1.3,clay,15.0,0.53,Warning,False,False,False,rule_based
7.175,79.95,2025-02,47.4,94.8,27.1,16.0,10.5,1.3,clay,15.0,0.41,Warning,False,False,False,rule_based
7.175,79.95,2025-03,141.2,99.1,26.4,12.9,10.5,1.3,clay,15.0,0.51,Warning,False,False,False,rule_based
7.175,79.95,2025-04,207.0,98.0,26.6,14.0,10.5,1.3,clay,15.0,0.57,Warning,False,False,False,rule_based
7.175,79.95,2025-05,254.0,97.1,27.4,18.6,10.5,1.3,clay,15.0,0.55,Warning,False,False,False,rule_based
7.175,79.95,2025-06,340.6,97.3,26.6,19.0,10.5,1.3,clay,15.0,0.54,Warning,False,False,False,rule_based
7.175,79.95,2025-07,209.3,95.2,26.8,19.4,10.5,1.3,clay,15.0,0.57,Warning,False,False,False,rule_based
7.175,79.95,2025-08,191.8,97.0,26.4,18.4,10.5,1.3,clay,15.0,0.58,Warning,False,False,False,rule_based
7.175,79.95,2025-09,258.9,97.3,26.4,18.3,10.5,1.3,clay,15.0,0.63,Warning,False,False,False,rule_based
7.175,79.95,2025-10,324.0,97.2,26.1,13.3,10.5,1.3,clay,15.0,0.53,Warning,False,False,False,rule_based
7.175,79.95,2025-11,748.6,98.7,25.3,15.8,10.5,1.3,clay,15.0,0.61,Warning,False,False,False,rule_based
7.175,79.95,2025-12,179.8,96.3,25.5,17.2,10.5,1.3,clay,15.0,0.6,Warning,False,False,False,rule_based
7.175,79.975,2023-01,102.6,91.2,25.1,16.9,10.9,1.4,clay,13.44,0.55,Warning,False,False,False,rule_based
7.175,79.975,2023-02,126.3,93.6,25.8,14.6,10.9,1.4,clay,13.44,0.58,Warning,False,False,False,rule_based
7.175,79.975,2023-03,145.7,95.8,26.7,13.0,10.9,1.4,clay,13.44,0.56,Warning,False,False,False,rule_based
7.175,79.975,2023-04,175.3,97.0,27.0,12.1,10.9,1.4,clay,13.44,0.58,Warning,False,False,False,rule_based
7.175,79.975,2023-05,243.9,95.7,27.0,15.5,10.9,1.4,clay,13.44,0.62,Warning,False,False,False,rule_based
7.175,79.975,2023-06,323.5,96.3,26.7,17.9,10.9,1.4,clay,13.44,0.59,Warning,False,False,False,rule_based
7.175,79.975,2023-07,243.6,94.9,26.7,18.4,10.9,1.4,clay,13.44,0.59,Warning,False,False,False,rule_based
7.175,79.975,2023-08,87.4,95.1,26.8,18.0,10.9,1.4,clay,13.44,0.53,Warning,False,False,False,rule_based
7.175,79.975,2023-09,528.7,96.9,25.6,17.8,10.9,1.4,clay,13.44,0.53,Warning,False,False,False,rule_based
7.175,79.975,2023-10,489.6,98.2,25.4,12.9,10.9,1.4,clay,13.44,0.57,Warning,False,False,False,rule_based
7.175,79.975,2023-11,561.3,99.6,25.3,10.5,10.9,1.4,clay,13.44,0.61,Warning,False,False,False,rule_based
7.175,79.975,2023-12,324.2,96.8,25.8,15.4,10.9,1.4,clay,13.44,0.53,Warning,False,False,False,rule_based
7.175,79.975,2024-01,164.3,94.6,26.1,15.4,10.9,1.4,clay,13.44,0.54,Warning,False,False,False,rule_based
7.175,79.975,2024-02,26.6,92.1,28.0,17.0,10.9,1.4,clay,13.44,0.39,Warning,False,False,False,rule_based
7.175,79.975,2024-03,80.8,96.6,28.2,15.6,10.9,1.4,clay,13.44,0.49,Warning,False,False,False,rule_based
7.175,79.975,2024-04,180.2,98.6,28.0,13.1,10.9,1.4,clay,13.44,0.55,Warning,False,False,False,rule_based
7.175,79.975,2024-05,595.9,97.1,27.3,16.3,10.9,1.4,clay,13.44,0.56,Warning,False,False,False,rule_based
7.175,79.975,2024-06,318.3,96.0,26.7,19.1,10.9,1.4,clay,13.44,0.53,Warning,False,False,False,rule_based
7.175,79.975,2024-07,299.4,95.7,26.8,18.0,10.9,1.4,clay,13.44,0.54,Warning,False,False,False,rule_based
7.175,79.975,2024-08,265.0,95.3,26.4,17.3,10.9,1.4,clay,13.44,0.59,Warning,False,False,False,rule_based
7.175,79.975,2024-09,276.9,95.9,26.7,18.5,10.9,1.4,clay,13.44,0.53,Warning,False,False,False,rule_based
7.175,79.975,2024-10,424.1,97.0,25.9,14.3,10.9,1.4,clay,13.44,0.52,Warning,False,False,False,rule_based
7.175,79.975,2024-11,473.3,99.3,25.3,13.5,10.9,1.4,clay,13.44,0.55,Warning,False,False,False,rule_based
7.175,79.975,2024-12,152.5,97.9,25.7,13.6,10.9,1.4,clay,13.44,0.59,Warning,False,False,False,rule_based
7.175,79.975,2025-01,241.3,96.0,25.4,17.0,10.9,1.4,clay,13.44,0.57,Warning,False,False,False,rule_based
7.175,79.975,2025-02,47.4,94.8,27.1,16.0,10.9,1.4,clay,13.44,0.43,Warning,False,False,False,rule_based
7.175,79.975,2025-03,141.2,99.1,26.4,12.9,10.9,1.4,clay,13.44,0.57,Warning,False,False,False,rule_based
7.175,79.975,2025-04,207.0,98.0,26.6,14.0,10.9,1.4,clay,13.44,0.52,Warning,False,False,False,rule_based
7.175,79.975,2025-05,254.0,97.1,27.4,18.6,10.9,1.4,clay,13.44,0.59,Warning,False,False,False,rule_based
7.175,79.975,2025-06,340.6,97.3,26.6,19.0,10.9,1.4,clay,13.44,0.58,Warning,False,False,False,rule_based
7.175,79.975,2025-07,209.3,95.2,26.8,19.4,10.9,1.4,clay,13.44,0.56,Warning,False,False,False,rule_based
7.175,79.975,2025-08,191.8,97.0,26.4,18.4,10.9,1.4,clay,13.44,0.6,Warning,False,False,False,rule_based
7.175,79.975,2025-09,258.9,97.3,26.4,18.3,10.9,1.4,clay,13.44,0.54,Warning,False,False,False,rule_based
7.175,79.975,2025-10,324.0,97.2,26.1,13.3,10.9,1.4,clay,13.44,0.61,Warning,False,False,False,rule_based
7.175,79.975,2025-11,748.6,98.7,25.3,15.8,10.9,1.4,clay,13.44,0.58,Warning,False,False,False,rule_based
7.175,79.975,2025-12,179.8,96.3,25.5,17.2,10.9,1.4,clay,13.44,0.56,Warning,False,False,False,rule_based
7.2,80.05,2023-01,110.3,90.8,25.0,17.3,30.5,3.3,loam,6.47,0.61,Warning,False,False,False,rule_based
7.2,80.05,2023-02,128.8,94.0,25.8,14.8,30.5,3.3,loam,6.47,0.61,Warning,False,False,False,rule_based
7.2,80.05,2023-03,180.0,96.1,26.6,13.2,30.5,3.3,loam,6.47,0.65,Warning,False,False,False,rule_based
7.2,80.05,2023-04,179.8,97.8,27.0,12.3,30.5,3.3,loam,6.47,0.58,Warning,False,False,False,rule_based
7.2,80.05,2023-05,212.7,96.7,26.8,14.9,30.5,3.3,loam,6.47,0.59,Warning,False,False,False,rule_based
7.2,80.05,2023-06,268.1,96.9,26.4,17.4,30.5,3.3,loam,6.47,0.64,Warning,False,False,False,rule_based
7.2,80.05,2023-07,250.0,95.9,26.3,17.7,30.5,3.3,loam,6.47,0.59,Warning,False,False,False,rule_based
7.2,80.05,2023-08,74.5,95.7,26.6,17.9,30.5,3.3,loam,6.47,0.57,Warning,False,False,False,rule_based
7.2,80.05,2023-09,549.2,97.5,25.3,17.9,30.5,3.3,loam,6.47,0.66,Warning,False,False,False,rule_based
7.2,80.05,2023-10,483.8,98.1,25.3,13.0,30.5,3.3,loam,6.47,0.6,Warning,False,False,False,rule_based
7.2,80.05,2023-11,561.7,99.4,25.3,10.5,30.5,3.3,loam,6.47,0.63,Warning,False,False,False,rule_based
7.2,80.05,2023-12,334.8,96.4,25.8,15.6,30.5,3.3,loam,6.47,0.58,Warning,False,False,False,rule_based
7.2,80.05,2024-01,177.6,93.9,26.0,14.9,30.5,3.3,loam,6.47,0.63,Warning,False,False,False,rule_based
7.2,80.05,2024-02,24.4,91.3,28.0,17.2,30.5,3.3,loam,6.47,0.43,No Risk,False,False,False,rule_based
7.2,80.05,2024-03,89.8,95.7,28.3,16.0,30.5,3.3,loam,6.47,0.6,Warning,False,False,False,rule_based
7.2,80.05,2024-04,194.1,98.3,28.1,13.1,30.5,3.3,loam,6.47,0.59,Warning,False,False,False,rule_based
7.2,80.05,2024-05,671.1,97.5,27.1,16.0,30.5,3.3,loam,6.47,0.56,Warning,False,False,False,rule_based
7.2,80.05,2024-06,323.1,96.8,26.4,18.5,30.5,3.3,loam,6.47,0.63,Warning,False,False,False,rule_based
7.2,80.05,2024-07,321.1,96.5,26.5,17.1,30.5,3.3,loam,6.47,0.55,Warning,False,False,False,rule_based
7.2,80.05,2024-08,281.8,96.2,26.1,16.9,30.5,3.3,loam,6.47,0.6,Warning,False,False,False,rule_based
7.2,80.05,2024-09,294.9,97.3,26.3,17.9,30.5,3.3,loam,6.47,0.64,Warning,False,False,False,rule_based
7.2,80.05,2024-10,352.5,97.4,25.7,13.8,30.5,3.3,loam,6.47,0.62,Warning,False,False,False,rule_based
7.2,80.05,2024-11,551.9,99.0,25.1,13.5,30.5,3.3,loam,6.47,0.67,Warning,False,False,False,rule_based
7.2,80.05,2024-12,145.8,97.9,25.5,13.3,30.5,3.3,loam,6.47,0.64,Warning,False,False,False,rule_based
7.2,80.05,2025-01,249.8,96.0,25.3,17.2,30.5,3.3,loam,6.47,0.59,Warning,False,False,False,rule_based
7.2,80.05,2025-02,39.0,94.4,27.0,16.6,30.5,3.3,loam,6.47,0.46,Warning,False,False,False,rule_based
7.2,80.05,2025-03,174.1,98.5,26.3,12.8,30.5,3.3,loam,6.47,0.61,Warning,False,False,False,rule_based
7.2,80.05,2025-04,219.7,98.5,26.3,13.4,30.5,3.3,loam,6.47,0.56,Warning,False,False,False,rule_based
7.2,80.05,2025-05,289.9,98.2,26.8,17.6,30.5,3.3,loam,6.47,0.58,Warning,False,False,False,rule_based
7.2,80.05,2025-06,375.2,98.7,26.0,17.8,30.5,3.3,loam,6.47,0.59,Warning,False,False,False,rule_based
7.2,80.05,2025-07,261.0,97.5,26.2,18.5,30.5,3.3,loam,6.47,0.55,Warning,False,False,False,rule_based
7.2,80.05,2025-08,198.3,98.5,25.9,17.8,30.5,3.3,loam,6.47,0.61,Warning,False,False,False,rule_based
7.2,80.05,2025-09,246.9,98.7,25.8,17.8,30.5,3.3,loam,6.47,0.6,Warning,False,False,False,rule_based
7.2,80.05,2025-10,340.9,97.9,25.8,12.8,30.5,3.3,loam,6.47,0.56,Warning,False,False,False,rule_based
7.2,80.05,2025-11,707.5,98.4,25.1,15.6,30.5,3.3,loam,6.47,0.62,Warning,False,False,False,rule_based
7.2,80.05,2025-12,156.6,96.0,25.5,17.5,30.5,3.3,loam,6.47,0.63,Warning,False,False,False,rule_based
7.2,80.075,2023-01,115.6,90.8,24.8,17.7,31.3,3.4,loam,4.47,0.62,Warning,False,False,False,rule_based
7.2,80.075,2023-02,106.0,94.2,25.6,15.0,31.3,3.4,loam,4.47,0.6,Warning,False,False,False,rule_based
7.2,80.075,2023-03,182.5,95.5,26.5,13.9,31.3,3.4,loam,4.47,0.63,Warning,False,False,False,rule_based
7.2,80.075,2023-04,151.8,97.1,26.9,13.3,31.3,3.4,loam,4.47,0.63,Warning,False,False,False,rule_based
7.2,80.075,2023-05,195.8,95.9,26.6,15.5,31.3,3.4,loam,4.47,0.62,Warning,False,False,False,rule_based
7.2,80.075,2023-06,225.0,96.3,26.1,18.1,31.3,3.4,loam,4.47,0.59,Warning,False,False,False,rule_based
7.2,80.075,2023-07,263.9,96.4,25.9,18.1,31.3,3.4,loam,4.47,0.62,Warning,False,False,False,rule_based
7.2,80.075,2023-08,69.4,95.5,26.4,18.5,31.3,3.4,loam,4.47,0.57,Warning,False,False,False,rule_based
7.2,80.075,2023-09,455.3,97.1,25.0,18.5,31.3,3.4,loam,4.47,0.59,Warning,False,False,False,rule_based
7.2,80.075,2023-10,522.2,97.7,25.1,13.6,31.3,3.4,loam,4.47,0.68,Warning,False,False,False,rule_based
7.2,80.075,2023-11,600.8,98.7,25.1,10.9,31.3,3.4,loam,4.47,0.6,Warning,False,False,False,rule_based
7.2,80.075,2023-12,343.7,96.5,25.5,15.9,31.3,3.4,loam,4.47,0.61,Warning,False,False,False,rule_based
7.2,80.075,2024-01,162.3,94.0,25.8,14.7,31.3,3.4,loam,4.47,0.59,Warning,False,False,False,rule_based
7.2,80.075,2024-02,22.5,90.8,27.7,17.3,31.3,3.4,loam,4.47,0.43,No Risk,False,False,False,rule_based
7.2,80.075,2024-03,79.2,93.8,28.3,16.5,31.3,3.4,loam,4.47,0.51,Warning,False,False,False,rule_based
7.2,80.075,2024-04,200.1,97.2,28.0,13.3,31.3,3.4,loam,4.47,0.6,Warning,False,False,False,rule_based
7.2,80.075,2024-05,650.6,97.3,26.8,16.5,31.3,3.4,loam,4.47,0.58,Warning,False,False,False,rule_based
7.2,80.075,2024-06,287.9,96.7,26.1,19.3,31.3,3.4,loam,4.47,0.62,Warning,False,False,False,rule_based
7.2,80.075,2024-07,282.1,96.8,26.1,17.5,31.3,3.4,loam,4.47,0.64,Warning,False,False,False,rule_based
7.2,80.075,2024-08,254.9,95.8,25.8,17.6,31.3,3.4,loam,4.47,0.63,Warning,False,False,False,rule_based
7.2,80.075,2024-09,273.0,97.3,25.8,18.2,31.3,3.4,loam,4.47,0.54,Warning,False,False,False,rule_based
7.2,80.075,2024-10,346.2,97.0,25.4,14.2,31.3,3.4,loam,4.47,0.67,Warning,False,False,False,rule_based
7.2,80.075,2024-11,560.6,98.7,25.0,13.4,31.3,3.4,loam,4.47,0.62,Warning,False,False,False,rule_based
7.2,80.075,2024-12,160.2,97.6,25.3,13.4,31.3,3.4,loam,4.47,0.59,Warning,False,False,False,rule_based
7.2,80.075,2025-01,253.1,96.2,25.0,17.3,31.3,3.4,loam,4.47,0.62,Warning,False,False,False,rule_based
7.2,80.075,2025-02,39.2,94.3,26.7,16.9,31.3,3.4,loam,4.47,0.47,Warning,False,False,False,rule_based
7.2,80.075,2025-03,160.1,97.7,26.2,12.8,31.3,3.4,loam,4.47,0.59,Warning,False,False,False,rule_based
7.2,80.075,2025-04,239.8,98.3,26.1,14.1,31.3,3.4,loam,4.47,0.62,Warning,False,False,False,rule_based
7.2,80.075,2025-05,259.6,98.1,26.5,18.0,31.3,3.4,loam,4.47,0.59,Warning,False,False,False,rule_based
7.2,80.075,2025-06,346.0,98.8,25.6,18.0,31.3,3.4,loam,4.47,0.6,Warning,False,False,False,rule_based
7.2,80.075,2025-07,237.5,98.3,25.7,18.7,31.3,3.4,loam,4.47,0.59,Warning,False,False,False,rule_based
7.2,80.075,2025-08,195.6,98.7,25.4,18.1,31.3,3.4,loam,4.47,0.57,Warning,False,False,False,rule_based
7.2,80.075,2025-09,225.3,98.8,25.4,18.4,31.3,3.4,loam,4.47,0.62,Warning,False,False,False,rule_based
7.2,80.075,2025-10,344.5,97.7,25.5,13.4,31.3,3.4,loam,4.47,0.63,Warning,False,False,False,rule_based
7.2,80.075,2025-11,707.2,98.3,24.9,16.0,31.3,3.4,loam,4.47,0.63,Warning,False,False,False,rule_based
7.2,80.075,2025-12,143.5,95.9,25.3,17.5,31.3,3.4,loam,4.47,0.64,Warning,False,False,False,rule_based
7.2,80.1,2023-01,115.6,90.8,24.8,17.7,32.0,3.4,loam,2.48,0.62,Flood,False,False,False,rule_based
7.2,80.1,2023-02,106.0,94.2,25.6,15.0,32.0,3.4,loam,2.48,0.6,Flood,False,False,False,rule_based
7.2,80.1,2023-03,182.5,95.5,26.5,13.9,32.0,3.4,loam,2.48,0.64,Flood,False,False,False,rule_based
7.2,80.1,2023-04,151.8,97.1,26.9,13.3,32.0,3.4,loam,2.48,0.57,Flood,False,False,False,rule_based
7.2,80.1,2023-05,195.8,95.9,26.6,15.5,32.0,3.4,loam,2.48,0.59,Flood,False,False,False,rule_based
7.2,80.1,2023-06,225.0,96.3,26.1,18.1,32.0,3.4,loam,2.48,0.59,Flood,False,False,False,rule_based
7.2,80.1,2023-07,263.9,96.4,25.9,18.1,32.0,3.4,loam,2.48,0.65,Flood,False,False,False,rule_based
7.2,80.1,2023-08,69.4,95.5,26.4,18.5,32.0,3.4,loam,2.48,0.57,Warning,False,False,False,rule_based
7.2,80.1,2023-09,455.3,97.1,25.0,18.5,32.0,3.4,loam,2.48,0.63,Flood,False,False,False,rule_based
7.2,80.1,2023-10,522.2,97.7,25.1,13.6,32.0,3.4,loam,2.48,0.65,Flood,False,False,False,rule_based
7.2,80.1,2023-11,600.8,98.7,25.1,10.9,32.0,3.4,loam,2.48,0.59,Flood,False,False,False,rule_based
7.2,80.1,2023-12,343.7,96.5,25.5,15.9,32.0,3.4,loam,2.48,0.62,Flood,False,False,False,rule_based
7.2,80.1,2024-01,162.3,94.0,25.8,14.7,32.0,3.4,loam,2.48,0.61,Flood,False,False,False,rule_based
7.2,80.1,2024-02,22.5,90.8,27.7,17.3,32.0,3.4,loam,2.48,0.45,No Risk,False,False,False,rule_based
7.2,80.1,2024-03,79.2,93.8,28.3,16.5,32.0,3.4,loam,2.48,0.56,Warning,False,False,False,rule_based
7.2,80.1,2024-04,200.1,97.2,28.0,13.3,32.0,3.4,loam,2.48,0.6,Flood,False,False,False,rule_based
7.2,80.1,2024-05,650.6,97.3,26.8,16.5,32.0,3.4,loam,2.48,0.63,Flood,False,False,False,rule_based
7.2,80.1,2024-06,287.9,96.7,26.1,19.3,32.0,3.4,loam,2.48,0.64,Flood,False,False,False,rule_based
7.2,80.1,2024-07,282.1,96.8,26.1,17.5,32.0,3.4,loam,2.48,0.59,Flood,False,False,False,rule_based
7.2,80.1,2024-08,254.9,95.8,25.8,17.6,32.0,3.4,loam,2.48,0.61,Flood,False,False,False,rule_based
7.2,80.1,2024-09,273.0,97.3,25.8,18.2,32.0,3.4,loam,2.48,0.58,Flood,False,False,False,rule_based
7.2,80.1,2024-10,346.2,97.0,25.4,14.2,32.0,3.4,loam,2.48,0.54,Flood,False,False,False,rule_based
7.2,80.1,2024-11,560.6,98.7,25.0,13.4,32.0,3.4,loam,2.48,0.62,Flood,False,False,False,rule_based
7.2,80.1,2024-12,160.2,97.6,25.3,13.4,32.0,3.4,loam,2.48,0.63,Flood,False,False,False,rule_based
7.2,80.1,2025-01,253.1,96.2,25.0,17.3,32.0,3.4,loam,2.48,0.62,Flood,False,False,False,rule_based
7.2,80.1,2025-02,39.2,94.3,26.7,16.9,32.0,3.4,loam,2.48,0.4,Warning,False,False,False,rule_based
7.2,80.1,2025-03,160.1,97.7,26.2,12.8,32.0,3.4,loam,2.48,0.6,Flood,False,False,False,rule_based
7.2,80.1,2025-04,239.8,98.3,26.1,14.1,32.0,3.4,loam,2.48,0.55,Flood,False,False,False,rule_based
7.2,80.1,2025-05,259.6,98.1,26.5,18.0,32.0,3.4,loam,2.48,0.66,Flood,False,False,False,rule_based
7.2,80.1,2025-06,346.0,98.8,25.6,18.0,32.0,3.4,loam,2.48,0.58,Flood,False,False,False,rule_based
7.2,80.1,2025-07,237.5,98.3,25.7,18.7,32.0,3.4,loam,2.48,0.65,Flood,False,False,False,rule_based
7.2,80.1,2025-08,195.6,98.7,25.4,18.1,32.0,3.4,loam,2.48,0.64,Flood,False,False,False,rule_based
7.2,80.1,2025-09,225.3,98.8,25.4,18.4,32.0,3.4,loam,2.48,0.59,Flood,False,False,False,rule_based
7.2,80.1,2025-10,344.5,97.7,25.5,13.4,32.0,3.4,loam,2.48,0.58,Flood,False,False,False,rule_based
7.2,80.1,2025-11,707.2,98.3,24.9,16.0,32.0,3.4,loam,2.48,0.62,Flood,False,False,False,rule_based
7.2,80.1,2025-12,143.5,95.9,25.3,17.5,32.0,3.4,loam,2.48,0.59,Flood,False,False,False,rule_based
7.2,80.125,2023-01,115.6,90.8,24.8,17.7,32.8,3.5,loam,1.67,0.62,Flood,False,False,False,rule_based
7.2,80.125,2023-02,106.0,94.2,25.6,15.0,32.8,3.5,loam,1.67,0.6,Flood,False,False,False,rule_based
7.2,80.125,2023-03,182.5,95.5,26.5,13.9,32.8,3.5,loam,1.67,0.56,Flood,False,False,False,rule_based
7.2,80.125,2023-04,151.8,97.1,26.9,13.3,32.8,3.5,loam,1.67,0.55,Flood,False,False,False,rule_based
7.2,80.125,2023-05,195.8,95.9,26.6,15.5,32.8,3.5,loam,1.67,0.62,Flood,False,False,False,rule_based
7.2,80.125,2023-06,225.0,96.3,26.1,18.1,32.8,3.5,loam,1.67,0.6,Flood,False,False,False,rule_based
7.2,80.125,2023-07,263.9,96.4,25.9,18.1,32.8,3.5,loam,1.67,0.6,Flood,False,False,False,rule_based
7.2,80.125,2023-08,69.4,95.5,26.4,18.5,32.8,3.5,loam,1.67,0.56,Warning,False,False,False,rule_based
7.2,80.125,2023-09,455.3,97.1,25.0,18.5,32.8,3.5,loam,1.67,0.65,Flood,False,False,False,rule_based
7.2,80.125,2023-10,522.2,97.7,25.1,13.6,32.8,3.5,loam,1.67,0.61,Flood,False,False,False,rule_based
7.2,80.125,2023-11,600.8,98.7,25.1,10.9,32.8,3.5,loam,1.67,0.61,Flood,False,False,False,rule_based
7.2,80.125,2023-12,343.7,96.5,25.5,15.9,32.8,3.5,loam,1.67,0.63,Flood,False,False,False,rule_based
7.2,80.125,2024-01,162.3,94.0,25.8,14.7,32.8,3.5,loam,1.67,0.57,Flood,False,False,False,rule_based
7.2,80.125,2024-02,22.5,90.8,27.7,17.3,32.8,3.5,loam,1.67,0.43,No Risk,False,False,False,rule_based
7.2,80.125,2024-03,79.2,93.8,28.3,16.5,32.8,3.5,loam,1.67,0.58,Warning,False,False,False,rule_based
7.2,80.125,2024-04,200.1,97.2,28.0,13.3,32.8,3.5,loam,1.67,0.64,Flood,False,False,False,rule_based
7.2,80.125,2024-05,650.6,97.3,26.8,16.5,32.8,3.5,loam,1.67,0.56,Flood,False,False,False,rule_based
7.2,80.125,2024-06,287.9,96.7,26.1,19.3,32.8,3.5,loam,1.67,0.59,Flood,False,False,False,rule_based
7.2,80.125,2024-07,282.1,96.8,26.1,17.5,32.8,3.5,loam,1.67,0.59,Flood,False,False,False,rule_based
7.2,80.125,2024-08,254.9,95.8,25.8,17.6,32.8,3.5,loam,1.67,0.62,Flood,False,False,False,rule_based
7.2,80.125,2024-09,273.0,97.3,25.8,18.2,32.8,3.5,loam,1.67,0.63,Flood,False,False,False,rule_based
7.2,80.125,2024-10,346.2,97.0,25.4,14.2,32.8,3.5,loam,1.67,0.66,Flood,False,False,False,rule_based
7.2,80.125,2024-11,560.6,98.7,25.0,13.4,32.8,3.5,loam,1.67,0.6,Flood,False,False,False,rule_based
7.2,80.125,2024-12,160.2,97.6,25.3,13.4,32.8,3.5,loam,1.67,0.6,Flood,False,False,False,rule_based
7.2,80.125,2025-01,253.1,96.2,25.0,17.3,32.8,3.5,loam,1.67,0.65,Flood,False,False,False,rule_based
7.2,80.125,2025-02,39.2,94.3,26.7,16.9,32.8,3.5,loam,1.67,0.47,Warning,False,False,False,rule_based
7.2,80.125,2025-03,160.1,97.7,26.2,12.8,32.8,3.5,loam,1.67,0.65,Flood,False,False,False,rule_based
7.2,80.125,2025-04,239.8,98.3,26.1,14.1,32.8,3.5,loam,1.67,0.62,Flood,False,False,False,rule_based
7.2,80.125,2025-05,259.6,98.1,26.5,18.0,32.8,3.5,loam,1.67,0.58,Flood,False,False,False,rule_based
7.2,80.125,2025-06,346.0,98.8,25.6,18.0,32.8,3.5,loam,1.67,0.58,Flood,False,False,False,rule_based
7.2,80.125,2025-07,237.5,98.3,25.7,18.7,32.8,3.5,loam,1.67,0.57,Flood,False,False,False,rule_based
7.2,80.125,2025-08,195.6,98.7,25.4,18.1,32.8,3.5,loam,1.67,0.64,Flood,False,False,False,rule_based
7.2,80.125,2025-09,225.3,98.8,25.4,18.4,32.8,3.5,loam,1.67,0.65,Flood,False,False,False,rule_based
7.2,80.125,2025-10,344.5,97.7,25.5,13.4,32.8,3.5,loam,1.67,0.67,Flood,False,False,False,rule_based
7.2,80.125,2025-11,707.2,98.3,24.9,16.0,32.8,3.5,loam,1.67,0.64,Flood,False,False,False,rule_based
7.2,80.125,2025-12,143.5,95.9,25.3,17.5,32.8,3.5,loam,1.67,0.65,Flood,False,False,False,rule_based
7.2,80.15,2023-01,111.6,91.2,24.6,16.9,66.0,7.9,clay,1.11,0.66,Warning,False,False,False,rule_based
7.2,80.15,2023-02,79.5,94.8,25.5,14.6,66.0,7.9,clay,1.11,0.6,Warning,False,False,False,rule_based
7.2,80.15,2023-03,146.3,95.3,26.5,13.8,66.0,7.9,clay,1.11,0.71,Warning,False,False,False,rule_based
7.2,80.15,2023-04,151.0,96.1,26.9,12.9,66.0,7.9,clay,1.11,0.69,Warning,False,False,False,rule_based
7.2,80.15,2023-05,205.0,94.8,26.6,15.5,66.0,7.9,clay,1.11,0.69,Warning,False,False,False,rule_based
7.2,80.15,2023-06,192.6,94.9,26.1,17.7,66.0,7.9,clay,1.11,0.69,Warning,False,False,False,rule_based
7.2,80.15,2023-07,270.3,95.1,25.8,18.0,66.0,7.9,clay,1.11,0.69,Warning,False,False,False,rule_based
7.2,80.15,2023-08,61.5,93.8,26.6,18.5,66.0,7.9,clay,1.11,0.62,Warning,False,False,False,rule_based
7.2,80.15,2023-09,417.8,96.4,24.9,18.4,66.0,7.9,clay,1.11,0.72,Warning,False,False,False,rule_based
7.2,80.15,2023-10,507.5,97.7,25.0,13.7,66.0,7.9,clay,1.11,0.7,Warning,False,False,False,rule_based
7.2,80.15,2023-11,586.5,99.1,24.9,10.9,66.0,7.9,clay,1.11,0.71,Warning,False,False,False,rule_based
7.2,80.15,2023-12,334.4,97.0,25.4,14.7,66.0,7.9,clay,1.11,0.7,Warning,False,False,False,rule_based
7.2,80.15,2024-01,145.6,94.7,25.6,14.1,66.0,7.9,clay,1.11,0.67,Warning,False,False,False,rule_based
7.2,80.15,2024-02,19.4,91.3,27.6,16.4,66.0,7.9,clay,1.11,0.5,No Risk,False,False,False,rule_based
7.2,80.15,2024-03,75.0,92.7,28.3,15.9,66.0,7.9,clay,1.11,0.58,Warning,False,False,False,rule_based
7.2,80.15,2024-04,212.3,96.4,28.0,13.2,66.0,7.9,clay,1.11,0.71,Warning,False,False,False,rule_based
7.2,80.15,2024-05,631.5,97.2,26.7,17.0,66.0,7.9,clay,1.11,0.65,Warning,False,False,False,rule_based
7.2,80.15,2024-06,265.5,95.9,26.0,19.2,66.0,7.9,clay,1.11,0.69,Warning,False,False,False,rule_based
7.2,80.15,2024-07,264.5,95.8,26.1,17.7,66.0,7.9,clay,1.11,0.66,Warning,False,False,False,rule_based
7.2,80.15,2024-08,263.9,95.0,25.8,17.5,66.0,7.9,clay,1.11,0.7,Warning,False,False,False,rule_based
7.2,80.15,2024-09,236.8,96.5,25.8,17.8,66.0,7.9,clay,1.11,0.68,Warning,False,False,False,rule_based
7.2,80.15,2024-10,416.0,96.3,25.4,14.3,66.0,7.9,clay,1.11,0.63,Warning,False,False,False,rule_based
7.2,80.15,2024-11,539.3,98.8,24.8,12.8,66.0,7.9,clay,1.11,0.69,Warning,False,False,False,rule_based
7.2,80.15,2024-12,151.9,97.6,25.2,13.0,66.0,7.9,clay,1.11,0.66,Warning,False,False,False,rule_based
7.2,80.15,2025-01,289.7,97.0,24.8,15.8,66.0,7.9,clay,1.11,0.71,Warning,False,False,False,rule_based
7.2,80.15,2025-02,34.4,95.4,26.3,15.6,66.0,7.9,clay,1.11,0.52,No Risk,False,False,False,rule_based
7.2,80.15,2025-03,149.7,97.7,26.2,11.9,66.0,7.9,clay,1.11,0.69,Warning,False,False,False,rule_based
7.2,80.15,2025-04,258.9,98.3,25.9,13.7,66.0,7.9,clay,1.11,0.65,Warning,False,False,False,rule_based
7.2,80.15,2025-05,225.8,97.6,26.3,17.2,66.0,7.9,clay,1.11,0.66,Warning,False,False,False,rule_based
7.2,80.15,2025-06,361.3,97.7,25.5,17.3,66.0,7.9,clay,1.11,0.67,Warning,False,False,False,rule_based
7.2,80.15,2025-07,227.2,97.6,25.5,18.1,66.0,7.9,clay,1.11,0.71,Warning,False,False,False,rule_based
7.2,80.15,2025-08,211.2,97.6,25.3,17.7,66.0,7.9,clay,1.11,0.73,Warning,False,False,False,rule_based
7.2,80.15,2025-09,235.8,97.6,25.3,17.9,66.0,7.9,clay,1.11,0.66,Warning,False,False,False,rule_based
7.2,80.15,2025-10,301.1,97.2,25.4,13.5,66.0,7.9,clay,1.11,0.71,Warning,False,False,False,rule_based
7.2,80.15,2025-11,734.1,98.8,24.6,15.5,66.0,7.9,clay,1.11,0.62,Warning,False,False,False,rule_based
7.2,80.15,2025-12,110.9,96.4,25.1,16.2,66.0,7.9,clay,1.11,0.65,Warning,False,False,False,rule_based
7.2,80.175,2023-01,111.6,91.2,24.6,16.9,67.2,8.1,loam,2.29,0.66,Warning,False,False,False,rule_based
7.2,80.175,2023-02,79.5,94.8,25.5,14.6,67.2,8.1,loam,2.29,0.59,Warning,False,False,False,rule_based
7.2,80.175,2023-03,146.3,95.3,26.5,13.8,67.2,8.1,loam,2.29,0.64,Warning,False,False,False,rule_based
7.2,80.175,2023-04,151.0,96.1,26.9,12.9,67.2,8.1,loam,2.29,0.7,Warning,False,False,False,rule_based
7.2,80.175,2023-05,205.0,94.8,26.6,15.5,67.2,8.1,loam,2.29,0.68,Warning,False,False,False,rule_based
7.2,80.175,2023-06,192.6,94.9,26.1,17.7,67.2,8.1,loam,2.29,0.7,Warning,False,False,False,rule_based
7.2,80.175,2023-07,270.3,95.1,25.8,18.0,67.2,8.1,loam,2.29,0.71,Warning,False,False,False,rule_based
7.2,80.175,2023-08,61.5,93.8,26.6,18.5,67.2,8.1,loam,2.29,0.6,Warning,False,False,False,rule_based
7.2,80.175,2023-09,417.8,96.4,24.9,18.4,67.2,8.1,loam,2.29,0.7,Warning,False,False,False,rule_based
7.2,80.175,2023-10,507.5,97.7,25.0,13.7,67.2,8.1,loam,2.29,0.68,Warning,False,False,False,rule_based
7.2,80.175,2023-11,586.5,99.1,24.9,10.9,67.2,8.1,loam,2.29,0.65,Warning,False,False,False,rule_based
7.2,80.175,2023-12,334.4,97.0,25.4,14.7,67.2,8.1,loam,2.29,0.72,Warning,False,False,False,rule_based
7.2,80.175,2024-01,145.6,94.7,25.6,14.1,67.2,8.1,loam,2.29,0.67,Warning,False,False,False,rule_based
7.2,80.175,2024-02,19.4,91.3,27.6,16.4,67.2,8.1,loam,2.29,0.45,No Risk,False,False,False,rule_based
7.2,80.175,2024-03,75.0,92.7,28.3,15.9,67.2,8.1,loam,2.29,0.62,Warning,False,False,False,rule_based
7.2,80.175,2024-04,212.3,96.4,28.0,13.2,67.2,8.1,loam,2.29,0.66,Warning,False,False,False,rule_based
7.2,80.175,2024-05,631.5,97.2,26.7,17.0,67.2,8.1,loam,2.29,0.67,Warning,False,False,False,rule_based
7.2,80.175,2024-06,265.5,95.9,26.0,19.2,67.2,8.1,loam,2.29,0.69,Warning,False,False,False,rule_based
7.2,80.175,2024-07,264.5,95.8,26.1,17.7,67.2,8.1,loam,2.29,0.69,Warning,False,False,False,rule_based
7.2,80.175,2024-08,263.9,95.0,25.8,17.5,67.2,8.1,loam,2.29,0.66,Warning,False,False,False,rule_based
7.2,80.175,2024-09,236.8,96.5,25.8,17.8,67.2,8.1,loam,2.29,0.67,Warning,False,False,False,rule_based
7.2,80.175,2024-10,416.0,96.3,25.4,14.3,67.2,8.1,loam,2.29,0.72,Warning,False,False,False,rule_based
7.2,80.175,2024-11,539.3,98.8,24.8,12.8,67.2,8.1,loam,2.29,0.7,Warning,False,False,False,rule_based
7.2,80.175,2024-12,151.9,97.6,25.2,13.0,67.2,8.1,loam,2.29,0.75,Warning,False,False,False,rule_based
7.2,80.175,2025-01,289.7,97.0,24.8,15.8,67.2,8.1,loam,2.29,0.72,Warning,False,False,False,rule_based
7.2,80.175,2025-02,34.4,95.4,26.3,15.6,67.2,8.1,loam,2.29,0.55,No Risk,False,False,False,rule_based
7.2,80.175,2025-03,149.7,97.7,26.2,11.9,67.2,8.1,loam,2.29,0.64,Warning,False,False,False,rule_based
7.2,80.175,2025-04,258.9,98.3,25.9,13.7,67.2,8.1,loam,2.29,0.71,Warning,False,False,False,rule_based
7.2,80.175,2025-05,225.8,97.6,26.3,17.2,67.2,8.1,loam,2.29,0.68,Warning,False,False,False,rule_based
7.2,80.175,2025-06,361.3,97.7,25.5,17.3,67.2,8.1,loam,2.29,0.67,Warning,False,False,False,rule_based
7.2,80.175,2025-07,227.2,97.6,25.5,18.1,67.2,8.1,loam,2.29,0.69,Warning,False,False,False,rule_based
7.2,80.175,2025-08,211.2,97.6,25.3,17.7,67.2,8.1,loam,2.29,0.71,Warning,False,False,False,rule_based
7.2,80.175,2025-09,235.8,97.6,25.3,17.9,67.2,8.1,loam,2.29,0.7,Warning,False,False,False,rule_based
7.2,80.175,2025-10,301.1,97.2,25.4,13.5,67.2,8.1,loam,2.29,0.66,Warning,False,False,False,rule_based
7.2,80.175,2025-11,734.1,98.8,24.6,15.5,67.2,8.1,loam,2.29,0.71,Warning,False,False,False,rule_based
7.2,80.175,2025-12,110.9,96.4,25.1,16.2,67.2,8.1,loam,2.29,0.67,Warning,False,False,False,rule_based
7.2,80.2,2023-01,111.6,91.2,24.6,16.9,68.5,8.3,loam,4.0,0.69,Warning,False,False,False,rule_based
7.2,80.2,2023-02,79.5,94.8,25.5,14.6,68.5,8.3,loam,4.0,0.63,Warning,False,False,False,rule_based
7.2,80.2,2023-03,146.3,95.3,26.5,13.8,68.5,8.3,loam,4.0,0.68,Warning,False,False,False,rule_based
7.2,80.2,2023-04,151.0,96.1,26.9,12.9,68.5,8.3,loam,4.0,0.71,Warning,False,False,False,rule_based
7.2,80.2,2023-05,205.0,94.8,26.6,15.5,68.5,8.3,loam,4.0,0.66,Warning,False,False,False,rule_based
7.2,80.2,2023-06,192.6,94.9,26.1,17.7,68.5,8.3,loam,4.0,0.75,Warning,False,False,False,rule_based
7.2,80.2,2023-07,270.3,95.1,25.8,18.0,68.5,8.3,loam,4.0,0.63,Warning,False,False,False,rule_based
7.2,80.2,2023-08,61.5,93.8,26.6,18.5,68.5,8.3,loam,4.0,0.57,Warning,False,False,False,rule_based
7.2,80.2,2023-09,417.8,96.4,24.9,18.4,68.5,8.3,loam,4.0,0.7,Warning,False,False,False,rule_based
7.2,80.2,2023-10,507.5,97.7,25.0,13.7,68.5,8.3,loam,4.0,0.7,Warning,False,False,False,rule_based
7.2,80.2,2023-11,586.5,99.1,24.9,10.9,68.5,8.3,loam,4.0,0.68,Warning,False,False,False,rule_based
7.2,80.2,2023-12,334.4,97.0,25.4,14.7,68.5,8.3,loam,4.0,0.69,Warning,False,False,False,rule_based
7.2,80.2,2024-01,145.6,94.7,25.6,14.1,68.5,8.3,loam,4.0,0.7,Warning,False,False,False,rule_based
7.2,80.2,2024-02,19.4,91.3,27.6,16.4,68.5,8.3,loam,4.0,0.48,No Risk,False,False,False,rule_based
7.2,80.2,2024-03,75.0,92.7,28.3,15.9,68.5,8.3,loam,4.0,0.67,Warning,False,False,False,rule_based
7.2,80.2,2024-04,212.3,96.4,28.0,13.2,68.5,8.3,loam,4.0,0.71,Warning,False,False,False,rule_based
7.2,80.2,2024-05,631.5,97.2,26.7,17.0,68.5,8.3,loam,4.0,0.71,Warning,False,False,False,rule_based
7.2,80.2,2024-06,265.5,95.9,26.0,19.2,68.5,8.3,loam,4.0,0.66,Warning,False,False,False,rule_based
7.2,80.2,2024-07,264.5,95.8,26.1,17.7,68.5,8.3,loam,4.0,0.68,Warning,False,False,False,rule_based
7.2,80.2,2024-08,263.9,95.0,25.8,17.5,68.5,8.3,loam,4.0,0.68,Warning,False,False,False,rule_based
7.2,80.2,2024-09,236.8,96.5,25.8,17.8,68.5,8.3,loam,4.0,0.66,Warning,False,False,False,rule_based
7.2,80.2,2024-10,416.0,96.3,25.4,14.3,68.5,8.3,loam,4.0,0.7,Warning,False,False,False,rule_based
7.2,80.2,2024-11,539.3,98.8,24.8,12.8,68.5,8.3,loam,4.0,0.67,Warning,False,False,False,rule_based
7.2,80.2,2024-12,151.9,97.6,25.2,13.0,68.5,8.3,loam,4.0,0.71,Warning,False,False,False,rule_based
7.2,80.2,2025-01,289.7,97.0,24.8,15.8,68.5,8.3,loam,4.0,0.65,Warning,False,False,False,rule_based
7.2,80.2,2025-02,34.4,95.4,26.3,15.6,68.5,8.3,loam,4.0,0.57,No Risk,False,False,False,rule_based
7.2,80.2,2025-03,149.7,97.7,26.2,11.9,68.5,8.3,loam,4.0,0.66,Warning,False,False,False,rule_based
7.2,80.2,2025-04,258.9,98.3,25.9,13.7,68.5,8.3,loam,4.0,0.69,Warning,False,False,False,rule_based
7.2,80.2,2025-05,225.8,97.6,26.3,17.2,68.5,8.3,loam,4.0,0.71,Warning,False,False,False,rule_based
7.2,80.2,2025-06,361.3,97.7,25.5,17.3,68.5,8.3,loam,4.0,0.67,Warning,False,False,False,rule_based
7.2,80.2,2025-07,227.2,97.6,25.5,18.1,68.5,8.3,loam,4.0,0.71,Warning,False,False,False,rule_based
7.2,80.2,2025-08,211.2,97.6,25.3,17.7,68.5,8.3,loam,4.0,0.65,Warning,False,False,False,rule_based
7.2,80.2,2025-09,235.8,97.6,25.3,17.9,68.5,8.3,loam,4.0,0.73,Warning,False,False,False,rule_based
7.2,80.2,2025-10,301.1,97.2,25.4,13.5,68.5,8.3,loam,4.0,0.69,Warning,False,False,False,rule_based
7.2,80.2,2025-11,734.1,98.8,24.6,15.5,68.5,8.3,loam,4.0,0.67,Warning,False,False,False,rule_based
7.2,80.2,2025-12,110.9,96.4,25.1,16.2,68.5,8.3,loam,4.0,0.68,Warning,False,False,False,rule_based
7.2,80.225,2023-01,96.5,91.2,24.5,15.6,69.7,8.5,loam,5.9,0.7,Warning,False,False,False,rule_based
7.2,80.225,2023-02,83.2,94.9,25.4,14.0,69.7,8.5,loam,5.9,0.63,Warning,False,False,False,rule_based
7.2,80.225,2023-03,127.6,94.5,26.5,13.7,69.7,8.5,loam,5.9,0.67,Warning,False,False,False,rule_based
7.2,80.225,2023-04,136.9,95.6,26.9,13.1,69.7,8.5,loam,5.9,0.68,Warning,False,False,False,rule_based
7.2,80.225,2023-05,195.3,93.4,26.6,15.2,69.7,8.5,loam,5.9,0.65,Warning,False,False,False,rule_based
7.2,80.225,2023-06,215.8,92.9,26.1,17.0,69.7,8.5,loam,5.9,0.74,Warning,False,False,False,rule_based
7.2,80.225,2023-07,282.8,92.6,26.0,17.2,69.7,8.5,loam,5.9,0.67,Warning,False,False,False,rule_based
7.2,80.225,2023-08,72.7,90.8,26.8,18.1,69.7,8.5,loam,5.9,0.65,Warning,False,False,False,rule_based
7.2,80.225,2023-09,412.7,95.0,25.0,18.5,69.7,8.5,loam,5.9,0.7,Warning,False,False,False,rule_based
7.2,80.225,2023-10,454.4,97.1,25.0,13.7,69.7,8.5,loam,5.9,0.66,Warning,False,False,False,rule_based
7.2,80.225,2023-11,569.5,98.9,24.9,10.8,69.7,8.5,loam,5.9,0.69,Warning,False,False,False,rule_based
7.2,80.225,2023-12,339.4,96.7,25.5,13.7,69.7,8.5,loam,5.9,0.71,Warning,False,False,False,rule_based
7.2,80.225,2024-01,171.5,94.3,25.6,13.6,69.7,8.5,loam,5.9,0.68,Warning,False,False,False,rule_based
7.2,80.225,2024-02,17.9,90.4,27.6,15.6,69.7,8.5,loam,5.9,0.52,No Risk,False,False,False,rule_based
7.2,80.225,2024-03,92.5,91.7,28.5,16.0,69.7,8.5,loam,5.9,0.7,Warning,False,False,False,rule_based
7.2,80.225,2024-04,190.6,96.2,28.0,13.1,69.7,8.5,loam,5.9,0.72,Warning,False,False,False,rule_based
7.2,80.225,2024-05,644.4,96.2,26.7,17.0,69.7,8.5,loam,5.9,0.68,Warning,False,False,False,rule_based
7.2,80.225,2024-06,286.4,94.4,26.0,18.7,69.7,8.5,loam,5.9,0.66,Warning,False,False,False,rule_based
7.2,80.225,2024-07,285.4,94.0,26.2,17.0,69.7,8.5,loam,5.9,0.67,Warning,False,False,False,rule_based
7.2,80.225,2024-08,306.1,93.0,25.9,17.1,69.7,8.5,loam,5.9,0.7,Warning,False,False,False,rule_based
7.2,80.225,2024-09,247.4,94.4,25.9,17.5,69.7,8.5,loam,5.9,0.71,Warning,False,False,False,rule_based
7.2,80.225,2024-10,429.3,95.3,25.5,14.3,69.7,8.5,loam,5.9,0.62,Warning,False,False,False,rule_based
7.2,80.225,2024-11,582.0,98.5,24.8,12.3,69.7,8.5,loam,5.9,0.69,Warning,False,False,False,rule_based
7.2,80.225,2024-12,159.1,97.3,25.2,11.9,69.7,8.5,loam,5.9,0.69,Warning,False,False,False,rule_based
7.2,80.225,2025-01,310.7,97.0,24.8,14.2,69.7,8.5,loam,5.9,0.68,Warning,False,False,False,rule_based
7.2,80.225,2025-02,36.8,95.1,26.2,14.2,69.7,8.5,loam,5.9,0.57,No Risk,False,False,False,rule_based
7.2,80.225,2025-03,140.5,97.6,26.3,12.1,69.7,8.5,loam,5.9,0.7,Warning,False,False,False,rule_based
7.2,80.225,2025-04,236.9,97.5,26.0,13.2,69.7,8.5,loam,5.9,0.73,Warning,False,False,False,rule_based
7.2,80.225,2025-05,252.3,96.8,26.2,16.0,69.7,8.5,loam,5.9,0.68,Warning,False,False,False,rule_based
7.2,80.225,2025-06,361.0,95.7,25.6,16.1,69.7,8.5,loam,5.9,0.72,Warning,False,False,False,rule_based
7.2,80.225,2025-07,270.8,95.8,25.6,17.0,69.7,8.5,loam,5.9,0.74,Warning,False,False,False,rule_based
7.2,80.225,2025-08,205.7,95.8,25.4,16.8,69.7,8.5,loam,5.9,0.73,Warning,False,False,False,rule_based
7.2,80.225,2025-09,201.9,96.3,25.4,16.7,69.7,8.5,loam,5.9,0.66,Warning,False,False,False,rule_based
7.2,80.225,2025-10,311.8,96.3,25.4,13.0,69.7,8.5,loam,5.9,0.68,Warning,False,False,False,rule_based
7.2,80.225,2025-11,762.2,98.7,24.6,14.6,69.7,8.5,loam,5.9,0.68,Warning,False,False,False,rule_based
7.2,80.225,2025-12,150.0,96.4,25.1,14.8,69.7,8.5,loam,5.9,0.7,Warning,False,False,False,rule_based
7.2,80.25,2023-01,96.5,91.2,24.5,15.6,128.0,18.8,sandy,4.58,0.81,Landslide,False,False,False,rule_based
7.2,80.25,2023-02,83.2,94.9,25.4,14.0,128.0,18.8,sandy,4.58,0.73,Landslide,False,False,False,rule_based
7.2,80.25,2023-03,127.6,94.5,26.5,13.7,128.0,18.8,sandy,4.58,0.8,Landslide,False,False,False,rule_based
7.2,80.25,2023-04,136.9,95.6,26.9,13.1,128.0,18.8,sandy,4.58,0.74,Landslide,False,False,False,rule_based
7.2,80.25,2023-05,195.3,93.4,26.6,15.2,128.0,18.8,sandy,4.58,0.84,Landslide,False,False,False,rule_based
7.2,80.25,2023-06,215.8,92.9,26.1,17.0,128.0,18.8,sandy,4.58,0.78,Landslide,False,False,False,rule_based
7.2,80.25,2023-07,282.8,92.6,26.0,17.2,128.0,18.8,sandy,4.58,0.8,Landslide,False,False,False,rule_based
7.2,80.25,2023-08,72.7,90.8,26.8,18.1,128.0,18.8,sandy,4.58,0.72,Warning,False,False,False,rule_based
7.2,80.25,2023-09,412.7,95.0,25.0,18.5,128.0,18.8,sandy,4.58,0.83,Landslide,False,False,False,rule_based
7.2,80.25,2023-10,454.4,97.1,25.0,13.7,128.0,18.8,sandy,4.58,0.71,Landslide,False,False,False,rule_based
7.2,80.25,2023-11,569.5,98.9,24.9,10.8,128.0,18.8,sandy,4.58,0.8,Landslide,False,False,False,rule_based
7.2,80.25,2023-12,339.4,96.7,25.5,13.7,128.0,18.8,sandy,4.58,0.8,Landslide,False,False,False,rule_based
7.2,80.25,2024-01,171.5,94.3,25.6,13.6,128.0,18.8,sandy,4.58,0.79,Landslide,False,False,False,rule_based
7.2,80.25,2024-02,17.9,90.4,27.6,15.6,128.0,18.8,sandy,4.58,0.65,No Risk,False,False,False,rule_based
7.2,80.25,2024-03,92.5,91.7,28.5,16.0,128.0,18.8,sandy,4.58,0.75,Landslide,False,False,False,rule_based
7.2,80.25,2024-04,190.6,96.2,28.0,13.1,128.0,18.8,sandy,4.58,0.82,Landslide,False,False,False,rule_based
7.2,80.25,2024-05,644.4,96.2,26.7,17.0,128.0,18.8,sandy,4.58,0.81,Landslide,False,False,False,rule_based
7.2,80.25,2024-06,286.4,94.4,26.0,18.7,128.0,18.8,sandy,4.58,0.84,Landslide,False,False,False,rule_based
7.2,80.25,2024-07,285.4,94.0,26.2,17.0,128.0,18.8,sandy,4.58,0.78,Landslide,False,False,False,rule_based
7.2,80.25,2024-08,306.1,93.0,25.9,17.1,128.0,18.8,sandy,4.58,0.78,Landslide,False,False,False,rule_based
7.2,80.25,2024-09,247.4,94.4,25.9,17.5,128.0,18.8,sandy,4.58,0.83,Landslide,False,False,False,rule_based
7.2,80.25,2024-10,429.3,95.3,25.5,14.3,128.0,18.8,sandy,4.58,0.81,Landslide,False,False,False,rule_based
7.2,80.25,2024-11,582.0,98.5,24.8,12.3,128.0,18.8,sandy,4.58,0.75,Landslide,False,False,False,rule_based
7.2,80.25,2024-12,159.1,97.3,25.2,11.9,128.0,18.8,sandy,4.58,0.78,Landslide,False,False,False,rule_based
7.2,80.25,2025-01,310.7,97.0,24.8,14.2,128.0,18.8,sandy,4.58,0.81,Landslide,False,False,False,rule_based
7.2,80.25,2025-02,36.8,95.1,26.2,14.2,128.0,18.8,sandy,4.58,0.67,No Risk,False,False,False,rule_based
7.2,80.25,2025-03,140.5,97.6,26.3,12.1,128.0,18.8,sandy,4.58,0.78,Landslide,False,False,False,rule_based
7.2,80.25,2025-04,236.9,97.5,26.0,13.2,128.0,18.8,sandy,4.58,0.71,Landslide,False,False,False,rule_based
7.2,80.25,2025-05,252.3,96.8,26.2,16.0,128.0,18.8,sandy,4.58,0.82,Landslide,False,False,False,rule_based
7.2,80.25,2025-06,361.0,95.7,25.6,16.1,128.0,18.8,sandy,4.58,0.76,Landslide,False,False,False,rule_based
7.2,80.25,2025-07,270.8,95.8,25.6,17.0,128.0,18.8,sandy,4.58,0.74,Landslide,False,False,False,rule_based
7.2,80.25,2025-08,205.7,95.8,25.4,16.8,128.0,18.8,sandy,4.58,0.72,Landslide,False,False,False,rule_based
7.2,80.25,2025-09,201.9,96.3,25.4,16.7,128.0,18.8,sandy,4.58,0.82,Landslide,False,False,False,rule_based
7.2,80.25,2025-10,311.8,96.3,25.4,13.0,128.0,18.8,sandy,4.58,0.8,Landslide,False,False,False,rule_based
7.2,80.25,2025-11,762.2,98.7,24.6,14.6,128.0,18.8,sandy,4.58,0.79,Landslide,False,False,False,rule_based
7.2,80.25,2025-12,150.0,96.4,25.1,14.8,128.0,18.8,sandy,4.58,0.84,Landslide,False,False,False,rule_based
7.2,80.275,2023-01,96.5,91.2,24.5,15.6,130.0,19.1,sandy,2.0,0.81,Landslide,False,False,False,rule_based
7.2,80.275,2023-02,83.2,94.9,25.4,14.0,130.0,19.1,sandy,2.0,0.81,Landslide,False,False,False,rule_based
7.2,80.275,2023-03,127.6,94.5,26.5,13.7,130.0,19.1,sandy,2.0,0.76,Landslide,False,False,False,rule_based
7.2,80.275,2023-04,136.9,95.6,26.9,13.1,130.0,19.1,sandy,2.0,0.8,Landslide,False,False,False,rule_based
7.2,80.275,2023-05,195.3,93.4,26.6,15.2,130.0,19.1,sandy,2.0,0.75,Landslide,False,False,False,rule_based
7.2,80.275,2023-06,215.8,92.9,26.1,17.0,130.0,19.1,sandy,2.0,0.79,Landslide,False,False,False,rule_based
7.2,80.275,2023-07,282.8,92.6,26.0,17.2,130.0,19.1,sandy,2.0,0.79,Landslide,False,False,False,rule_based
7.2,80.275,2023-08,72.7,90.8,26.8,18.1,130.0,19.1,sandy,2.0,0.75,Warning,False,False,False,rule_based
7.2,80.275,2023-09,412.7,95.0,25.0,18.5,130.0,19.1,sandy,2.0,0.8,Landslide,False,False,False,rule_based
7.2,80.275,2023-10,454.4,97.1,25.0,13.7,130.0,19.1,sandy,2.0,0.82,Landslide,False,False,False,rule_based
7.2,80.275,2023-11,569.5,98.9,24.9,10.8,130.0,19.1,sandy,2.0,0.82,Landslide,False,False,False,rule_based
7.2,80.275,2023-12,339.4,96.7,25.5,13.7,130.0,19.1,sandy,2.0,0.85,Landslide,False,False,False,rule_based
7.2,80.275,2024-01,171.5,94.3,25.6,13.6,130.0,19.1,sandy,2.0,0.79,Landslide,False,False,False,rule_based
7.2,80.275,2024-02,17.9,90.4,27.6,15.6,130.0,19.1,sandy,2.0,0.57,No Risk,False,False,False,rule_based
7.2,80.275,2024-03,92.5,91.7,28.5,16.0,130.0,19.1,sandy,2.0,0.79,Landslide,False,False,False,rule_based
7.2,80.275,2024-04,190.6,96.2,28.0,13.1,130.0,19.1,sandy,2.0,0.78,Landslide,False,False,False,rule_based
7.2,80.275,2024-05,644.4,96.2,26.7,17.0,130.0,19.1,sandy,2.0,0.84,Landslide,False,False,False,rule_based
7.2,80.275,2024-06,286.4,94.4,26.0,18.7,130.0,19.1,sandy,2.0,0.79,Landslide,False,False,False,rule_based
7.2,80.275,2024-07,285.4,94.0,26.2,17.0,130.0,19.1,sandy,2.0,0.78,Landslide,False,False,False,rule_based
7.2,80.275,2024-08,306.1,93.0,25.9,17.1,130.0,19.1,sandy,2.0,0.79,Landslide,False,False,False,rule_based
7.2,80.275,2024-09,247.4,94.4,25.9,17.5,130.0,19.1,sandy,2.0,0.82,Landslide,False,False,False,rule_based
7.2,80.275,2024-10,429.3,95.3,25.5,14.3,130.0,19.1,sandy,2.0,0.8,Landslide,False,False,False,rule_based
7.2,80.275,2024-11,582.0,98.5,24.8,12.3,130.0,19.1,sandy,2.0,0.78,Landslide,False,False,False,rule_based
7.2,80.275,2024-12,159.1,97.3,25.2,11.9,130.0,19.1,sandy,2.0,0.85,Landslide,False,False,False,rule_based
7.2,80.275,2025-01,310.7,97.0,24.8,14.2,130.0,19.1,sandy,2.0,0.77,Landslide,False,False,False,rule_based
7.2,80.275,2025-02,36.8,95.1,26.2,14.2,130.0,19.1,sandy,2.0,0.64,No Risk,False,False,False,rule_based
7.2,80.275,2025-03,140.5,97.6,26.3,12.1,130.0,19.1,sandy,2.0,0.82,Landslide,False,False,False,rule_based
7.2,80.275,2025-04,236.9,97.5,26.0,13.2,130.0,19.1,sandy,2.0,0.75,Landslide,False,False,False,rule_based
7.2,80.275,2025-05,252.3,96.8,26.2,16.0,130.0,19.1,sandy,2.0,0.81,Landslide,False,False,False,rule_based
7.2,80.275,2025-06,361.0,95.7,25.6,16.1,130.0,19.1,sandy,2.0,0.77,Landslide,False,False,False,rule_based
7.2,80.275,2025-07,270.8,95.8,25.6,17.0,130.0,19.1,sandy,2.0,0.82,Landslide,False,False,False,rule_based
7.2,80.275,2025-08,205.7,95.8,25.4,16.8,130.0,19.1,sandy,2.0,0.77,Landslide,False,False,False,rule_based
7.2,80.275,2025-09,201.9,96.3,25.4,16.7,130.0,19.1,sandy,2.0,0.82,Landslide,False,False,False,rule_based
7.2,80.275,2025-10,311.8,96.3,25.4,13.0,130.0,19.1,sandy,2.0,0.83,Landslide,False,False,False,rule_based
7.2,80.275,2025-11,762.2,98.7,24.6,14.6,130.0,19.1,sandy,2.0,0.83,Landslide,False,False,False,rule_based
7.2,80.275,2025-12,150.0,96.4,25.1,14.8,130.0,19.1,sandy,2.0,0.81,Landslide,False,False,False,rule_based
7.2,80.3,2023-01,98.1,91.8,24.0,14.3,132.0,19.4,sandy,1.57,0.79,Landslide,False,False,False,rule_based
7.2,80.3,2023-02,84.2,94.3,24.8,12.9,132.0,19.4,sandy,1.57,0.74,Landslide,False,False,False,rule_based
7.2,80.3,2023-03,117.0,93.4,26.2,13.2,132.0,19.4,sandy,1.57,0.84,Landslide,False,False,False,rule_based
7.2,80.3,2023-04,157.9,95.1,26.5,13.2,132.0,19.4,sandy,1.57,0.78,Landslide,False,False,False,rule_based
7.2,80.3,2023-05,203.7,93.4,26.1,15.2,132.0,19.4,sandy,1.57,0.77,Landslide,False,False,False,rule_based
7.2,80.3,2023-06,229.0,92.2,25.7,16.9,132.0,19.4,sandy,1.57,0.82,Landslide,False,False,False,rule_based
7.2,80.3,2023-07,278.1,91.2,25.6,17.5,132.0,19.4,sandy,1.57,0.78,Landslide,False,False,False,rule_based
7.2,80.3,2023-08,65.1,89.6,26.5,18.8,132.0,19.4,sandy,1.57,0.68,Warning,False,False,False,rule_based
7.2,80.3,2023-09,328.5,94.0,24.7,19.7,132.0,19.4,sandy,1.57,0.76,Landslide,False,False,False,rule_based
7.2,80.3,2023-10,410.3,96.6,24.7,14.2,132.0,19.4,sandy,1.57,0.79,Landslide,False,False,False,rule_based
7.2,80.3,2023-11,627.7,98.3,24.7,10.4,132.0,19.4,sandy,1.57,0.8,Landslide,False,False,False,rule_based
7.2,80.3,2023-12,316.2,96.0,25.2,14.1,132.0,19.4,sandy,1.57,0.81,Landslide,False,False,False,rule_based
7.2,80.3,2024-01,179.4,93.9,25.2,12.8,132.0,19.4,sandy,1.57,0.83,Landslide,False,False,False,rule_based
7.2,80.3,2024-02,16.2,88.8,27.1,16.3,132.0,19.4,sandy,1.57,0.61,No Risk,False,False,False,rule_based
7.2,80.3,2024-03,96.4,92.9,28.0,16.0,132.0,19.4,sandy,1.57,0.79,Landslide,False,False,False,rule_based
7.2,80.3,2024-04,186.1,96.3,27.6,13.2,132.0,19.4,sandy,1.57,0.79,Landslide,False,False,False,rule_based
7.2,80.3,2024-05,598.9,96.0,26.4,17.5,132.0,19.4,sandy,1.57,0.82,Landslide,False,False,False,rule_based
7.2,80.3,2024-06,302.9,93.8,25.7,19.3,132.0,19.4,sandy,1.57,0.84,Landslide,False,False,False,rule_based
7.2,80.3,2024-07,298.6,92.6,25.9,17.1,132.0,19.4,sandy,1.57,0.8,Landslide,False,False,False,rule_based
7.2,80.3,2024-08,269.2,92.1,25.5,17.9,132.0,19.4,sandy,1.57,0.79,Landslide,False,False,False,rule_based
7.2,80.3,2024-09,234.7,93.4,25.5,18.0,132.0,19.4,sandy,1.57,0.77,Landslide,False,False,False,rule_based
7.2,80.3,2024-10,339.3,94.7,25.1,14.7,132.0,19.4,sandy,1.57,0.76,Landslide,False,False,False,rule_based
7.2,80.3,2024-11,629.5,98.1,24.5,11.7,132.0,19.4,sandy,1.57,0.82,Landslide,False,False,False,rule_based
7.2,80.3,2024-12,121.2,96.6,24.9,11.5,132.0,19.4,sandy,1.57,0.82,Landslide,False,False,False,rule_based
7.2,80.3,2025-01,310.3,96.6,24.6,13.2,132.0,19.4,sandy,1.57,0.82,Landslide,False,False,False,rule_based
7.2,80.3,2025-02,31.9,93.1,25.9,13.5,132.0,19.4,sandy,1.57,0.63,No Risk,False,False,False,rule_based
7.2,80.3,2025-03,185.0,96.8,25.8,12.1,132.0,19.4,sandy,1.57,0.84,Landslide,False,False,False,rule_based
7.2,80.3,2025-04,227.6,96.9,25.6,12.7,132.0,19.4,sandy,1.57,0.79,Landslide,False,False,False,rule_based
7.2,80.3,2025-05,221.0,95.8,25.9,16.1,132.0,19.4,sandy,1.57,0.83,Landslide,False,False,False,rule_based
7.2,80.3,2025-06,346.3,95.1,25.2,16.0,132.0,19.4,sandy,1.57,0.8,Landslide,False,False,False,rule_based
7.2,80.3,2025-07,352.1,95.1,25.3,16.9,132.0,19.4,sandy,1.57,0.78,Landslide,False,False,False,rule_based
7.2,80.3,2025-08,200.7,94.3,25.1,16.5,132.0,19.4,sandy,1.57,0.82,Landslide,False,False,False,rule_based
7.2,80.3,2025-09,192.6,95.4,25.0,16.6,132.0,19.4,sandy,1.57,0.81,Landslide,False,False,False,rule_based
7.2,80.3,2025-10,332.8,95.8,25.1,12.8,132.0,19.4,sandy,1.57,0.81,Landslide,False,False,False,rule_based
7.2,80.3,2025-11,768.7,98.5,24.3,13.7,132.0,19.4,sandy,1.57,0.8,Landslide,False,False,False,rule_based
7.2,80.3,2025-12,210.2,96.4,24.8,13.7,132.0,19.4,sandy,1.57,0.8,Landslide,False,False,False,rule_based
7.2,80.325,2023-01,98.1,91.8,24.0,14.3,134.0,19.7,sandy,2.29,0.85,Landslide,False,False,False,rule_based
7.2,80.325,2023-02,84.2,94.3,24.8,12.9,134.0,19.7,sandy,2.29,0.8,Landslide,False,False,False,rule_based
7.2,80.325,2023-03,117.0,93.4,26.2,13.2,134.0,19.7,sandy,2.29,0.82,Landslide,False,False,False,rule_based
7.2,80.325,2023-04,157.9,95.1,26.5,13.2,134.0,19.7,sandy,2.29,0.8,Landslide,False,False,False,rule_based
7.2,80.325,2023-05,203.7,93.4,26.1,15.2,134.0,19.7,sandy,2.29,0.83,Landslide,False,False,False,rule_based
7.2,80.325,2023-06,229.0,92.2,25.7,16.9,134.0,19.7,sandy,2.29,0.82,Landslide,False,False,False,rule_based
7.2,80.325,2023-07,278.1,91.2,25.6,17.5,134.0,19.7,sandy,2.29,0.8,Landslide,False,False,False,rule_based
7.2,80.325,2023-08,65.1,89.6,26.5,18.8,134.0,19.7,sandy,2.29,0.7,Warning,False,False,False,rule_based
7.2,80.325,2023-09,328.5,94.0,24.7,19.7,134.0,19.7,sandy,2.29,0.8,Landslide,False,False,False,rule_based
7.2,80.325,2023-10,410.3,96.6,24.7,14.2,134.0,19.7,sandy,2.29,0.7,Landslide,False,False,False,rule_based
7.2,80.325,2023-11,627.7,98.3,24.7,10.4,134.0,19.7,sandy,2.29,0.81,Landslide,False,False,False,rule_based
7.2,80.325,2023-12,316.2,96.0,25.2,14.1,134.0,19.7,sandy,2.29,0.79,Landslide,False,False,False,rule_based
7.2,80.325,2024-01,179.4,93.9,25.2,12.8,134.0,19.7,sandy,2.29,0.85,Landslide,False,False,False,rule_based
7.2,80.325,2024-02,16.2,88.8,27.1,16.3,134.0,19.7,sandy,2.29,0.59,No Risk,False,False,False,rule_based
7.2,80.325,2024-03,96.4,92.9,28.0,16.0,134.0,19.7,sandy,2.29,0.76,Landslide,False,False,False,rule_based
7.2,80.325,2024-04,186.1,96.3,27.6,13.2,134.0,19.7,sandy,2.29,0.8,Landslide,False,False,False,rule_based
7.2,80.325,2024-05,598.9,96.0,26.4,17.5,134.0,19.7,sandy,2.29,0.77,Landslide,False,False,False,rule_based
7.2,80.325,2024-06,302.9,93.8,25.7,19.3,134.0,19.7,sandy,2.29,0.81,Landslide,False,False,False,rule_based
7.2,80.325,2024-07,298.6,92.6,25.9,17.1,134.0,19.7,sandy,2.29,0.81,Landslide,False,False,False,rule_based
7.2,80.325,2024-08,269.2,92.1,25.5,17.9,134.0,19.7,sandy,2.29,0.83,Landslide,False,False,False,rule_based
7.2,80.325,2024-09,234.7,93.4,25.5,18.0,134.0,19.7,sandy,2.29,0.78,Landslide,False,False,False,rule_based
7.2,80.325,2024-10,339.3,94.7,25.1,14.7,134.0,19.7,sandy,2.29,0.8,Landslide,False,False,False,rule_based
7.2,80.325,2024-11,629.5,98.1,24.5,11.7,134.0,19.7,sandy,2.29,0.76,Landslide,False,False,False,rule_based
7.2,80.325,2024-12,121.2,96.6,24.9,11.5,134.0,19.7,sandy,2.29,0.82,Landslide,False,False,False,rule_based
7.2,80.325,2025-01,310.3,96.6,24.6,13.2,134.0,19.7,sandy,2.29,0.82,Landslide,False,False,False,rule_based
7.2,80.325,2025-02,31.9,93.1,25.9,13.5,134.0,19.7,sandy,2.29,0.64,No Risk,False,False,False,rule_based
7.2,80.325,2025-03,185.0,96.8,25.8,12.1,134.0,19.7,sandy,2.29,0.8,Landslide,False,False,False,rule_based
7.2,80.325,2025-04,227.6,96.9,25.6,12.7,134.0,19.7,sandy,2.29,0.81,Landslide,False,False,False,rule_based
7.2,80.325,2025-05,221.0,95.8,25.9,16.1,134.0,19.7,sandy,2.29,0.85,Landslide,False,False,False,rule_based
7.2,80.325,2025-06,346.3,95.1,25.2,16.0,134.0,19.7,sandy,2.29,0.79,Landslide,False,False,False,rule_based
7.2,80.325,2025-07,352.1,95.1,25.3,16.9,134.0,19.7,sandy,2.29,0.8,Landslide,False,False,False,rule_based
7.2,80.325,2025-08,200.7,94.3,25.1,16.5,134.0,19.7,sandy,2.29,0.77,Landslide,False,False,False,rule_based
7.2,80.325,2025-09,192.6,95.4,25.0,16.6,134.0,19.7,sandy,2.29,0.77,Landslide,False,False,False,rule_based
7.2,80.325,2025-10,332.8,95.8,25.1,12.8,134.0,19.7,sandy,2.29,0.8,Landslide,False,False,False,rule_based
7.2,80.325,2025-11,768.7,98.5,24.3,13.7,134.0,19.7,sandy,2.29,0.83,Landslide,False,False,False,rule_based
7.2,80.325,2025-12,210.2,96.4,24.8,13.7,134.0,19.7,sandy,2.29,0.79,Landslide,False,False,False,rule_based
7.2,80.35,2023-01,98.1,91.8,24.0,14.3,136.0,20.0,sandy,4.0,0.79,Landslide,False,False,False,rule_based
7.2,80.35,2023-02,84.2,94.3,24.8,12.9,136.0,20.0,sandy,4.0,0.75,Landslide,False,False,False,rule_based
7.2,80.35,2023-03,117.0,93.4,26.2,13.2,136.0,20.0,sandy,4.0,0.78,Landslide,False,False,False,rule_based
7.2,80.35,2023-04,157.9,95.1,26.5,13.2,136.0,20.0,sandy,4.0,0.81,Landslide,False,False,False,rule_based
7.2,80.35,2023-05,203.7,93.4,26.1,15.2,136.0,20.0,sandy,4.0,0.76,Landslide,False,False,False,rule_based
7.2,80.35,2023-06,229.0,92.2,25.7,16.9,136.0,20.0,sandy,4.0,0.84,Landslide,False,False,False,rule_based
7.2,80.35,2023-07,278.1,91.2,25.6,17.5,136.0,20.0,sandy,4.0,0.78,Landslide,False,False,False,rule_based
7.2,80.35,2023-08,65.1,89.6,26.5,18.8,136.0,20.0,sandy,4.0,0.73,Warning,False,False,False,rule_based
7.2,80.35,2023-09,328.5,94.0,24.7,19.7,136.0,20.0,sandy,4.0,0.76,Landslide,False,False,False,rule_based
7.2,80.35,2023-10,410.3,96.6,24.7,14.2,136.0,20.0,sandy,4.0,0.82,Landslide,False,False,False,rule_based
7.2,80.35,2023-11,627.7,98.3,24.7,10.4,136.0,20.0,sandy,4.0,0.82,Landslide,False,False,False,rule_based
7.2,80.35,2023-12,316.2,96.0,25.2,14.1,136.0,20.0,sandy,4.0,0.81,Landslide,False,False,False,rule_based
7.2,80.35,2024-01,179.4,93.9,25.2,12.8,136.0,20.0,sandy,4.0,0.77,Landslide,False,False,False,rule_based
7.2,80.35,2024-02,16.2,88.8,27.1,16.3,136.0,20.0,sandy,4.0,0.6,No Risk,False,False,False,rule_based
7.2,80.35,2024-03,96.4,92.9,28.0,16.0,136.0,20.0,sandy,4.0,0.76,Landslide,False,False,False,rule_based
7.2,80.35,2024-04,186.1,96.3,27.6,13.2,136.0,20.0,sandy,4.0,0.79,Landslide,False,False,False,rule_based
7.2,80.35,2024-05,598.9,96.0,26.4,17.5,136.0,20.0,sandy,4.0,0.83,Landslide,False,False,False,rule_based
7.2,80.35,2024-06,302.9,93.8,25.7,19.3,136.0,20.0,sandy,4.0,0.82,Landslide,False,False,False,rule_based
7.2,80.35,2024-07,298.6,92.6,25.9,17.1,136.0,20.0,sandy,4.0,0.8,Landslide,False,False,False,rule_based
7.2,80.35,2024-08,269.2,92.1,25.5,17.9,136.0,20.0,sandy,4.0,0.77,Landslide,False,False,False,rule_based
7.2,80.35,2024-09,234.7,93.4,25.5,18.0,136.0,20.0,sandy,4.0,0.82,Landslide,False,False,False,rule_based
7.2,80.35,2024-10,339.3,94.7,25.1,14.7,136.0,20.0,sandy,4.0,0.8,Landslide,False,False,False,rule_based
7.2,80.35,2024-11,629.5,98.1,24.5,11.7,136.0,20.0,sandy,4.0,0.73,Landslide,False,False,False,rule_based
7.2,80.35,2024-12,121.2,96.6,24.9,11.5,136.0,20.0,sandy,4.0,0.82,Landslide,False,False,False,rule_based
7.2,80.35,2025-01,310.3,96.6,24.6,13.2,136.0,20.0,sandy,4.0,0.8,Landslide,False,False,False,rule_based
7.2,80.35,2025-02,31.9,93.1,25.9,13.5,136.0,20.0,sandy,4.0,0.67,No Risk,False,False,False,rule_based
7.2,80.35,2025-03,185.0,96.8,25.8,12.1,136.0,20.0,sandy,4.0,0.77,Landslide,False,False,False,rule_based
7.2,80.35,2025-04,227.6,96.9,25.6,12.7,136.0,20.0,sandy,4.0,0.7,Landslide,False,False,False,rule_based
7.2,80.35,2025-05,221.0,95.8,25.9,16.1,136.0,20.0,sandy,4.0,0.81,Landslide,False,False,False,rule_based
7.2,80.35,2025-06,346.3,95.1,25.2,16.0,136.0,20.0,sandy,4.0,0.81,Landslide,False,False,False,rule_based
7.2,80.35,2025-07,352.1,95.1,25.3,16.9,136.0,20.0,sandy,4.0,0.75,Landslide,False,False,False,rule_based
7.2,80.35,2025-08,200.7,94.3,25.1,16.5,136.0,20.0,sandy,4.0,0.77,Landslide,False,False,False,rule_based
7.2,80.35,2025-09,192.6,95.4,25.0,16.6,136.0,20.0,sandy,4.0,0.85,Landslide,False,False,False,rule_based
7.2,80.35,2025-10,332.8,95.8,25.1,12.8,136.0,20.0,sandy,4.0,0.79,Landslide,False,False,False,rule_based
7.2,80.35,2025-11,768.7,98.5,24.3,13.7,136.0,20.0,sandy,4.0,0.82,Landslide,False,False,False,rule_based
7.2,80.35,2025-12,210.2,96.4,24.8,13.7,136.0,20.0,sandy,4.0,0.78,Landslide,False,False,False,rule_based
7.225,79.85,2023-01,80.3,89.9,25.1,18.8,9.5,1.3,clay,15.0,0.52,Warning,False,False,False,rule_based
7.225,79.85,2023-02,81.3,93.1,25.8,17.2,9.5,1.3,clay,15.0,0.53,Warning,False,False,False,rule_based
7.225,79.85,2023-03,134.0,95.2,26.7,14.7,9.5,1.3,clay,15.0,0.57,Warning,False,False,False,rule_based
7.225,79.85,2023-04,154.1,96.6,27.2,13.8,9.5,1.3,clay,15.0,0.59,Warning,False,False,False,rule_based
7.225,79.85,2023-05,240.3,95.0,27.5,18.1,9.5,1.3,clay,15.0,0.6,Warning,False,False,False,rule_based
7.225,79.85,2023-06,322.4,94.2,27.2,20.7,9.5,1.3,clay,15.0,0.54,Warning,False,False,False,rule_based
7.225,79.85,2023-07,185.4,91.6,27.0,21.1,9.5,1.3,clay,15.0,0.6,Warning,False,False,False,rule_based
7.225,79.85,2023-08,93.4,92.0,27.1,20.0,9.5,1.3,clay,15.0,0.52,Warning,False,False,False,rule_based
7.225,79.85,2023-09,505.9,94.6,26.1,20.7,9.5,1.3,clay,15.0,0.59,Warning,False,False,False,rule_based
7.225,79.85,2023-10,454.8,96.4,25.7,15.0,9.5,1.3,clay,15.0,0.59,Warning,False,False,False,rule_based
7.225,79.85,2023-11,583.5,97.6,25.5,12.1,9.5,1.3,clay,15.0,0.51,Warning,False,False,False,rule_based
7.225,79.85,2023-12,307.0,94.9,26.0,17.3,9.5,1.3,clay,15.0,0.57,Warning,False,False,False,rule_based
7.225,79.85,2024-01,140.8,92.5,26.2,16.8,9.5,1.3,clay,15.0,0.55,Warning,False,False,False,rule_based
7.225,79.85,2024-02,22.4,90.1,27.9,18.9,9.5,1.3,clay,15.0,0.35,No Risk,False,False,False,rule_based
7.225,79.85,2024-03,74.5,92.8,28.1,16.6,9.5,1.3,clay,15.0,0.55,Warning,False,False,False,rule_based
7.225,79.85,2024-04,170.2,95.3,28.1,13.9,9.5,1.3,clay,15.0,0.55,Warning,False,False,False,rule_based
7.225,79.85,2024-05,580.6,94.6,27.7,19.5,9.5,1.3,clay,15.0,0.54,Warning,False,False,False,rule_based
7.225,79.85,2024-06,325.2,93.3,27.1,22.0,9.5,1.3,clay,15.0,0.57,Warning,False,False,False,rule_based
7.225,79.85,2024-07,249.1,92.7,27.2,20.3,9.5,1.3,clay,15.0,0.59,Warning,False,False,False,rule_based
7.225,79.85,2024-08,254.8,92.2,26.8,20.2,9.5,1.3,clay,15.0,0.56,Warning,False,False,False,rule_based
7.225,79.85,2024-09,256.4,92.1,27.1,21.0,9.5,1.3,clay,15.0,0.6,Warning,False,False,False,rule_based
7.225,79.85,2024-10,424.6,94.8,26.3,16.8,9.5,1.3,clay,15.0,0.58,Warning,False,False,False,rule_based
7.225,79.85,2024-11,398.9,96.9,25.6,15.9,9.5,1.3,clay,15.0,0.5,Warning,False,False,False,rule_based
7.225,79.85,2024-12,114.4,95.0,26.1,15.5,9.5,1.3,clay,15.0,0.55,Warning,False,False,False,rule_based
7.225,79.85,2025-01,233.3,94.2,25.6,18.8,9.5,1.3,clay,15.0,0.55,Warning,False,False,False,rule_based
7.225,79.85,2025-02,38.6,91.6,27.1,18.5,9.5,1.3,clay,15.0,0.43,No Risk,False,False,False,rule_based
7.225,79.85,2025-03,130.4,96.7,26.8,13.3,9.5,1.3,clay,15.0,0.49,Warning,False,False,False,rule_based
7.225,79.85,2025-04,170.8,96.0,27.1,15.8,9.5,1.3,clay,15.0,0.65,Warning,False,False,False,rule_based
7.225,79.85,2025-05,261.9,94.4,28.0,21.5,9.5,1.3,clay,15.0,0.58,Warning,False,False,False,rule_based
7.225,79.85,2025-06,308.8,93.3,27.2,22.0,9.5,1.3,clay,15.0,0.57,Warning,False,False,False,rule_based
7.225,79.85,2025-07,132.8,91.2,27.3,22.2,9.5,1.3,clay,15.0,0.6,Warning,False,False,False,rule_based
7.225,79.85,2025-08,131.1,92.5,27.0,21.0,9.5,1.3,clay,15.0,0.64,Warning,False,False,False,rule_based
7.225,79.85,2025-09,203.0,93.1,27.1,21.0,9.5,1.3,clay,15.0,0.6,Warning,False,False,False,rule_based
7.225,79.85,2025-10,297.3,94.4,26.7,15.6,9.5,1.3,clay,15.0,0.6,Warning,False,False,False,rule_based
7.225,79.85,2025-11,768.3,96.7,25.8,18.7,9.5,1.3,clay,15.0,0.57,Warning,False,False,False,rule_based
7.225,79.85,2025-12,139.2,94.2,25.7,18.5,9.5,1.3,clay,15.0,0.56,Warning,False,False,False,rule_based
7.225,79.875,2023-01,80.3,89.9,25.1,18.8,9.9,1.3,clay,15.0,0.51,Warning,False,False,False,rule_based
7.225,79.875,2023-02,81.3,93.1,25.8,17.2,9.9,1.3,clay,15.0,0.5,Warning,False,False,False,rule_based
7.225,79.875,2023-03,134.0,95.2,26.7,14.7,9.9,1.3,clay,15.0,0.55,Warning,False,False,False,rule_based
7.225,79.875,2023-04,154.1,96.6,27.2,13.8,9.9,1.3,clay,15.0,0.53,Warning,False,False,False,rule_based
7.225,79.875,2023-05,240.3,95.0,27.5,18.1,9.9,1.3,clay,15.0,0.57,Warning,False,False,False,rule_based
7.225,79.875,2023-06,322.4,94.2,27.2,20.7,9.9,1.3,clay,15.0,0.52,Warning,False,False,False,rule_based
7.225,79.875,2023-07,185.4,91.6,27.0,21.1,9.9,1.3,clay,15.0,0.58,Warning,False,False,False,rule_based
7.225,79.875,2023-08,93.4,92.0,27.1,20.0,9.9,1.3,clay,15.0,0.55,Warning,False,False,False,rule_based
7.225,79.875,2023-09,505.9,94.6,26.1,20.7,9.9,1.3,clay,15.0,0.57,Warning,False,False,False,rule_based
7.225,79.875,2023-10,454.8,96.4,25.7,15.0,9.9,1.3,clay,15.0,0.55,Warning,False,False,False,rule_based
7.225,79.875,2023-11,583.5,97.6,25.5,12.1,9.9,1.3,clay,15.0,0.66,Warning,False,False,False,rule_based
7.225,79.875,2023-12,307.0,94.9,26.0,17.3,9.9,1.3,clay,15.0,0.61,Warning,False,False,False,rule_based
7.225,79.875,2024-01,140.8,92.5,26.2,16.8,9.9,1.3,clay,15.0,0.53,Warning,False,False,False,rule_based
7.225,79.875,2024-02,22.4,90.1,27.9,18.9,9.9,1.3,clay,15.0,0.38,No Risk,False,False,False,rule_based
7.225,79.875,2024-03,74.5,92.8,28.1,16.6,9.9,1.3,clay,15.0,0.49,Warning,False,False,False,rule_based
7.225,79.875,2024-04,170.2,95.3,28.1,13.9,9.9,1.3,clay,15.0,0.54,Warning,False,False,False,rule_based
7.225,79.875,2024-05,580.6,94.6,27.7,19.5,9.9,1.3,clay,15.0,0.53,Warning,False,False,False,rule_based
7.225,79.875,2024-06,325.2,93.3,27.1,22.0,9.9,1.3,clay,15.0,0.58,Warning,False,False,False,rule_based
7.225,79.875,2024-07,249.1,92.7,27.2,20.3,9.9,1.3,clay,15.0,0.55,Warning,False,False,False,rule_based
7.225,79.875,2024-08,254.8,92.2,26.8,20.2,9.9,1.3,clay,15.0,0.6,Warning,False,False,False,rule_based
7.225,79.875,2024-09,256.4,92.1,27.1,21.0,9.9,1.3,clay,15.0,0.6,Warning,False,False,False,rule_based
7.225,79.875,2024-10,424.6,94.8,26.3,16.8,9.9,1.3,clay,15.0,0.61,Warning,False,False,False,rule_based
7.225,79.875,2024-11,398.9,96.9,25.6,15.9,9.9,1.3,clay,15.0,0.54,Warning,False,False,False,rule_based
7.225,79.875,2024-12,114.4,95.0,26.1,15.5,9.9,1.3,clay,15.0,0.58,Warning,False,False,False,rule_based
7.225,79.875,2025-01,233.3,94.2,25.6,18.8,9.9,1.3,clay,15.0,0.59,Warning,False,False,False,rule_based
7.225,79.875,2025-02,38.6,91.6,27.1,18.5,9.9,1.3,clay,15.0,0.4,No Risk,False,False,False,rule_based
7.225,79.875,2025-03,130.4,96.7,26.8,13.3,9.9,1.3,clay,15.0,0.55,Warning,False,False,False,rule_based
7.225,79.875,2025-04,170.8,96.0,27.1,15.8,9.9,1.3,clay,15.0,0.62,Warning,False,False,False,rule_based
7.225,79.875,2025-05,261.9,94.4,28.0,21.5,9.9,1.3,clay,15.0,0.58,Warning,False,False,False,rule_based
7.225,79.875,2025-06,308.8,93.3,27.2,22.0,9.9,1.3,clay,15.0,0.59,Warning,False,False,False,rule_based
7.225,79.875,2025-07,132.8,91.2,27.3,22.2,9.9,1.3,clay,15.0,0.55,Warning,False,False,False,rule_based
7.225,79.875,2025-08,131.1,92.5,27.0,21.0,9.9,1.3,clay,15.0,0.53,Warning,False,False,False,rule_based
7.225,79.875,2025-09,203.0,93.1,27.1,21.0,9.9,1.3,clay,15.0,0.55,Warning,False,False,False,rule_based
7.225,79.875,2025-10,297.3,94.4,26.7,15.6,9.9,1.3,clay,15.0,0.57,Warning,False,False,False,rule_based
7.225,79.875,2025-11,768.3,96.7,25.8,18.7,9.9,1.3,clay,15.0,0.54,Warning,False,False,False,rule_based
7.225,79.875,2025-12,139.2,94.2,25.7,18.5,9.9,1.3,clay,15.0,0.57,Warning,False,False,False,rule_based
7.225,79.9,2023-01,80.3,89.9,25.1,18.8,10.2,1.3,clay,15.0,0.47,Warning,False,False,False,rule_based
7.225,79.9,2023-02,81.3,93.1,25.8,17.2,10.2,1.3,clay,15.0,0.49,Warning,False,False,False,rule_based
7.225,79.9,2023-03,134.0,95.2,26.7,14.7,10.2,1.3,clay,15.0,0.59,Warning,False,False,False,rule_based
7.225,79.9,2023-04,154.1,96.6,27.2,13.8,10.2,1.3,clay,15.0,0.59,Warning,False,False,False,rule_based
7.225,79.9,2023-05,240.3,95.0,27.5,18.1,10.2,1.3,clay,15.0,0.56,Warning,False,False,False,rule_based
7.225,79.9,2023-06,322.4,94.2,27.2,20.7,10.2,1.3,clay,15.0,0.54,Warning,False,False,False,rule_based
7.225,79.9,2023-07,185.4,91.6,27.0,21.1,10.2,1.3,clay,15.0,0.54,Warning,False,False,False,rule_based
7.225,79.9,2023-08,93.4,92.0,27.1,20.0,10.2,1.3,clay,15.0,0.54,Warning,False,False,False,rule_based
7.225,79.9,2023-09,505.9,94.6,26.1,20.7,10.2,1.3,clay,15.0,0.59,Warning,False,False,False,rule_based
7.225,79.9,2023-10,454.8,96.4,25.7,15.0,10.2,1.3,clay,15.0,0.6,Warning,False,False,False,rule_based
7.225,79.9,2023-11,583.5,97.6,25.5,12.1,10.2,1.3,clay,15.0,0.56,Warning,False,False,False,rule_based
7.225,79.9,2023-12,307.0,94.9,26.0,17.3,10.2,1.3,clay,15.0,0.54,Warning,False,False,False,rule_based
7.225,79.9,2024-01,140.8,92.5,26.2,16.8,10.2,1.3,clay,15.0,0.58,Warning,False,False,False,rule_based
7.225,79.9,2024-02,22.4,90.1,27.9,18.9,10.2,1.3,clay,15.0,0.35,No Risk,False,False,False,rule_based
7.225,79.9,2024-03,74.5,92.8,28.1,16.6,10.2,1.3,clay,15.0,0.49,Warning,False,False,False,rule_based
7.225,79.9,2024-04,170.2,95.3,28.1,13.9,10.2,1.3,clay,15.0,0.61,Warning,False,False,False,rule_based
7.225,79.9,2024-05,580.6,94.6,27.7,19.5,10.2,1.3,clay,15.0,0.6,Warning,False,False,False,rule_based
7.225,79.9,2024-06,325.2,93.3,27.1,22.0,10.2,1.3,clay,15.0,0.58,Warning,False,False,False,rule_based
7.225,79.9,2024-07,249.1,92.7,27.2,20.3,10.2,1.3,clay,15.0,0.53,Warning,False,False,False,rule_based
7.225,79.9,2024-08,254.8,92.2,26.8,20.2,10.2,1.3,clay,15.0,0.58,Warning,False,False,False,rule_based
7.225,79.9,2024-09,256.4,92.1,27.1,21.0,10.2,1.3,clay,15.0,0.6,Warning,False,False,False,rule_based
7.225,79.9,2024-10,424.6,94.8,26.3,16.8,10.2,1.3,clay,15.0,0.56,Warning,False,False,False,rule_based
7.225,79.9,2024-11,398.9,96.9,25.6,15.9,10.2,1.3,clay,15.0,0.61,Warning,False,False,False,rule_based
7.225,79.9,2024-12,114.4,95.0,26.1,15.5,10.2,1.3,clay,15.0,0.61,Warning,False,False,False,rule_based
7.225,79.9,2025-01,233.3,94.2,25.6,18.8,10.2,1.3,clay,15.0,0.62,Warning,False,False,False,rule_based
7.225,79.9,2025-02,38.6,91.6,27.1,18.5,10.2,1.3,clay,15.0,0.43,No Risk,False,False,False,rule_based
7.225,79.9,2025-03,130.4,96.7,26.8,13.3,10.2,1.3,clay,15.0,0.59,Warning,False,False,False,rule_based
7.225,79.9,2025-04,170.8,96.0,27.1,15.8,10.2,1.3,clay,15.0,0.61,Warning,False,False,False,rule_based
7.225,79.9,2025-05,261.9,94.4,28.0,21.5,10.2,1.3,clay,15.0,0.58,Warning,False,False,False,rule_based
7.225,79.9,2025-06,308.8,93.3,27.2,22.0,10.2,1.3,clay,15.0,0.56,Warning,False,False,False,rule_based
7.225,79.9,2025-07,132.8,91.2,27.3,22.2,10.2,1.3,clay,15.0,0.56,Warning,False,False,False,rule_based
7.225,79.9,2025-08,131.1,92.5,27.0,21.0,10.2,1.3,clay,15.0,0.58,Warning,False,False,False,rule_based
7.225,79.9,2025-09,203.0,93.1,27.1,21.0,10.2,1.3,clay,15.0,0.53,Warning,False,False,False,rule_based
7.225,79.9,2025-10,297.3,94.4,26.7,15.6,10.2,1.3,clay,15.0,0.57,Warning,False,False,False,rule_based
7.225,79.9,2025-11,768.3,96.7,25.8,18.7,10.2,1.3,clay,15.0,0.6,Warning,False,False,False,rule_based
7.225,79.9,2025-12,139.2,94.2,25.7,18.5,10.2,1.3,clay,15.0,0.5,Warning,False,False,False,rule_based
7.225,79.925,2023-01,102.6,91.2,25.1,16.9,10.6,1.3,clay,15.0,0.62,Warning,False,False,False,rule_based
7.225,79.925,2023-02,126.3,93.6,25.8,14.6,10.6,1.3,clay,15.0,0.6,Warning,False,False,False,rule_based
7.225,79.925,2023-03,145.7,95.8,26.7,13.0,10.6,1.3,clay,15.0,0.56,Warning,False,False,False,rule_based
7.225,79.925,2023-04,175.3,97.0,27.0,12.1,10.6,1.3,clay,15.0,0.59,Warning,False,False,False,rule_based
7.225,79.925,2023-05,243.9,95.7,27.0,15.5,10.6,1.3,clay,15.0,0.57,Warning,False,False,False,rule_based
7.225,79.925,2023-06,323.5,96.3,26.7,17.9,10.6,1.3,clay,15.0,0.61,Warning,False,False,False,rule_based
7.225,79.925,2023-07,243.6,94.9,26.7,18.4,10.6,1.3,clay,15.0,0.6,Warning,False,False,False,rule_based
7.225,79.925,2023-08,87.4,95.1,26.8,18.0,10.6,1.3,clay,15.0,0.5,Warning,False,False,False,rule_based
7.225,79.925,2023-09,528.7,96.9,25.6,17.8,10.6,1.3,clay,15.0,0.59,Warning,False,False,False,rule_based
7.225,79.925,2023-10,489.6,98.2,25.4,12.9,10.6,1.3,clay,15.0,0.57,Warning,False,False,False,rule_based
7.225,79.925,2023-11,561.3,99.6,25.3,10.5,10.6,1.3,clay,15.0,0.57,Warning,False,False,False,rule_based
7.225,79.925,2023-12,324.2,96.8,25.8,15.4,10.6,1.3,clay,15.0,0.55,Warning,False,False,False,rule_based
7.225,79.925,2024-01,164.3,94.6,26.1,15.4,10.6,1.3,clay,15.0,0.62,Warning,False,False,False,rule_based
7.225,79.925,2024-02,26.6,92.1,28.0,17.0,10.6,1.3,clay,15.0,0.42,Warning,False,False,False,rule_based
7.225,79.925,2024-03,80.8,96.6,28.2,15.6,10.6,1.3,clay,15.0,0.5,Warning,False,False,False,rule_based
7.225,79.925,2024-04,180.2,98.6,28.0,13.1,10.6,1.3,clay,15.0,0.53,Warning,False,False,False,rule_based
7.225,79.925,2024-05,595.9,97.1,27.3,16.3,10.6,1.3,clay,15.0,0.56,Warning,False,False,False,rule_based
7.225,79.925,2024-06,318.3,96.0,26.7,19.1,10.6,1.3,clay,15.0,0.58,Warning,False,False,False,rule_based
7.225,79.925,2024-07,299.4,95.7,26.8,18.0,10.6,1.3,clay,15.0,0.58,Warning,False,False,False,rule_based
7.225,79.925,2024-08,265.0,95.3,26.4,17.3,10.6,1.3,clay,15.0,0.61,Warning,False,False,False,rule_based
7.225,79.925,2024-09,276.9,95.9,26.7,18.5,10.6,1.3,clay,15.0,0.59,Warning,False,False,False,rule_based
7.225,79.925,2024-10,424.1,97.0,25.9,14.3,10.6,1.3,clay,15.0,0.6,Warning,False,False,False,rule_based
7.225,79.925,2024-11,473.3,99.3,25.3,13.5,10.6,1.3,clay,15.0,0.58,Warning,False,False,False,rule_based
7.225,79.925,2024-12,152.5,97.9,25.7,13.6,10.6,1.3,clay,15.0,0.53,Warning,False,False,False,rule_based
7.225,79.925,2025-01,241.3,96.0,25.4,17.0,10.6,1.3,clay,15.0,0.57,Warning,False,False,False,rule_based
7.225,79.925,2025-02,47.4,94.8,27.1,16.0,10.6,1.3,clay,15.0,0.47,Warning,False,False,False,rule_based
7.225,79.925,2025-03,141.2,99.1,26.4,12.9,10.6,1.3,clay,15.0,0.57,Warning,False,False,False,rule_based
7.225,79.925,2025-04,207.0,98.0,26.6,14.0,10.6,1.3,clay,15.0,0.59,Warning,False,False,False,rule_based
7.225,79.925,2025-05,254.0,97.1,27.4,18.6,10.6,1.3,clay,15.0,0.56,Warning,False,False,False,rule_based
7.225,79.925,2025-06,340.6,97.3,26.6,19.0,10.6,1.3,clay,15.0,0.54,Warning,False,False,False,rule_based
7.225,79.925,2025-07,209.3,95.2,26.8,19.4,10.6,1.3,clay,15.0,0.57,Warning,False,False,False,rule_based
7.225,79.925,2025-08,191.8,97.0,26.4,18.4,10.6,1.3,clay,15.0,0.58,Warning,False,False,False,rule_based
7.225,79.925,2025-09,258.9,97.3,26.4,18.3,10.6,1.3,clay,15.0,0.55,Warning,False,False,False,rule_based
7.225,79.925,2025-10,324.0,97.2,26.1,13.3,10.6,1.3,clay,15.0,0.56,Warning,False,False,False,rule_based
7.225,79.925,2025-11,748.6,98.7,25.3,15.8,10.6,1.3,clay,15.0,0.54,Warning,False,False,False,rule_based
7.225,79.925,2025-12,179.8,96.3,25.5,17.2,10.6,1.3,clay,15.0,0.6,Warning,False,False,False,rule_based
7.225,79.95,2023-01,102.6,91.2,25.1,16.9,11.0,1.4,clay,14.69,0.56,Warning,False,False,False,rule_based
7.225,79.95,2023-02,126.3,93.6,25.8,14.6,11.0,1.4,clay,14.69,0.62,Warning,False,False,False,rule_based
7.225,79.95,2023-03,145.7,95.8,26.7,13.0,11.0,1.4,clay,14.69,0.62,Warning,False,False,False,rule_based
7.225,79.95,2023-04,175.3,97.0,27.0,12.1,11.0,1.4,clay,14.69,0.57,Warning,False,False,False,rule_based
7.225,79.95,2023-05,243.9,95.7,27.0,15.5,11.0,1.4,clay,14.69,0.54,Warning,False,False,False,rule_based
7.225,79.95,2023-06,323.5,96.3,26.7,17.9,11.0,1.4,clay,14.69,0.51,Warning,False,False,False,rule_based
7.225,79.95,2023-07,243.6,94.9,26.7,18.4,11.0,1.4,clay,14.69,0.53,Warning,False,False,False,rule_based
7.225,79.95,2023-08,87.4,95.1,26.8,18.0,11.0,1.4,clay,14.69,0.5,Warning,False,False,False,rule_based
7.225,79.95,2023-09,528.7,96.9,25.6,17.8,11.0,1.4,clay,14.69,0.61,Warning,False,False,False,rule_based
7.225,79.95,2023-10,489.6,98.2,25.4,12.9,11.0,1.4,clay,14.69,0.58,Warning,False,False,False,rule_based
7.225,79.95,2023-11,561.3,99.6,25.3,10.5,11.0,1.4,clay,14.69,0.58,Warning,False,False,False,rule_based
7.225,79.95,2023-12,324.2,96.8,25.8,15.4,11.0,1.4,clay,14.69,0.51,Warning,False,False,False,rule_based
7.225,79.95,2024-01,164.3,94.6,26.1,15.4,11.0,1.4,clay,14.69,0.54,Warning,False,False,False,rule_based
7.225,79.95,2024-02,26.6,92.1,28.0,17.0,11.0,1.4,clay,14.69,0.42,Warning,False,False,False,rule_based
7.225,79.95,2024-03,80.8,96.6,28.2,15.6,11.0,1.4,clay,14.69,0.53,Warning,False,False,False,rule_based
7.225,79.95,2024-04,180.2,98.6,28.0,13.1,11.0,1.4,clay,14.69,0.57,Warning,False,False,False,rule_based
7.225,79.95,2024-05,595.9,97.1,27.3,16.3,11.0,1.4,clay,14.69,0.59,Warning,False,False,False,rule_based
7.225,79.95,2024-06,318.3,96.0,26.7,19.1,11.0,1.4,clay,14.69,0.62,Warning,False,False,False,rule_based
7.225,79.95,2024-07,299.4,95.7,26.8,18.0,11.0,1.4,clay,14.69,0.57,Warning,False,False,False,rule_based
7.225,79.95,2024-08,265.0,95.3,26.4,17.3,11.0,1.4,clay,14.69,0.57,Warning,False,False,False,rule_based
7.225,79.95,2024-09,276.9,95.9,26.7,18.5,11.0,1.4,clay,14.69,0.58,Warning,False,False,False,rule_based
7.225,79.95,2024-10,424.1,97.0,25.9,14.3,11.0,1.4,clay,14.69,0.64,Warning,False,False,False,rule_based
7.225,79.95,2024-11,473.3,99.3,25.3,13.5,11.0,1.4,clay,14.69,0.51,Warning,False,False,False,rule_based
7.225,79.95,2024-12,152.5,97.9,25.7,13.6,11.0,1.4,clay,14.69,0.59,Warning,False,False,False,rule_based
7.225,79.95,2025-01,241.3,96.0,25.4,17.0,11.0,1.4,clay,14.69,0.57,Warning,False,False,False,rule_based
7.225,79.95,2025-02,47.4,94.8,27.1,16.0,11.0,1.4,clay,14.69,0.46,Warning,False,False,False,rule_based
7.225,79.95,2025-03,141.2,99.1,26.4,12.9,11.0,1.4,clay,14.69,0.55,Warning,False,False,False,rule_based
7.225,79.95,2025-04,207.0,98.0,26.6,14.0,11.0,1.4,clay,14.69,0.57,Warning,False,False,False,rule_based
7.225,79.95,2025-05,254.0,97.1,27.4,18.6,11.0,1.4,clay,14.69,0.59,Warning,False,False,False,rule_based
7.225,79.95,2025-06,340.6,97.3,26.6,19.0,11.0,1.4,clay,14.69,0.67,Warning,False,False,False,rule_based
7.225,79.95,2025-07,209.3,95.2,26.8,19.4,11.0,1.4,clay,14.69,0.6,Warning,False,False,False,rule_based
7.225,79.95,2025-08,191.8,97.0,26.4,18.4,11.0,1.4,clay,14.69,0.55,Warning,False,False,False,rule_based
7.225,79.95,2025-09,258.9,97.3,26.4,18.3,11.0,1.4,clay,14.69,0.56,Warning,False,False,False,rule_based
7.225,79.95,2025-10,324.0,97.2,26.1,13.3,11.0,1.4,clay,14.69,0.56,Warning,False,False,False,rule_based
7.225,79.95,2025-11,748.6,98.7,25.3,15.8,11.0,1.4,clay,14.69,0.52,Warning,False,False,False,rule_based
7.225,79.95,2025-12,179.8,96.3,25.5,17.2,11.0,1.4,clay,14.69,0.56,Warning,False,False,False,rule_based
7.225,79.975,2023-01,102.6,91.2,25.1,16.9,11.4,1.4,clay,11.98,0.59,Warning,False,False,False,rule_based
7.225,79.975,2023-02,126.3,93.6,25.8,14.6,11.4,1.4,clay,11.98,0.53,Warning,False,False,False,rule_based
7.225,79.975,2023-03,145.7,95.8,26.7,13.0,11.4,1.4,clay,11.98,0.6,Warning,False,False,False,rule_based
7.225,79.975,2023-04,175.3,97.0,27.0,12.1,11.4,1.4,clay,11.98,0.59,Warning,False,False,False,rule_based
7.225,79.975,2023-05,243.9,95.7,27.0,15.5,11.4,1.4,clay,11.98,0.55,Warning,False,False,False,rule_based
7.225,79.975,2023-06,323.5,96.3,26.7,17.9,11.4,1.4,clay,11.98,0.57,Warning,False,False,False,rule_based
7.225,79.975,2023-07,243.6,94.9,26.7,18.4,11.4,1.4,clay,11.98,0.62,Warning,False,False,False,rule_based
7.225,79.975,2023-08,87.4,95.1,26.8,18.0,11.4,1.4,clay,11.98,0.56,Warning,False,False,False,rule_based
7.225,79.975,2023-09,528.7,96.9,25.6,17.8,11.4,1.4,clay,11.98,0.57,Warning,False,False,False,rule_based
7.225,79.975,2023-10,489.6,98.2,25.4,12.9,11.4,1.4,clay,11.98,0.57,Warning,False,False,False,rule_based
7.225,79.975,2023-11,561.3,99.6,25.3,10.5,11.4,1.4,clay,11.98,0.58,Warning,False,False,False,rule_based
7.225,79.975,2023-12,324.2,96.8,25.8,15.4,11.4,1.4,clay,11.98,0.56,Warning,False,False,False,rule_based
7.225,79.975,2024-01,164.3,94.6,26.1,15.4,11.4,1.4,clay,11.98,0.51,Warning,False,False,False,rule_based
7.225,79.975,2024-02,26.6,92.1,28.0,17.0,11.4,1.4,clay,11.98,0.45,Warning,False,False,False,rule_based
7.225,79.975,2024-03,80.8,96.6,28.2,15.6,11.4,1.4,clay,11.98,0.53,Warning,False,False,False,rule_based
7.225,79.975,2024-04,180.2,98.6,28.0,13.1,11.4,1.4,clay,11.98,0.58,Warning,False,False,False,rule_based
7.225,79.975,2024-05,595.9,97.1,27.3,16.3,11.4,1.4,clay,11.98,0.57,Warning,False,False,False,rule_based
7.225,79.975,2024-06,318.3,96.0,26.7,19.1,11.4,1.4,clay,11.98,0.55,Warning,False,False,False,rule_based
7.225,79.975,2024-07,299.4,95.7,26.8,18.0,11.4,1.4,clay,11.98,0.57,Warning,False,False,False,rule_based
7.225,79.975,2024-08,265.0,95.3,26.4,17.3,11.4,1.4,clay,11.98,0.52,Warning,False,False,False,rule_based
7.225,79.975,2024-09,276.9,95.9,26.7,18.5,11.4,1.4,clay,11.98,0.64,Warning,False,False,False,rule_based
7.225,79.975,2024-10,424.1,97.0,25.9,14.3,11.4,1.4,clay,11.98,0.54,Warning,False,False,False,rule_based
7.225,79.975,2024-11,473.3,99.3,25.3,13.5,11.4,1.4,clay,11.98,0.54,Warning,False,False,False,rule_based
7.225,79.975,2024-12,152.5,97.9,25.7,13.6,11.4,1.4,clay,11.98,0.56,Warning,False,False,False,rule_based
7.225,79.975,2025-01,241.3,96.0,25.4,17.0,11.4,1.4,clay,11.98,0.61,Warning,False,False,False,rule_based
7.225,79.975,2025-02,47.4,94.8,27.1,16.0,11.4,1.4,clay,11.98,0.44,Warning,False,False,False,rule_based
7.225,79.975,2025-03,141.2,99.1,26.4,12.9,11.4,1.4,clay,11.98,0.54,Warning,False,False,False,rule_based
7.225,79.975,2025-04,207.0,98.0,26.6,14.0,11.4,1.4,clay,11.98,0.61,Warning,False,False,False,rule_based
7.225,79.975,2025-05,254.0,97.1,27.4,18.6,11.4,1.4,clay,11.98,0.59,Warning,False,False,False,rule_based
7.225,79.975,2025-06,340.6,97.3,26.6,19.0,11.4,1.4,clay,11.98,0.59,Warning,False,False,False,rule_based
7.225,79.975,2025-07,209.3,95.2,26.8,19.4,11.4,1.4,clay,11.98,0.59,Warning,False,False,False,rule_based
7.225,79.975,2025-08,191.8,97.0,26.4,18.4,11.4,1.4,clay,11.98,0.64,Warning,False,False,False,rule_based
7.225,79.975,2025-09,258.9,97.3,26.4,18.3,11.4,1.4,clay,11.98,0.64,Warning,False,False,False,rule_based
7.225,79.975,2025-10,324.0,97.2,26.1,13.3,11.4,1.4,clay,11.98,0.55,Warning,False,False,False,rule_based
7.225,79.975,2025-11,748.6,98.7,25.3,15.8,11.4,1.4,clay,11.98,0.62,Warning,False,False,False,rule_based
7.225,79.975,2025-12,179.8,96.3,25.5,17.2,11.4,1.4,clay,11.98,0.58,Warning,False,False,False,rule_based
7.25,80.125,2023-01,102.1,91.1,24.8,17.8,33.8,3.7,loam,3.72,0.63,Warning,False,False,False,rule_based
7.25,80.125,2023-02,110.3,93.4,25.7,15.7,33.8,3.7,loam,3.72,0.57,Warning,False,False,False,rule_based
7.25,80.125,2023-03,175.4,95.1,26.7,14.2,33.8,3.7,loam,3.72,0.61,Warning,False,False,False,rule_based
7.25,80.125,2023-04,160.9,96.8,27.0,13.6,33.8,3.7,loam,3.72,0.59,Warning,False,False,False,rule_based
7.25,80.125,2023-05,192.9,95.8,26.8,16.2,33.8,3.7,loam,3.72,0.64,Warning,False,False,False,rule_based
7.25,80.125,2023-06,208.4,96.1,26.3,18.7,33.8,3.7,loam,3.72,0.65,Warning,False,False,False,rule_based
7.25,80.125,2023-07,243.5,96.0,26.1,18.5,33.8,3.7,loam,3.72,0.56,Warning,False,False,False,rule_based
7.25,80.125,2023-08,63.5,94.9,26.7,18.9,33.8,3.7,loam,3.72,0.53,Warning,False,False,False,rule_based
7.25,80.125,2023-09,407.0,97.0,25.1,19.0,33.8,3.7,loam,3.72,0.65,Warning,False,False,False,rule_based
7.25,80.125,2023-10,445.6,97.5,25.2,13.6,33.8,3.7,loam,3.72,0.61,Warning,False,False,False,rule_based
7.25,80.125,2023-11,601.1,98.8,25.2,11.2,33.8,3.7,loam,3.72,0.64,Warning,False,False,False,rule_based
7.25,80.125,2023-12,303.2,95.7,25.6,15.9,33.8,3.7,loam,3.72,0.63,Warning,False,False,False,rule_based
7.25,80.125,2024-01,150.7,93.9,25.8,15.1,33.8,3.7,loam,3.72,0.63,Warning,False,False,False,rule_based
7.25,80.125,2024-02,22.9,91.7,27.7,17.4,33.8,3.7,loam,3.72,0.42,No Risk,False,False,False,rule_based
7.25,80.125,2024-03,70.5,94.4,28.3,16.5,33.8,3.7,loam,3.72,0.51,Warning,False,False,False,rule_based
7.25,80.125,2024-04,205.1,97.1,28.1,13.6,33.8,3.7,loam,3.72,0.58,Warning,False,False,False,rule_based
7.25,80.125,2024-05,614.9,97.0,26.9,17.4,33.8,3.7,loam,3.72,0.64,Warning,False,False,False,rule_based
7.25,80.125,2024-06,274.6,96.3,26.2,19.6,33.8,3.7,loam,3.72,0.62,Warning,False,False,False,rule_based
7.25,80.125,2024-07,257.0,96.6,26.2,18.0,33.8,3.7,loam,3.72,0.61,Warning,False,False,False,rule_based
7.25,80.125,2024-08,253.8,95.5,25.9,18.0,33.8,3.7,loam,3.72,0.6,Warning,False,False,False,rule_based
7.25,80.125,2024-09,260.7,97.1,26.0,18.4,33.8,3.7,loam,3.72,0.61,Warning,False,False,False,rule_based
7.25,80.125,2024-10,323.6,96.9,25.5,14.6,33.8,3.7,loam,3.72,0.65,Warning,False,False,False,rule_based
7.25,80.125,2024-11,548.2,98.7,25.0,13.9,33.8,3.7,loam,3.72,0.61,Warning,False,False,False,rule_based
7.25,80.125,2024-12,126.0,97.5,25.4,13.7,33.8,3.7,loam,3.72,0.58,Warning,False,False,False,rule_based
7.25,80.125,2025-01,262.2,95.8,25.1,17.9,33.8,3.7,loam,3.72,0.64,Warning,False,False,False,rule_based
7.25,80.125,2025-02,30.7,93.0,26.9,18.2,33.8,3.7,loam,3.72,0.44,Warning,False,False,False,rule_based
7.25,80.125,2025-03,165.6,97.8,26.4,12.7,33.8,3.7,loam,3.72,0.62,Warning,False,False,False,rule_based
7.25,80.125,2025-04,212.3,97.8,26.2,14.4,33.8,3.7,loam,3.72,0.67,Warning,False,False,False,rule_based
7.25,80.125,2025-05,225.0,97.3,26.7,18.6,33.8,3.7,loam,3.72,0.62,Warning,False,False,False,rule_based
7.25,80.125,2025-06,336.2,98.5,25.7,18.2,33.8,3.7,loam,3.72,0.63,Warning,False,False,False,rule_based
7.25,80.125,2025-07,247.0,97.8,25.9,19.4,33.8,3.7,loam,3.72,0.58,Warning,False,False,False,rule_based
7.25,80.125,2025-08,174.7,98.3,25.6,18.5,33.8,3.7,loam,3.72,0.61,Warning,False,False,False,rule_based
7.25,80.125,2025-09,217.8,98.4,25.6,19.1,33.8,3.7,loam,3.72,0.64,Warning,False,False,False,rule_based
7.25,80.125,2025-10,335.7,97.2,25.7,14.0,33.8,3.7,loam,3.72,0.57,Warning,False,False,False,rule_based
7.25,80.125,2025-11,720.1,98.3,24.9,16.2,33.8,3.7,loam,3.72,0.62,Warning,False,False,False,rule_based
7.25,80.125,2025-12,140.6,95.8,25.2,17.5,33.8,3.7,loam,3.72,0.62,Warning,False,False,False,rule_based
7.25,80.15,2023-01,100.8,91.6,24.6,17.1,67.5,8.2,loam,5.55,0.69,Warning,False,False,False,rule_based
7.25,80.15,2023-02,86.3,93.9,25.5,15.1,67.5,8.2,loam,5.55,0.68,Warning,False,False,False,rule_based
7.25,80.15,2023-03,158.8,95.1,26.6,14.1,67.5,8.2,loam,5.55,0.7,Warning,False,False,False,rule_based
7.25,80.15,2023-04,150.7,96.4,27.0,13.0,67.5,8.2,loam,5.55,0.73,Warning,False,False,False,rule_based
7.25,80.15,2023-05,180.3,94.6,26.7,16.1,67.5,8.2,loam,5.55,0.66,Warning,False,False,False,rule_based
7.25,80.15,2023-06,168.4,94.7,26.3,18.4,67.5,8.2,loam,5.55,0.69,Warning,False,False,False,rule_based
7.25,80.15,2023-07,247.7,95.0,26.0,18.5,67.5,8.2,loam,5.55,0.69,Warning,False,False,False,rule_based
7.25,80.15,2023-08,48.5,93.2,26.9,19.0,67.5,8.2,loam,5.55,0.52,Warning,False,False,False,rule_based
7.25,80.15,2023-09,369.0,96.1,25.1,18.6,67.5,8.2,loam,5.55,0.71,Warning,False,False,False,rule_based
7.25,80.15,2023-10,450.1,97.5,25.1,13.9,67.5,8.2,loam,5.55,0.75,Warning,False,False,False,rule_based
7.25,80.15,2023-11,618.1,99.2,25.0,10.5,67.5,8.2,loam,5.55,0.68,Warning,False,False,False,rule_based
7.25,80.15,2023-12,328.2,96.2,25.5,14.6,67.5,8.2,loam,5.55,0.7,Warning,False,False,False,rule_based
7.25,80.15,2024-01,175.3,94.7,25.6,14.4,67.5,8.2,loam,5.55,0.69,Warning,False,False,False,rule_based
7.25,80.15,2024-02,18.3,92.0,27.6,16.6,67.5,8.2,loam,5.55,0.46,No Risk,False,False,False,rule_based
7.25,80.15,2024-03,74.2,93.1,28.5,15.8,67.5,8.2,loam,5.55,0.57,Warning,False,False,False,rule_based
7.25,80.15,2024-04,203.0,96.5,28.1,13.2,67.5,8.2,loam,5.55,0.66,Warning,False,False,False,rule_based
7.25,80.15,2024-05,574.9,97.1,26.8,17.5,67.5,8.2,loam,5.55,0.64,Warning,False,False,False,rule_based
7.25,80.15,2024-06,233.8,95.4,26.1,19.5,67.5,8.2,loam,5.55,0.74,Warning,False,False,False,rule_based
7.25,80.15,2024-07,221.7,95.5,26.2,18.3,67.5,8.2,loam,5.55,0.68,Warning,False,False,False,rule_based
7.25,80.15,2024-08,234.9,94.8,25.9,17.8,67.5,8.2,loam,5.55,0.67,Warning,False,False,False,rule_based
7.25,80.15,2024-09,234.1,96.3,25.9,18.4,67.5,8.2,loam,5.55,0.71,Warning,False,False,False,rule_based
7.25,80.15,2024-10,356.3,96.2,25.5,14.6,67.5,8.2,loam,5.55,0.65,Warning,False,False,False,rule_based
7.25,80.15,2024-11,517.1,99.0,24.9,13.3,67.5,8.2,loam,5.55,0.66,Warning,False,False,False,rule_based
7.25,80.15,2024-12,137.6,97.7,25.2,13.3,67.5,8.2,loam,5.55,0.69,Warning,False,False,False,rule_based
7.25,80.15,2025-01,253.5,96.4,24.9,16.5,67.5,8.2,loam,5.55,0.72,Warning,False,False,False,rule_based
7.25,80.15,2025-02,32.5,93.8,26.6,17.1,67.5,8.2,loam,5.55,0.53,No Risk,False,False,False,rule_based
7.25,80.15,2025-03,156.7,98.2,26.4,12.8,67.5,8.2,loam,5.55,0.69,Warning,False,False,False,rule_based
7.25,80.15,2025-04,239.1,98.0,26.1,14.3,67.5,8.2,loam,5.55,0.69,Warning,False,False,False,rule_based
7.25,80.15,2025-05,185.3,97.3,26.5,18.1,67.5,8.2,loam,5.55,0.7,Warning,False,False,False,rule_based
7.25,80.15,2025-06,313.8,97.6,25.6,17.9,67.5,8.2,loam,5.55,0.69,Warning,False,False,False,rule_based
7.25,80.15,2025-07,200.8,97.5,25.7,18.9,67.5,8.2,loam,5.55,0.65,Warning,False,False,False,rule_based
7.25,80.15,2025-08,153.9,97.4,25.5,18.4,67.5,8.2,loam,5.55,0.69,Warning,False,False,False,rule_based
7.25,80.15,2025-09,169.3,97.4,25.6,18.9,67.5,8.2,loam,5.55,0.65,Warning,False,False,False,rule_based
7.25,80.15,2025-10,315.3,97.2,25.6,14.0,67.5,8.2,loam,5.55,0.69,Warning,False,False,False,rule_based
7.25,80.15,2025-11,690.0,98.8,24.8,15.9,67.5,8.2,loam,5.55,0.67,Warning,False,False,False,rule_based
7.25,80.15,2025-12,147.4,96.4,25.1,16.6,67.5,8.2,loam,5.55,0.76,Warning,False,False,False,rule_based
7.25,80.175,2023-01,100.8,91.6,24.6,17.1,68.7,8.4,loam,6.77,0.69,Warning,False,False,False,rule_based
7.25,80.175,2023-02,86.3,93.9,25.5,15.1,68.7,8.4,loam,6.77,0.61,Warning,False,False,False,rule_based
7.25,80.175,2023-03,158.8,95.1,26.6,14.1,68.7,8.4,loam,6.77,0.68,Warning,False,False,False,rule_based
7.25,80.175,2023-04,150.7,96.4,27.0,13.0,68.7,8.4,loam,6.77,0.7,Warning,False,False,False,rule_based
7.25,80.175,2023-05,180.3,94.6,26.7,16.1,68.7,8.4,loam,6.77,0.74,Warning,False,False,False,rule_based
7.25,80.175,2023-06,168.4,94.7,26.3,18.4,68.7,8.4,loam,6.77,0.67,Warning,False,False,False,rule_based
7.25,80.175,2023-07,247.7,95.0,26.0,18.5,68.7,8.4,loam,6.77,0.64,Warning,False,False,False,rule_based
7.25,80.175,2023-08,48.5,93.2,26.9,19.0,68.7,8.4,loam,6.77,0.58,Warning,False,False,False,rule_based
7.25,80.175,2023-09,369.0,96.1,25.1,18.6,68.7,8.4,loam,6.77,0.65,Warning,False,False,False,rule_based
7.25,80.175,2023-10,450.1,97.5,25.1,13.9,68.7,8.4,loam,6.77,0.67,Warning,False,False,False,rule_based
7.25,80.175,2023-11,618.1,99.2,25.0,10.5,68.7,8.4,loam,6.77,0.68,Warning,False,False,False,rule_based
7.25,80.175,2023-12,328.2,96.2,25.5,14.6,68.7,8.4,loam,6.77,0.69,Warning,False,False,False,rule_based
7.25,80.175,2024-01,175.3,94.7,25.6,14.4,68.7,8.4,loam,6.77,0.71,Warning,False,False,False,rule_based
7.25,80.175,2024-02,18.3,92.0,27.6,16.6,68.7,8.4,loam,6.77,0.46,No Risk,False,False,False,rule_based
7.25,80.175,2024-03,74.2,93.1,28.5,15.8,68.7,8.4,loam,6.77,0.61,Warning,False,False,False,rule_based
7.25,80.175,2024-04,203.0,96.5,28.1,13.2,68.7,8.4,loam,6.77,0.69,Warning,False,False,False,rule_based
7.25,80.175,2024-05,574.9,97.1,26.8,17.5,68.7,8.4,loam,6.77,0.69,Warning,False,False,False,rule_based
7.25,80.175,2024-06,233.8,95.4,26.1,19.5,68.7,8.4,loam,6.77,0.69,Warning,False,False,False,rule_based
7.25,80.175,2024-07,221.7,95.5,26.2,18.3,68.7,8.4,loam,6.77,0.7,Warning,False,False,False,rule_based
7.25,80.175,2024-08,234.9,94.8,25.9,17.8,68.7,8.4,loam,6.77,0.71,Warning,False,False,False,rule_based
7.25,80.175,2024-09,234.1,96.3,25.9,18.4,68.7,8.4,loam,6.77,0.7,Warning,False,False,False,rule_based
7.25,80.175,2024-10,356.3,96.2,25.5,14.6,68.7,8.4,loam,6.77,0.7,Warning,False,False,False,rule_based
7.25,80.175,2024-11,517.1,99.0,24.9,13.3,68.7,8.4,loam,6.77,0.64,Warning,False,False,False,rule_based
7.25,80.175,2024-12,137.6,97.7,25.2,13.3,68.7,8.4,loam,6.77,0.69,Warning,False,False,False,rule_based
7.25,80.175,2025-01,253.5,96.4,24.9,16.5,68.7,8.4,loam,6.77,0.7,Warning,False,False,False,rule_based
7.25,80.175,2025-02,32.5,93.8,26.6,17.1,68.7,8.4,loam,6.77,0.54,No Risk,False,False,False,rule_based
7.25,80.175,2025-03,156.7,98.2,26.4,12.8,68.7,8.4,loam,6.77,0.67,Warning,False,False,False,rule_based
7.25,80.175,2025-04,239.1,98.0,26.1,14.3,68.7,8.4,loam,6.77,0.67,Warning,False,False,False,rule_based
7.25,80.175,2025-05,185.3,97.3,26.5,18.1,68.7,8.4,loam,6.77,0.67,Warning,False,False,False,rule_based
7.25,80.175,2025-06,313.8,97.6,25.6,17.9,68.7,8.4,loam,6.77,0.7,Warning,False,False,False,rule_based
7.25,80.175,2025-07,200.8,97.5,25.7,18.9,68.7,8.4,loam,6.77,0.72,Warning,False,False,False,rule_based
7.25,80.175,2025-08,153.9,97.4,25.5,18.4,68.7,8.4,loam,6.77,0.68,Warning,False,False,False,rule_based
7.25,80.175,2025-09,169.3,97.4,25.6,18.9,68.7,8.4,loam,6.77,0.71,Warning,False,False,False,rule_based
7.25,80.175,2025-10,315.3,97.2,25.6,14.0,68.7,8.4,loam,6.77,0.69,Warning,False,False,False,rule_based
7.25,80.175,2025-11,690.0,98.8,24.8,15.9,68.7,8.4,loam,6.77,0.68,Warning,False,False,False,rule_based
7.25,80.175,2025-12,147.4,96.4,25.1,16.6,68.7,8.4,loam,6.77,0.68,Warning,False,False,False,rule_based
7.25,80.2,2023-01,100.8,91.6,24.6,17.1,70.0,8.6,loam,8.45,0.71,Warning,False,False,False,rule_based
7.25,80.2,2023-02,86.3,93.9,25.5,15.1,70.0,8.6,loam,8.45,0.67,Warning,False,False,False,rule_based
7.25,80.2,2023-03,158.8,95.1,26.6,14.1,70.0,8.6,loam,8.45,0.76,Warning,False,False,False,rule_based
7.25,80.2,2023-04,150.7,96.4,27.0,13.0,70.0,8.6,loam,8.45,0.66,Warning,False,False,False,rule_based
7.25,80.2,2023-05,180.3,94.6,26.7,16.1,70.0,8.6,loam,8.45,0.71,Warning,False,False,False,rule_based
7.25,80.2,2023-06,168.4,94.7,26.3,18.4,70.0,8.6,loam,8.45,0.67,Warning,False,False,False,rule_based
7.25,80.2,2023-07,247.7,95.0,26.0,18.5,70.0,8.6,loam,8.45,0.66,Warning,False,False,False,rule_based
7.25,80.2,2023-08,48.5,93.2,26.9,19.0,70.0,8.6,loam,8.45,0.56,Warning,False,False,False,rule_based
7.25,80.2,2023-09,369.0,96.1,25.1,18.6,70.0,8.6,loam,8.45,0.69,Warning,False,False,False,rule_based
7.25,80.2,2023-10,450.1,97.5,25.1,13.9,70.0,8.6,loam,8.45,0.78,Warning,False,False,False,rule_based
7.25,80.2,2023-11,618.1,99.2,25.0,10.5,70.0,8.6,loam,8.45,0.68,Warning,False,False,False,rule_based
7.25,80.2,2023-12,328.2,96.2,25.5,14.6,70.0,8.6,loam,8.45,0.66,Warning,False,False,False,rule_based
7.25,80.2,2024-01,175.3,94.7,25.6,14.4,70.0,8.6,loam,8.45,0.7,Warning,False,False,False,rule_based
7.25,80.2,2024-02,18.3,92.0,27.6,16.6,70.0,8.6,loam,8.45,0.42,No Risk,False,False,False,rule_based
7.25,80.2,2024-03,74.2,93.1,28.5,15.8,70.0,8.6,loam,8.45,0.62,Warning,False,False,False,rule_based
7.25,80.2,2024-04,203.0,96.5,28.1,13.2,70.0,8.6,loam,8.45,0.69,Warning,False,False,False,rule_based
7.25,80.2,2024-05,574.9,97.1,26.8,17.5,70.0,8.6,loam,8.45,0.71,Warning,False,False,False,rule_based
7.25,80.2,2024-06,233.8,95.4,26.1,19.5,70.0,8.6,loam,8.45,0.72,Warning,False,False,False,rule_based
7.25,80.2,2024-07,221.7,95.5,26.2,18.3,70.0,8.6,loam,8.45,0.67,Warning,False,False,False,rule_based
7.25,80.2,2024-08,234.9,94.8,25.9,17.8,70.0,8.6,loam,8.45,0.69,Warning,False,False,False,rule_based
7.25,80.2,2024-09,234.1,96.3,25.9,18.4,70.0,8.6,loam,8.45,0.67,Warning,False,False,False,rule_based
7.25,80.2,2024-10,356.3,96.2,25.5,14.6,70.0,8.6,loam,8.45,0.66,Warning,False,False,False,rule_based
7.25,80.2,2024-11,517.1,99.0,24.9,13.3,70.0,8.6,loam,8.45,0.7,Warning,False,False,False,rule_based
7.25,80.2,2024-12,137.6,97.7,25.2,13.3,70.0,8.6,loam,8.45,0.65,Warning,False,False,False,rule_based
7.25,80.2,2025-01,253.5,96.4,24.9,16.5,70.0,8.6,loam,8.45,0.68,Warning,False,False,False,rule_based
7.25,80.2,2025-02,32.5,93.8,26.6,17.1,70.0,8.6,loam,8.45,0.49,No Risk,False,False,False,rule_based
7.25,80.2,2025-03,156.7,98.2,26.4,12.8,70.0,8.6,loam,8.45,0.71,Warning,False,False,False,rule_based
7.25,80.2,2025-04,239.1,98.0,26.1,14.3,70.0,8.6,loam,8.45,0.74,Warning,False,False,False,rule_based
7.25,80.2,2025-05,185.3,97.3,26.5,18.1,70.0,8.6,loam,8.45,0.65,Warning,False,False,False,rule_based
7.25,80.2,2025-06,313.8,97.6,25.6,17.9,70.0,8.6,loam,8.45,0.63,Warning,False,False,False,rule_based
7.25,80.2,2025-07,200.8,97.5,25.7,18.9,70.0,8.6,loam,8.45,0.69,Warning,False,False,False,rule_based
7.25,80.2,2025-08,153.9,97.4,25.5,18.4,70.0,8.6,loam,8.45,0.69,Warning,False,False,False,rule_based
7.25,80.2,2025-09,169.3,97.4,25.6,18.9,70.0,8.6,loam,8.45,0.7,Warning,False,False,False,rule_based
7.25,80.2,2025-10,315.3,97.2,25.6,14.0,70.0,8.6,loam,8.45,0.68,Warning,False,False,False,rule_based
7.25,80.2,2025-11,690.0,98.8,24.8,15.9,70.0,8.6,loam,8.45,0.68,Warning,False,False,False,rule_based
7.25,80.2,2025-12,147.4,96.4,25.1,16.6,70.0,8.6,loam,8.45,0.7,Warning,False,False,False,rule_based
7.25,80.225,2023-01,97.6,91.6,24.6,15.8,71.2,8.8,loam,9.82,0.72,Warning,False,False,False,rule_based
7.25,80.225,2023-02,91.3,93.9,25.5,14.1,71.2,8.8,loam,9.82,0.61,Warning,False,False,False,rule_based
7.25,80.225,2023-03,130.1,94.7,26.8,13.6,71.2,8.8,loam,9.82,0.68,Warning,False,False,False,rule_based
7.25,80.225,2023-04,129.6,96.0,27.2,13.3,71.2,8.8,loam,9.82,0.7,Warning,False,False,False,rule_based
7.25,80.225,2023-05,191.6,93.3,26.9,15.3,71.2,8.8,loam,9.82,0.66,Warning,False,False,False,rule_based
7.25,80.225,2023-06,172.1,92.0,26.5,17.6,71.2,8.8,loam,9.82,0.74,Warning,False,False,False,rule_based
7.25,80.225,2023-07,220.5,92.6,26.2,17.4,71.2,8.8,loam,9.82,0.67,Warning,False,False,False,rule_based
7.25,80.225,2023-08,59.6,90.5,27.2,18.5,71.2,8.8,loam,9.82,0.59,Warning,False,False,False,rule_based
7.25,80.225,2023-09,343.2,94.5,25.3,18.3,71.2,8.8,loam,9.82,0.71,Warning,False,False,False,rule_based
7.25,80.225,2023-10,475.6,97.1,25.2,13.6,71.2,8.8,loam,9.82,0.67,Warning,False,False,False,rule_based
7.25,80.225,2023-11,655.1,99.2,25.1,10.6,71.2,8.8,loam,9.82,0.64,Warning,False,False,False,rule_based
7.25,80.225,2023-12,379.8,96.2,25.6,13.8,71.2,8.8,loam,9.82,0.68,Warning,False,False,False,rule_based
7.25,80.225,2024-01,158.6,94.3,25.7,13.5,71.2,8.8,loam,9.82,0.72,Warning,False,False,False,rule_based
7.25,80.225,2024-02,17.5,91.1,27.8,15.4,71.2,8.8,loam,9.82,0.48,No Risk,False,False,False,rule_based
7.25,80.225,2024-03,70.2,92.3,28.8,16.2,71.2,8.8,loam,9.82,0.59,Warning,False,False,False,rule_based
7.25,80.225,2024-04,174.3,96.5,28.3,13.3,71.2,8.8,loam,9.82,0.72,Warning,False,False,False,rule_based
7.25,80.225,2024-05,567.7,96.3,26.9,17.0,71.2,8.8,loam,9.82,0.68,Warning,False,False,False,rule_based
7.25,80.225,2024-06,254.2,94.1,26.3,18.6,71.2,8.8,loam,9.82,0.68,Warning,False,False,False,rule_based
7.25,80.225,2024-07,212.0,93.7,26.4,17.6,71.2,8.8,loam,9.82,0.7,Warning,False,False,False,rule_based
7.25,80.225,2024-08,241.3,92.9,26.1,17.2,71.2,8.8,loam,9.82,0.72,Warning,False,False,False,rule_based
7.25,80.225,2024-09,219.8,94.3,26.1,18.0,71.2,8.8,loam,9.82,0.76,Warning,False,False,False,rule_based
7.25,80.225,2024-10,419.4,95.5,25.6,14.1,71.2,8.8,loam,9.82,0.72,Warning,False,False,False,rule_based
7.25,80.225,2024-11,546.9,99.0,24.9,12.2,71.2,8.8,loam,9.82,0.73,Warning,False,False,False,rule_based
7.25,80.225,2024-12,136.4,97.7,25.3,12.3,71.2,8.8,loam,9.82,0.68,Warning,False,False,False,rule_based
7.25,80.225,2025-01,285.0,96.5,25.0,14.7,71.2,8.8,loam,9.82,0.66,Warning,False,False,False,rule_based
7.25,80.225,2025-02,40.2,94.0,26.5,15.4,71.2,8.8,loam,9.82,0.54,No Risk,False,False,False,rule_based
7.25,80.225,2025-03,136.0,98.4,26.4,12.4,71.2,8.8,loam,9.82,0.7,Warning,False,False,False,rule_based
7.25,80.225,2025-04,238.1,97.4,26.2,13.3,71.2,8.8,loam,9.82,0.66,Warning,False,False,False,rule_based
7.25,80.225,2025-05,192.9,96.2,26.6,16.7,71.2,8.8,loam,9.82,0.69,Warning,False,False,False,rule_based
7.25,80.225,2025-06,330.3,95.5,25.8,17.2,71.2,8.8,loam,9.82,0.7,Warning,False,False,False,rule_based
7.25,80.225,2025-07,186.7,95.7,25.9,17.8,71.2,8.8,loam,9.82,0.7,Warning,False,False,False,rule_based
7.25,80.225,2025-08,152.3,95.9,25.7,17.4,71.2,8.8,loam,9.82,0.71,Warning,False,False,False,rule_based
7.25,80.225,2025-09,177.3,96.0,25.7,17.6,71.2,8.8,loam,9.82,0.7,Warning,False,False,False,rule_based
7.25,80.225,2025-10,334.9,96.4,25.6,13.1,71.2,8.8,loam,9.82,0.68,Warning,False,False,False,rule_based
7.25,80.225,2025-11,682.5,98.9,24.8,15.0,71.2,8.8,loam,9.82,0.68,Warning,False,False,False,rule_based
7.25,80.225,2025-12,148.1,96.5,25.2,15.4,71.2,8.8,loam,9.82,0.66,Warning,False,False,False,rule_based
7.25,80.25,2023-01,97.6,91.5,23.9,15.8,130.0,19.1,sandy,8.0,0.85,Landslide,False,False,False,rule_based
7.25,80.25,2023-02,91.3,93.8,24.8,14.1,130.0,19.1,sandy,8.0,0.78,Landslide,False,False,False,rule_based
7.25,80.25,2023-03,130.1,94.7,26.1,13.6,130.0,19.1,sandy,8.0,0.79,Landslide,False,False,False,rule_based
7.25,80.25,2023-04,129.6,95.8,26.5,13.3,130.0,19.1,sandy,8.0,0.77,Landslide,False,False,False,rule_based
7.25,80.25,2023-05,191.6,93.2,26.2,15.3,130.0,19.1,sandy,8.0,0.85,Landslide,False,False,False,rule_based
7.25,80.25,2023-06,172.1,92.0,25.8,17.6,130.0,19.1,sandy,8.0,0.77,Landslide,False,False,False,rule_based
7.25,80.25,2023-07,220.5,92.6,25.5,17.4,130.0,19.1,sandy,8.0,0.79,Landslide,False,False,False,rule_based
7.25,80.25,2023-08,59.6,90.5,26.5,18.5,130.0,19.1,sandy,8.0,0.71,Warning,False,False,False,rule_based
7.25,80.25,2023-09,343.2,94.5,24.6,18.3,130.0,19.1,sandy,8.0,0.82,Landslide,False,False,False,rule_based
7.25,80.25,2023-10,475.6,97.1,24.5,13.6,130.0,19.1,sandy,8.0,0.83,Landslide,False,False,False,rule_based
7.25,80.25,2023-11,655.1,99.2,24.4,10.6,130.0,19.1,sandy,8.0,0.85,Landslide,False,False,False,rule_based
7.25,80.25,2023-12,379.8,96.2,24.9,13.8,130.0,19.1,sandy,8.0,0.82,Landslide,False,False,False,rule_based
7.25,80.25,2024-01,158.6,94.2,25.0,13.5,130.0,19.1,sandy,8.0,0.77,Landslide,False,False,False,rule_based
7.25,80.25,2024-02,17.5,91.1,27.1,15.4,130.0,19.1,sandy,8.0,0.59,No Risk,False,False,False,rule_based
7.25,80.25,2024-03,70.2,92.3,28.1,16.2,130.0,19.1,sandy,8.0,0.73,Warning,False,False,False,rule_based
7.25,80.25,2024-04,174.3,96.5,27.6,13.3,130.0,19.1,sandy,8.0,0.85,Landslide,False,False,False,rule_based
7.25,80.25,2024-05,567.7,96.3,26.3,17.0,130.0,19.1,sandy,8.0,0.76,Landslide,False,False,False,rule_based
7.25,80.25,2024-06,254.2,94.0,25.6,18.6,130.0,19.1,sandy,8.0,0.84,Landslide,False,False,False,rule_based
7.25,80.25,2024-07,212.0,93.7,25.8,17.6,130.0,19.1,sandy,8.0,0.81,Landslide,False,False,False,rule_based
7.25,80.25,2024-08,241.3,92.9,25.4,17.2,130.0,19.1,sandy,8.0,0.83,Landslide,False,False,False,rule_based
7.25,80.25,2024-09,219.8,94.3,25.4,18.0,130.0,19.1,sandy,8.0,0.8,Landslide,False,False,False,rule_based
7.25,80.25,2024-10,419.4,95.4,24.9,14.1,130.0,19.1,sandy,8.0,0.77,Landslide,False,False,False,rule_based
7.25,80.25,2024-11,546.9,99.0,24.2,12.2,130.0,19.1,sandy,8.0,0.82,Landslide,False,False,False,rule_based
7.25,80.25,2024-12,136.4,97.7,24.6,12.3,130.0,19.1,sandy,8.0,0.82,Landslide,False,False,False,rule_based
7.25,80.25,2025-01,285.0,96.5,24.3,14.7,130.0,19.1,sandy,8.0,0.83,Landslide,False,False,False,rule_based
7.25,80.25,2025-02,40.2,94.0,25.8,15.4,130.0,19.1,sandy,8.0,0.65,No Risk,False,False,False,rule_based
7.25,80.25,2025-03,136.0,98.4,25.7,12.4,130.0,19.1,sandy,8.0,0.78,Landslide,False,False,False,rule_based
7.25,80.25,2025-04,238.1,97.4,25.5,13.3,130.0,19.1,sandy,8.0,0.75,Landslide,False,False,False,rule_based
7.25,80.25,2025-05,192.9,96.2,25.9,16.7,130.0,19.1,sandy,8.0,0.82,Landslide,False,False,False,rule_based
7.25,80.25,2025-06,330.3,95.5,25.1,17.2,130.0,19.1,sandy,8.0,0.81,Landslide,False,False,False,rule_based
7.25,80.25,2025-07,186.7,95.7,25.2,17.8,130.0,19.1,sandy,8.0,0.77,Landslide,False,False,False,rule_based
7.25,80.25,2025-08,152.3,95.9,25.0,17.4,130.0,19.1,sandy,8.0,0.78,Landslide,False,False,False,rule_based
7.25,80.25,2025-09,177.3,96.0,25.0,17.6,130.0,19.1,sandy,8.0,0.79,Landslide,False,False,False,rule_based
7.25,80.25,2025-10,334.9,96.4,24.9,13.1,130.0,19.1,sandy,8.0,0.76,Landslide,False,False,False,rule_based
7.25,80.25,2025-11,682.5,98.9,24.1,15.0,130.0,19.1,sandy,8.0,0.78,Landslide,False,False,False,rule_based
7.25,80.25,2025-12,148.1,96.4,24.5,15.4,130.0,19.1,sandy,8.0,0.77,Landslide,False,False,False,rule_based
7.25,80.275,2023-01,97.6,91.6,24.6,15.8,132.0,19.4,sandy,6.0,0.78,Landslide,False,False,False,rule_based
7.25,80.275,2023-02,91.3,93.9,25.5,14.1,132.0,19.4,sandy,6.0,0.76,Landslide,False,False,False,rule_based
7.25,80.275,2023-03,130.1,94.7,26.8,13.6,132.0,19.4,sandy,6.0,0.75,Landslide,False,False,False,rule_based
7.25,80.275,2023-04,129.6,96.0,27.2,13.3,132.0,19.4,sandy,6.0,0.85,Landslide,False,False,False,rule_based
7.25,80.275,2023-05,191.6,93.3,26.9,15.3,132.0,19.4,sandy,6.0,0.84,Landslide,False,False,False,rule_based
7.25,80.275,2023-06,172.1,92.0,26.5,17.6,132.0,19.4,sandy,6.0,0.78,Landslide,False,False,False,rule_based
7.25,80.275,2023-07,220.5,92.6,26.2,17.4,132.0,19.4,sandy,6.0,0.81,Landslide,False,False,False,rule_based
7.25,80.275,2023-08,59.6,90.5,27.2,18.5,132.0,19.4,sandy,6.0,0.71,Warning,False,False,False,rule_based
7.25,80.275,2023-09,343.2,94.5,25.3,18.3,132.0,19.4,sandy,6.0,0.84,Landslide,False,False,False,rule_based
7.25,80.275,2023-10,475.6,97.1,25.2,13.6,132.0,19.4,sandy,6.0,0.78,Landslide,False,False,False,rule_based
7.25,80.275,2023-11,655.1,99.2,25.1,10.6,132.0,19.4,sandy,6.0,0.83,Landslide,False,False,False,rule_based
7.25,80.275,2023-12,379.8,96.2,25.6,13.8,132.0,19.4,sandy,6.0,0.78,Landslide,False,False,False,rule_based
7.25,80.275,2024-01,158.6,94.3,25.7,13.5,132.0,19.4,sandy,6.0,0.76,Landslide,False,False,False,rule_based
7.25,80.275,2024-02,17.5,91.1,27.8,15.4,132.0,19.4,sandy,6.0,0.62,No Risk,False,False,False,rule_based
7.25,80.275,2024-03,70.2,92.3,28.8,16.2,132.0,19.4,sandy,6.0,0.76,Warning,False,False,False,rule_based
7.25,80.275,2024-04,174.3,96.5,28.3,13.3,132.0,19.4,sandy,6.0,0.85,Landslide,False,False,False,rule_based
7.25,80.275,2024-05,567.7,96.3,26.9,17.0,132.0,19.4,sandy,6.0,0.76,Landslide,False,False,False,rule_based
7.25,80.275,2024-06,254.2,94.1,26.3,18.6,132.0,19.4,sandy,6.0,0.82,Landslide,False,False,False,rule_based
7.25,80.275,2024-07,212.0,93.7,26.4,17.6,132.0,19.4,sandy,6.0,0.79,Landslide,False,False,False,rule_based
7.25,80.275,2024-08,241.3,92.9,26.1,17.2,132.0,19.4,sandy,6.0,0.82,Landslide,False,False,False,rule_based
7.25,80.275,2024-09,219.8,94.3,26.1,18.0,132.0,19.4,sandy,6.0,0.76,Landslide,False,False,False,rule_based
7.25,80.275,2024-10,419.4,95.5,25.6,14.1,132.0,19.4,sandy,6.0,0.76,Landslide,False,False,False,rule_based
7.25,80.275,2024-11,546.9,99.0,24.9,12.2,132.0,19.4,sandy,6.0,0.78,Landslide,False,False,False,rule_based
7.25,80.275,2024-12,136.4,97.7,25.3,12.3,132.0,19.4,sandy,6.0,0.8,Landslide,False,False,False,rule_based
7.25,80.275,2025-01,285.0,96.5,25.0,14.7,132.0,19.4,sandy,6.0,0.78,Landslide,False,False,False,rule_based
7.25,80.275,2025-02,40.2,94.0,26.5,15.4,132.0,19.4,sandy,6.0,0.67,No Risk,False,False,False,rule_based
7.25,80.275,2025-03,136.0,98.4,26.4,12.4,132.0,19.4,sandy,6.0,0.83,Landslide,False,False,False,rule_based
7.25,80.275,2025-04,238.1,97.4,26.2,13.3,132.0,19.4,sandy,6.0,0.82,Landslide,False,False,False,rule_based
7.25,80.275,2025-05,192.9,96.2,26.6,16.7,132.0,19.4,sandy,6.0,0.85,Landslide,False,False,False,rule_based
7.25,80.275,2025-06,330.3,95.5,25.8,17.2,132.0,19.4,sandy,6.0,0.81,Landslide,False,False,False,rule_based
7.25,80.275,2025-07,186.7,95.7,25.9,17.8,132.0,19.4,sandy,6.0,0.76,Landslide,False,False,False,rule_based
7.25,80.275,2025-08,152.3,95.9,25.7,17.4,132.0,19.4,sandy,6.0,0.84,Landslide,False,False,False,rule_based
7.25,80.275,2025-09,177.3,96.0,25.7,17.6,132.0,19.4,sandy,6.0,0.78,Landslide,False,False,False,rule_based
7.25,80.275,2025-10,334.9,96.4,25.6,13.1,132.0,19.4,sandy,6.0,0.83,Landslide,False,False,False,rule_based
7.25,80.275,2025-11,682.5,98.9,24.8,15.0,132.0,19.4,sandy,6.0,0.85,Landslide,False,False,False,rule_based
7.25,80.275,2025-12,148.1,96.5,25.2,15.4,132.0,19.4,sandy,6.0,0.81,Landslide,False,False,False,rule_based
7.25,80.3,2023-01,89.6,91.0,24.5,14.5,134.0,19.7,sandy,4.0,0.73,Landslide,False,False,False,rule_based
7.25,80.3,2023-02,72.9,92.9,25.4,13.1,134.0,19.7,sandy,4.0,0.7,Warning,False,False,False,rule_based
7.25,80.3,2023-03,111.2,93.2,26.7,13.2,134.0,19.7,sandy,4.0,0.84,Landslide,False,False,False,rule_based
7.25,80.3,2023-04,119.6,94.8,27.1,13.7,134.0,19.7,sandy,4.0,0.79,Landslide,False,False,False,rule_based
7.25,80.3,2023-05,181.3,92.3,26.7,15.5,134.0,19.7,sandy,4.0,0.8,Landslide,False,False,False,rule_based
7.25,80.3,2023-06,162.4,90.8,26.4,17.6,134.0,19.7,sandy,4.0,0.82,Landslide,False,False,False,rule_based
7.25,80.3,2023-07,243.4,90.2,26.2,17.9,134.0,19.7,sandy,4.0,0.82,Landslide,False,False,False,rule_based
7.25,80.3,2023-08,48.1,88.2,27.2,19.3,134.0,19.7,sandy,4.0,0.68,Warning,False,False,False,rule_based
7.25,80.3,2023-09,311.2,93.2,25.2,19.7,134.0,19.7,sandy,4.0,0.79,Landslide,False,False,False,rule_based
7.25,80.3,2023-10,418.1,96.7,25.1,14.0,134.0,19.7,sandy,4.0,0.79,Landslide,False,False,False,rule_based
7.25,80.3,2023-11,612.3,98.7,25.0,10.8,134.0,19.7,sandy,4.0,0.83,Landslide,False,False,False,rule_based
7.25,80.3,2023-12,344.2,95.7,25.5,13.8,134.0,19.7,sandy,4.0,0.82,Landslide,False,False,False,rule_based
7.25,80.3,2024-01,180.6,93.7,25.5,12.8,134.0,19.7,sandy,4.0,0.79,Landslide,False,False,False,rule_based
7.25,80.3,2024-02,27.8,89.8,27.5,15.1,134.0,19.7,sandy,4.0,0.65,No Risk,False,False,False,rule_based
7.25,80.3,2024-03,78.4,91.7,28.6,15.9,134.0,19.7,sandy,4.0,0.74,Landslide,False,False,False,rule_based
7.25,80.3,2024-04,168.3,95.9,28.4,14.0,134.0,19.7,sandy,4.0,0.77,Landslide,False,False,False,rule_based
7.25,80.3,2024-05,560.5,95.3,27.0,17.9,134.0,19.7,sandy,4.0,0.78,Landslide,False,False,False,rule_based
7.25,80.3,2024-06,263.4,92.8,26.2,19.3,134.0,19.7,sandy,4.0,0.77,Landslide,False,False,False,rule_based
7.25,80.3,2024-07,241.8,92.1,26.4,17.6,134.0,19.7,sandy,4.0,0.79,Landslide,False,False,False,rule_based
7.25,80.3,2024-08,228.5,91.2,26.0,17.8,134.0,19.7,sandy,4.0,0.84,Landslide,False,False,False,rule_based
7.25,80.3,2024-09,190.1,92.8,26.0,18.3,134.0,19.7,sandy,4.0,0.78,Landslide,False,False,False,rule_based
7.25,80.3,2024-10,328.7,94.9,25.5,14.8,134.0,19.7,sandy,4.0,0.81,Landslide,False,False,False,rule_based
7.25,80.3,2024-11,558.0,98.6,24.8,11.8,134.0,19.7,sandy,4.0,0.78,Landslide,False,False,False,rule_based
7.25,80.3,2024-12,142.7,97.1,25.2,11.4,134.0,19.7,sandy,4.0,0.79,Landslide,False,False,False,rule_based
7.25,80.3,2025-01,287.8,96.7,24.9,13.3,134.0,19.7,sandy,4.0,0.75,Landslide,False,False,False,rule_based
7.25,80.3,2025-02,33.6,91.9,26.5,14.2,134.0,19.7,sandy,4.0,0.63,No Risk,False,False,False,rule_based
7.25,80.3,2025-03,121.9,97.6,26.2,12.5,134.0,19.7,sandy,4.0,0.79,Landslide,False,False,False,rule_based
7.25,80.3,2025-04,217.0,96.6,26.2,13.1,134.0,19.7,sandy,4.0,0.82,Landslide,False,False,False,rule_based
7.25,80.3,2025-05,212.9,95.4,26.5,16.7,134.0,19.7,sandy,4.0,0.81,Landslide,False,False,False,rule_based
7.25,80.3,2025-06,311.0,94.5,25.8,16.9,134.0,19.7,sandy,4.0,0.76,Landslide,False,False,False,rule_based
7.25,80.3,2025-07,260.3,94.4,25.8,17.4,134.0,19.7,sandy,4.0,0.83,Landslide,False,False,False,rule_based
7.25,80.3,2025-08,169.3,94.3,25.6,17.0,134.0,19.7,sandy,4.0,0.81,Landslide,False,False,False,rule_based
7.25,80.3,2025-09,189.1,94.5,25.6,17.2,134.0,19.7,sandy,4.0,0.81,Landslide,False,False,False,rule_based
7.25,80.3,2025-10,309.7,95.7,25.5,12.9,134.0,19.7,sandy,4.0,0.8,Landslide,False,False,False,rule_based
7.25,80.3,2025-11,720.5,98.4,24.6,14.1,134.0,19.7,sandy,4.0,0.78,Landslide,False,False,False,rule_based
7.25,80.3,2025-12,137.6,96.4,25.1,14.4,134.0,19.7,sandy,4.0,0.81,Landslide,False,False,False,rule_based
7.25,80.325,2023-01,89.6,91.0,24.5,14.5,136.0,20.0,sandy,3.38,0.79,Landslide,False,False,False,rule_based
7.25,80.325,2023-02,72.9,92.9,25.4,13.1,136.0,20.0,sandy,3.38,0.68,Warning,False,False,False,rule_based
7.25,80.325,2023-03,111.2,93.2,26.7,13.2,136.0,20.0,sandy,3.38,0.78,Landslide,False,False,False,rule_based
7.25,80.325,2023-04,119.6,94.8,27.1,13.7,136.0,20.0,sandy,3.38,0.79,Landslide,False,False,False,rule_based
7.25,80.325,2023-05,181.3,92.3,26.7,15.5,136.0,20.0,sandy,3.38,0.81,Landslide,False,False,False,rule_based
7.25,80.325,2023-06,162.4,90.8,26.4,17.6,136.0,20.0,sandy,3.38,0.84,Landslide,False,False,False,rule_based
7.25,80.325,2023-07,243.4,90.2,26.2,17.9,136.0,20.0,sandy,3.38,0.78,Landslide,False,False,False,rule_based
7.25,80.325,2023-08,48.1,88.2,27.2,19.3,136.0,20.0,sandy,3.38,0.66,Warning,False,False,False,rule_based
7.25,80.325,2023-09,311.2,93.2,25.2,19.7,136.0,20.0,sandy,3.38,0.78,Landslide,False,False,False,rule_based
7.25,80.325,2023-10,418.1,96.7,25.1,14.0,136.0,20.0,sandy,3.38,0.78,Landslide,False,False,False,rule_based
7.25,80.325,2023-11,612.3,98.7,25.0,10.8,136.0,20.0,sandy,3.38,0.79,Landslide,False,False,False,rule_based
7.25,80.325,2023-12,344.2,95.7,25.5,13.8,136.0,20.0,sandy,3.38,0.82,Landslide,False,False,False,rule_based
7.25,80.325,2024-01,180.6,93.7,25.5,12.8,136.0,20.0,sandy,3.38,0.77,Landslide,False,False,False,rule_based
7.25,80.325,2024-02,27.8,89.8,27.5,15.1,136.0,20.0,sandy,3.38,0.63,No Risk,False,False,False,rule_based
7.25,80.325,2024-03,78.4,91.7,28.6,15.9,136.0,20.0,sandy,3.38,0.69,Landslide,False,False,False,rule_based
7.25,80.325,2024-04,168.3,95.9,28.4,14.0,136.0,20.0,sandy,3.38,0.78,Landslide,False,False,False,rule_based
7.25,80.325,2024-05,560.5,95.3,27.0,17.9,136.0,20.0,sandy,3.38,0.79,Landslide,False,False,False,rule_based
7.25,80.325,2024-06,263.4,92.8,26.2,19.3,136.0,20.0,sandy,3.38,0.85,Landslide,False,False,False,rule_based
7.25,80.325,2024-07,241.8,92.1,26.4,17.6,136.0,20.0,sandy,3.38,0.79,Landslide,False,False,False,rule_based
7.25,80.325,2024-08,228.5,91.2,26.0,17.8,136.0,20.0,sandy,3.38,0.73,Landslide,False,False,False,rule_based
7.25,80.325,2024-09,190.1,92.8,26.0,18.3,136.0,20.0,sandy,3.38,0.74,Landslide,False,False,False,rule_based
7.25,80.325,2024-10,328.7,94.9,25.5,14.8,136.0,20.0,sandy,3.38,0.8,Landslide,False,False,False,rule_based
7.25,80.325,2024-11,558.0,98.6,24.8,11.8,136.0,20.0,sandy,3.38,0.82,Landslide,False,False,False,rule_based
7.25,80.325,2024-12,142.7,97.1,25.2,11.4,136.0,20.0,sandy,3.38,0.81,Landslide,False,False,False,rule_based
7.25,80.325,2025-01,287.8,96.7,24.9,13.3,136.0,20.0,sandy,3.38,0.81,Landslide,False,False,False,rule_based
7.25,80.325,2025-02,33.6,91.9,26.5,14.2,136.0,20.0,sandy,3.38,0.67,No Risk,False,False,False,rule_based
7.25,80.325,2025-03,121.9,97.6,26.2,12.5,136.0,20.0,sandy,3.38,0.78,Landslide,False,False,False,rule_based
7.25,80.325,2025-04,217.0,96.6,26.2,13.1,136.0,20.0,sandy,3.38,0.83,Landslide,False,False,False,rule_based
7.25,80.325,2025-05,212.9,95.4,26.5,16.7,136.0,20.0,sandy,3.38,0.75,Landslide,False,False,False,rule_based
7.25,80.325,2025-06,311.0,94.5,25.8,16.9,136.0,20.0,sandy,3.38,0.77,Landslide,False,False,False,rule_based
7.25,80.325,2025-07,260.3,94.4,25.8,17.4,136.0,20.0,sandy,3.38,0.75,Landslide,False,False,False,rule_based
7.25,80.325,2025-08,169.3,94.3,25.6,17.0,136.0,20.0,sandy,3.38,0.79,Landslide,False,False,False,rule_based
7.25,80.325,2025-09,189.1,94.5,25.6,17.2,136.0,20.0,sandy,3.38,0.8,Landslide,False,False,False,rule_based
7.25,80.325,2025-10,309.7,95.7,25.5,12.9,136.0,20.0,sandy,3.38,0.8,Landslide,False,False,False,rule_based
7.25,80.325,2025-11,720.5,98.4,24.6,14.1,136.0,20.0,sandy,3.38,0.8,Landslide,False,False,False,rule_based
7.25,80.325,2025-12,137.6,96.4,25.1,14.4,136.0,20.0,sandy,3.38,0.77,Landslide,False,False,False,rule_based
7.25,80.35,2023-01,89.6,91.0,24.5,14.5,138.0,20.3,sandy,4.71,0.77,Landslide,False,False,False,rule_based
7.25,80.35,2023-02,72.9,92.9,25.4,13.1,138.0,20.3,sandy,4.71,0.69,Landslide,False,False,False,rule_based
7.25,80.35,2023-03,111.2,93.2,26.7,13.2,138.0,20.3,sandy,4.71,0.84,Landslide,False,False,False,rule_based
7.25,80.35,2023-04,119.6,94.8,27.1,13.7,138.0,20.3,sandy,4.71,0.79,Landslide,False,False,False,rule_based
7.25,80.35,2023-05,181.3,92.3,26.7,15.5,138.0,20.3,sandy,4.71,0.79,Landslide,False,False,False,rule_based
7.25,80.35,2023-06,162.4,90.8,26.4,17.6,138.0,20.3,sandy,4.71,0.85,Landslide,False,False,False,rule_based
7.25,80.35,2023-07,243.4,90.2,26.2,17.9,138.0,20.3,sandy,4.71,0.76,Landslide,False,False,False,rule_based
7.25,80.35,2023-08,48.1,88.2,27.2,19.3,138.0,20.3,sandy,4.71,0.64,Warning,False,False,False,rule_based
7.25,80.35,2023-09,311.2,93.2,25.2,19.7,138.0,20.3,sandy,4.71,0.77,Landslide,False,False,False,rule_based
7.25,80.35,2023-10,418.1,96.7,25.1,14.0,138.0,20.3,sandy,4.71,0.8,Landslide,False,False,False,rule_based
7.25,80.35,2023-11,612.3,98.7,25.0,10.8,138.0,20.3,sandy,4.71,0.81,Landslide,False,False,False,rule_based
7.25,80.35,2023-12,344.2,95.7,25.5,13.8,138.0,20.3,sandy,4.71,0.82,Landslide,False,False,False,rule_based
7.25,80.35,2024-01,180.6,93.7,25.5,12.8,138.0,20.3,sandy,4.71,0.85,Landslide,False,False,False,rule_based
7.25,80.35,2024-02,27.8,89.8,27.5,15.1,138.0,20.3,sandy,4.71,0.55,No Risk,False,False,False,rule_based
7.25,80.35,2024-03,78.4,91.7,28.6,15.9,138.0,20.3,sandy,4.71,0.76,Landslide,False,False,False,rule_based
7.25,80.35,2024-04,168.3,95.9,28.4,14.0,138.0,20.3,sandy,4.71,0.78,Landslide,False,False,False,rule_based
7.25,80.35,2024-05,560.5,95.3,27.0,17.9,138.0,20.3,sandy,4.71,0.78,Landslide,False,False,False,rule_based
7.25,80.35,2024-06,263.4,92.8,26.2,19.3,138.0,20.3,sandy,4.71,0.78,Landslide,False,False,False,rule_based
7.25,80.35,2024-07,241.8,92.1,26.4,17.6,138.0,20.3,sandy,4.71,0.77,Landslide,False,False,False,rule_based
7.25,80.35,2024-08,228.5,91.2,26.0,17.8,138.0,20.3,sandy,4.71,0.85,Landslide,False,False,False,rule_based
7.25,80.35,2024-09,190.1,92.8,26.0,18.3,138.0,20.3,sandy,4.71,0.83,Landslide,False,False,False,rule_based
7.25,80.35,2024-10,328.7,94.9,25.5,14.8,138.0,20.3,sandy,4.71,0.8,Landslide,False,False,False,rule_based
7.25,80.35,2024-11,558.0,98.6,24.8,11.8,138.0,20.3,sandy,4.71,0.84,Landslide,False,False,False,rule_based
7.25,80.35,2024-12,142.7,97.1,25.2,11.4,138.0,20.3,sandy,4.71,0.75,Landslide,False,False,False,rule_based
7.25,80.35,2025-01,287.8,96.7,24.9,13.3,138.0,20.3,sandy,4.71,0.76,Landslide,False,False,False,rule_based
7.25,80.35,2025-02,33.6,91.9,26.5,14.2,138.0,20.3,sandy,4.71,0.57,No Risk,False,False,False,rule_based
7.25,80.35,2025-03,121.9,97.6,26.2,12.5,138.0,20.3,sandy,4.71,0.78,Landslide,False,False,False,rule_based
7.25,80.35,2025-04,217.0,96.6,26.2,13.1,138.0,20.3,sandy,4.71,0.8,Landslide,False,False,False,rule_based
7.25,80.35,2025-05,212.9,95.4,26.5,16.7,138.0,20.3,sandy,4.71,0.8,Landslide,False,False,False,rule_based
7.25,80.35,2025-06,311.0,94.5,25.8,16.9,138.0,20.3,sandy,4.71,0.8,Landslide,False,False,False,rule_based
7.25,80.35,2025-07,260.3,94.4,25.8,17.4,138.0,20.3,sandy,4.71,0.76,Landslide,False,False,False,rule_based
7.25,80.35,2025-08,169.3,94.3,25.6,17.0,138.0,20.3,sandy,4.71,0.82,Landslide,False,False,False,rule_based
7.25,80.35,2025-09,189.1,94.5,25.6,17.2,138.0,20.3,sandy,4.71,0.81,Landslide,False,False,False,rule_based
7.25,80.35,2025-10,309.7,95.7,25.5,12.9,138.0,20.3,sandy,4.71,0.82,Landslide,False,False,False,rule_based
7.25,80.35,2025-11,720.5,98.4,24.6,14.1,138.0,20.3,sandy,4.71,0.74,Landslide,False,False,False,rule_based
7.25,80.35,2025-12,137.6,96.4,25.1,14.4,138.0,20.3,sandy,4.71,0.81,Landslide,False,False,False,rule_based
7.275,79.85,2023-01,69.0,90.2,25.1,18.9,10.0,1.3,clay,15.0,0.49,Warning,False,False,False,rule_based
7.275,79.85,2023-02,102.4,93.3,25.8,18.1,10.0,1.3,clay,15.0,0.61,Warning,False,False,False,rule_based
7.275,79.85,2023-03,133.1,95.2,26.9,15.4,10.0,1.3,clay,15.0,0.58,Warning,False,False,False,rule_based
7.275,79.85,2023-04,175.8,97.1,27.3,13.9,10.0,1.3,clay,15.0,0.57,Warning,False,False,False,rule_based
7.275,79.85,2023-05,244.7,94.4,27.5,18.1,10.0,1.3,clay,15.0,0.55,Warning,False,False,False,rule_based
7.275,79.85,2023-06,266.0,93.8,27.3,21.2,10.0,1.3,clay,15.0,0.55,Warning,False,False,False,rule_based
7.275,79.85,2023-07,168.1,91.2,27.0,21.6,10.0,1.3,clay,15.0,0.54,Warning,False,False,False,rule_based
7.275,79.85,2023-08,92.5,91.5,27.1,20.2,10.0,1.3,clay,15.0,0.54,Warning,False,False,False,rule_based
7.275,79.85,2023-09,472.3,94.5,26.1,21.2,10.0,1.3,clay,15.0,0.59,Warning,False,False,False,rule_based
7.275,79.85,2023-10,418.4,96.4,25.7,15.0,10.0,1.3,clay,15.0,0.56,Warning,False,False,False,rule_based
7.275,79.85,2023-11,637.5,97.6,25.5,12.1,10.0,1.3,clay,15.0,0.53,Warning,False,False,False,rule_based
7.275,79.85,2023-12,311.9,94.3,26.1,17.9,10.0,1.3,clay,15.0,0.62,Warning,False,False,False,rule_based
7.275,79.85,2024-01,135.2,92.3,26.3,17.4,10.0,1.3,clay,15.0,0.58,Warning,False,False,False,rule_based
7.275,79.85,2024-02,27.1,89.7,28.0,19.6,10.0,1.3,clay,15.0,0.35,No Risk,False,False,False,rule_based
7.275,79.85,2024-03,91.5,92.9,28.1,16.8,10.0,1.3,clay,15.0,0.54,Warning,False,False,False,rule_based
7.275,79.85,2024-04,162.3,95.6,28.1,14.1,10.0,1.3,clay,15.0,0.57,Warning,False,False,False,rule_based
7.275,79.85,2024-05,583.4,94.5,27.8,19.8,10.0,1.3,clay,15.0,0.62,Warning,False,False,False,rule_based
7.275,79.85,2024-06,282.1,92.9,27.1,22.5,10.0,1.3,clay,15.0,0.54,Warning,False,False,False,rule_based
7.275,79.85,2024-07,236.6,92.2,27.3,21.0,10.0,1.3,clay,15.0,0.6,Warning,False,False,False,rule_based
7.275,79.85,2024-08,246.1,92.1,26.8,20.4,10.0,1.3,clay,15.0,0.61,Warning,False,False,False,rule_based
7.275,79.85,2024-09,241.9,91.8,27.2,21.4,10.0,1.3,clay,15.0,0.55,Warning,False,False,False,rule_based
7.275,79.85,2024-10,398.0,94.8,26.4,16.8,10.0,1.3,clay,15.0,0.56,Warning,False,False,False,rule_based
7.275,79.85,2024-11,423.0,97.3,25.5,15.8,10.0,1.3,clay,15.0,0.54,Warning,False,False,False,rule_based
7.275,79.85,2024-12,119.2,95.2,26.0,15.8,10.0,1.3,clay,15.0,0.56,Warning,False,False,False,rule_based
7.275,79.85,2025-01,241.7,94.0,25.5,19.9,10.0,1.3,clay,15.0,0.57,Warning,False,False,False,rule_based
7.275,79.85,2025-02,39.5,91.6,27.0,19.1,10.0,1.3,clay,15.0,0.44,No Risk,False,False,False,rule_based
7.275,79.85,2025-03,143.5,96.9,26.6,13.5,10.0,1.3,clay,15.0,0.6,Warning,False,False,False,rule_based
7.275,79.85,2025-04,210.4,96.4,26.9,16.3,10.0,1.3,clay,15.0,0.55,Warning,False,False,False,rule_based
7.275,79.85,2025-05,269.0,94.7,27.8,22.4,10.0,1.3,clay,15.0,0.51,Warning,False,False,False,rule_based
7.275,79.85,2025-06,292.9,93.2,27.2,23.0,10.0,1.3,clay,15.0,0.57,Warning,False,False,False,rule_based
7.275,79.85,2025-07,147.4,90.7,27.2,23.0,10.0,1.3,clay,15.0,0.58,Warning,False,False,False,rule_based
7.275,79.85,2025-08,156.7,92.4,26.8,21.8,10.0,1.3,clay,15.0,0.58,Warning,False,False,False,rule_based
7.275,79.85,2025-09,272.3,93.1,27.0,21.9,10.0,1.3,clay,15.0,0.56,Warning,False,False,False,rule_based
7.275,79.85,2025-10,306.0,94.4,26.6,16.3,10.0,1.3,clay,15.0,0.57,Warning,False,False,False,rule_based
7.275,79.85,2025-11,769.9,96.7,25.6,19.1,10.0,1.3,clay,15.0,0.62,Warning,False,False,False,rule_based
7.275,79.85,2025-12,147.9,94.4,25.5,19.0,10.0,1.3,clay,15.0,0.58,Warning,False,False,False,rule_based
7.275,79.875,2023-01,69.0,90.2,25.1,18.9,10.4,1.3,clay,15.0,0.48,Warning,False,False,False,rule_based
7.275,79.875,2023-02,102.4,93.3,25.8,18.1,10.4,1.3,clay,15.0,0.56,Warning,False,False,False,rule_based
7.275,79.875,2023-03,133.1,95.2,26.9,15.4,10.4,1.3,clay,15.0,0.57,Warning,False,False,False,rule_based
7.275,79.875,2023-04,175.8,97.1,27.3,13.9,10.4,1.3,clay,15.0,0.62,Warning,False,False,False,rule_based
7.275,79.875,2023-05,244.7,94.4,27.5,18.1,10.4,1.3,clay,15.0,0.57,Warning,False,False,False,rule_based
7.275,79.875,2023-06,266.0,93.8,27.3,21.2,10.4,1.3,clay,15.0,0.57,Warning,False,False,False,rule_based
7.275,79.875,2023-07,168.1,91.2,27.0,21.6,10.4,1.3,clay,15.0,0.56,Warning,False,False,False,rule_based
7.275,79.875,2023-08,92.5,91.5,27.1,20.2,10.4,1.3,clay,15.0,0.59,Warning,False,False,False,rule_based
7.275,79.875,2023-09,472.3,94.5,26.1,21.2,10.4,1.3,clay,15.0,0.63,Warning,False,False,False,rule_based
7.275,79.875,2023-10,418.4,96.4,25.7,15.0,10.4,1.3,clay,15.0,0.58,Warning,False,False,False,rule_based
7.275,79.875,2023-11,637.5,97.6,25.5,12.1,10.4,1.3,clay,15.0,0.57,Warning,False,False,False,rule_based
7.275,79.875,2023-12,311.9,94.3,26.1,17.9,10.4,1.3,clay,15.0,0.57,Warning,False,False,False,rule_based
7.275,79.875,2024-01,135.2,92.3,26.3,17.4,10.4,1.3,clay,15.0,0.5,Warning,False,False,False,rule_based
7.275,79.875,2024-02,27.1,89.7,28.0,19.6,10.4,1.3,clay,15.0,0.41,No Risk,False,False,False,rule_based
7.275,79.875,2024-03,91.5,92.9,28.1,16.8,10.4,1.3,clay,15.0,0.55,Warning,False,False,False,rule_based
7.275,79.875,2024-04,162.3,95.6,28.1,14.1,10.4,1.3,clay,15.0,0.58,Warning,False,False,False,rule_based
7.275,79.875,2024-05,583.4,94.5,27.8,19.8,10.4,1.3,clay,15.0,0.55,Warning,False,False,False,rule_based
7.275,79.875,2024-06,282.1,92.9,27.1,22.5,10.4,1.3,clay,15.0,0.56,Warning,False,False,False,rule_based
7.275,79.875,2024-07,236.6,92.2,27.3,21.0,10.4,1.3,clay,15.0,0.56,Warning,False,False,False,rule_based
7.275,79.875,2024-08,246.1,92.1,26.8,20.4,10.4,1.3,clay,15.0,0.6,Warning,False,False,False,rule_based
7.275,79.875,2024-09,241.9,91.8,27.2,21.4,10.4,1.3,clay,15.0,0.56,Warning,False,False,False,rule_based
7.275,79.875,2024-10,398.0,94.8,26.4,16.8,10.4,1.3,clay,15.0,0.63,Warning,False,False,False,rule_based
7.275,79.875,2024-11,423.0,97.3,25.5,15.8,10.4,1.3,clay,15.0,0.58,Warning,False,False,False,rule_based
7.275,79.875,2024-12,119.2,95.2,26.0,15.8,10.4,1.3,clay,15.0,0.53,Warning,False,False,False,rule_based
7.275,79.875,2025-01,241.7,94.0,25.5,19.9,10.4,1.3,clay,15.0,0.57,Warning,False,False,False,rule_based
7.275,79.875,2025-02,39.5,91.6,27.0,19.1,10.4,1.3,clay,15.0,0.4,No Risk,False,False,False,rule_based
7.275,79.875,2025-03,143.5,96.9,26.6,13.5,10.4,1.3,clay,15.0,0.5,Warning,False,False,False,rule_based
7.275,79.875,2025-04,210.4,96.4,26.9,16.3,10.4,1.3,clay,15.0,0.62,Warning,False,False,False,rule_based
7.275,79.875,2025-05,269.0,94.7,27.8,22.4,10.4,1.3,clay,15.0,0.59,Warning,False,False,False,rule_based
7.275,79.875,2025-06,292.9,93.2,27.2,23.0,10.4,1.3,clay,15.0,0.59,Warning,False,False,False,rule_based
7.275,79.875,2025-07,147.4,90.7,27.2,23.0,10.4,1.3,clay,15.0,0.58,Warning,False,False,False,rule_based
7.275,79.875,2025-08,156.7,92.4,26.8,21.8,10.4,1.3,clay,15.0,0.53,Warning,False,False,False,rule_based
7.275,79.875,2025-09,272.3,93.1,27.0,21.9,10.4,1.3,clay,15.0,0.56,Warning,False,False,False,rule_based
7.275,79.875,2025-10,306.0,94.4,26.6,16.3,10.4,1.3,clay,15.0,0.6,Warning,False,False,False,rule_based
7.275,79.875,2025-11,769.9,96.7,25.6,19.1,10.4,1.3,clay,15.0,0.54,Warning,False,False,False,rule_based
7.275,79.875,2025-12,147.9,94.4,25.5,19.0,10.4,1.3,clay,15.0,0.49,Warning,False,False,False,rule_based
7.275,79.9,2023-01,69.0,90.2,25.1,18.9,10.8,1.4,clay,15.0,0.49,Warning,False,False,False,rule_based
7.275,79.9,2023-02,102.4,93.3,25.8,18.1,10.8,1.4,clay,15.0,0.57,Warning,False,False,False,rule_based
7.275,79.9,2023-03,133.1,95.2,26.9,15.4,10.8,1.4,clay,15.0,0.58,Warning,False,False,False,rule_based
7.275,79.9,2023-04,175.8,97.1,27.3,13.9,10.8,1.4,clay,15.0,0.59,Warning,False,False,False,rule_based
7.275,79.9,2023-05,244.7,94.4,27.5,18.1,10.8,1.4,clay,15.0,0.59,Warning,False,False,False,rule_based
7.275,79.9,2023-06,266.0,93.8,27.3,21.2,10.8,1.4,clay,15.0,0.58,Warning,False,False,False,rule_based
7.275,79.9,2023-07,168.1,91.2,27.0,21.6,10.8,1.4,clay,15.0,0.61,Warning,False,False,False,rule_based
7.275,79.9,2023-08,92.5,91.5,27.1,20.2,10.8,1.4,clay,15.0,0.51,Warning,False,False,False,rule_based
7.275,79.9,2023-09,472.3,94.5,26.1,21.2,10.8,1.4,clay,15.0,0.59,Warning,False,False,False,rule_based
7.275,79.9,2023-10,418.4,96.4,25.7,15.0,10.8,1.4,clay,15.0,0.59,Warning,False,False,False,rule_based
7.275,79.9,2023-11,637.5,97.6,25.5,12.1,10.8,1.4,clay,15.0,0.53,Warning,False,False,False,rule_based
7.275,79.9,2023-12,311.9,94.3,26.1,17.9,10.8,1.4,clay,15.0,0.53,Warning,False,False,False,rule_based
7.275,79.9,2024-01,135.2,92.3,26.3,17.4,10.8,1.4,clay,15.0,0.55,Warning,False,False,False,rule_based
7.275,79.9,2024-02,27.1,89.7,28.0,19.6,10.8,1.4,clay,15.0,0.37,No Risk,False,False,False,rule_based
7.275,79.9,2024-03,91.5,92.9,28.1,16.8,10.8,1.4,clay,15.0,0.57,Warning,False,False,False,rule_based
7.275,79.9,2024-04,162.3,95.6,28.1,14.1,10.8,1.4,clay,15.0,0.55,Warning,False,False,False,rule_based
7.275,79.9,2024-05,583.4,94.5,27.8,19.8,10.8,1.4,clay,15.0,0.55,Warning,False,False,False,rule_based
7.275,79.9,2024-06,282.1,92.9,27.1,22.5,10.8,1.4,clay,15.0,0.55,Warning,False,False,False,rule_based
7.275,79.9,2024-07,236.6,92.2,27.3,21.0,10.8,1.4,clay,15.0,0.61,Warning,False,False,False,rule_based
7.275,79.9,2024-08,246.1,92.1,26.8,20.4,10.8,1.4,clay,15.0,0.57,Warning,False,False,False,rule_based
7.275,79.9,2024-09,241.9,91.8,27.2,21.4,10.8,1.4,clay,15.0,0.57,Warning,False,False,False,rule_based
7.275,79.9,2024-10,398.0,94.8,26.4,16.8,10.8,1.4,clay,15.0,0.57,Warning,False,False,False,rule_based
7.275,79.9,2024-11,423.0,97.3,25.5,15.8,10.8,1.4,clay,15.0,0.61,Warning,False,False,False,rule_based
7.275,79.9,2024-12,119.2,95.2,26.0,15.8,10.8,1.4,clay,15.0,0.55,Warning,False,False,False,rule_based
7.275,79.9,2025-01,241.7,94.0,25.5,19.9,10.8,1.4,clay,15.0,0.61,Warning,False,False,False,rule_based
7.275,79.9,2025-02,39.5,91.6,27.0,19.1,10.8,1.4,clay,15.0,0.43,No Risk,False,False,False,rule_based
7.275,79.9,2025-03,143.5,96.9,26.6,13.5,10.8,1.4,clay,15.0,0.57,Warning,False,False,False,rule_based
7.275,79.9,2025-04,210.4,96.4,26.9,16.3,10.8,1.4,clay,15.0,0.65,Warning,False,False,False,rule_based
7.275,79.9,2025-05,269.0,94.7,27.8,22.4,10.8,1.4,clay,15.0,0.54,Warning,False,False,False,rule_based
7.275,79.9,2025-06,292.9,93.2,27.2,23.0,10.8,1.4,clay,15.0,0.56,Warning,False,False,False,rule_based
7.275,79.9,2025-07,147.4,90.7,27.2,23.0,10.8,1.4,clay,15.0,0.53,Warning,False,False,False,rule_based
7.275,79.9,2025-08,156.7,92.4,26.8,21.8,10.8,1.4,clay,15.0,0.6,Warning,False,False,False,rule_based
7.275,79.9,2025-09,272.3,93.1,27.0,21.9,10.8,1.4,clay,15.0,0.62,Warning,False,False,False,rule_based
7.275,79.9,2025-10,306.0,94.4,26.6,16.3,10.8,1.4,clay,15.0,0.62,Warning,False,False,False,rule_based
7.275,79.9,2025-11,769.9,96.7,25.6,19.1,10.8,1.4,clay,15.0,0.61,Warning,False,False,False,rule_based
7.275,79.9,2025-12,147.9,94.4,25.5,19.0,10.8,1.4,clay,15.0,0.57,Warning,False,False,False,rule_based
7.275,79.925,2023-01,78.2,91.1,25.0,17.1,11.1,1.4,clay,15.0,0.51,Warning,False,False,False,rule_based
7.275,79.925,2023-02,122.0,93.5,25.8,15.4,11.1,1.4,clay,15.0,0.52,Warning,False,False,False,rule_based
7.275,79.925,2023-03,154.9,95.3,26.9,13.9,11.1,1.4,clay,15.0,0.63,Warning,False,False,False,rule_based
7.275,79.925,2023-04,173.5,96.7,27.2,12.5,11.1,1.4,clay,15.0,0.59,Warning,False,False,False,rule_based
7.275,79.925,2023-05,234.5,95.5,27.1,15.7,11.1,1.4,clay,15.0,0.56,Warning,False,False,False,rule_based
7.275,79.925,2023-06,296.9,95.6,26.8,18.2,11.1,1.4,clay,15.0,0.61,Warning,False,False,False,rule_based
7.275,79.925,2023-07,197.8,94.7,26.7,18.8,11.1,1.4,clay,15.0,0.54,Warning,False,False,False,rule_based
7.275,79.925,2023-08,99.3,95.0,26.9,18.1,11.1,1.4,clay,15.0,0.58,Warning,False,False,False,rule_based
7.275,79.925,2023-09,511.5,97.0,25.6,18.2,11.1,1.4,clay,15.0,0.57,Warning,False,False,False,rule_based
7.275,79.925,2023-10,453.1,98.4,25.4,13.2,11.1,1.4,clay,15.0,0.59,Warning,False,False,False,rule_based
7.275,79.925,2023-11,601.2,99.5,25.3,10.8,11.1,1.4,clay,15.0,0.57,Warning,False,False,False,rule_based
7.275,79.925,2023-12,345.3,96.3,25.8,16.1,11.1,1.4,clay,15.0,0.53,Warning,False,False,False,rule_based
7.275,79.925,2024-01,150.3,94.8,26.1,15.6,11.1,1.4,clay,15.0,0.57,Warning,False,False,False,rule_based
7.275,79.925,2024-02,27.9,92.3,27.9,17.6,11.1,1.4,clay,15.0,0.42,Warning,False,False,False,rule_based
7.275,79.925,2024-03,97.9,96.8,28.2,15.7,11.1,1.4,clay,15.0,0.57,Warning,False,False,False,rule_based
7.275,79.925,2024-04,201.9,98.5,28.0,13.1,11.1,1.4,clay,15.0,0.6,Warning,False,False,False,rule_based
7.275,79.925,2024-05,565.0,97.0,27.4,16.6,11.1,1.4,clay,15.0,0.54,Warning,False,False,False,rule_based
7.275,79.925,2024-06,287.0,95.9,26.8,19.4,11.1,1.4,clay,15.0,0.57,Warning,False,False,False,rule_based
7.275,79.925,2024-07,280.8,95.2,26.9,18.5,11.1,1.4,clay,15.0,0.55,Warning,False,False,False,rule_based
7.275,79.925,2024-08,255.8,95.2,26.4,17.5,11.1,1.4,clay,15.0,0.59,Warning,False,False,False,rule_based
7.275,79.925,2024-09,269.6,95.6,26.7,18.9,11.1,1.4,clay,15.0,0.57,Warning,False,False,False,rule_based
7.275,79.925,2024-10,375.4,97.3,25.9,14.6,11.1,1.4,clay,15.0,0.59,Warning,False,False,False,rule_based
7.275,79.925,2024-11,504.0,99.3,25.2,13.4,11.1,1.4,clay,15.0,0.6,Warning,False,False,False,rule_based
7.275,79.925,2024-12,139.0,98.1,25.7,13.9,11.1,1.4,clay,15.0,0.59,Warning,False,False,False,rule_based
7.275,79.925,2025-01,243.4,95.9,25.4,18.1,11.1,1.4,clay,15.0,0.58,Warning,False,False,False,rule_based
7.275,79.925,2025-02,42.0,94.2,27.2,17.3,11.1,1.4,clay,15.0,0.4,Warning,False,False,False,rule_based
7.275,79.925,2025-03,170.5,99.1,26.5,13.0,11.1,1.4,clay,15.0,0.57,Warning,False,False,False,rule_based
7.275,79.925,2025-04,225.8,98.6,26.5,14.5,11.1,1.4,clay,15.0,0.56,Warning,False,False,False,rule_based
7.275,79.925,2025-05,271.4,97.6,27.2,19.5,11.1,1.4,clay,15.0,0.56,Warning,False,False,False,rule_based
7.275,79.925,2025-06,349.1,97.4,26.5,19.8,11.1,1.4,clay,15.0,0.56,Warning,False,False,False,rule_based
7.275,79.925,2025-07,201.7,95.5,26.8,20.3,11.1,1.4,clay,15.0,0.54,Warning,False,False,False,rule_based
7.275,79.925,2025-08,195.0,97.0,26.4,19.4,11.1,1.4,clay,15.0,0.51,Warning,False,False,False,rule_based
7.275,79.925,2025-09,262.6,97.3,26.4,19.4,11.1,1.4,clay,15.0,0.55,Warning,False,False,False,rule_based
7.275,79.925,2025-10,312.7,97.2,26.1,13.9,11.1,1.4,clay,15.0,0.58,Warning,False,False,False,rule_based
7.275,79.925,2025-11,721.2,99.0,25.2,16.3,11.1,1.4,clay,15.0,0.53,Warning,False,False,False,rule_based
7.275,79.925,2025-12,138.6,96.7,25.4,17.7,11.1,1.4,clay,15.0,0.57,Warning,False,False,False,rule_based
7.275,79.95,2023-01,78.2,91.1,25.0,17.1,11.5,1.4,clay,14.69,0.58,Warning,False,False,False,rule_based
7.275,79.95,2023-02,122.0,93.5,25.8,15.4,11.5,1.4,clay,14.69,0.6,Warning,False,False,False,rule_based
7.275,79.95,2023-03,154.9,95.3,26.9,13.9,11.5,1.4,clay,14.69,0.62,Warning,False,False,False,rule_based
7.275,79.95,2023-04,173.5,96.7,27.2,12.5,11.5,1.4,clay,14.69,0.58,Warning,False,False,False,rule_based
7.275,79.95,2023-05,234.5,95.5,27.1,15.7,11.5,1.4,clay,14.69,0.61,Warning,False,False,False,rule_based
7.275,79.95,2023-06,296.9,95.6,26.8,18.2,11.5,1.4,clay,14.69,0.55,Warning,False,False,False,rule_based
7.275,79.95,2023-07,197.8,94.7,26.7,18.8,11.5,1.4,clay,14.69,0.55,Warning,False,False,False,rule_based
7.275,79.95,2023-08,99.3,95.0,26.9,18.1,11.5,1.4,clay,14.69,0.49,Warning,False,False,False,rule_based
7.275,79.95,2023-09,511.5,97.0,25.6,18.2,11.5,1.4,clay,14.69,0.61,Warning,False,False,False,rule_based
7.275,79.95,2023-10,453.1,98.4,25.4,13.2,11.5,1.4,clay,14.69,0.62,Warning,False,False,False,rule_based
7.275,79.95,2023-11,601.2,99.5,25.3,10.8,11.5,1.4,clay,14.69,0.56,Warning,False,False,False,rule_based
7.275,79.95,2023-12,345.3,96.3,25.8,16.1,11.5,1.4,clay,14.69,0.57,Warning,False,False,False,rule_based
7.275,79.95,2024-01,150.3,94.8,26.1,15.6,11.5,1.4,clay,14.69,0.55,Warning,False,False,False,rule_based
7.275,79.95,2024-02,27.9,92.3,27.9,17.6,11.5,1.4,clay,14.69,0.4,Warning,False,False,False,rule_based
7.275,79.95,2024-03,97.9,96.8,28.2,15.7,11.5,1.4,clay,14.69,0.6,Warning,False,False,False,rule_based
7.275,79.95,2024-04,201.9,98.5,28.0,13.1,11.5,1.4,clay,14.69,0.52,Warning,False,False,False,rule_based
7.275,79.95,2024-05,565.0,97.0,27.4,16.6,11.5,1.4,clay,14.69,0.59,Warning,False,False,False,rule_based
7.275,79.95,2024-06,287.0,95.9,26.8,19.4,11.5,1.4,clay,14.69,0.56,Warning,False,False,False,rule_based
7.275,79.95,2024-07,280.8,95.2,26.9,18.5,11.5,1.4,clay,14.69,0.58,Warning,False,False,False,rule_based
7.275,79.95,2024-08,255.8,95.2,26.4,17.5,11.5,1.4,clay,14.69,0.59,Warning,False,False,False,rule_based
7.275,79.95,2024-09,269.6,95.6,26.7,18.9,11.5,1.4,clay,14.69,0.57,Warning,False,False,False,rule_based
7.275,79.95,2024-10,375.4,97.3,25.9,14.6,11.5,1.4,clay,14.69,0.57,Warning,False,False,False,rule_based
7.275,79.95,2024-11,504.0,99.3,25.2,13.4,11.5,1.4,clay,14.69,0.57,Warning,False,False,False,rule_based
7.275,79.95,2024-12,139.0,98.1,25.7,13.9,11.5,1.4,clay,14.69,0.6,Warning,False,False,False,rule_based
7.275,79.95,2025-01,243.4,95.9,25.4,18.1,11.5,1.4,clay,14.69,0.59,Warning,False,False,False,rule_based
7.275,79.95,2025-02,42.0,94.2,27.2,17.3,11.5,1.4,clay,14.69,0.43,Warning,False,False,False,rule_based
7.275,79.95,2025-03,170.5,99.1,26.5,13.0,11.5,1.4,clay,14.69,0.53,Warning,False,False,False,rule_based
7.275,79.95,2025-04,225.8,98.6,26.5,14.5,11.5,1.4,clay,14.69,0.56,Warning,False,False,False,rule_based
7.275,79.95,2025-05,271.4,97.6,27.2,19.5,11.5,1.4,clay,14.69,0.6,Warning,False,False,False,rule_based
7.275,79.95,2025-06,349.1,97.4,26.5,19.8,11.5,1.4,clay,14.69,0.57,Warning,False,False,False,rule_based
7.275,79.95,2025-07,201.7,95.5,26.8,20.3,11.5,1.4,clay,14.69,0.59,Warning,False,False,False,rule_based
7.275,79.95,2025-08,195.0,97.0,26.4,19.4,11.5,1.4,clay,14.69,0.63,Warning,False,False,False,rule_based
7.275,79.95,2025-09,262.6,97.3,26.4,19.4,11.5,1.4,clay,14.69,0.6,Warning,False,False,False,rule_based
7.275,79.95,2025-10,312.7,97.2,26.1,13.9,11.5,1.4,clay,14.69,0.58,Warning,False,False,False,rule_based
7.275,79.95,2025-11,721.2,99.0,25.2,16.3,11.5,1.4,clay,14.69,0.56,Warning,False,False,False,rule_based
7.275,79.95,2025-12,138.6,96.7,25.4,17.7,11.5,1.4,clay,14.69,0.5,Warning,False,False,False,rule_based
7.275,79.975,2023-01,78.2,91.1,25.0,17.1,11.9,1.5,clay,11.98,0.51,Warning,False,False,False,rule_based
7.275,79.975,2023-02,122.0,93.5,25.8,15.4,11.9,1.5,clay,11.98,0.56,Warning,False,False,False,rule_based
7.275,79.975,2023-03,154.9,95.3,26.9,13.9,11.9,1.5,clay,11.98,0.59,Warning,False,False,False,rule_based
7.275,79.975,2023-04,173.5,96.7,27.2,12.5,11.9,1.5,clay,11.98,0.57,Warning,False,False,False,rule_based
7.275,79.975,2023-05,234.5,95.5,27.1,15.7,11.9,1.5,clay,11.98,0.56,Warning,False,False,False,rule_based
7.275,79.975,2023-06,296.9,95.6,26.8,18.2,11.9,1.5,clay,11.98,0.52,Warning,False,False,False,rule_based
7.275,79.975,2023-07,197.8,94.7,26.7,18.8,11.9,1.5,clay,11.98,0.55,Warning,False,False,False,rule_based
7.275,79.975,2023-08,99.3,95.0,26.9,18.1,11.9,1.5,clay,11.98,0.59,Warning,False,False,False,rule_based
7.275,79.975,2023-09,511.5,97.0,25.6,18.2,11.9,1.5,clay,11.98,0.63,Warning,False,False,False,rule_based
7.275,79.975,2023-10,453.1,98.4,25.4,13.2,11.9,1.5,clay,11.98,0.57,Warning,False,False,False,rule_based
7.275,79.975,2023-11,601.2,99.5,25.3,10.8,11.9,1.5,clay,11.98,0.58,Warning,False,False,False,rule_based
7.275,79.975,2023-12,345.3,96.3,25.8,16.1,11.9,1.5,clay,11.98,0.6,Warning,False,False,False,rule_based
7.275,79.975,2024-01,150.3,94.8,26.1,15.6,11.9,1.5,clay,11.98,0.55,Warning,False,False,False,rule_based
7.275,79.975,2024-02,27.9,92.3,27.9,17.6,11.9,1.5,clay,11.98,0.4,Warning,False,False,False,rule_based
7.275,79.975,2024-03,97.9,96.8,28.2,15.7,11.9,1.5,clay,11.98,0.55,Warning,False,False,False,rule_based
7.275,79.975,2024-04,201.9,98.5,28.0,13.1,11.9,1.5,clay,11.98,0.6,Warning,False,False,False,rule_based
7.275,79.975,2024-05,565.0,97.0,27.4,16.6,11.9,1.5,clay,11.98,0.58,Warning,False,False,False,rule_based
7.275,79.975,2024-06,287.0,95.9,26.8,19.4,11.9,1.5,clay,11.98,0.58,Warning,False,False,False,rule_based
7.275,79.975,2024-07,280.8,95.2,26.9,18.5,11.9,1.5,clay,11.98,0.55,Warning,False,False,False,rule_based
7.275,79.975,2024-08,255.8,95.2,26.4,17.5,11.9,1.5,clay,11.98,0.6,Warning,False,False,False,rule_based
7.275,79.975,2024-09,269.6,95.6,26.7,18.9,11.9,1.5,clay,11.98,0.64,Warning,False,False,False,rule_based
7.275,79.975,2024-10,375.4,97.3,25.9,14.6,11.9,1.5,clay,11.98,0.54,Warning,False,False,False,rule_based
7.275,79.975,2024-11,504.0,99.3,25.2,13.4,11.9,1.5,clay,11.98,0.56,Warning,False,False,False,rule_based
7.275,79.975,2024-12,139.0,98.1,25.7,13.9,11.9,1.5,clay,11.98,0.58,Warning,False,False,False,rule_based
7.275,79.975,2025-01,243.4,95.9,25.4,18.1,11.9,1.5,clay,11.98,0.6,Warning,False,False,False,rule_based
7.275,79.975,2025-02,42.0,94.2,27.2,17.3,11.9,1.5,clay,11.98,0.41,Warning,False,False,False,rule_based
7.275,79.975,2025-03,170.5,99.1,26.5,13.0,11.9,1.5,clay,11.98,0.49,Warning,False,False,False,rule_based
7.275,79.975,2025-04,225.8,98.6,26.5,14.5,11.9,1.5,clay,11.98,0.61,Warning,False,False,False,rule_based
7.275,79.975,2025-05,271.4,97.6,27.2,19.5,11.9,1.5,clay,11.98,0.6,Warning,False,False,False,rule_based
7.275,79.975,2025-06,349.1,97.4,26.5,19.8,11.9,1.5,clay,11.98,0.52,Warning,False,False,False,rule_based
7.275,79.975,2025-07,201.7,95.5,26.8,20.3,11.9,1.5,clay,11.98,0.56,Warning,False,False,False,rule_based
7.275,79.975,2025-08,195.0,97.0,26.4,19.4,11.9,1.5,clay,11.98,0.62,Warning,False,False,False,rule_based
7.275,79.975,2025-09,262.6,97.3,26.4,19.4,11.9,1.5,clay,11.98,0.62,Warning,False,False,False,rule_based
7.275,79.975,2025-10,312.7,97.2,26.1,13.9,11.9,1.5,clay,11.98,0.6,Warning,False,False,False,rule_based
7.275,79.975,2025-11,721.2,99.0,25.2,16.3,11.9,1.5,clay,11.98,0.57,Warning,False,False,False,rule_based
7.275,79.975,2025-12,138.6,96.7,25.4,17.7,11.9,1.5,clay,11.98,0.58,Warning,False,False,False,rule_based
7.275,80.0,2023-01,99.5,91.3,25.0,17.5,30.5,3.3,loam,9.3,0.61,Warning,False,False,False,rule_based
7.275,80.0,2023-02,126.0,93.8,25.8,15.4,30.5,3.3,loam,9.3,0.64,Warning,False,False,False,rule_based
7.275,80.0,2023-03,162.6,95.6,26.8,14.0,30.5,3.3,loam,9.3,0.58,Warning,False,False,False,rule_based
7.275,80.0,2023-04,174.7,97.5,27.1,12.8,30.5,3.3,loam,9.3,0.59,Warning,False,False,False,rule_based
7.275,80.0,2023-05,203.8,96.5,26.9,15.2,30.5,3.3,loam,9.3,0.64,Warning,False,False,False,rule_based
7.275,80.0,2023-06,268.8,96.5,26.5,17.8,30.5,3.3,loam,9.3,0.61,Warning,False,False,False,rule_based
7.275,80.0,2023-07,266.2,95.5,26.4,18.0,30.5,3.3,loam,9.3,0.65,Warning,False,False,False,rule_based
7.275,80.0,2023-08,73.3,95.5,26.7,18.1,30.5,3.3,loam,9.3,0.52,Warning,False,False,False,rule_based
7.275,80.0,2023-09,501.6,97.7,25.3,18.2,30.5,3.3,loam,9.3,0.61,Warning,False,False,False,rule_based
7.275,80.0,2023-10,429.0,98.1,25.3,13.1,30.5,3.3,loam,9.3,0.58,Warning,False,False,False,rule_based
7.275,80.0,2023-11,571.0,99.4,25.3,11.1,30.5,3.3,loam,9.3,0.61,Warning,False,False,False,rule_based
7.275,80.0,2023-12,343.0,96.2,25.8,16.0,30.5,3.3,loam,9.3,0.57,Warning,False,False,False,rule_based
7.275,80.0,2024-01,155.6,94.1,26.1,15.3,30.5,3.3,loam,9.3,0.6,Warning,False,False,False,rule_based
7.275,80.0,2024-02,25.1,91.9,27.9,17.7,30.5,3.3,loam,9.3,0.38,No Risk,False,False,False,rule_based
7.275,80.0,2024-03,84.9,96.1,28.3,15.8,30.5,3.3,loam,9.3,0.59,Warning,False,False,False,rule_based
7.275,80.0,2024-04,172.2,98.1,28.1,13.4,30.5,3.3,loam,9.3,0.63,Warning,False,False,False,rule_based
7.275,80.0,2024-05,608.2,97.3,27.1,16.4,30.5,3.3,loam,9.3,0.56,Warning,False,False,False,rule_based
7.275,80.0,2024-06,326.1,96.6,26.5,18.8,30.5,3.3,loam,9.3,0.65,Warning,False,False,False,rule_based
7.275,80.0,2024-07,301.2,96.3,26.5,17.5,30.5,3.3,loam,9.3,0.69,Warning,False,False,False,rule_based
7.275,80.0,2024-08,285.5,95.9,26.2,17.1,30.5,3.3,loam,9.3,0.61,Warning,False,False,False,rule_based
7.275,80.0,2024-09,307.9,97.0,26.3,18.3,30.5,3.3,loam,9.3,0.59,Warning,False,False,False,rule_based
7.275,80.0,2024-10,358.5,97.5,25.7,14.1,30.5,3.3,loam,9.3,0.7,Warning,False,False,False,rule_based
7.275,80.0,2024-11,560.5,99.1,25.1,13.7,30.5,3.3,loam,9.3,0.57,Warning,False,False,False,rule_based
7.275,80.0,2024-12,147.0,97.9,25.6,13.7,30.5,3.3,loam,9.3,0.61,Warning,False,False,False,rule_based
7.275,80.0,2025-01,236.9,95.7,25.3,18.0,30.5,3.3,loam,9.3,0.62,Warning,False,False,False,rule_based
7.275,80.0,2025-02,33.3,93.1,27.2,17.6,30.5,3.3,loam,9.3,0.48,Warning,False,False,False,rule_based
7.275,80.0,2025-03,168.6,98.5,26.4,12.5,30.5,3.3,loam,9.3,0.62,Warning,False,False,False,rule_based
7.275,80.0,2025-04,220.2,98.4,26.4,13.8,30.5,3.3,loam,9.3,0.6,Warning,False,False,False,rule_based
7.275,80.0,2025-05,265.5,97.9,26.9,18.4,30.5,3.3,loam,9.3,0.58,Warning,False,False,False,rule_based
7.275,80.0,2025-06,372.6,98.5,26.1,18.2,30.5,3.3,loam,9.3,0.6,Warning,False,False,False,rule_based
7.275,80.0,2025-07,288.5,97.2,26.3,19.1,30.5,3.3,loam,9.3,0.58,Warning,False,False,False,rule_based
7.275,80.0,2025-08,203.5,98.1,26.0,18.4,30.5,3.3,loam,9.3,0.61,Warning,False,False,False,rule_based
7.275,80.0,2025-09,257.0,98.4,25.9,18.6,30.5,3.3,loam,9.3,0.59,Warning,False,False,False,rule_based
7.275,80.0,2025-10,334.9,97.7,25.8,13.5,30.5,3.3,loam,9.3,0.57,Warning,False,False,False,rule_based
7.275,80.0,2025-11,709.8,98.7,25.1,16.0,30.5,3.3,loam,9.3,0.65,Warning,False,False,False,rule_based
7.275,80.0,2025-12,144.0,96.2,25.4,17.6,30.5,3.3,loam,9.3,0.6,Warning,False,False,False,rule_based
7.275,80.025,2023-01,99.5,91.3,25.0,17.5,31.3,3.4,loam,6.71,0.57,Warning,False,False,False,rule_based
7.275,80.025,2023-02,126.0,93.8,25.8,15.4,31.3,3.4,loam,6.71,0.61,Warning,False,False,False,rule_based
7.275,80.025,2023-03,162.6,95.6,26.8,14.0,31.3,3.4,loam,6.71,0.61,Warning,False,False,False,rule_based
7.275,80.025,2023-04,174.7,97.5,27.1,12.8,31.3,3.4,loam,6.71,0.56,Warning,False,False,False,rule_based
7.275,80.025,2023-05,203.8,96.5,26.9,15.2,31.3,3.4,loam,6.71,0.62,Warning,False,False,False,rule_based
7.275,80.025,2023-06,268.8,96.5,26.5,17.8,31.3,3.4,loam,6.71,0.58,Warning,False,False,False,rule_based
7.275,80.025,2023-07,266.2,95.5,26.4,18.0,31.3,3.4,loam,6.71,0.66,Warning,False,False,False,rule_based
7.275,80.025,2023-08,73.3,95.5,26.7,18.1,31.3,3.4,loam,6.71,0.56,Warning,False,False,False,rule_based
7.275,80.025,2023-09,501.6,97.7,25.3,18.2,31.3,3.4,loam,6.71,0.6,Warning,False,False,False,rule_based
7.275,80.025,2023-10,429.0,98.1,25.3,13.1,31.3,3.4,loam,6.71,0.59,Warning,False,False,False,rule_based
7.275,80.025,2023-11,571.0,99.4,25.3,11.1,31.3,3.4,loam,6.71,0.61,Warning,False,False,False,rule_based
7.275,80.025,2023-12,343.0,96.2,25.8,16.0,31.3,3.4,loam,6.71,0.63,Warning,False,False,False,rule_based
7.275,80.025,2024-01,155.6,94.1,26.1,15.3,31.3,3.4,loam,6.71,0.61,Warning,False,False,False,rule_based
7.275,80.025,2024-02,25.1,91.9,27.9,17.7,31.3,3.4,loam,6.71,0.42,No Risk,False,False,False,rule_based
7.275,80.025,2024-03,84.9,96.1,28.3,15.8,31.3,3.4,loam,6.71,0.58,Warning,False,False,False,rule_based
7.275,80.025,2024-04,172.2,98.1,28.1,13.4,31.3,3.4,loam,6.71,0.59,Warning,False,False,False,rule_based
7.275,80.025,2024-05,608.2,97.3,27.1,16.4,31.3,3.4,loam,6.71,0.6,Warning,False,False,False,rule_based
7.275,80.025,2024-06,326.1,96.6,26.5,18.8,31.3,3.4,loam,6.71,0.55,Warning,False,False,False,rule_based
7.275,80.025,2024-07,301.2,96.3,26.5,17.5,31.3,3.4,loam,6.71,0.64,Warning,False,False,False,rule_based
7.275,80.025,2024-08,285.5,95.9,26.2,17.1,31.3,3.4,loam,6.71,0.62,Warning,False,False,False,rule_based
7.275,80.025,2024-09,307.9,97.0,26.3,18.3,31.3,3.4,loam,6.71,0.59,Warning,False,False,False,rule_based
7.275,80.025,2024-10,358.5,97.5,25.7,14.1,31.3,3.4,loam,6.71,0.67,Warning,False,False,False,rule_based
7.275,80.025,2024-11,560.5,99.1,25.1,13.7,31.3,3.4,loam,6.71,0.62,Warning,False,False,False,rule_based
7.275,80.025,2024-12,147.0,97.9,25.6,13.7,31.3,3.4,loam,6.71,0.58,Warning,False,False,False,rule_based
7.275,80.025,2025-01,236.9,95.7,25.3,18.0,31.3,3.4,loam,6.71,0.64,Warning,False,False,False,rule_based
7.275,80.025,2025-02,33.3,93.1,27.2,17.6,31.3,3.4,loam,6.71,0.46,Warning,False,False,False,rule_based
7.275,80.025,2025-03,168.6,98.5,26.4,12.5,31.3,3.4,loam,6.71,0.62,Warning,False,False,False,rule_based
7.275,80.025,2025-04,220.2,98.4,26.4,13.8,31.3,3.4,loam,6.71,0.6,Warning,False,False,False,rule_based
7.275,80.025,2025-05,265.5,97.9,26.9,18.4,31.3,3.4,loam,6.71,0.63,Warning,False,False,False,rule_based
7.275,80.025,2025-06,372.6,98.5,26.1,18.2,31.3,3.4,loam,6.71,0.6,Warning,False,False,False,rule_based
7.275,80.025,2025-07,288.5,97.2,26.3,19.1,31.3,3.4,loam,6.71,0.63,Warning,False,False,False,rule_based
7.275,80.025,2025-08,203.5,98.1,26.0,18.4,31.3,3.4,loam,6.71,0.56,Warning,False,False,False,rule_based
7.275,80.025,2025-09,257.0,98.4,25.9,18.6,31.3,3.4,loam,6.71,0.6,Warning,False,False,False,rule_based
7.275,80.025,2025-10,334.9,97.7,25.8,13.5,31.3,3.4,loam,6.71,0.66,Warning,False,False,False,rule_based
7.275,80.025,2025-11,709.8,98.7,25.1,16.0,31.3,3.4,loam,6.71,0.59,Warning,False,False,False,rule_based
7.275,80.025,2025-12,144.0,96.2,25.4,17.6,31.3,3.4,loam,6.71,0.59,Warning,False,False,False,rule_based
7.275,80.05,2023-01,99.5,91.3,25.0,17.5,32.0,3.4,loam,4.33,0.6,Warning,False,False,False,rule_based
7.275,80.05,2023-02,126.0,93.8,25.8,15.4,32.0,3.4,loam,4.33,0.58,Warning,False,False,False,rule_based
7.275,80.05,2023-03,162.6,95.6,26.8,14.0,32.0,3.4,loam,4.33,0.55,Warning,False,False,False,rule_based
7.275,80.05,2023-04,174.7,97.5,27.1,12.8,32.0,3.4,loam,4.33,0.61,Warning,False,False,False,rule_based
7.275,80.05,2023-05,203.8,96.5,26.9,15.2,32.0,3.4,loam,4.33,0.62,Warning,False,False,False,rule_based
7.275,80.05,2023-06,268.8,96.5,26.5,17.8,32.0,3.4,loam,4.33,0.61,Warning,False,False,False,rule_based
7.275,80.05,2023-07,266.2,95.5,26.4,18.0,32.0,3.4,loam,4.33,0.61,Warning,False,False,False,rule_based
7.275,80.05,2023-08,73.3,95.5,26.7,18.1,32.0,3.4,loam,4.33,0.55,Warning,False,False,False,rule_based
7.275,80.05,2023-09,501.6,97.7,25.3,18.2,32.0,3.4,loam,4.33,0.64,Warning,False,False,False,rule_based
7.275,80.05,2023-10,429.0,98.1,25.3,13.1,32.0,3.4,loam,4.33,0.61,Warning,False,False,False,rule_based
7.275,80.05,2023-11,571.0,99.4,25.3,11.1,32.0,3.4,loam,4.33,0.6,Warning,False,False,False,rule_based
7.275,80.05,2023-12,343.0,96.2,25.8,16.0,32.0,3.4,loam,4.33,0.61,Warning,False,False,False,rule_based
7.275,80.05,2024-01,155.6,94.1,26.1,15.3,32.0,3.4,loam,4.33,0.63,Warning,False,False,False,rule_based
7.275,80.05,2024-02,25.1,91.9,27.9,17.7,32.0,3.4,loam,4.33,0.47,No Risk,False,False,False,rule_based
7.275,80.05,2024-03,84.9,96.1,28.3,15.8,32.0,3.4,loam,4.33,0.56,Warning,False,False,False,rule_based
7.275,80.05,2024-04,172.2,98.1,28.1,13.4,32.0,3.4,loam,4.33,0.62,Warning,False,False,False,rule_based
7.275,80.05,2024-05,608.2,97.3,27.1,16.4,32.0,3.4,loam,4.33,0.62,Warning,False,False,False,rule_based
7.275,80.05,2024-06,326.1,96.6,26.5,18.8,32.0,3.4,loam,4.33,0.58,Warning,False,False,False,rule_based
7.275,80.05,2024-07,301.2,96.3,26.5,17.5,32.0,3.4,loam,4.33,0.61,Warning,False,False,False,rule_based
7.275,80.05,2024-08,285.5,95.9,26.2,17.1,32.0,3.4,loam,4.33,0.57,Warning,False,False,False,rule_based
7.275,80.05,2024-09,307.9,97.0,26.3,18.3,32.0,3.4,loam,4.33,0.56,Warning,False,False,False,rule_based
7.275,80.05,2024-10,358.5,97.5,25.7,14.1,32.0,3.4,loam,4.33,0.63,Warning,False,False,False,rule_based
7.275,80.05,2024-11,560.5,99.1,25.1,13.7,32.0,3.4,loam,4.33,0.6,Warning,False,False,False,rule_based
7.275,80.05,2024-12,147.0,97.9,25.6,13.7,32.0,3.4,loam,4.33,0.62,Warning,False,False,False,rule_based
7.275,80.05,2025-01,236.9,95.7,25.3,18.0,32.0,3.4,loam,4.33,0.61,Warning,False,False,False,rule_based
7.275,80.05,2025-02,33.3,93.1,27.2,17.6,32.0,3.4,loam,4.33,0.42,Warning,False,False,False,rule_based
7.275,80.05,2025-03,168.6,98.5,26.4,12.5,32.0,3.4,loam,4.33,0.61,Warning,False,False,False,rule_based
7.275,80.05,2025-04,220.2,98.4,26.4,13.8,32.0,3.4,loam,4.33,0.58,Warning,False,False,False,rule_based
7.275,80.05,2025-05,265.5,97.9,26.9,18.4,32.0,3.4,loam,4.33,0.66,Warning,False,False,False,rule_based
7.275,80.05,2025-06,372.6,98.5,26.1,18.2,32.0,3.4,loam,4.33,0.57,Warning,False,False,False,rule_based
7.275,80.05,2025-07,288.5,97.2,26.3,19.1,32.0,3.4,loam,4.33,0.61,Warning,False,False,False,rule_based
7.275,80.05,2025-08,203.5,98.1,26.0,18.4,32.0,3.4,loam,4.33,0.58,Warning,False,False,False,rule_based
7.275,80.05,2025-09,257.0,98.4,25.9,18.6,32.0,3.4,loam,4.33,0.63,Warning,False,False,False,rule_based
7.275,80.05,2025-10,334.9,97.7,25.8,13.5,32.0,3.4,loam,4.33,0.6,Warning,False,False,False,rule_based
7.275,80.05,2025-11,709.8,98.7,25.1,16.0,32.0,3.4,loam,4.33,0.6,Warning,False,False,False,rule_based
7.275,80.05,2025-12,144.0,96.2,25.4,17.6,32.0,3.4,loam,4.33,0.64,Warning,False,False,False,rule_based
