latitude,longitude,month,rainfall_mm,humidity_pct,temperature_c,wind_speed_kmh,elevation_m,slope_degree,soil_type,river_proximity_km,ndvi,risk_label
7.1,79.975,2024-12,148.9,98.1,25.8,12.6,4.1,2.0,clay,7.47,0.54,Warning
7.15,80.0,2023-07,241.7,95.9,26.3,17.2,84.9,11.8,sandy,9.55,0.75,Warning
7.05,79.95,2023-01,114.3,90.9,25.3,16.0,19.3,2.2,clay,5.55,0.59,Warning
7.0,80.35,2023-11,754.6,98.2,25.0,9.6,193.9,27.8,loam,15.0,0.79,Landslide
7.075,80.025,2024-02,27.6,91.3,28.1,16.8,86.0,16.6,loam,2.83,0.52,No Risk
7.0,79.875,2024-02,43.9,91.8,27.5,17.5,36.2,4.8,loam,6.21,0.49,No Risk
6.9,80.225,2024-11,482.2,98.3,25.0,12.6,111.9,8.1,sandy,15.0,0.77,Warning
6.95,79.875,2024-09,305.7,92.7,27.0,20.2,39.8,2.5,loam,2.78,0.63,Flood
7.1,80.05,2025-01,319.6,96.7,25.4,15.0,41.6,6.9,loam,2.22,0.65,Flood
7.0,80.125,2023-10,637.6,97.2,25.2,13.1,32.7,2.6,clay,12.17,0.58,Warning
7.0,80.075,2024-02,36.2,93.7,27.7,15.0,52.6,1.6,sandy,8.25,0.54,No Risk
6.925,80.275,2025-01,333.7,99.2,24.6,9.0,193.9,32.8,loam,15.0,0.76,Landslide
7.1,80.375,2025-01,330.3,98.9,24.9,9.7,126.9,33.0,sandy,13.74,0.82,Landslide
7.125,80.1,2023-02,90.5,94.5,25.5,13.9,39.1,1.8,loam,1.24,0.6,Flood
6.95,80.075,2024-09,378.4,97.8,26.0,16.8,54.5,2.1,loam,12.22,0.68,Warning
7.125,80.275,2024-02,22.2,92.2,27.0,16.0,199.1,34.9,sandy,4.23,0.59,No Risk
7.0,80.325,2023-03,204.5,95.7,24.4,9.5,237.4,27.0,sandy,15.0,0.84,Landslide
7.05,80.375,2025-02,45.5,98.5,20.7,10.8,212.7,17.2,sandy,15.0,0.69,No Risk
7.025,80.0,2024-04,232.2,98.6,28.0,12.9,75.1,17.7,clay,1.24,0.7,Landslide
6.95,80.175,2024-02,39.7,95.9,27.1,12.8,117.2,19.0,loam,15.0,0.61,No Risk
6.925,80.025,2024-06,391.0,97.2,26.3,17.3,52.5,3.1,clay,11.02,0.63,Warning
7.0,80.2,2023-03,164.0,97.5,25.8,10.3,62.8,13.7,sandy,11.1,0.67,Warning
7.075,80.225,2023-07,363.1,94.3,24.9,15.0,87.8,9.6,sandy,3.92,0.72,Warning
7.15,79.95,2023-07,244.2,95.2,26.6,18.2,35.5,5.1,loam,13.55,0.57,Warning
7.1,80.25,2023-04,145.4,96.2,26.5,12.4,182.6,19.8,loam,4.0,0.78,Landslide
7.0,79.975,2023-02,85.4,96.6,25.6,13.3,9.0,0.5,clay,1.67,0.55,Flood
7.05,79.975,2023-05,233.4,96.4,27.0,15.1,7.1,1.2,clay,3.72,0.58,Warning
7.075,80.25,2024-06,405.7,95.7,26.3,16.6,117.6,18.7,sandy,6.21,0.83,Landslide
7.025,79.85,2024-07,302.3,93.6,27.2,19.5,24.8,3.0,clay,10.01,0.62,Warning
7.025,80.0,2024-02,32.3,93.4,27.8,15.6,75.1,17.7,clay,1.24,0.56,No Risk
6.975,80.0,2024-02,32.6,93.4,27.8,15.6,74.9,18.6,loam,5.12,0.54,No Risk
7.1,80.125,2023-05,220.9,96.1,26.6,13.6,71.0,11.4,loam,2.78,0.72,Warning
6.95,80.275,2024-10,612.3,95.4,25.3,11.8,186.9,15.9,sandy,15.0,0.81,Landslide
7.0,80.125,2024-02,42.4,94.3,27.5,14.2,32.7,2.6,clay,12.17,0.51,Warning
7.125,80.0,2024-02,29.1,91.4,28.1,17.1,61.0,15.4,loam,7.47,0.39,No Risk
7.05,79.975,2023-08,113.9,95.8,26.7,17.7,7.1,1.2,clay,3.72,0.6,Warning
6.975,80.125,2025-04,282.7,98.3,25.9,12.8,37.5,4.8,clay,14.32,0.63,Warning
7.05,79.85,2023-06,326.9,94.7,27.1,20.1,7.3,1.1,clay,11.8,0.57,Warning
6.95,80.025,2023-01,146.5,93.9,24.8,13.6,88.4,10.8,loam,8.69,0.77,Warning
6.95,79.925,2024-11,350.8,96.5,25.8,15.2,29.7,6.4,clay,2.77,0.59,Flood
6.925,80.275,2025-02,51.8,97.0,25.9,12.1,193.9,32.8,loam,15.0,0.68,Warning
7.025,79.95,2025-05,276.9,96.8,27.2,15.7,14.2,1.5,clay,2.99,0.57,Flood
7.075,80.075,2024-12,158.5,98.0,25.7,12.5,71.6,10.1,clay,2.83,0.68,Warning
7.025,80.2,2024-07,355.1,96.4,25.3,14.5,123.8,29.9,sandy,8.32,0.81,Landslide
6.975,80.075,2024-05,772.3,97.6,27.0,15.7,57.2,4.9,clay,10.32,0.71,Warning
7.0,79.85,2024-11,382.9,96.9,25.8,15.2,13.7,1.6,loam,7.85,0.62,Warning
6.975,80.225,2025-05,309.7,98.0,26.1,13.4,118.1,16.4,sandy,14.15,0.83,Landslide
7.1,80.0,2024-02,26.3,92.4,27.9,16.2,72.7,8.6,loam,5.98,0.57,No Risk
7.125,80.1,2023-12,387.0,97.0,25.5,15.1,39.1,1.8,loam,1.24,0.63,Flood
7.05,80.375,2025-03,128.8,98.7,20.7,8.7,212.7,17.2,sandy,15.0,0.75,Landslide
7.025,79.95,2024-06,359.9,95.9,26.7,18.0,14.2,1.5,clay,2.99,0.57,Flood
6.925,79.925,2023-09,554.6,95.0,26.0,19.3,31.7,5.7,loam,3.92,0.56,Warning
7.0,80.075,2024-09,370.1,97.6,26.2,16.7,52.6,1.6,sandy,8.25,0.65,Warning
7.125,80.0,2025-02,42.6,95.5,27.1,15.6,61.0,15.4,loam,7.47,0.56,No Risk
7.15,79.9,2023-06,336.4,94.6,27.1,20.5,7.8,0.8,clay,15.0,0.54,Warning
6.95,79.925,2024-12,131.1,94.3,26.7,13.7,29.7,6.4,clay,2.77,0.58,Flood
6.9,79.875,2024-09,318.3,92.9,27.0,20.1,17.2,0.3,clay,2.29,0.57,Flood
7.1,80.175,2025-02,41.6,96.1,26.1,14.4,146.2,35.3,loam,2.78,0.65,No Risk
6.95,80.225,2025-05,299.0,98.2,26.1,12.9,67.0,14.3,loam,15.0,0.65,Warning
6.9,79.875,2023-12,416.3,96.3,25.8,14.6,17.2,0.3,clay,2.29,0.6,Flood
7.0,80.325,2024-11,601.0,98.7,23.8,10.2,237.4,27.0,sandy,15.0,0.81,Landslide
7.125,80.35,2024-10,365.7,96.1,24.5,13.8,158.1,30.1,loam,9.82,0.76,Landslide
6.975,80.025,2024-02,35.9,93.7,27.7,15.0,70.2,12.1,sandy,6.33,0.59,No Risk
7.125,80.025,2025-02,43.2,95.3,27.0,15.6,86.7,12.3,loam,5.71,0.55,No Risk
7.1,80.175,2024-02,19.2,91.9,27.5,16.4,146.2,35.3,loam,2.78,0.62,No Risk
6.95,80.35,2024-10,542.0,96.0,24.2,11.4,144.3,16.2,loam,15.0,0.81,Landslide
7.125,79.95,2024-04,205.5,98.7,28.0,12.8,22.8,6.1,loam,11.39,0.55,Warning
6.95,79.95,2024-11,411.9,98.9,25.4,12.6,10.8,0.5,clay,4.0,0.58,Warning
7.1,80.125,2023-08,121.5,95.5,26.4,17.1,71.0,11.4,loam,2.78,0.64,Warning
6.975,79.85,2024-03,93.8,95.0,28.0,16.4,9.5,0.5,clay,6.21,0.54,Warning
6.975,80.225,2024-02,46.0,95.4,27.2,13.3,118.1,16.4,sandy,14.15,0.7,Warning
6.925,80.025,2025-02,69.4,97.1,26.3,13.4,52.5,3.1,clay,11.02,0.59,Warning
6.975,80.225,2025-01,339.0,98.4,24.9,10.6,118.1,16.4,sandy,14.15,0.8,Landslide
6.9,80.075,2023-05,272.0,97.6,26.4,13.6,48.0,3.8,clay,15.0,0.67,Warning
6.975,79.975,2024-02,32.2,93.4,27.8,15.5,17.0,0.8,loam,3.24,0.4,Warning
6.925,80.125,2024-02,39.2,96.4,27.1,12.8,34.1,5.4,loam,15.0,0.49,Warning
6.95,80.125,2024-08,359.2,96.3,25.7,16.3,28.9,5.4,clay,15.0,0.6,Warning
6.925,80.3,2024-09,417.6,95.1,25.6,12.8,197.1,18.5,loam,15.0,0.8,Landslide
6.9,80.1,2025-05,317.5,98.8,26.0,15.3,75.8,7.3,loam,15.0,0.72,Warning
7.025,79.95,2023-04,172.5,97.7,26.9,12.1,14.2,1.5,clay,2.99,0.57,Flood
6.9,79.875,2025-05,273.3,94.1,27.8,17.8,17.2,0.3,clay,2.29,0.61,Flood
6.975,79.925,2024-10,418.9,95.5,26.2,17.1,14.6,0.6,clay,0.78,0.56,Flood
6.975,79.925,2023-08,131.6,92.9,27.0,19.9,14.6,0.6,clay,0.78,0.58,Flood
7.0,80.15,2025-03,173.9,98.4,26.1,12.1,147.0,20.3,sandy,12.41,0.8,Landslide
6.925,80.275,2024-02,42.4,94.2,26.7,12.1,193.9,32.8,loam,15.0,0.69,No Risk
6.975,80.075,2023-01,129.0,91.8,25.1,14.5,57.2,4.9,clay,10.32,0.64,Warning
6.9,80.375,2025-05,369.2,99.0,24.6,11.4,172.8,22.7,sandy,15.0,0.85,Landslide
6.975,79.9,2024-08,301.8,92.6,26.7,19.5,18.4,0.3,clay,2.77,0.59,Flood
7.05,80.3,2025-03,205.2,97.9,25.6,11.1,128.7,31.4,loam,11.8,0.85,Landslide
7.0,80.125,2023-12,475.0,97.8,25.5,12.5,32.7,2.6,clay,12.17,0.58,Warning
6.975,79.95,2025-04,228.3,97.6,26.9,12.1,19.8,1.1,clay,2.29,0.58,Flood
7.075,80.05,2024-07,315.0,97.0,26.5,16.0,38.7,7.9,clay,0.55,0.62,Flood
7.1,80.35,2023-03,143.5,94.7,26.3,11.4,104.3,12.9,sandy,12.01,0.78,Warning
6.95,80.05,2025-05,319.7,98.6,26.5,16.0,79.7,18.7,loam,10.23,0.71,Landslide
6.9,79.95,2024-04,224.9,98.5,27.9,12.7,23.8,4.0,clay,7.85,0.63,Warning
7.025,79.925,2024-02,43.6,91.9,27.6,17.5,7.6,1.0,clay,4.77,0.42,No Risk
6.9,79.875,2024-10,410.6,95.4,26.3,16.9,17.2,0.3,clay,2.29,0.62,Flood
7.05,80.05,2023-12,403.4,97.8,25.8,13.6,22.4,3.7,loam,3.33,0.57,Flood
6.975,79.975,2024-10,441.6,97.3,25.9,14.2,17.0,0.8,loam,3.24,0.6,Flood
6.925,80.0,2024-02,37.6,95.3,27.5,14.7,60.1,18.3,loam,9.44,0.51,No Risk
7.125,80.15,2023-03,147.9,95.8,26.2,12.9,153.9,18.9,loam,2.99,0.83,Landslide
7.05,79.95,2024-09,325.9,96.2,26.6,17.9,19.3,2.2,clay,5.55,0.61,Warning
6.95,79.85,2023-12,410.4,96.3,25.9,14.8,17.7,1.4,clay,4.0,0.62,Warning
7.075,79.925,2023-12,366.3,95.8,25.9,16.1,12.8,1.0,loam,9.19,0.57,Warning
7.075,80.275,2024-11,540.7,98.6,24.5,12.0,201.6,18.5,loam,7.89,0.82,Landslide
7.025,79.875,2024-02,43.0,91.7,27.6,17.6,22.2,5.8,clay,7.89,0.47,No Risk
6.95,80.175,2024-08,402.8,95.4,25.8,14.8,117.2,19.0,loam,15.0,0.8,Landslide
7.0,80.35,2024-08,387.9,95.2,25.6,14.5,193.9,27.8,loam,15.0,0.82,Landslide
7.1,80.1,2024-07,318.9,96.7,26.1,16.8,75.3,10.7,loam,2.22,0.75,Warning
7.125,79.9,2024-02,26.8,90.4,27.7,18.0,29.0,5.3,clay,15.0,0.39,No Risk
7.025,79.95,2023-04,178.0,97.7,26.9,12.2,14.2,1.5,clay,2.99,0.57,Flood
7.075,80.25,2024-11,540.7,98.6,25.2,12.0,117.6,18.7,sandy,6.21,0.79,Landslide
7.125,80.35,2024-05,686.7,97.1,25.8,16.2,158.1,30.1,loam,9.82,0.83,Landslide
6.975,80.15,2023-11,597.3,98.5,25.2,10.2,94.7,8.2,loam,14.94,0.71,Warning
7.075,79.925,2023-09,510.3,95.0,26.0,20.2,12.8,1.0,loam,9.19,0.58,Warning
7.025,80.125,2023-01,160.0,92.7,24.7,14.4,60.4,12.0,clay,9.71,0.68,Warning
6.95,80.25,2024-02,42.9,94.3,26.0,12.2,182.1,27.5,sandy,15.0,0.67,No Risk
7.075,80.325,2024-06,338.0,96.3,24.8,16.2,99.7,18.4,sandy,11.88,0.71,Landslide
7.15,79.85,2025-02,34.3,91.7,27.3,17.7,3.2,1.5,clay,15.0,0.37,No Risk
7.075,79.875,2024-02,41.8,91.3,27.7,17.7,9.5,1.1,clay,12.18,0.47,No Risk
7.15,80.0,2023-08,91.8,95.8,26.6,17.5,84.9,11.8,sandy,9.55,0.72,Warning
7.075,80.35,2024-03,93.9,94.8,26.7,13.3,222.8,24.9,loam,13.74,0.75,Landslide
6.925,79.95,2025-05,307.3,96.9,27.1,15.7,7.2,0.3,clay,6.21,0.59,Warning
6.9,80.05,2024-02,38.5,96.1,27.3,13.1,22.1,5.5,clay,14.89,0.45,Warning
7.125,80.075,2024-02,25.0,91.1,27.8,17.2,72.3,12.6,loam,2.83,0.48,No Risk
7.025,79.975,2025-03,192.3,98.4,26.7,10.7,18.0,0.9,loam,1.76,0.59,Flood
6.9,79.85,2023-07,237.3,93.0,26.9,21.1,8.8,0.6,clay,3.14,0.56,Flood
7.05,79.9,2024-12,129.1,95.1,26.2,14.6,18.4,1.2,clay,8.45,0.58,Warning
7.075,80.125,2024-11,518.6,98.5,25.1,13.7,86.3,10.8,sandy,5.27,0.75,Warning
7.0,80.175,2025-05,309.7,98.0,25.4,13.4,74.0,13.3,sandy,11.44,0.7,Warning
7.075,80.325,2023-05,236.2,95.5,25.2,12.4,99.7,18.4,sandy,11.88,0.71,Landslide
6.9,79.875,2024-07,316.0,93.6,27.2,19.0,17.2,0.3,clay,2.29,0.62,Flood
6.925,80.225,2023-12,481.4,98.3,25.4,11.4,132.0,36.4,loam,15.0,0.85,Landslide
7.025,80.05,2024-04,222.8,98.2,28.0,12.4,34.0,3.7,loam,4.33,0.65,Warning
7.05,80.025,2023-02,120.8,95.4,25.9,13.2,87.5,19.3,clay,0.56,0.73,Landslide
7.1,80.05,2024-11,468.5,98.7,25.3,13.5,41.6,6.9,loam,2.22,0.68,Flood
7.0,80.275,2024-08,456.7,94.2,25.5,14.8,241.0,35.6,sandy,13.88,0.8,Landslide
7.1,80.2,2025-05,305.5,98.3,25.9,14.4,88.8,13.2,loam,0.0,0.79,Warning
6.9,80.35,2023-07,390.3,94.8,24.5,12.5,121.1,24.6,loam,15.0,0.75,Landslide
7.1,80.05,2024-08,265.1,96.5,26.2,16.1,41.6,6.9,loam,2.22,0.64,Flood
7.15,79.9,2023-12,312.3,95.5,26.0,16.8,7.8,0.8,clay,15.0,0.52,Warning
7.125,79.975,2024-07,299.1,96.1,26.8,17.7,15.6,2.2,loam,9.71,0.66,Warning
6.9,79.85,2023-05,238.3,94.7,27.4,17.2,8.8,0.6,clay,3.14,0.54,Flood
7.075,80.225,2023-02,96.5,96.6,24.4,11.3,87.8,9.6,sandy,3.92,0.7,Warning
6.925,79.925,2024-11,354.2,96.4,25.8,15.1,31.7,5.7,loam,3.92,0.62,Warning
6.9,80.125,2023-03,180.9,98.2,25.7,9.9,76.5,15.5,sandy,15.0,0.72,Landslide
6.9,79.85,2023-10,556.0,96.8,25.6,15.1,8.8,0.6,clay,3.14,0.55,Flood
7.05,79.9,2023-09,510.3,95.0,26.0,20.2,18.4,1.2,clay,8.45,0.6,Warning
7.125,79.975,2024-05,606.9,97.2,27.4,16.3,15.6,2.2,loam,9.71,0.57,Warning
6.9,80.375,2024-03,139.7,92.4,26.3,12.4,172.8,22.7,sandy,15.0,0.8,Landslide
7.1,80.325,2025-03,205.2,97.9,25.9,11.1,154.6,24.9,loam,9.82,0.81,Landslide
6.95,80.075,2023-07,296.9,97.1,26.0,16.8,54.5,2.1,loam,12.22,0.7,Warning
7.1,80.1,2023-02,100.4,94.5,25.6,13.9,75.3,10.7,loam,2.22,0.67,Warning
7.0,80.35,2024-11,601.0,98.7,24.8,10.2,193.9,27.8,loam,15.0,0.79,Landslide
6.975,80.1,2023-07,359.7,97.1,25.9,16.2,59.2,7.7,sandy,12.17,0.73,Warning
7.1,79.875,2023-11,517.8,97.8,25.5,11.8,24.4,3.5,clay,14.57,0.6,Warning
7.075,80.075,2024-02,27.4,91.6,28.1,16.6,71.6,10.1,clay,2.83,0.47,No Risk
6.9,79.95,2023-04,213.5,97.7,26.8,11.7,23.8,4.0,clay,7.85,0.57,Warning
7.0,80.05,2025-05,323.7,98.0,26.7,15.5,33.9,6.9,sandy,6.47,0.66,Warning
6.9,80.25,2024-02,42.6,94.4,26.7,12.2,113.0,8.2,sandy,15.0,0.64,No Risk
7.125,79.9,2025-02,34.2,91.7,27.3,17.8,29.0,5.3,clay,15.0,0.4,No Risk
6.95,80.225,2024-09,347.8,96.5,25.8,14.7,67.0,14.3,loam,15.0,0.68,Warning
7.075,80.3,2023-07,363.1,94.3,25.4,15.0,99.1,6.7,loam,9.88,0.77,Warning
7.025,80.0,2024-02,32.2,93.5,27.8,15.4,75.1,17.7,clay,1.24,0.56,No Risk
7.05,79.9,2025-03,153.9,96.3,26.8,12.5,18.4,1.2,clay,8.45,0.57,Warning
7.0,80.325,2024-12,148.9,98.3,24.0,10.6,237.4,27.0,sandy,15.0,0.76,Landslide
7.125,80.375,2024-11,625.7,98.2,24.0,11.4,175.1,24.7,sandy,11.88,0.83,Landslide
6.9,80.375,2023-12,546.1,96.5,24.2,10.2,172.8,22.7,sandy,15.0,0.78,Landslide
6.9,79.925,2023-02,67.3,95.1,25.6,15.8,28.1,3.3,sandy,6.21,0.52,Warning
6.975,80.025,2024-02,36.0,93.7,27.8,14.9,70.2,12.1,sandy,6.33,0.59,No Risk
7.15,79.85,2024-04,187.8,95.8,28.1,14.2,3.2,1.5,clay,15.0,0.56,Warning
7.15,80.0,2023-02,118.6,94.7,25.8,13.7,84.9,11.8,sandy,9.55,0.73,Warning
7.025,80.075,2024-02,35.9,93.6,27.6,14.9,77.9,17.8,loam,6.71,0.55,No Risk
6.9,79.85,2023-04,138.2,95.4,27.4,13.7,8.8,0.6,clay,3.14,0.58,Flood
7.15,80.0,2024-02,29.2,91.1,28.0,16.9,84.9,11.8,sandy,9.55,0.54,No Risk
7.0,80.35,2023-08,159.9,93.8,26.0,14.5,193.9,27.8,loam,15.0,0.79,Landslide
6.925,79.875,2024-10,413.9,95.5,26.3,16.8,16.7,1.3,loam,0.78,0.6,Flood
6.975,79.975,2025-01,343.7,97.1,25.4,13.1,17.0,0.8,loam,3.24,0.6,Flood
6.975,79.85,2024-09,304.0,93.0,27.1,20.5,9.5,0.5,clay,6.21,0.55,Warning
6.925,79.85,2024-05,666.5,95.2,27.7,20.1,24.7,3.2,clay,2.29,0.6,Flood
7.1,80.25,2024-02,22.2,92.4,27.0,15.8,182.6,19.8,loam,4.0,0.61,No Risk
7.0,80.175,2024-08,391.2,95.1,25.1,15.0,74.0,13.3,sandy,11.44,0.67,Warning
7.05,80.15,2023-10,600.5,97.4,25.1,13.1,133.4,17.5,loam,7.85,0.8,Landslide
7.075,80.0,2023-10,616.8,98.4,25.4,12.6,89.4,13.9,loam,3.55,0.7,Warning
6.975,80.1,2025-05,326.0,98.4,26.2,15.3,59.2,7.7,sandy,12.17,0.6,Warning
7.075,79.85,2024-03,78.7,94.8,28.1,16.3,25.8,2.4,loam,13.79,0.5,Warning
7.0,79.9,2024-02,43.0,91.8,27.6,17.7,22.7,1.5,clay,4.0,0.5,No Risk
7.0,79.975,2025-05,280.8,96.7,27.2,15.9,9.0,0.5,clay,1.67,0.59,Flood
6.925,80.025,2024-02,38.4,96.1,27.4,13.1,52.5,3.1,clay,11.02,0.46,No Risk
7.075,80.25,2024-01,206.0,96.8,25.9,11.1,117.6,18.7,sandy,6.21,0.81,Landslide
7.0,80.2,2023-06,342.8,95.8,25.9,13.3,62.8,13.7,sandy,11.1,0.69,Warning
7.075,80.175,2024-02,33.5,93.5,26.5,15.7,88.0,17.9,loam,3.92,0.54,No Risk
7.075,80.175,2024-02,33.8,93.6,26.5,15.5,88.0,17.9,loam,3.92,0.54,No Risk
7.0,79.95,2024-09,364.7,96.4,26.6,17.7,31.8,5.9,clay,1.11,0.61,Flood
7.1,79.925,2024-10,413.1,97.1,25.9,14.2,4.3,0.6,clay,11.44,0.56,Warning
6.95,80.2,2023-10,693.8,97.0,25.1,12.6,66.3,6.2,loam,15.0,0.66,Warning
6.9,80.0,2024-02,37.0,95.4,27.4,14.7,64.3,14.6,loam,11.8,0.52,No Risk
6.975,79.95,2024-09,374.7,96.3,26.6,17.6,19.8,1.1,clay,2.29,0.64,Flood
7.1,80.025,2025-03,180.6,98.3,26.4,12.7,59.1,4.2,loam,3.55,0.65,Warning
6.95,80.25,2024-02,41.9,94.4,26.0,12.4,182.1,27.5,sandy,15.0,0.67,No Risk
6.925,79.9,2023-03,135.9,95.9,26.4,12.9,11.6,0.4,clay,2.78,0.55,Flood
7.05,80.075,2023-12,403.4,97.8,25.8,13.6,48.9,3.6,loam,4.33,0.66,Warning
6.975,80.2,2025-01,339.0,98.4,24.9,10.6,118.9,8.0,sandy,13.88,0.79,Warning
7.125,79.975,2024-12,160.5,98.0,25.7,13.1,15.6,2.2,loam,9.71,0.58,Warning
7.025,79.975,2024-01,176.3,95.6,26.0,12.7,18.0,0.9,loam,1.76,0.61,Flood
7.1,80.125,2024-06,393.4,96.6,26.1,17.0,71.0,11.4,loam,2.78,0.68,Warning
7.05,80.1,2023-06,323.6,96.8,26.0,15.3,43.6,5.2,clay,5.98,0.6,Warning
7.125,80.2,2024-11,565.6,98.7,24.8,12.7,92.0,7.0,sandy,2.78,0.74,Warning
6.9,80.1,2025-02,74.5,97.5,26.1,13.4,75.8,7.3,loam,15.0,0.62,Warning
7.05,80.275,2024-06,405.7,95.6,25.6,16.6,201.8,19.8,loam,10.01,0.85,Landslide
7.05,80.275,2024-02,24.9,94.3,26.7,14.2,201.8,19.8,loam,10.01,0.52,No Risk
7.0,80.25,2024-04,203.0,96.8,27.5,11.1,127.9,31.1,loam,12.41,0.83,Landslide
6.9,80.275,2023-08,190.3,93.5,26.1,14.4,132.8,33.3,sandy,15.0,0.78,Landslide
7.1,80.125,2023-06,323.6,96.8,26.0,15.3,71.0,11.4,loam,2.78,0.67,Warning
7.125,80.375,2024-02,26.2,91.7,26.3,16.0,175.1,24.7,sandy,11.88,0.58,No Risk
7.15,79.875,2024-04,187.8,95.8,28.1,14.2,5.4,2.0,loam,15.0,0.59,Warning
7.05,80.35,2024-08,365.2,95.2,25.2,15.4,132.8,27.5,sandy,15.0,0.78,Landslide
6.9,79.925,2024-08,334.0,92.8,26.8,19.1,28.1,3.3,sandy,6.21,0.65,Warning
7.125,80.025,2024-05,707.0,97.7,27.1,15.6,86.7,12.3,loam,5.71,0.67,Warning
7.025,79.925,2023-06,370.5,94.9,27.0,19.9,7.6,1.0,clay,4.77,0.58,Warning
6.95,80.1,2023-04,199.7,97.4,26.5,11.4,68.6,15.4,clay,14.21,0.65,Landslide
6.975,80.0,2025-03,189.9,98.5,26.7,11.0,74.9,18.6,loam,5.12,0.73,Landslide
7.125,80.2,2025-02,41.8,96.0,26.1,14.5,92.0,7.0,sandy,2.78,0.59,No Risk
7.125,80.1,2024-02,25.5,90.8,27.9,17.2,39.1,1.8,loam,1.24,0.4,No Risk
7.025,80.225,2023-01,167.6,94.5,24.4,13.1,137.7,19.0,sandy,8.78,0.8,Landslide
7.125,79.925,2023-11,513.5,99.6,25.4,10.1,3.0,1.9,clay,13.44,0.53,Warning
7.125,80.375,2025-02,27.2,96.6,25.3,13.0,175.1,24.7,sandy,11.88,0.64,No Risk
7.05,80.375,2023-05,187.9,96.2,21.3,12.1,212.7,17.2,sandy,15.0,0.82,Landslide
6.975,80.075,2024-03,121.6,96.0,28.2,15.4,57.2,4.9,clay,10.32,0.63,Warning
6.95,79.925,2024-11,355.9,96.3,25.8,15.1,29.7,6.4,clay,2.77,0.59,Flood
7.1,79.9,2023-07,205.5,92.5,26.9,21.4,20.9,6.5,clay,12.94,0.59,Warning
6.975,79.9,2023-10,504.7,96.8,25.6,15.1,18.4,0.3,clay,2.77,0.6,Flood
6.925,80.025,2024-02,38.7,96.0,27.3,13.1,52.5,3.1,clay,11.02,0.46,No Risk
7.0,80.25,2024-06,451.6,95.4,25.7,15.3,127.9,31.1,loam,12.41,0.83,Landslide
6.975,79.975,2024-07,362.9,96.4,26.8,16.3,17.0,0.8,loam,3.24,0.59,Flood
6.9,80.075,2024-02,38.4,96.1,27.3,13.2,48.0,3.8,clay,15.0,0.48,No Risk
7.125,80.35,2024-11,625.7,98.2,24.0,11.4,158.1,30.1,loam,9.82,0.77,Landslide
6.95,80.25,2023-02,135.7,95.6,24.3,10.9,182.1,27.5,sandy,15.0,0.82,Landslide
6.9,79.9,2024-11,354.2,96.4,25.8,15.1,18.9,1.4,clay,4.0,0.58,Warning
6.9,80.325,2024-01,345.7,94.6,24.3,9.5,190.9,31.7,sandy,15.0,0.8,Landslide
6.9,79.9,2024-07,316.0,93.6,27.2,19.0,18.9,1.4,clay,4.0,0.58,Warning
7.05,80.2,2025-05,305.5,98.3,24.7,14.4,99.8,17.4,sandy,5.55,0.74,Landslide
6.975,80.275,2023-06,395.4,94.7,25.6,12.7,191.4,27.2,loam,15.0,0.83,Landslide
6.95,80.275,2025-02,51.8,97.0,25.9,12.1,186.9,15.9,sandy,15.0,0.68,Warning
7.075,80.2,2024-02,33.8,93.7,27.3,15.5,99.7,13.8,loam,2.77,0.63,No Risk
7.025,80.075,2023-08,137.4,96.4,26.5,17.0,77.9,17.8,loam,6.71,0.72,Landslide
7.05,79.9,2025-05,288.9,95.1,27.7,20.2,18.4,1.2,clay,8.45,0.63,Warning
7.1,80.075,2024-03,112.6,95.8,28.3,15.7,92.3,13.0,clay,0.55,0.72,Warning
7.075,80.325,2024-02,27.7,94.6,25.7,12.9,99.7,18.4,sandy,11.88,0.53,No Risk
7.05,80.175,2025-03,205.9,97.8,25.9,11.6,121.1,17.9,sandy,6.21,0.79,Landslide
7.15,79.925,2025-01,271.0,96.5,25.5,15.8,12.6,0.5,clay,15.0,0.55,Warning
7.025,80.325,2024-01,236.9,96.2,25.0,9.9,167.2,17.8,sandy,15.0,0.78,Landslide
7.0,80.1,2024-11,499.0,98.3,25.1,14.1,29.7,6.4,loam,10.47,0.61,Warning
6.95,79.9,2024-04,174.7,96.2,28.2,14.4,20.5,4.8,loam,0.0,0.57,Flood
7.0,80.075,2024-12,186.0,97.9,25.7,12.3,52.6,1.6,sandy,8.25,0.67,Warning
7.0,80.0,2024-02,32.3,93.5,27.7,15.3,74.6,6.2,clay,2.48,0.54,No Risk
6.975,79.975,2025-04,234.2,97.6,26.9,12.5,17.0,0.8,loam,3.24,0.62,Flood
7.075,79.9,2023-11,473.5,97.8,25.5,11.8,28.5,5.2,clay,10.66,0.64,Warning
6.95,80.3,2024-08,484.2,94.0,25.6,14.1,238.9,30.8,sandy,15.0,0.77,Landslide
7.075,80.025,2024-02,27.8,91.4,28.1,16.5,86.0,16.6,loam,2.83,0.52,No Risk
7.025,80.0,2023-07,254.2,95.5,26.6,17.6,75.1,17.7,clay,1.24,0.67,Landslide
6.925,79.875,2023-02,67.3,95.1,25.6,15.8,16.7,1.3,loam,0.78,0.51,Warning
6.925,80.1,2023-05,241.1,96.6,26.3,13.2,54.2,8.0,loam,15.0,0.64,Warning
7.025,80.35,2025-01,374.0,99.2,23.7,8.6,168.9,24.2,sandy,15.0,0.83,Landslide
6.925,80.175,2023-04,173.9,96.5,26.5,11.0,65.1,18.1,loam,15.0,0.7,Landslide
7.1,80.1,2024-02,25.6,90.9,27.8,17.1,75.3,10.7,loam,2.22,0.5,No Risk
7.0,80.275,2023-01,178.5,94.7,24.0,11.3,241.0,35.6,sandy,13.88,0.8,Landslide
6.95,80.325,2023-06,463.6,94.8,25.4,12.1,174.0,30.3,sandy,15.0,0.79,Landslide
7.0,80.175,2023-05,234.3,95.5,25.7,12.5,74.0,13.3,sandy,11.44,0.69,Warning
7.0,80.05,2024-07,324.6,97.3,26.5,15.6,33.9,6.9,sandy,6.47,0.6,Warning
6.9,79.925,2023-07,250.1,92.9,26.9,21.0,28.1,3.3,sandy,6.21,0.6,Warning
6.975,79.85,2023-09,545.4,95.2,26.1,19.9,9.5,0.5,clay,6.21,0.56,Warning
7.025,79.95,2025-03,202.4,98.4,26.7,11.1,14.2,1.5,clay,2.99,0.57,Flood
6.925,80.175,2023-06,381.0,95.8,25.9,13.2,65.1,18.1,loam,15.0,0.73,Landslide
7.025,80.175,2023-01,167.6,94.5,24.4,13.1,132.6,16.4,loam,8.78,0.8,Landslide
6.925,80.25,2025-02,51.8,97.0,25.9,12.1,228.8,33.0,sandy,15.0,0.62,Warning
7.025,79.975,2024-03,121.4,96.8,28.1,14.9,18.0,0.9,loam,1.76,0.59,Flood
7.075,80.225,2023-03,186.9,96.7,25.0,10.7,87.8,9.6,sandy,3.92,0.72,Warning
6.975,79.95,2024-06,353.3,95.9,26.7,18.2,19.8,1.1,clay,2.29,0.58,Flood
7.025,79.95,2023-02,85.4,96.6,25.6,13.3,14.2,1.5,clay,2.99,0.52,Warning
6.975,79.85,2023-05,233.6,95.9,27.4,17.4,9.5,0.5,clay,6.21,0.59,Warning
7.1,80.05,2024-04,223.9,98.3,28.1,12.4,41.6,6.9,loam,2.22,0.62,Flood
7.15,79.925,2024-02,23.8,92.3,28.0,16.4,12.6,0.5,clay,15.0,0.36,Warning
6.95,80.0,2023-07,292.2,95.6,26.5,17.5,15.8,1.9,clay,7.11,0.63,Warning
7.1,80.025,2023-10,597.0,98.2,25.3,12.8,59.1,4.2,loam,3.55,0.63,Warning
7.0,80.025,2023-01,129.0,91.8,25.1,14.5,80.3,6.7,sandy,4.47,0.72,Warning
7.15,79.975,2024-11,444.4,99.1,25.3,13.3,28.4,6.7,clay,11.39,0.66,Warning
6.925,80.0,2024-05,761.3,97.1,27.2,16.4,60.1,18.3,loam,9.44,0.7,Landslide
6.925,80.2,2025-01,290.5,99.0,24.8,9.7,95.2,12.3,loam,15.0,0.79,Warning
7.025,79.85,2024-08,309.0,92.7,26.8,19.6,24.8,3.0,clay,10.01,0.61,Warning
7.0,80.225,2024-02,46.0,95.4,27.2,13.3,93.3,10.0,sandy,11.44,0.59,Warning
7.0,79.85,2025-01,278.2,94.5,25.7,15.2,13.7,1.6,loam,7.85,0.57,Warning
7.075,80.275,2023-12,438.8,98.2,25.0,11.6,201.6,18.5,loam,7.89,0.78,Landslide
6.95,80.225,2023-11,607.9,98.2,25.1,10.1,67.0,14.3,loam,15.0,0.68,Warning
7.0,80.325,2023-12,540.4,97.5,24.3,9.9,237.4,27.0,sandy,15.0,0.82,Landslide
6.975,79.925,2023-07,220.4,92.8,26.9,21.4,14.6,0.6,clay,0.78,0.6,Flood
7.1,80.05,2024-02,27.8,91.5,28.1,16.7,41.6,6.9,loam,2.22,0.46,No Risk
7.075,79.875,2023-10,478.9,96.7,25.6,14.9,9.5,1.1,clay,12.18,0.53,Warning
7.025,79.95,2023-09,576.6,96.6,25.6,16.9,14.2,1.5,clay,2.99,0.58,Flood
7.075,80.175,2024-08,344.1,95.2,24.8,15.7,88.0,17.9,loam,3.92,0.71,Landslide
7.075,80.35,2023-01,147.3,93.8,23.1,11.8,222.8,24.9,loam,13.74,0.83,Landslide
7.0,80.275,2023-09,709.1,95.5,24.7,15.8,241.0,35.6,sandy,13.88,0.8,Landslide
6.95,80.15,2025-02,74.5,97.5,26.1,13.4,110.9,14.4,sandy,15.0,0.73,Warning
6.925,80.225,2024-03,86.6,94.1,28.3,16.4,132.0,36.4,loam,15.0,0.74,Landslide
7.05,80.2,2024-02,34.0,93.6,26.1,15.4,99.8,17.4,sandy,5.55,0.5,No Risk
7.075,79.975,2025-05,288.8,97.0,27.3,16.7,18.3,2.2,loam,5.71,0.59,Warning
7.15,79.85,2024-01,139.3,93.0,26.1,16.3,3.2,1.5,clay,15.0,0.52,Warning
6.975,79.925,2023-04,168.5,98.0,27.0,13.9,14.6,0.6,clay,0.78,0.6,Flood
7.05,80.075,2024-10,405.0,97.4,25.8,13.4,48.9,3.6,loam,4.33,0.61,Warning
6.9,79.925,2024-09,310.4,92.9,27.0,20.0,28.1,3.3,sandy,6.21,0.56,Warning
6.95,80.25,2023-07,413.1,94.8,24.9,13.3,182.1,27.5,sandy,15.0,0.82,Landslide
6.9,80.3,2024-10,612.3,95.4,24.3,11.8,186.2,18.2,sandy,15.0,0.84,Landslide
6.975,79.975,2024-05,695.3,97.3,27.3,16.5,17.0,0.8,loam,3.24,0.57,Flood
6.9,80.25,2024-08,484.2,94.0,25.6,14.1,113.0,8.2,sandy,15.0,0.77,Warning
7.075,79.975,2024-01,164.6,95.3,26.1,13.8,18.3,2.2,loam,5.71,0.57,Warning
7.05,80.1,2024-02,26.8,91.5,27.8,16.2,43.6,5.2,clay,5.98,0.44,No Risk
7.025,79.9,2023-01,90.4,91.7,25.2,17.9,21.7,7.3,loam,6.0,0.49,Warning
7.05,80.0,2023-03,179.2,96.6,26.5,11.9,74.6,7.6,clay,2.22,0.66,Warning
7.1,79.85,2024-05,574.7,94.9,27.7,19.6,19.7,1.6,clay,15.0,0.59,Warning
6.925,79.9,2024-01,138.1,94.3,26.0,14.2,11.6,0.4,clay,2.78,0.6,Flood
7.125,80.375,2023-02,112.4,96.0,24.3,12.3,175.1,24.7,sandy,11.88,0.85,Landslide
7.0,79.9,2024-02,43.6,91.9,27.6,17.6,22.7,1.5,clay,4.0,0.5,No Risk
6.9,80.15,2024-01,190.0,97.1,25.6,10.3,132.2,24.6,loam,15.0,0.79,Landslide
6.9,80.225,2024-01,185.4,96.9,25.6,10.1,111.9,8.1,sandy,15.0,0.74,Warning
7.075,79.875,2025-01,269.5,94.8,25.5,16.5,9.5,1.1,clay,12.18,0.55,Warning
7.1,80.025,2025-02,43.2,95.2,27.0,15.6,59.1,4.2,loam,3.55,0.49,No Risk
6.975,80.125,2024-05,821.3,97.1,26.8,15.8,37.5,4.8,clay,14.32,0.59,Warning
6.9,79.875,2023-05,238.3,94.7,27.3,17.0,17.2,0.3,clay,2.29,0.54,Flood
7.075,79.95,2024-05,637.4,97.3,27.4,16.3,17.2,0.3,loam,7.55,0.63,Warning
7.15,80.025,2025-05,276.9,98.1,26.9,16.9,44.0,2.2,loam,8.25,0.64,Warning
6.9,80.075,2025-02,69.4,97.1,26.3,13.4,48.0,3.8,clay,15.0,0.52,Warning
6.925,80.2,2023-03,168.2,97.3,25.8,10.1,95.2,12.3,loam,15.0,0.79,Warning
7.025,80.125,2024-08,330.6,95.8,25.9,16.1,60.4,12.0,clay,9.71,0.65,Warning
7.1,80.1,2023-12,387.0,97.0,25.5,15.1,75.3,10.7,loam,2.22,0.71,Warning
6.95,80.175,2023-10,693.8,97.0,25.1,12.6,117.2,19.0,loam,15.0,0.79,Landslide
6.925,80.3,2024-02,42.4,94.5,26.8,12.3,197.1,18.5,loam,15.0,0.62,No Risk
7.025,79.925,2023-03,112.6,97.4,26.4,13.6,7.6,1.0,clay,4.77,0.6,Warning
7.1,79.85,2023-08,105.1,92.4,27.0,19.9,19.7,1.6,clay,15.0,0.57,Warning
6.9,80.125,2024-03,113.7,95.5,28.0,16.3,76.5,15.5,sandy,15.0,0.68,Landslide
7.1,80.05,2024-06,396.5,96.5,26.5,17.2,41.6,6.9,loam,2.22,0.67,Flood
7.075,80.075,2024-07,315.7,97.0,26.5,16.0,71.6,10.1,clay,2.83,0.68,Warning
7.075,80.1,2024-08,298.8,95.7,25.9,16.5,32.2,3.5,clay,3.55,0.68,Warning
7.075,80.175,2023-09,566.4,96.3,24.0,16.9,88.0,17.9,loam,3.92,0.74,Landslide
7.125,80.05,2025-04,260.0,98.2,26.4,13.1,50.3,6.3,loam,4.33,0.65,Warning
7.05,79.9,2023-06,326.9,94.7,27.0,20.1,18.4,1.2,clay,8.45,0.58,Warning
6.925,79.85,2023-08,143.2,92.7,27.0,19.8,24.7,3.2,clay,2.29,0.59,Flood
6.95,80.05,2024-02,38.5,96.1,27.3,13.2,79.7,18.7,loam,10.23,0.57,No Risk
6.95,79.95,2023-02,112.9,97.7,25.5,12.9,10.8,0.5,clay,4.0,0.55,Warning
7.05,80.1,2024-02,27.0,91.2,27.8,16.3,43.6,5.2,clay,5.98,0.44,No Risk
7.1,80.05,2023-08,114.4,96.1,26.6,17.0,41.6,6.9,loam,2.22,0.59,Flood
6.925,80.225,2023-06,381.0,95.8,25.9,13.2,132.0,36.4,loam,15.0,0.78,Landslide
7.075,79.85,2023-10,478.9,96.7,25.7,14.9,25.8,2.4,loam,13.79,0.62,Warning
6.95,80.325,2024-02,42.6,94.3,26.3,12.2,174.0,30.3,sandy,15.0,0.57,No Risk
7.125,80.1,2024-02,25.7,91.0,27.8,17.0,39.1,1.8,loam,1.24,0.4,No Risk
6.925,80.15,2023-09,608.4,96.8,25.0,16.9,109.4,14.2,sandy,15.0,0.75,Warning
7.0,79.925,2023-12,362.7,96.3,25.9,15.5,3.0,2.2,clay,2.29,0.54,Flood
6.9,80.2,2023-11,607.9,98.2,25.1,10.1,74.7,8.5,sandy,15.0,0.7,Warning
7.0,80.025,2024-11,469.8,98.8,25.3,13.2,80.3,6.7,sandy,4.47,0.72,Warning
7.1,80.3,2024-02,26.8,91.6,26.3,16.0,227.7,27.9,loam,8.0,0.63,No Risk
7.05,80.0,2024-11,437.4,99.1,25.4,12.9,74.6,7.6,clay,2.22,0.71,Warning
6.95,80.35,2023-07,390.3,94.8,24.5,12.5,144.3,16.2,loam,15.0,0.85,Landslide
7.0,79.95,2024-05,695.3,97.3,27.3,16.5,31.8,5.9,clay,1.11,0.59,Flood
6.95,79.975,2023-09,573.5,96.9,25.5,16.9,33.0,1.8,clay,5.79,0.6,Warning
6.9,80.025,2024-02,38.7,96.3,27.3,13.3,77.1,15.8,sandy,13.24,0.6,No Risk
6.9,80.05,2024-05,755.7,97.9,26.8,15.7,22.1,5.5,clay,14.89,0.61,Warning
7.125,80.05,2024-02,29.3,91.3,28.2,17.2,50.3,6.3,loam,4.33,0.47,No Risk
6.975,80.0,2024-12,191.6,97.8,26.1,12.2,74.9,18.6,loam,5.12,0.69,Landslide
6.975,80.35,2024-10,514.5,96.2,24.3,11.6,187.8,28.4,loam,15.0,0.85,Landslide
7.125,80.1,2023-10,537.7,97.9,25.1,13.2,39.1,1.8,loam,1.24,0.61,Flood
7.0,79.925,2023-10,506.1,96.8,25.7,14.9,3.0,2.2,clay,2.29,0.54,Flood
7.025,79.95,2023-11,495.8,99.5,25.4,10.2,14.2,1.5,clay,2.99,0.59,Flood
7.025,80.2,2023-06,342.8,95.8,25.1,13.3,123.8,29.9,sandy,8.32,0.8,Landslide
6.975,80.1,2024-02,42.0,94.5,27.5,14.2,59.2,7.7,sandy,12.17,0.53,No Risk
7.125,80.125,2025-02,36.0,95.1,26.7,15.8,79.8,17.8,sandy,1.76,0.56,No Risk
7.1,80.025,2023-08,91.8,95.8,26.6,17.5,59.1,4.2,loam,3.55,0.65,Warning
7.025,80.325,2025-03,168.2,98.9,25.3,10.6,167.2,17.8,sandy,15.0,0.82,Landslide
6.9,79.925,2023-09,554.6,95.0,26.0,19.3,28.1,3.3,sandy,6.21,0.61,Warning
7.1,80.05,2024-04,226.8,98.3,28.1,12.5,41.6,6.9,loam,2.22,0.62,Flood
7.05,80.3,2023-04,188.3,96.8,26.0,11.5,128.7,31.4,loam,11.8,0.78,Landslide
6.975,80.0,2025-04,226.5,97.7,26.9,12.3,74.9,18.6,loam,5.12,0.69,Landslide
7.1,79.9,2024-02,42.1,91.1,27.7,17.8,20.9,6.5,clay,12.94,0.51,No Risk
7.125,80.15,2024-11,565.6,98.7,24.8,12.7,153.9,18.9,loam,2.99,0.77,Landslide
6.975,80.05,2024-10,437.2,97.4,25.8,13.6,76.5,13.7,loam,8.33,0.7,Warning
7.125,80.3,2023-03,146.7,95.4,25.9,12.1,121.9,24.6,sandy,5.9,0.77,Landslide
7.05,80.2,2024-01,178.8,96.0,24.3,12.4,99.8,17.4,sandy,5.55,0.77,Landslide
7.05,80.1,2023-04,203.6,97.0,26.8,12.4,43.6,5.2,clay,5.98,0.63,Warning
6.95,79.9,2025-05,282.4,94.1,27.7,18.0,20.5,4.8,loam,0.0,0.6,Flood
7.0,79.975,2024-11,422.3,98.9,25.5,12.8,9.0,0.5,clay,1.67,0.54,Flood
7.125,79.9,2023-11,517.8,97.8,25.5,11.8,29.0,5.3,clay,15.0,0.58,Warning
7.1,80.3,2024-09,284.9,95.2,24.7,16.5,227.7,27.9,loam,8.0,0.8,Landslide
7.1,80.35,2024-03,106.1,94.6,28.3,14.7,104.3,12.9,sandy,12.01,0.75,Warning
7.1,79.875,2025-02,33.3,91.7,27.3,18.0,24.4,3.5,clay,14.57,0.44,No Risk
6.9,80.35,2024-01,345.7,94.6,24.3,9.5,121.1,24.6,loam,15.0,0.8,Landslide
6.925,80.025,2024-04,227.3,98.2,27.7,12.5,52.5,3.1,clay,11.02,0.68,Warning
6.925,80.25,2023-11,648.1,98.2,24.9,9.9,228.8,33.0,sandy,15.0,0.79,Landslide
7.1,80.375,2025-04,266.8,98.4,25.7,11.3,126.9,33.0,sandy,13.74,0.81,Landslide
6.975,80.05,2024-08,284.7,96.4,26.1,16.3,76.5,13.7,loam,8.33,0.72,Warning
6.925,79.875,2023-05,237.7,94.6,27.2,17.1,16.7,1.3,loam,0.78,0.61,Flood
6.925,80.35,2023-07,390.3,94.8,24.5,12.5,196.5,16.3,sandy,15.0,0.83,Landslide
7.075,80.3,2024-02,26.3,94.4,26.7,14.2,99.1,6.7,loam,9.88,0.62,No Risk
6.975,79.9,2023-05,224.8,95.9,27.3,17.3,18.4,0.3,clay,2.77,0.57,Flood
7.15,79.9,2024-01,139.3,93.0,26.1,16.3,7.8,0.8,clay,15.0,0.61,Warning
6.9,80.3,2024-02,42.3,94.3,25.6,12.1,186.2,18.2,sandy,15.0,0.59,No Risk
7.1,80.125,2024-02,26.9,91.4,27.8,16.3,71.0,11.4,loam,2.78,0.53,No Risk
7.125,80.25,2023-12,330.7,97.4,24.3,13.0,183.4,27.4,sandy,2.29,0.79,Landslide
6.925,80.1,2024-02,39.7,96.3,27.2,12.8,54.2,8.0,loam,15.0,0.53,No Risk
7.025,79.85,2024-03,93.8,95.0,28.0,16.4,24.8,3.0,clay,10.01,0.63,Warning
6.9,80.275,2025-02,51.8,97.0,25.9,12.1,132.8,33.3,sandy,15.0,0.67,Warning
7.05,79.95,2023-07,254.6,95.5,26.6,18.0,19.3,2.2,clay,5.55,0.58,Warning
6.9,80.325,2024-05,851.9,97.2,25.4,13.3,190.9,31.7,sandy,15.0,0.85,Landslide
7.15,79.975,2023-08,95.3,95.3,26.8,17.8,28.4,6.7,clay,11.39,0.58,Warning
6.975,79.925,2025-03,135.2,95.3,27.3,11.9,14.6,0.6,clay,0.78,0.55,Flood
7.05,80.1,2024-10,438.3,96.9,25.5,13.5,43.6,5.2,clay,5.98,0.66,Warning
7.0,79.875,2023-12,362.7,96.3,25.9,15.5,36.2,4.8,loam,6.21,0.64,Warning
6.975,79.975,2024-03,124.5,96.8,28.1,14.9,17.0,0.8,loam,3.24,0.58,Flood
6.9,80.175,2023-05,254.9,95.5,26.4,12.5,105.0,17.4,loam,15.0,0.75,Landslide
7.05,80.375,2025-02,44.9,98.8,20.7,11.0,212.7,17.2,sandy,15.0,0.69,No Risk
7.05,80.0,2024-02,26.4,92.3,28.1,16.2,74.6,7.6,clay,2.22,0.57,No Risk
6.95,80.125,2023-09,608.4,96.8,25.0,16.9,28.9,5.4,clay,15.0,0.61,Warning
7.025,79.975,2024-06,346.2,95.7,26.6,18.0,18.0,0.9,loam,1.76,0.62,Flood
6.95,80.05,2023-06,360.3,98.4,25.9,15.7,79.7,18.7,loam,10.23,0.75,Landslide
7.15,79.9,2024-03,57.0,94.3,28.0,16.4,7.8,0.8,clay,15.0,0.47,Warning
6.95,80.075,2025-02,69.4,97.1,26.3,13.4,54.5,2.1,loam,12.22,0.61,Warning
7.125,80.25,2024-02,22.2,92.3,26.2,15.8,183.4,27.4,sandy,2.29,0.65,No Risk
7.0,79.9,2024-07,302.3,93.5,27.1,19.5,22.7,1.5,clay,4.0,0.61,Warning
7.05,80.325,2024-02,26.0,94.3,26.8,14.2,217.1,18.9,sandy,13.79,0.66,No Risk
6.975,80.025,2023-08,137.4,96.4,26.5,17.0,70.2,12.1,sandy,6.33,0.69,Warning
7.125,80.125,2024-02,24.8,90.7,27.8,17.3,79.8,17.8,sandy,1.76,0.51,No Risk
6.975,80.15,2024-02,42.4,94.3,27.5,14.2,94.7,8.2,loam,14.94,0.61,No Risk
6.925,80.2,2024-01,185.4,96.9,25.6,10.1,95.2,12.3,loam,15.0,0.7,Warning
6.9,80.3,2024-02,42.6,94.4,25.6,12.1,186.2,18.2,sandy,15.0,0.59,No Risk
7.1,80.275,2023-07,363.1,94.3,26.1,15.0,138.0,32.2,loam,6.0,0.85,Landslide
7.1,80.05,2023-07,272.2,96.0,26.3,16.6,41.6,6.9,loam,2.22,0.61,Flood
7.05,79.925,2025-01,269.5,94.8,25.5,16.5,35.5,6.6,clay,6.77,0.57,Warning
7.15,79.85,2024-09,257.0,92.4,27.1,20.9,3.2,1.5,clay,15.0,0.56,Warning
6.975,80.125,2024-08,330.6,95.8,25.9,16.1,37.5,4.8,clay,14.32,0.64,Warning
6.95,79.85,2024-10,410.6,95.4,26.3,16.9,17.7,1.4,clay,4.0,0.58,Warning
7.0,80.075,2024-02,36.6,93.8,27.8,15.0,52.6,1.6,sandy,8.25,0.54,No Risk
7.0,79.85,2024-02,42.9,91.8,27.7,17.8,13.7,1.6,loam,7.85,0.4,No Risk
7.125,80.225,2025-02,42.9,96.5,25.1,13.6,101.5,18.6,clay,0.78,0.59,No Risk
7.1,80.325,2023-10,592.3,97.7,24.9,13.1,154.6,24.9,loam,9.82,0.83,Landslide
6.975,80.075,2024-02,36.1,93.8,27.7,14.9,57.2,4.9,clay,10.32,0.53,No Risk
6.9,80.3,2024-02,42.8,94.3,25.7,12.0,186.2,18.2,sandy,15.0,0.59,No Risk
7.0,80.225,2024-09,346.2,96.6,25.7,15.0,93.3,10.0,sandy,11.44,0.75,Warning
7.0,79.95,2025-01,343.7,97.1,25.4,13.1,31.8,5.9,clay,1.11,0.64,Flood
6.9,80.15,2024-08,359.2,96.3,25.7,16.3,132.2,24.6,loam,15.0,0.76,Landslide
6.95,80.075,2025-01,376.1,98.7,25.0,12.5,54.5,2.1,loam,12.22,0.66,Warning
7.0,79.95,2024-11,425.9,98.8,25.4,12.7,31.8,5.9,clay,1.11,0.59,Flood
7.1,80.1,2024-12,144.9,97.5,25.4,13.2,75.3,10.7,loam,2.22,0.74,Warning
7.1,80.175,2025-03,179.3,97.5,26.0,11.6,146.2,35.3,loam,2.78,0.79,Landslide
7.075,80.25,2025-02,60.2,97.2,26.5,12.7,117.6,18.7,sandy,6.21,0.69,Warning
6.9,79.975,2025-01,322.1,97.8,25.3,12.1,23.2,3.9,loam,10.01,0.59,Warning
7.1,80.05,2024-07,315.7,97.0,26.5,16.0,41.6,6.9,loam,2.22,0.62,Flood
7.125,80.05,2025-01,282.0,96.2,25.4,16.2,50.3,6.3,loam,4.33,0.65,Warning
7.125,80.1,2024-06,339.2,96.8,26.1,18.1,39.1,1.8,loam,1.24,0.61,Flood
6.9,80.025,2024-08,340.6,97.0,26.0,16.4,77.1,15.8,sandy,13.24,0.66,Landslide
6.95,80.15,2024-02,39.2,96.3,27.1,12.7,110.9,14.4,sandy,15.0,0.65,No Risk
7.125,80.35,2023-04,208.8,96.0,25.6,12.3,158.1,30.1,loam,9.82,0.79,Landslide
6.925,80.125,2023-09,608.4,96.8,25.0,16.9,34.1,5.4,loam,15.0,0.63,Warning
6.925,80.125,2024-03,113.7,95.5,28.0,16.3,34.1,5.4,loam,15.0,0.58,Warning
7.0,80.35,2023-01,193.5,94.0,24.0,9.9,193.9,27.8,loam,15.0,0.78,Landslide
7.1,80.075,2024-10,405.0,97.4,25.8,13.4,92.3,13.0,clay,0.55,0.73,Warning
7.075,80.375,2024-09,287.0,97.5,22.3,14.2,115.1,6.0,sandy,15.0,0.81,Warning
7.05,80.15,2024-09,350.6,97.6,25.9,16.8,133.4,17.5,loam,7.85,0.8,Landslide
7.05,79.925,2024-10,421.1,95.4,26.2,16.8,35.5,6.6,clay,6.77,0.59,Warning
7.075,80.025,2023-12,403.4,97.8,25.8,13.6,86.0,16.6,loam,2.83,0.74,Landslide
6.975,79.925,2025-05,280.5,94.2,27.8,19.3,14.6,0.6,clay,0.78,0.56,Flood
7.1,80.0,2023-05,233.4,96.4,27.0,15.1,72.7,8.6,loam,5.98,0.66,Warning
7.125,80.075,2025-01,263.6,97.1,25.1,16.4,72.3,12.6,loam,2.83,0.69,Warning
6.95,79.875,2023-09,554.6,95.0,26.0,19.3,39.8,2.5,loam,2.78,0.63,Flood
7.05,79.85,2025-01,269.5,94.8,25.6,16.5,7.3,1.1,clay,11.8,0.53,Warning
6.925,79.925,2024-07,316.0,93.6,27.2,19.0,31.7,5.7,loam,3.92,0.59,Warning
7.1,80.225,2024-06,419.1,96.0,25.9,16.9,125.1,18.9,loam,2.77,0.8,Landslide
6.925,80.225,2023-04,173.9,96.5,26.5,11.0,132.0,36.4,loam,15.0,0.85,Landslide
6.95,80.0,2024-11,411.9,98.9,25.4,12.6,15.8,1.9,clay,7.11,0.6,Warning
7.025,80.025,2024-01,203.6,95.5,26.1,12.4,69.5,11.7,loam,2.83,0.69,Warning
7.15,79.875,2023-09,519.6,94.7,26.0,20.5,5.4,2.0,loam,15.0,0.57,Warning
6.9,79.85,2023-07,244.6,92.9,26.9,21.0,8.8,0.6,clay,3.14,0.56,Flood
6.9,80.375,2024-04,341.0,95.2,26.3,9.5,172.8,22.7,sandy,15.0,0.82,Landslide
6.95,80.1,2023-10,624.0,97.0,25.1,13.2,68.6,15.4,clay,14.21,0.68,Landslide
7.025,80.075,2023-10,589.9,97.9,25.3,12.6,77.9,17.8,loam,6.71,0.71,Landslide
6.925,79.9,2025-03,134.8,94.8,27.3,11.5,11.6,0.4,clay,2.78,0.59,Flood
7.075,79.875,2024-02,41.6,91.3,27.6,17.7,9.5,1.1,clay,12.18,0.47,No Risk
7.0,80.375,2023-09,553.4,96.7,24.9,16.0,175.5,36.1,sandy,15.0,0.8,Landslide
7.025,80.325,2025-04,365.3,98.9,25.1,11.2,167.2,17.8,sandy,15.0,0.8,Landslide
6.925,80.275,2024-05,858.9,96.7,26.5,13.5,193.9,32.8,loam,15.0,0.81,Landslide
6.925,79.9,2024-04,177.2,96.1,28.2,14.5,11.6,0.4,clay,2.78,0.58,Flood
7.05,80.35,2023-05,236.2,95.5,25.8,12.4,132.8,27.5,sandy,15.0,0.8,Landslide
6.9,79.925,2023-06,379.3,94.7,27.0,19.5,28.1,3.3,sandy,6.21,0.61,Warning
7.0,79.975,2023-01,110.3,91.5,25.2,15.1,9.0,0.5,clay,1.67,0.54,Flood
7.025,79.975,2023-12,412.0,98.2,25.7,13.7,18.0,0.9,loam,1.76,0.55,Flood
6.975,80.025,2023-06,329.7,97.9,26.2,15.7,70.2,12.1,sandy,6.33,0.67,Warning
6.9,80.125,2023-12,462.6,98.5,25.3,12.0,76.5,15.5,sandy,15.0,0.75,Landslide
7.1,79.975,2023-02,101.8,94.9,25.9,13.4,4.1,2.0,clay,7.47,0.6,Warning
6.925,79.95,2023-10,657.4,98.0,25.4,12.9,7.2,0.3,clay,6.21,0.56,Warning
7.05,79.95,2023-06,325.2,96.6,26.6,17.5,19.3,2.2,clay,5.55,0.6,Warning
6.975,79.875,2024-09,304.0,93.0,27.0,20.5,28.7,5.1,sandy,3.92,0.61,Warning
6.925,80.3,2023-03,198.0,95.8,25.5,9.9,197.1,18.5,loam,15.0,0.82,Landslide
7.05,80.3,2025-04,300.0,98.5,25.4,11.9,128.7,31.4,loam,11.8,0.81,Landslide
6.95,80.025,2023-10,593.4,97.9,25.2,12.8,88.4,10.8,loam,8.69,0.75,Warning
7.05,80.05,2023-07,278.2,96.1,26.4,16.8,22.4,3.7,loam,3.33,0.6,Flood
7.125,79.9,2024-02,26.6,90.4,27.8,18.1,29.0,5.3,clay,15.0,0.39,No Risk
7.125,79.9,2025-02,34.3,91.7,27.3,17.9,29.0,5.3,clay,15.0,0.4,No Risk
6.975,80.125,2024-07,306.0,97.0,26.2,15.8,37.5,4.8,clay,14.32,0.56,Warning
7.1,80.25,2025-02,42.7,96.8,25.8,13.5,182.6,19.8,loam,4.0,0.69,No Risk
6.975,79.95,2023-03,156.1,97.7,26.3,11.7,19.8,1.1,clay,2.29,0.61,Flood
7.05,80.025,2024-02,27.9,91.4,28.2,16.4,87.5,19.3,clay,0.56,0.55,No Risk
6.9,80.075,2023-07,296.9,97.1,26.0,16.8,48.0,3.8,clay,15.0,0.62,Warning
7.1,80.1,2023-06,296.8,96.7,26.0,16.7,75.3,10.7,loam,2.22,0.71,Warning
6.975,80.2,2024-06,470.1,95.8,26.0,16.1,118.9,8.0,sandy,13.88,0.82,Warning
7.025,79.85,2024-02,42.9,91.7,27.7,17.6,24.8,3.0,clay,10.01,0.49,No Risk
7.125,80.225,2025-02,42.6,96.9,25.1,13.5,101.5,18.6,clay,0.78,0.59,No Risk
7.125,80.325,2023-09,410.3,95.8,25.2,18.6,114.8,10.7,loam,8.19,0.84,Warning
6.9,80.1,2024-02,39.7,96.4,27.1,12.9,75.8,7.3,loam,15.0,0.54,No Risk
7.05,80.1,2023-02,109.4,95.8,25.6,12.7,43.6,5.2,clay,5.98,0.59,Warning
6.975,79.925,2023-11,456.0,97.7,25.5,12.0,14.6,0.6,clay,0.78,0.6,Flood
7.1,80.275,2024-02,25.2,94.1,27.5,14.0,138.0,32.2,loam,6.0,0.59,No Risk
7.15,80.025,2024-01,168.3,94.2,26.1,14.5,44.0,2.2,loam,8.25,0.62,Warning
7.05,80.05,2024-08,275.9,96.4,26.2,16.4,22.4,3.7,loam,3.33,0.61,Flood
7.125,80.275,2024-02,21.4,92.2,27.0,15.7,199.1,34.9,sandy,4.23,0.59,No Risk
6.95,80.275,2023-12,496.2,97.6,25.2,10.8,186.9,15.9,sandy,15.0,0.76,Landslide
7.075,80.05,2023-07,271.1,95.9,26.2,16.9,38.7,7.9,clay,0.55,0.64,Flood
6.975,79.9,2024-05,601.8,95.2,27.8,19.7,18.4,0.3,clay,2.77,0.59,Flood
7.025,80.125,2023-12,475.0,97.8,25.5,12.5,60.4,12.0,clay,9.71,0.66,Warning
6.95,79.9,2023-03,139.5,95.9,26.3,13.3,20.5,4.8,loam,0.0,0.54,Flood
6.975,80.0,2024-02,32.6,93.3,27.8,15.5,74.9,18.6,loam,5.12,0.54,No Risk
7.025,80.175,2023-08,156.5,95.0,26.2,15.9,132.6,16.4,loam,8.78,0.76,Landslide
7.125,80.0,2024-12,154.0,97.9,25.6,12.9,61.0,15.4,loam,7.47,0.64,Landslide
7.1,80.3,2024-05,686.7,97.1,25.7,16.2,227.7,27.9,loam,8.0,0.77,Landslide
7.075,80.0,2025-05,288.8,97.0,27.3,16.7,89.4,13.9,loam,3.55,0.68,Warning
7.0,80.175,2025-02,55.1,97.2,25.5,14.0,74.0,13.3,sandy,11.44,0.58,Warning
6.95,80.3,2024-02,43.1,94.2,26.7,12.2,238.9,30.8,sandy,15.0,0.67,No Risk
7.05,80.1,2024-02,27.4,91.3,27.8,16.5,43.6,5.2,clay,5.98,0.44,No Risk
7.05,80.15,2024-11,518.6,98.5,25.1,13.7,133.4,17.5,loam,7.85,0.77,Landslide
7.05,79.85,2025-04,221.9,96.0,27.1,14.7,7.3,1.1,clay,11.8,0.57,Warning
7.1,79.85,2024-02,26.9,90.3,27.8,18.0,19.7,1.6,clay,15.0,0.35,No Risk
6.95,80.325,2023-09,806.9,94.8,24.5,15.1,174.0,30.3,sandy,15.0,0.76,Landslide
7.1,80.2,2023-12,416.7,97.7,25.3,12.9,88.8,13.2,loam,0.0,0.74,Warning
6.925,79.9,2025-03,123.0,94.6,27.3,11.4,11.6,0.4,clay,2.78,0.59,Flood
7.075,80.3,2024-02,25.7,94.3,26.8,14.2,99.1,6.7,loam,9.88,0.62,No Risk
7.0,80.3,2023-04,195.6,96.3,26.1,10.7,223.5,30.2,loam,15.0,0.73,Landslide
7.05,80.175,2023-11,568.6,98.8,24.9,10.6,121.1,17.9,sandy,6.21,0.75,Landslide
7.05,80.375,2023-11,802.4,98.5,20.2,8.2,212.7,17.2,sandy,15.0,0.81,Landslide
6.925,80.05,2023-02,124.2,98.1,25.3,12.8,82.3,7.8,loam,12.47,0.71,Warning
6.95,80.075,2024-02,37.9,96.1,27.4,13.1,54.5,2.1,loam,12.22,0.52,No Risk
7.1,80.05,2023-08,117.3,96.1,26.7,17.1,41.6,6.9,loam,2.22,0.59,Flood
7.1,80.15,2023-10,600.5,97.4,25.1,13.1,109.5,13.6,sandy,4.96,0.81,Warning
7.125,80.175,2023-05,232.4,95.5,26.4,14.7,116.2,10.0,loam,3.92,0.81,Warning
6.975,80.025,2025-05,323.7,98.0,26.7,15.5,70.2,12.1,sandy,6.33,0.75,Warning
7.125,80.275,2024-02,21.3,92.1,27.0,15.9,199.1,34.9,sandy,4.23,0.59,No Risk
6.95,79.875,2025-01,288.5,94.8,25.6,14.3,39.8,2.5,loam,2.78,0.64,Flood
7.025,80.15,2023-05,233.9,96.1,26.5,13.2,108.4,8.3,loam,10.01,0.76,Warning
6.975,79.9,2024-01,120.8,93.6,26.0,15.2,18.4,0.3,clay,2.77,0.55,Flood
7.025,80.05,2024-05,772.3,97.6,27.0,15.7,34.0,3.7,loam,4.33,0.61,Warning
6.925,79.875,2024-09,296.9,92.7,27.0,20.1,16.7,1.3,loam,0.78,0.66,Flood
7.075,79.9,2024-04,180.0,96.2,28.1,14.5,28.5,5.2,clay,10.66,0.58,Warning
7.025,80.125,2025-02,45.7,96.4,26.3,14.2,60.4,12.0,clay,9.71,0.55,Warning
7.05,80.35,2025-05,311.2,98.6,25.4,13.0,132.8,27.5,sandy,15.0,0.8,Landslide
7.0,79.925,2025-05,272.3,94.3,27.8,19.4,3.0,2.2,clay,2.29,0.56,Flood
6.95,80.2,2024-06,426.5,95.8,26.1,15.7,66.3,6.2,loam,15.0,0.73,Warning
7.05,79.875,2024-02,42.3,91.3,27.8,17.7,22.2,6.6,clay,9.88,0.45,No Risk
6.975,80.175,2023-01,167.6,94.5,24.4,13.1,78.0,16.1,sandy,14.15,0.67,Landslide
7.0,80.275,2024-07,387.1,95.2,25.8,13.1,241.0,35.6,sandy,13.88,0.77,Landslide
7.075,80.05,2024-11,459.2,98.7,25.3,13.6,38.7,7.9,clay,0.55,0.65,Flood
7.05,80.175,2024-10,474.7,96.6,25.3,13.0,121.1,17.9,sandy,6.21,0.78,Landslide
7.0,80.1,2023-06,329.5,97.1,25.9,14.6,29.7,6.4,loam,10.47,0.59,Warning
6.95,80.25,2024-07,404.4,95.2,25.3,12.7,182.1,27.5,sandy,15.0,0.83,Landslide
7.05,80.025,2024-04,223.9,98.3,28.1,12.4,87.5,19.3,clay,0.56,0.67,Landslide
7.125,79.95,2024-06,335.6,95.9,26.8,18.7,22.8,6.1,loam,11.39,0.56,Warning
6.9,80.275,2024-05,858.9,96.7,26.5,13.5,132.8,33.3,sandy,15.0,0.83,Landslide
7.125,80.1,2023-02,109.4,94.5,25.6,14.1,39.1,1.8,loam,1.24,0.6,Flood
7.15,79.925,2024-04,205.5,98.7,28.0,12.8,12.6,0.5,clay,15.0,0.61,Warning
7.15,79.975,2025-03,163.7,99.0,26.5,12.5,28.4,6.7,clay,11.39,0.59,Warning
6.95,80.225,2024-02,39.3,96.2,27.2,12.6,67.0,14.3,loam,15.0,0.52,No Risk
7.05,80.325,2023-08,132.2,93.3,26.0,16.3,217.1,18.9,sandy,13.79,0.76,Landslide
7.1,80.3,2025-01,279.9,97.6,24.1,12.2,227.7,27.9,loam,8.0,0.81,Landslide
6.95,79.875,2024-10,403.1,95.4,26.4,17.1,39.8,2.5,loam,2.78,0.66,Flood
6.925,80.025,2024-02,38.8,96.4,27.3,13.0,52.5,3.1,clay,11.02,0.46,No Risk
6.9,80.35,2023-03,215.5,94.9,24.3,9.2,121.1,24.6,loam,15.0,0.77,Landslide
6.975,80.025,2024-10,437.2,97.4,25.8,13.6,70.2,12.1,sandy,6.33,0.66,Warning
7.0,80.225,2024-03,87.3,94.4,28.2,16.3,93.3,10.0,sandy,11.44,0.7,Warning
7.1,80.25,2023-05,217.0,94.5,26.2,14.5,182.6,19.8,loam,4.0,0.81,Landslide
7.075,80.125,2025-04,283.7,98.4,26.0,12.8,86.3,10.8,sandy,5.27,0.7,Warning
7.15,80.0,2025-01,282.0,96.2,25.4,16.2,84.9,11.8,sandy,9.55,0.73,Warning
7.15,80.025,2024-02,28.5,91.2,28.2,17.0,44.0,2.2,loam,8.25,0.46,No Risk
7.0,80.175,2024-03,87.3,94.4,27.5,16.3,74.0,13.3,sandy,11.44,0.64,Warning
6.95,79.9,2024-09,318.0,92.9,27.0,20.2,20.5,4.8,loam,0.0,0.57,Flood
6.975,80.375,2025-02,49.4,95.8,20.8,9.7,153.1,24.6,sandy,15.0,0.69,Warning
7.1,79.85,2024-02,26.1,90.3,27.7,17.9,19.7,1.6,clay,15.0,0.35,No Risk
7.0,80.25,2023-10,687.8,97.6,24.7,12.1,127.9,31.1,loam,12.41,0.78,Landslide
6.975,80.3,2023-01,178.5,94.7,24.0,11.3,228.2,18.0,loam,15.0,0.78,Landslide
7.0,79.85,2024-06,326.9,93.5,27.1,21.4,13.7,1.6,loam,7.85,0.5,Warning
7.15,79.875,2023-01,106.2,91.2,25.1,18.5,5.4,2.0,loam,15.0,0.55,Warning
6.95,79.925,2023-11,488.6,97.5,25.5,12.0,29.7,6.4,clay,2.77,0.65,Flood
6.95,79.9,2023-09,560.4,95.0,26.0,19.4,20.5,4.8,loam,0.0,0.6,Flood
7.025,80.0,2024-02,32.1,93.6,27.8,15.5,75.1,17.7,clay,1.24,0.56,No Risk
7.1,80.05,2024-10,405.0,97.4,25.8,13.4,41.6,6.9,loam,2.22,0.63,Flood
6.9,80.025,2023-10,593.4,97.9,25.2,12.8,77.1,15.8,sandy,13.24,0.67,Landslide
7.1,80.325,2023-12,438.8,98.2,25.3,11.6,154.6,24.9,loam,9.82,0.79,Landslide
7.1,79.85,2025-01,227.4,94.8,25.5,17.8,19.7,1.6,clay,15.0,0.53,Warning
7.125,80.1,2024-02,25.0,90.9,27.8,17.3,39.1,1.8,loam,1.24,0.4,No Risk
7.0,80.0,2025-04,226.5,97.7,26.9,12.3,74.6,6.2,clay,2.48,0.69,Warning
7.025,80.1,2024-10,476.9,96.7,25.6,13.5,79.7,8.2,loam,8.25,0.72,Warning
7.025,80.1,2023-08,141.7,95.8,26.3,17.0,79.7,8.2,loam,8.25,0.71,Warning
7.1,80.075,2024-02,27.7,91.4,28.1,16.6,92.3,13.0,clay,0.55,0.58,No Risk
7.05,80.175,2024-06,419.1,96.0,25.9,16.9,121.1,17.9,sandy,6.21,0.75,Landslide
7.125,80.025,2023-06,304.6,97.0,26.3,17.0,86.7,12.3,loam,5.71,0.73,Warning
7.125,80.325,2024-02,26.7,91.9,27.5,16.0,114.8,10.7,loam,8.19,0.62,No Risk
7.125,79.85,2024-11,398.3,97.3,25.6,16.0,6.1,0.5,clay,15.0,0.54,Warning
7.05,80.05,2024-07,315.7,97.0,26.5,16.0,22.4,3.7,loam,3.33,0.62,Flood
7.1,80.025,2025-02,43.3,95.4,26.9,15.5,59.1,4.2,loam,3.55,0.49,No Risk
7.125,80.375,2024-02,26.7,91.8,26.3,15.9,175.1,24.7,sandy,11.88,0.58,No Risk
6.95,79.925,2023-11,497.5,97.5,25.5,11.8,29.7,6.4,clay,2.77,0.65,Flood
7.0,80.15,2023-08,141.7,95.8,26.3,17.0,147.0,20.3,sandy,12.41,0.8,Landslide
6.925,80.15,2024-12,173.2,98.2,25.3,12.4,109.4,14.2,sandy,15.0,0.75,Warning
7.025,80.075,2024-07,324.6,97.3,26.5,15.6,77.9,17.8,loam,6.71,0.71,Landslide
6.975,80.175,2023-12,464.8,98.1,25.3,11.7,78.0,16.1,sandy,14.15,0.78,Landslide
7.0,80.275,2025-03,168.2,98.9,25.5,10.6,241.0,35.6,sandy,13.88,0.78,Landslide
6.95,80.075,2024-02,38.5,96.1,27.3,13.1,54.5,2.1,loam,12.22,0.52,No Risk
7.0,79.875,2025-05,278.6,94.1,27.8,19.2,36.2,4.8,loam,6.21,0.6,Warning
7.025,80.325,2024-09,383.8,95.3,25.2,13.8,167.2,17.8,sandy,15.0,0.77,Landslide
7.125,80.15,2024-02,19.3,91.9,27.4,16.5,153.9,18.9,loam,2.99,0.58,No Risk
7.025,80.025,2023-07,281.7,96.5,26.2,16.6,69.5,11.7,loam,2.83,0.68,Warning
6.9,79.85,2023-11,484.0,97.5,25.6,11.9,8.8,0.6,clay,3.14,0.56,Flood
6.9,80.05,2023-08,160.2,96.9,26.4,17.2,22.1,5.5,clay,14.89,0.6,Warning
7.05,80.125,2024-02,27.1,91.5,27.8,16.3,34.8,4.8,clay,7.47,0.45,No Risk
7.05,80.125,2023-05,220.9,96.1,26.6,13.6,34.8,4.8,clay,7.47,0.6,Warning
6.975,79.95,2023-05,237.5,96.6,26.9,14.8,19.8,1.1,clay,2.29,0.65,Flood
7.05,80.075,2024-02,28.0,91.5,28.2,16.6,48.9,3.6,loam,4.33,0.45,No Risk
7.125,80.075,2025-02,35.9,95.1,26.7,15.6,72.3,12.6,loam,2.83,0.46,No Risk
7.15,79.85,2024-02,26.6,90.4,27.8,18.1,3.2,1.5,clay,15.0,0.37,No Risk
7.0,79.95,2024-11,422.0,98.8,25.4,12.7,31.8,5.9,clay,1.11,0.59,Flood
6.925,79.95,2023-08,158.9,95.7,26.7,17.6,7.2,0.3,clay,6.21,0.57,Warning
7.05,80.225,2024-02,33.8,93.5,27.3,15.4,90.0,17.9,sandy,6.21,0.59,No Risk
7.05,79.925,2024-07,271.7,93.5,27.1,20.0,35.5,6.6,clay,6.77,0.6,Warning
7.1,80.25,2024-02,22.2,92.3,27.1,15.7,182.6,19.8,loam,4.0,0.61,No Risk
6.925,80.375,2024-05,851.9,97.3,26.6,13.3,164.7,30.7,loam,15.0,0.75,Landslide
7.125,79.875,2024-03,57.0,94.3,28.0,16.4,3.0,2.0,clay,15.0,0.49,Warning
6.9,79.85,2023-08,146.2,92.9,27.1,19.9,8.8,0.6,clay,3.14,0.57,Flood
7.125,80.225,2025-03,211.9,97.5,25.0,11.6,101.5,18.6,clay,0.78,0.74,Landslide
6.975,79.875,2024-11,382.9,96.9,25.7,15.2,28.7,5.1,sandy,3.92,0.64,Warning
7.05,80.05,2024-07,309.0,97.0,26.5,16.0,22.4,3.7,loam,3.33,0.62,Flood
7.05,80.025,2024-09,349.2,97.4,26.3,17.0,87.5,19.3,clay,0.56,0.75,Landslide
6.9,80.1,2023-03,180.9,98.2,25.7,9.9,75.8,7.3,loam,15.0,0.71,Warning
7.125,80.0,2025-02,43.3,95.5,27.0,15.6,61.0,15.4,loam,7.47,0.56,No Risk
7.0,79.95,2025-01,347.2,97.2,25.3,13.1,31.8,5.9,clay,1.11,0.64,Flood
7.075,80.275,2025-03,205.2,97.9,25.6,11.1,201.6,18.5,loam,7.89,0.75,Landslide
7.1,80.25,2023-07,308.0,93.5,25.6,16.1,182.6,19.8,loam,4.0,0.74,Landslide
7.05,80.1,2024-02,27.1,91.3,27.8,16.2,43.6,5.2,clay,5.98,0.44,No Risk
6.925,80.3,2025-05,411.5,98.9,25.6,11.3,197.1,18.5,loam,15.0,0.82,Landslide
6.9,80.15,2023-06,341.0,97.5,25.8,14.8,132.2,24.6,loam,15.0,0.8,Landslide
6.925,80.075,2023-10,593.4,97.9,25.2,12.8,23.4,3.6,clay,14.15,0.62,Warning
6.925,80.125,2023-04,199.7,97.4,26.5,11.4,34.1,5.4,loam,15.0,0.57,Warning
7.075,80.05,2025-02,50.5,95.7,26.9,14.8,38.7,7.9,clay,0.55,0.54,Warning
6.9,80.25,2023-11,648.1,98.2,24.9,9.9,113.0,8.2,sandy,15.0,0.77,Warning
7.125,80.15,2024-02,19.3,91.9,27.4,16.4,153.9,18.9,loam,2.99,0.58,No Risk
7.1,80.3,2024-02,26.4,91.6,26.3,15.9,227.7,27.9,loam,8.0,0.63,No Risk
7.0,80.25,2023-09,709.1,95.5,24.7,15.8,127.9,31.1,loam,12.41,0.8,Landslide
7.075,80.05,2024-06,395.5,96.7,26.5,16.8,38.7,7.9,clay,0.55,0.63,Flood
7.075,79.875,2024-07,271.7,93.5,27.1,20.0,9.5,1.1,clay,12.18,0.61,Warning
7.05,80.05,2023-05,233.2,96.7,26.8,14.2,22.4,3.7,loam,3.33,0.62,Flood
6.925,80.275,2024-03,95.3,93.0,27.9,14.6,193.9,32.8,loam,15.0,0.75,Landslide
7.05,79.95,2024-07,313.3,96.2,26.8,17.2,19.3,2.2,clay,5.55,0.54,Warning
7.1,80.375,2024-04,260.2,96.8,27.4,10.6,126.9,33.0,sandy,13.74,0.82,Landslide
7.1,80.225,2023-12,416.7,97.7,25.3,12.9,125.1,18.9,loam,2.77,0.76,Landslide
7.0,79.95,2024-12,191.6,97.8,26.1,12.2,31.8,5.9,clay,1.11,0.58,Flood
7.0,80.1,2024-08,330.6,95.8,25.9,16.1,29.7,6.4,loam,10.47,0.58,Warning
7.0,79.975,2024-10,444.4,97.3,25.9,14.3,9.0,0.5,clay,1.67,0.57,Flood
7.075,80.15,2024-11,518.6,98.5,25.1,13.7,81.5,10.9,loam,6.21,0.69,Warning
6.95,80.25,2025-05,411.5,98.8,24.9,11.3,182.1,27.5,sandy,15.0,0.77,Landslide
7.0,80.15,2024-08,330.6,95.8,25.9,16.1,147.0,20.3,sandy,12.41,0.79,Landslide
7.075,80.175,2024-02,33.5,93.7,26.5,15.5,88.0,17.9,loam,3.92,0.54,No Risk
6.925,80.3,2024-12,177.7,98.1,25.0,11.0,197.1,18.5,loam,15.0,0.74,Landslide
6.925,80.175,2024-12,169.4,98.2,25.4,11.7,65.1,18.1,loam,15.0,0.68,Landslide
6.975,79.85,2024-12,133.7,94.9,26.5,14.1,9.5,0.5,clay,6.21,0.51,Warning
6.9,79.875,2024-07,309.4,93.7,27.1,19.0,17.2,0.3,clay,2.29,0.62,Flood
7.1,80.175,2023-12,383.0,97.4,25.3,14.2,146.2,35.3,loam,2.78,0.8,Landslide
7.125,80.225,2024-02,22.1,92.5,26.2,15.8,101.5,18.6,clay,0.78,0.63,No Risk
6.925,80.325,2023-11,774.5,97.8,24.0,9.8,210.0,18.2,sandy,15.0,0.81,Landslide
6.925,80.175,2024-08,402.8,95.4,25.8,14.8,65.1,18.1,loam,15.0,0.7,Landslide
7.1,79.9,2023-03,117.5,95.7,26.5,13.8,20.9,6.5,clay,12.94,0.56,Warning
7.0,79.95,2025-03,180.4,98.5,26.7,11.0,31.8,5.9,clay,1.11,0.55,Flood
6.925,79.925,2024-09,310.4,92.9,27.0,20.0,31.7,5.7,loam,3.92,0.54,Warning
7.025,80.3,2023-09,709.1,95.5,24.7,15.8,203.1,17.9,loam,13.87,0.77,Landslide
7.05,80.3,2023-03,186.9,96.7,25.5,10.7,128.7,31.4,loam,11.8,0.84,Landslide
7.125,80.2,2024-10,471.7,96.6,25.3,13.7,92.0,7.0,sandy,2.78,0.74,Warning
7.125,80.1,2023-07,267.2,96.6,26.0,17.2,39.1,1.8,loam,1.24,0.61,Flood
6.95,79.9,2023-04,131.3,95.4,27.3,13.9,20.5,4.8,loam,0.0,0.62,Flood
7.025,79.95,2025-04,235.7,97.8,26.9,12.1,14.2,1.5,clay,2.99,0.57,Flood
7.1,80.375,2024-07,348.3,95.3,25.9,14.2,126.9,33.0,sandy,13.74,0.82,Landslide
7.075,80.325,2025-04,266.8,98.4,24.7,11.3,99.7,18.4,sandy,11.88,0.77,Landslide
6.925,79.85,2024-04,177.2,96.1,28.1,14.5,24.7,3.2,clay,2.29,0.65,Flood
6.975,79.875,2023-12,362.7,96.3,25.9,15.5,28.7,5.1,sandy,3.92,0.61,Warning
6.95,79.975,2023-12,449.5,98.6,25.7,12.9,33.0,1.8,clay,5.79,0.59,Warning
6.975,79.9,2024-04,159.1,96.2,28.2,14.4,18.4,0.3,clay,2.77,0.62,Flood
6.925,79.85,2023-10,550.0,96.4,25.6,14.6,24.7,3.2,clay,2.29,0.6,Flood
7.05,80.025,2024-11,472.7,98.8,25.3,13.4,87.5,19.3,clay,0.56,0.72,Landslide
7.025,79.975,2025-01,336.7,97.2,25.4,13.2,18.0,0.9,loam,1.76,0.56,Flood
7.05,80.2,2023-08,120.1,94.8,25.0,16.7,99.8,17.4,sandy,5.55,0.73,Landslide
7.025,80.2,2025-01,339.0,98.4,24.2,10.6,123.8,29.9,sandy,8.32,0.77,Landslide
6.95,80.375,2024-01,345.7,94.6,23.2,9.5,212.6,38.0,loam,15.0,0.81,Landslide
7.0,80.175,2023-07,344.0,95.8,25.0,15.3,74.0,13.3,sandy,11.44,0.72,Warning
7.025,80.3,2023-06,395.4,94.7,25.6,12.7,203.1,17.9,loam,13.87,0.82,Landslide
7.05,80.375,2025-01,325.3,99.0,20.0,8.6,212.7,17.2,sandy,15.0,0.79,Landslide
7.05,80.3,2024-06,405.7,95.6,25.6,16.6,128.7,31.4,loam,11.8,0.83,Landslide
7.075,80.05,2023-03,183.6,97.2,26.5,11.5,38.7,7.9,clay,0.55,0.67,Flood
6.975,80.375,2024-09,373.8,97.9,21.1,12.7,153.1,24.6,sandy,15.0,0.78,Landslide
6.9,80.325,2023-04,282.6,95.3,24.9,9.2,190.9,31.7,sandy,15.0,0.81,Landslide
6.9,80.275,2024-07,404.4,95.2,25.9,12.7,132.8,33.3,sandy,15.0,0.84,Landslide
6.95,80.15,2025-03,169.4,98.8,25.9,12.0,110.9,14.4,sandy,15.0,0.75,Warning
6.95,80.125,2024-12,173.2,98.2,25.3,12.4,28.9,5.4,clay,15.0,0.66,Warning
7.1,79.925,2024-02,23.8,92.3,28.0,16.4,4.3,0.6,clay,11.44,0.34,Warning
7.075,80.05,2025-01,317.9,96.8,25.4,15.1,38.7,7.9,clay,0.55,0.63,Flood
6.95,80.325,2025-01,333.7,99.2,24.3,9.0,174.0,30.3,sandy,15.0,0.85,Landslide
7.075,80.075,2023-04,210.1,97.6,26.9,12.0,71.6,10.1,clay,2.83,0.68,Warning
7.125,80.225,2025-01,299.1,97.5,23.8,13.1,101.5,18.6,clay,0.78,0.74,Landslide
7.075,79.975,2024-07,313.3,96.2,26.8,17.2,18.3,2.2,loam,5.71,0.58,Warning
7.075,79.85,2024-09,294.4,92.8,27.1,20.8,25.8,2.4,loam,13.79,0.59,Warning
7.125,80.2,2023-11,562.3,98.9,24.9,10.6,92.0,7.0,sandy,2.78,0.75,Warning
7.025,80.35,2024-03,91.4,92.9,26.5,12.4,168.9,24.2,sandy,15.0,0.78,Landslide
7.075,80.2,2023-06,324.4,95.9,25.8,14.4,99.7,13.8,loam,2.77,0.8,Warning
6.975,79.95,2025-01,353.7,96.9,25.4,13.3,19.8,1.1,clay,2.29,0.59,Flood
6.95,80.075,2023-08,160.2,96.9,26.4,17.2,54.5,2.1,loam,12.22,0.61,Warning
7.1,80.25,2023-06,280.0,94.3,25.7,15.4,182.6,19.8,loam,4.0,0.77,Landslide
7.05,80.0,2025-04,230.2,98.1,26.8,12.8,74.6,7.6,clay,2.22,0.74,Warning
7.1,80.35,2024-02,26.9,91.8,27.4,15.9,104.3,12.9,sandy,12.01,0.57,No Risk
6.925,80.125,2023-11,568.2,98.5,25.1,10.6,34.1,5.4,loam,15.0,0.63,Warning
6.925,80.275,2024-11,526.2,98.5,24.7,11.5,193.9,32.8,loam,15.0,0.77,Landslide
6.9,79.85,2024-03,79.9,94.9,28.1,16.7,8.8,0.6,clay,3.14,0.52,Warning
6.9,79.875,2024-06,355.0,93.6,27.1,21.2,17.2,0.3,clay,2.29,0.54,Flood
7.0,80.025,2023-08,137.4,96.4,26.5,17.0,80.3,6.7,sandy,4.47,0.7,Warning
6.975,80.025,2024-02,36.3,93.8,27.8,14.9,70.2,12.1,sandy,6.33,0.59,No Risk
7.025,79.95,2024-11,426.5,98.9,25.4,12.7,14.2,1.5,clay,2.99,0.58,Flood
6.95,80.15,2024-02,39.9,96.5,27.0,12.7,110.9,14.4,sandy,15.0,0.65,No Risk
7.15,79.85,2024-07,257.9,93.1,27.1,20.2,3.2,1.5,clay,15.0,0.57,Warning
7.05,80.25,2023-01,148.1,93.7,24.8,13.4,124.2,29.2,loam,7.85,0.78,Landslide
6.925,79.9,2023-08,155.6,92.9,27.0,19.5,11.6,0.4,clay,2.78,0.58,Flood
6.95,80.025,2023-05,272.0,97.6,26.4,13.6,88.4,10.8,loam,8.69,0.78,Warning
7.15,80.025,2023-02,118.6,94.7,25.8,13.7,44.0,2.2,loam,8.25,0.62,Warning
7.025,80.375,2024-07,352.7,95.2,24.9,12.9,119.5,13.0,loam,15.0,0.77,Warning
7.1,80.1,2023-10,541.4,97.7,25.1,13.3,75.3,10.7,loam,2.22,0.67,Warning
7.025,79.975,2024-04,232.2,98.6,28.0,12.9,18.0,0.9,loam,1.76,0.59,Flood
6.975,79.975,2024-08,306.9,96.0,26.4,16.7,17.0,0.8,loam,3.24,0.55,Flood
7.1,80.225,2025-04,299.2,98.3,25.7,12.3,125.1,18.9,loam,2.77,0.8,Landslide
7.0,80.325,2023-04,219.8,95.4,25.0,10.6,237.4,27.0,sandy,15.0,0.85,Landslide
7.05,80.2,2025-02,33.7,96.6,24.9,14.1,99.8,17.4,sandy,5.55,0.58,No Risk
6.975,79.85,2025-04,164.1,95.3,27.5,14.0,9.5,0.5,clay,6.21,0.59,Warning
6.925,80.275,2024-02,42.6,94.3,26.7,12.2,193.9,32.8,loam,15.0,0.69,No Risk
6.925,79.85,2023-10,564.4,96.6,25.6,14.8,24.7,3.2,clay,2.29,0.6,Flood
7.125,80.05,2025-02,43.5,95.2,27.0,15.5,50.3,6.3,loam,4.33,0.5,No Risk
7.025,80.05,2024-08,284.7,96.4,26.1,16.3,34.0,3.7,loam,4.33,0.61,Warning
7.05,80.25,2024-02,25.3,94.5,27.5,14.3,124.2,29.2,loam,7.85,0.63,No Risk
7.125,79.85,2023-07,188.6,92.0,26.9,21.3,6.1,0.5,clay,15.0,0.59,Warning
6.9,79.9,2023-01,85.9,91.1,25.2,17.3,18.9,1.4,clay,4.0,0.6,Warning
6.95,79.875,2024-12,130.0,94.2,26.7,13.7,39.8,2.5,loam,2.78,0.6,Flood
7.1,80.3,2024-12,154.6,97.4,24.4,11.1,227.7,27.9,loam,8.0,0.82,Landslide
7.1,80.35,2023-04,208.8,96.1,26.7,12.3,104.3,12.9,sandy,12.01,0.81,Warning
7.05,79.875,2024-12,129.1,95.1,26.2,14.6,22.2,6.6,clay,9.88,0.61,Warning
7.15,79.85,2023-05,259.2,95.7,27.4,18.0,3.2,1.5,clay,15.0,0.53,Warning
7.125,80.35,2025-02,28.1,96.5,25.4,13.2,158.1,30.1,loam,9.82,0.62,No Risk
6.925,80.15,2024-05,766.7,97.3,26.7,16.0,109.4,14.2,sandy,15.0,0.78,Warning
6.975,80.175,2024-01,189.7,96.6,25.6,11.1,78.0,16.1,sandy,14.15,0.72,Landslide
6.95,79.875,2024-02,38.3,92.8,27.6,17.0,39.8,2.5,loam,2.78,0.44,Warning
6.925,80.1,2024-02,39.6,96.4,27.2,12.8,54.2,8.0,loam,15.0,0.53,No Risk
6.95,79.85,2024-11,354.2,96.4,25.8,15.1,17.7,1.4,clay,4.0,0.6,Warning
7.1,79.95,2024-08,268.0,95.6,26.4,17.3,26.6,4.4,sandy,9.55,0.63,Warning
6.925,80.15,2025-01,332.0,99.1,24.8,11.3,109.4,14.2,sandy,15.0,0.78,Warning
6.9,79.875,2024-11,357.9,96.4,25.8,15.2,17.2,0.3,clay,2.29,0.56,Flood
7.05,79.925,2024-02,42.0,91.1,27.6,17.8,35.5,6.6,clay,6.77,0.51,No Risk
6.925,79.9,2023-10,570.3,96.5,25.6,14.8,11.6,0.4,clay,2.78,0.59,Flood
6.9,79.85,2023-04,141.2,95.3,27.4,13.8,8.8,0.6,clay,3.14,0.58,Flood
7.125,80.15,2023-12,383.0,97.4,25.3,14.2,153.9,18.9,loam,2.99,0.83,Landslide
7.075,80.0,2024-02,26.0,92.3,28.0,16.4,89.4,13.9,loam,3.55,0.55,No Risk
7.15,79.85,2024-08,265.6,92.3,26.7,20.2,3.2,1.5,clay,15.0,0.56,Warning
7.125,80.15,2025-02,41.9,95.9,26.0,14.6,153.9,18.9,loam,2.99,0.7,No Risk
7.0,79.875,2023-06,370.5,94.9,27.0,19.9,36.2,4.8,loam,6.21,0.6,Warning
6.95,80.275,2025-01,333.7,99.2,24.6,9.0,186.9,15.9,sandy,15.0,0.79,Landslide
6.9,80.025,2024-02,38.8,96.0,27.3,13.2,77.1,15.8,sandy,13.24,0.6,No Risk
7.0,79.9,2024-02,44.0,91.8,27.5,17.6,22.7,1.5,clay,4.0,0.5,No Risk
6.925,79.875,2024-09,309.9,93.0,27.0,19.8,16.7,1.3,loam,0.78,0.66,Flood
7.0,80.3,2023-09,709.1,95.5,24.7,15.8,223.5,30.2,loam,15.0,0.79,Landslide
6.95,80.25,2024-02,42.5,94.5,25.9,12.4,182.1,27.5,sandy,15.0,0.67,No Risk
7.05,79.925,2023-04,122.3,96.6,27.1,13.7,35.5,6.6,clay,6.77,0.6,Warning
6.95,79.875,2023-10,557.1,96.6,25.5,14.8,39.8,2.5,loam,2.78,0.62,Flood
7.075,80.15,2023-03,178.2,96.9,26.2,11.6,81.5,10.9,loam,6.21,0.74,Warning
7.075,80.025,2024-02,27.0,91.3,28.1,16.6,86.0,16.6,loam,2.83,0.52,No Risk
7.125,80.1,2024-11,574.4,98.6,25.0,13.5,39.1,1.8,loam,1.24,0.65,Flood
6.95,79.875,2023-12,403.8,96.1,25.9,14.9,39.8,2.5,loam,2.78,0.64,Flood
7.125,80.25,2023-10,494.3,97.6,23.9,13.8,183.4,27.4,sandy,2.29,0.85,Landslide
6.9,79.875,2023-12,414.9,96.2,25.9,14.6,17.2,0.3,clay,2.29,0.6,Flood
7.075,79.975,2024-12,148.9,98.1,25.8,12.6,18.3,2.2,loam,5.71,0.55,Warning
6.95,80.225,2025-03,132.8,98.8,26.0,11.4,67.0,14.3,loam,15.0,0.7,Warning
6.95,79.875,2023-04,139.6,95.3,27.3,13.8,39.8,2.5,loam,2.78,0.61,Flood
7.15,79.925,2023-12,360.2,97.2,25.9,14.8,12.6,0.5,clay,15.0,0.5,Warning
6.9,79.85,2024-12,130.0,94.2,26.7,13.7,8.8,0.6,clay,3.14,0.6,Flood
7.0,79.975,2024-07,361.1,96.3,26.8,16.6,9.0,0.5,clay,1.67,0.52,Flood
6.9,79.85,2023-06,387.7,94.7,27.1,19.4,8.8,0.6,clay,3.14,0.57,Flood
7.0,79.9,2023-06,370.5,94.9,27.0,19.9,22.7,1.5,clay,4.0,0.61,Warning
7.15,79.975,2024-01,163.8,94.8,26.1,14.7,28.4,6.7,clay,11.39,0.64,Warning
7.05,79.85,2023-11,473.5,97.8,25.6,11.8,7.3,1.1,clay,11.8,0.56,Warning
7.075,79.925,2023-08,109.1,92.5,27.0,19.9,12.8,1.0,loam,9.19,0.53,Warning
6.975,79.85,2024-02,43.3,91.9,27.7,17.7,9.5,0.5,clay,6.21,0.38,No Risk
7.025,80.15,2024-02,42.4,94.0,27.4,14.1,108.4,8.3,loam,10.01,0.64,No Risk
7.1,80.1,2024-02,25.5,91.0,27.8,17.2,75.3,10.7,loam,2.22,0.5,No Risk
6.975,80.3,2023-04,195.6,96.3,26.1,10.7,228.2,18.0,loam,15.0,0.79,Landslide
7.05,80.075,2024-02,27.6,91.4,28.1,16.6,48.9,3.6,loam,4.33,0.45,No Risk
7.0,80.25,2023-03,186.2,96.6,25.4,10.0,127.9,31.1,loam,12.41,0.84,Landslide
6.925,79.95,2024-01,168.0,96.8,26.0,12.0,7.2,0.3,clay,6.21,0.55,Warning
6.95,80.125,2025-05,317.5,98.8,26.0,15.3,28.9,5.4,clay,15.0,0.58,Warning
7.125,80.325,2025-02,28.1,96.6,26.4,13.0,114.8,10.7,loam,8.19,0.59,No Risk
6.975,80.375,2023-01,223.0,94.8,19.5,8.6,153.1,24.6,sandy,15.0,0.81,Landslide
7.1,80.375,2024-02,27.5,94.3,26.7,12.8,126.9,33.0,sandy,13.74,0.62,No Risk
6.95,80.05,2024-02,38.2,95.9,27.4,13.1,79.7,18.7,loam,10.23,0.57,No Risk
7.05,80.25,2023-12,438.8,98.2,25.7,11.6,124.2,29.2,loam,7.85,0.77,Landslide
6.975,80.325,2024-02,50.0,93.8,25.4,11.1,173.5,36.6,sandy,15.0,0.69,Warning
6.95,80.125,2024-10,509.7,97.0,25.5,13.9,28.9,5.4,clay,15.0,0.66,Warning
6.975,80.125,2024-02,42.4,94.3,27.5,14.2,37.5,4.8,clay,14.32,0.55,Warning
6.975,80.125,2023-07,359.7,97.1,25.9,16.2,37.5,4.8,clay,14.32,0.65,Warning
7.025,80.2,2024-10,559.3,96.4,24.7,12.6,123.8,29.9,sandy,8.32,0.77,Landslide
7.075,79.925,2023-04,122.3,96.6,27.1,13.7,12.8,1.0,loam,9.19,0.55,Warning
6.975,80.25,2024-03,86.9,93.6,27.8,14.1,209.1,35.5,loam,14.94,0.78,Landslide
6.975,79.975,2023-09,576.6,96.6,25.6,16.9,17.0,0.8,loam,3.24,0.55,Flood
6.95,79.9,2023-06,379.3,94.7,27.0,19.5,20.5,4.8,loam,0.0,0.57,Flood
7.1,80.25,2023-12,330.7,97.5,25.1,13.0,182.6,19.8,loam,4.0,0.85,Landslide
6.975,79.975,2024-01,178.3,95.6,26.0,12.5,17.0,0.8,loam,3.24,0.59,Flood
7.025,80.0,2024-02,32.4,93.3,27.9,15.5,75.1,17.7,clay,1.24,0.56,No Risk
7.1,80.025,2025-02,42.9,95.2,27.0,15.6,59.1,4.2,loam,3.55,0.49,No Risk
7.025,80.05,2025-03,198.0,98.2,26.4,11.3,34.0,3.7,loam,4.33,0.58,Warning
6.95,79.925,2024-09,310.4,92.9,27.0,20.0,29.7,6.4,clay,2.77,0.63,Flood
7.075,79.975,2024-09,325.9,96.2,26.6,17.9,18.3,2.2,loam,5.71,0.63,Warning
7.0,80.3,2024-10,598.7,95.9,25.2,12.0,223.5,30.2,loam,15.0,0.81,Landslide
7.025,80.0,2025-05,276.5,96.8,27.2,15.9,75.1,17.7,clay,1.24,0.66,Landslide
7.025,80.25,2024-01,236.9,96.2,25.3,9.9,95.1,18.9,sandy,10.01,0.76,Landslide
7.025,80.05,2024-01,203.6,95.5,26.1,12.4,34.0,3.7,loam,4.33,0.63,Warning
6.975,79.975,2024-04,233.0,98.6,28.1,12.7,17.0,0.8,loam,3.24,0.59,Flood
6.925,80.075,2024-11,482.8,98.9,25.2,13.0,23.4,3.6,clay,14.15,0.58,Warning
6.9,80.25,2024-02,42.7,94.2,26.7,12.2,113.0,8.2,sandy,15.0,0.64,No Risk
7.0,80.1,2024-12,178.3,97.8,25.4,12.7,29.7,6.4,loam,10.47,0.61,Warning
6.925,80.225,2024-06,426.5,95.8,26.1,15.7,132.0,36.4,loam,15.0,0.78,Landslide
6.95,80.2,2023-03,168.2,97.3,25.8,10.1,66.3,6.2,loam,15.0,0.73,Warning
7.15,79.925,2023-08,95.3,95.3,26.8,17.8,12.6,0.5,clay,15.0,0.58,Warning
7.075,79.85,2023-12,366.3,95.8,26.0,16.1,25.8,2.4,loam,13.79,0.57,Warning
7.0,80.15,2023-07,359.7,97.1,25.9,16.2,147.0,20.3,sandy,12.41,0.8,Landslide
7.075,80.0,2024-08,263.9,95.8,26.4,17.1,89.4,13.9,loam,3.55,0.75,Warning
7.075,79.85,2024-12,129.1,95.1,26.3,14.6,25.8,2.4,loam,13.79,0.6,Warning
7.125,80.2,2025-02,41.8,95.9,26.0,14.5,92.0,7.0,sandy,2.78,0.59,No Risk
7.0,80.0,2023-03,154.8,97.6,26.3,11.5,74.6,6.2,clay,2.48,0.68,Warning
6.9,80.025,2024-07,328.2,97.8,26.3,15.7,77.1,15.8,sandy,13.24,0.74,Landslide
6.925,79.95,2023-11,541.1,99.5,25.3,10.6,7.2,0.3,clay,6.21,0.57,Warning
7.075,80.15,2024-05,773.7,97.2,26.8,15.6,81.5,10.9,loam,6.21,0.69,Warning
7.025,80.15,2023-07,359.7,97.1,25.9,16.2,108.4,8.3,loam,10.01,0.82,Warning
6.9,79.875,2024-08,339.0,92.8,26.8,18.8,17.2,0.3,clay,2.29,0.58,Flood
7.075,80.375,2024-10,385.5,97.6,22.2,11.9,115.1,6.0,sandy,15.0,0.78,Warning
7.025,80.325,2023-05,254.7,94.5,25.8,12.0,167.2,17.8,sandy,15.0,0.79,Landslide
6.95,80.35,2023-09,618.5,96.2,23.8,15.4,144.3,16.2,loam,15.0,0.83,Landslide
7.15,80.025,2025-02,43.2,95.3,27.0,15.6,44.0,2.2,loam,8.25,0.48,No Risk
6.925,80.25,2023-10,694.2,97.0,24.8,11.9,228.8,33.0,sandy,15.0,0.82,Landslide
6.975,80.1,2023-12,475.0,97.8,25.5,12.5,59.2,7.7,sandy,12.17,0.67,Warning
7.075,80.25,2024-08,387.8,94.5,26.1,15.6,117.6,18.7,sandy,6.21,0.76,Landslide
7.0,80.275,2025-02,51.2,96.7,25.9,12.5,241.0,35.6,sandy,13.88,0.62,Warning
7.125,80.275,2025-02,42.5,96.7,25.9,13.6,199.1,34.9,sandy,4.23,0.66,No Risk
7.05,80.025,2025-03,197.9,98.1,26.5,11.9,87.5,19.3,clay,0.56,0.73,Landslide
7.025,80.2,2024-01,189.7,96.6,24.9,11.1,123.8,29.9,sandy,8.32,0.78,Landslide
6.925,79.925,2023-06,379.3,94.7,27.0,19.5,31.7,5.7,loam,3.92,0.61,Warning
7.15,80.025,2024-02,28.7,91.2,28.1,17.0,44.0,2.2,loam,8.25,0.46,No Risk
6.975,80.35,2025-05,347.8,98.9,24.7,11.9,187.8,28.4,loam,15.0,0.81,Landslide
6.925,79.9,2023-05,238.3,94.7,27.3,17.0,11.6,0.4,clay,2.78,0.64,Flood
7.075,80.15,2023-06,323.6,96.8,26.0,15.3,81.5,10.9,loam,6.21,0.74,Warning
7.05,80.35,2024-09,358.6,96.0,25.1,14.6,132.8,27.5,sandy,15.0,0.77,Landslide
6.9,80.25,2024-12,177.7,98.1,25.0,11.0,113.0,8.2,sandy,15.0,0.84,Warning
6.925,79.85,2025-05,276.3,94.1,27.7,18.2,24.7,3.2,clay,2.29,0.6,Flood
7.1,79.85,2024-08,265.6,92.3,26.7,20.2,19.7,1.6,clay,15.0,0.56,Warning
6.95,80.125,2024-11,507.2,98.4,25.0,13.8,28.9,5.4,clay,15.0,0.65,Warning
6.925,79.875,2023-10,566.6,96.6,25.6,14.7,16.7,1.3,loam,0.78,0.6,Flood
7.0,79.95,2023-09,578.4,96.7,25.6,16.8,31.8,5.9,clay,1.11,0.55,Flood
6.9,80.25,2023-02,135.7,95.6,25.0,10.9,113.0,8.2,sandy,15.0,0.78,Warning
7.125,79.85,2025-02,33.9,91.6,27.2,17.8,6.1,0.5,clay,15.0,0.45,No Risk
7.025,80.125,2024-07,306.0,97.0,26.2,15.8,60.4,12.0,clay,9.71,0.63,Warning
7.125,79.85,2023-12,312.3,95.5,26.0,16.8,6.1,0.5,clay,15.0,0.57,Warning
7.075,80.375,2024-04,213.4,97.0,24.1,9.4,115.1,6.0,sandy,15.0,0.78,Warning
7.05,80.125,2024-07,327.8,96.7,26.2,16.1,34.8,4.8,clay,7.47,0.61,Warning
7.025,79.975,2024-03,109.4,96.8,28.1,15.1,18.0,0.9,loam,1.76,0.59,Flood
7.075,79.85,2023-09,510.3,95.0,26.1,20.2,25.8,2.4,loam,13.79,0.58,Warning
7.125,80.125,2025-03,179.3,97.5,26.2,12.4,79.8,17.8,sandy,1.76,0.69,Landslide
7.025,80.325,2023-09,709.1,95.5,24.4,15.8,167.2,17.8,sandy,15.0,0.82,Landslide
6.9,80.0,2023-12,449.5,98.6,25.7,12.9,64.3,14.6,loam,11.8,0.64,Warning
6.975,80.075,2023-09,562.6,97.2,25.3,16.8,57.2,4.9,clay,10.32,0.66,Warning
7.125,80.3,2024-02,22.1,92.3,27.0,15.9,121.9,24.6,sandy,5.9,0.56,No Risk
6.9,80.175,2024-12,169.4,98.2,25.4,11.7,105.0,17.4,loam,15.0,0.76,Landslide
7.0,79.95,2024-05,682.0,97.2,27.3,16.5,31.8,5.9,clay,1.11,0.59,Flood
6.9,79.875,2024-10,395.4,95.4,26.3,17.1,17.2,0.3,clay,2.29,0.62,Flood
6.9,80.175,2024-02,39.1,96.1,27.1,12.7,105.0,17.4,loam,15.0,0.61,No Risk
6.925,79.9,2024-11,351.5,96.4,25.8,15.1,11.6,0.4,clay,2.78,0.65,Flood
7.025,80.0,2023-12,415.3,98.2,25.8,13.5,75.1,17.7,clay,1.24,0.69,Landslide
7.125,80.325,2024-11,625.7,98.2,25.2,11.4,114.8,10.7,loam,8.19,0.78,Warning
7.0,80.125,2023-06,329.5,97.1,25.9,14.6,32.7,2.6,clay,12.17,0.64,Warning
7.025,80.225,2025-01,339.0,98.4,24.9,10.6,137.7,19.0,sandy,8.78,0.79,Landslide
6.9,79.85,2024-09,304.6,92.9,27.0,19.7,8.8,0.6,clay,3.14,0.6,Flood
7.075,79.85,2024-05,599.9,95.1,27.8,19.8,25.8,2.4,loam,13.79,0.6,Warning
7.05,80.2,2024-08,344.1,95.2,24.4,15.7,99.8,17.4,sandy,5.55,0.77,Landslide
7.05,79.875,2024-02,42.0,91.3,27.7,17.7,22.2,6.6,clay,9.88,0.45,No Risk
7.125,80.075,2023-03,151.8,95.6,26.4,13.0,72.3,12.6,loam,2.83,0.68,Warning
6.975,79.925,2023-10,490.0,96.8,25.6,15.1,14.6,0.6,clay,0.78,0.55,Flood
7.1,80.1,2023-05,229.9,96.1,26.6,14.5,75.3,10.7,loam,2.22,0.78,Warning
7.0,79.9,2025-05,278.6,94.1,27.8,19.2,22.7,1.5,clay,4.0,0.59,Warning
7.1,80.0,2023-08,113.9,95.8,26.7,17.7,72.7,8.6,loam,5.98,0.66,Warning
6.925,79.95,2024-09,383.1,96.3,26.5,17.5,7.2,0.3,clay,6.21,0.52,Warning
7.125,80.35,2025-02,27.6,96.4,25.3,12.9,158.1,30.1,loam,9.82,0.62,No Risk
6.9,80.1,2024-03,113.7,95.5,28.0,16.3,75.8,7.3,loam,15.0,0.72,Warning
7.025,80.15,2023-11,597.3,98.5,25.2,10.2,108.4,8.3,loam,10.01,0.77,Warning
7.075,80.25,2023-05,240.2,94.9,26.7,13.0,117.6,18.7,sandy,6.21,0.81,Landslide
6.925,80.275,2023-12,496.2,97.6,25.2,10.8,193.9,32.8,loam,15.0,0.74,Landslide
6.95,80.0,2024-09,383.1,96.3,26.5,17.5,15.8,1.9,clay,7.11,0.58,Warning
6.95,79.925,2023-05,253.0,94.7,27.3,16.9,29.7,6.4,clay,2.77,0.6,Flood
7.05,79.95,2023-03,179.2,96.6,26.5,11.9,19.3,2.2,clay,5.55,0.57,Warning
7.1,80.3,2025-02,27.7,96.5,25.2,13.1,227.7,27.9,loam,8.0,0.57,No Risk
7.075,80.125,2023-10,600.5,97.4,25.1,13.1,86.3,10.8,sandy,5.27,0.7,Warning
7.025,80.15,2024-06,417.7,96.6,26.1,16.7,108.4,8.3,loam,10.01,0.77,Warning
7.125,80.25,2025-03,211.9,97.5,25.0,11.6,183.4,27.4,sandy,2.29,0.78,Landslide
7.1,79.875,2024-08,265.6,92.3,26.7,20.2,24.4,3.5,clay,14.57,0.62,Warning
6.95,79.925,2025-03,144.8,94.8,27.3,11.7,29.7,6.4,clay,2.77,0.6,Flood
6.95,80.225,2024-02,39.4,96.1,27.2,12.7,67.0,14.3,loam,15.0,0.52,No Risk
7.05,80.075,2023-10,618.4,98.1,25.4,12.5,48.9,3.6,loam,4.33,0.65,Warning
7.025,80.025,2024-02,36.8,93.7,27.7,14.9,69.5,11.7,loam,2.83,0.52,No Risk
7.0,79.925,2025-02,47.3,92.0,27.4,15.4,3.0,2.2,clay,2.29,0.42,Warning
7.025,79.925,2024-02,43.7,91.8,27.6,17.5,7.6,1.0,clay,4.77,0.42,No Risk
6.975,80.3,2025-05,375.1,98.9,25.6,12.2,228.2,18.0,loam,15.0,0.76,Landslide
7.075,80.075,2024-02,27.5,91.3,28.1,16.6,71.6,10.1,clay,2.83,0.47,No Risk
6.925,80.05,2023-10,593.4,97.9,25.2,12.8,82.3,7.8,loam,12.47,0.74,Warning
7.125,80.125,2024-02,24.8,90.8,27.7,17.3,79.8,17.8,sandy,1.76,0.51,No Risk
6.925,79.95,2023-12,449.5,98.6,25.7,12.9,7.2,0.3,clay,6.21,0.6,Warning
6.975,80.025,2023-12,447.4,98.2,25.7,12.8,70.2,12.1,sandy,6.33,0.7,Warning
6.925,80.25,2023-02,135.7,95.6,25.0,10.9,228.8,33.0,sandy,15.0,0.82,Landslide
6.925,80.25,2024-10,612.3,95.4,25.3,11.8,228.8,33.0,sandy,15.0,0.79,Landslide
7.075,79.85,2024-02,42.5,91.1,27.8,17.9,25.8,2.4,loam,13.79,0.46,No Risk
7.025,79.875,2024-02,43.5,91.8,27.7,17.5,22.2,5.8,clay,7.89,0.47,No Risk
7.15,79.875,2023-02,96.0,94.3,25.7,16.7,5.4,2.0,loam,15.0,0.54,Warning
6.925,80.05,2024-02,38.5,96.1,27.3,13.1,82.3,7.8,loam,12.47,0.56,No Risk
6.95,79.875,2025-02,49.0,92.1,27.4,14.6,39.8,2.5,loam,2.78,0.51,Warning
7.075,80.2,2025-01,291.3,98.2,24.9,12.9,99.7,13.8,loam,2.77,0.77,Warning
7.0,80.15,2024-07,306.0,97.0,26.2,15.8,147.0,20.3,sandy,12.41,0.85,Landslide
6.9,80.025,2023-09,568.4,97.8,25.1,16.8,77.1,15.8,sandy,13.24,0.73,Landslide
6.9,79.875,2023-12,413.7,96.4,25.9,14.8,17.2,0.3,clay,2.29,0.6,Flood
7.025,80.1,2024-02,43.3,94.2,27.4,14.1,79.7,8.2,loam,8.25,0.61,No Risk
7.125,80.2,2024-01,157.5,95.3,25.5,13.3,92.0,7.0,sandy,2.78,0.75,Warning
7.1,80.025,2023-01,112.9,90.5,25.1,16.8,59.1,4.2,loam,3.55,0.67,Warning
6.9,79.925,2024-05,656.3,95.1,27.7,20.1,28.1,3.3,sandy,6.21,0.63,Warning
7.05,80.025,2024-08,265.0,96.4,26.2,16.4,87.5,19.3,clay,0.56,0.71,Landslide
7.1,79.85,2024-02,26.7,90.5,27.7,18.1,19.7,1.6,clay,15.0,0.35,No Risk
7.125,79.975,2023-08,95.3,95.3,26.8,17.8,15.6,2.2,loam,9.71,0.51,Warning
7.05,80.025,2024-06,391.2,96.5,26.5,17.1,87.5,19.3,clay,0.56,0.73,Landslide
7.075,80.05,2023-09,563.7,97.1,25.4,17.0,38.7,7.9,clay,0.55,0.65,Flood
7.025,80.15,2023-03,188.5,97.7,25.9,10.5,108.4,8.3,loam,10.01,0.78,Warning
7.075,79.95,2024-11,437.4,99.1,25.4,12.9,17.2,0.3,loam,7.55,0.58,Warning
7.025,80.3,2024-05,878.4,96.9,26.4,13.9,203.1,17.9,loam,13.87,0.77,Landslide
6.9,80.225,2024-02,39.5,96.1,27.1,12.7,111.9,8.1,sandy,15.0,0.67,No Risk
7.05,80.0,2023-10,616.8,98.4,25.4,12.6,74.6,7.6,clay,2.22,0.69,Warning
7.075,80.15,2024-02,26.7,91.2,27.9,16.5,81.5,10.9,loam,6.21,0.62,No Risk
7.05,79.875,2024-04,180.0,96.2,28.1,14.5,22.2,6.6,clay,9.88,0.63,Warning
6.925,79.975,2023-07,292.2,95.6,26.5,17.5,9.3,0.8,clay,7.89,0.54,Warning
7.1,80.325,2024-02,26.1,94.4,27.0,14.2,154.6,24.9,loam,9.82,0.59,No Risk
7.075,80.025,2024-05,717.2,97.6,27.1,15.5,86.0,16.6,loam,2.83,0.69,Landslide
6.95,80.225,2024-08,402.8,95.4,25.8,14.8,67.0,14.3,loam,15.0,0.7,Warning
7.025,79.9,2024-10,416.9,95.4,26.2,16.9,21.7,7.3,loam,6.0,0.62,Warning
6.95,80.0,2023-03,185.9,98.2,26.2,11.0,15.8,1.9,clay,7.11,0.6,Warning
6.95,79.925,2024-06,348.0,93.6,27.1,21.2,29.7,6.4,clay,2.77,0.67,Flood
7.0,80.3,2023-12,518.7,98.1,25.1,10.9,223.5,30.2,loam,15.0,0.77,Landslide
6.95,80.075,2024-11,482.8,98.9,25.2,13.0,54.5,2.1,loam,12.22,0.69,Warning
7.1,80.05,2023-02,120.8,95.4,25.9,13.2,41.6,6.9,loam,2.22,0.66,Flood
6.925,80.075,2024-04,227.3,98.2,27.7,12.5,23.4,3.6,clay,14.15,0.64,Warning
6.9,79.85,2024-01,138.1,94.3,26.0,14.2,8.8,0.6,clay,3.14,0.54,Flood
7.125,79.925,2023-08,95.3,95.3,26.8,17.8,3.0,1.9,clay,13.44,0.51,Warning
6.975,79.9,2023-10,508.1,96.9,25.7,15.1,18.4,0.3,clay,2.77,0.6,Flood
7.125,80.05,2025-02,42.7,95.3,27.1,15.6,50.3,6.3,loam,4.33,0.5,No Risk
6.925,79.925,2023-12,410.4,96.3,25.9,14.8,31.7,5.7,loam,3.92,0.64,Warning
6.95,79.95,2024-03,117.0,97.1,28.0,14.7,10.8,0.5,clay,4.0,0.6,Warning
7.075,79.925,2024-11,386.9,97.2,25.6,15.8,12.8,1.0,loam,9.19,0.58,Warning
6.9,80.225,2024-07,353.9,96.5,26.1,14.3,111.9,8.1,sandy,15.0,0.75,Warning
6.925,80.275,2024-07,404.4,95.2,25.9,12.7,193.9,32.8,loam,15.0,0.8,Landslide
6.925,80.075,2025-05,319.7,98.6,26.5,16.0,23.4,3.6,clay,14.15,0.66,Warning
6.975,79.925,2023-12,373.6,96.1,25.9,15.7,14.6,0.6,clay,0.78,0.62,Flood
7.05,79.975,2024-01,164.6,95.3,26.1,13.8,7.1,1.2,clay,3.72,0.49,Warning
6.9,79.85,2025-03,132.4,94.7,27.2,11.5,8.8,0.6,clay,3.14,0.53,Flood
7.0,79.975,2024-07,346.1,96.3,26.8,17.0,9.0,0.5,clay,1.67,0.52,Flood
6.9,79.875,2023-09,554.6,95.0,26.0,19.3,17.2,0.3,clay,2.29,0.56,Flood
7.0,79.925,2024-11,393.7,97.0,25.7,14.9,3.0,2.2,clay,2.29,0.59,Flood
6.975,80.0,2024-02,32.3,93.6,27.9,15.5,74.9,18.6,loam,5.12,0.54,No Risk
6.9,79.85,2024-08,334.0,92.8,26.8,19.1,8.8,0.6,clay,3.14,0.51,Flood
7.125,80.125,2025-02,36.1,95.1,26.6,15.8,79.8,17.8,sandy,1.76,0.56,No Risk
7.025,80.225,2024-10,559.3,96.4,25.5,12.6,137.7,19.0,sandy,8.78,0.81,Landslide
6.925,80.1,2024-01,190.0,97.1,25.6,10.3,54.2,8.0,loam,15.0,0.69,Warning
7.1,79.875,2024-02,26.3,90.4,27.9,17.9,24.4,3.5,clay,14.57,0.41,No Risk
7.125,80.0,2024-06,363.0,96.6,26.4,17.9,61.0,15.4,loam,7.47,0.66,Landslide
6.975,80.2,2025-05,309.7,98.0,26.1,13.4,118.9,8.0,sandy,13.88,0.78,Warning
6.9,79.875,2023-11,492.0,97.5,25.5,12.0,17.2,0.3,clay,2.29,0.59,Flood
6.95,79.85,2024-08,334.0,92.8,26.8,19.1,17.7,1.4,clay,4.0,0.58,Warning
7.0,80.075,2024-11,469.8,98.8,25.3,13.2,52.6,1.6,sandy,8.25,0.69,Warning
6.9,79.875,2024-06,351.1,93.5,27.1,21.1,17.2,0.3,clay,2.29,0.54,Flood
6.925,80.175,2024-02,39.0,96.1,27.2,12.7,65.1,18.1,loam,15.0,0.58,No Risk
6.9,80.3,2024-05,858.9,96.6,25.5,13.5,186.2,18.2,sandy,15.0,0.77,Landslide
6.975,80.325,2024-08,387.9,95.2,24.6,14.5,173.5,36.6,sandy,15.0,0.83,Landslide
6.925,80.15,2024-02,39.0,96.5,27.1,12.8,109.4,14.2,sandy,15.0,0.57,No Risk
6.95,79.925,2024-06,364.3,93.4,27.1,21.2,29.7,6.4,clay,2.77,0.67,Flood
7.1,80.125,2023-09,592.1,96.8,25.1,17.4,71.0,11.4,loam,2.78,0.65,Warning
7.075,80.175,2025-02,33.1,96.6,25.3,14.4,88.0,17.9,loam,3.92,0.57,No Risk
6.925,80.3,2024-04,239.7,96.0,27.6,11.6,197.1,18.5,loam,15.0,0.76,Landslide
7.0,80.25,2023-02,122.7,96.2,25.0,10.9,127.9,31.1,loam,12.41,0.79,Landslide
7.0,80.125,2024-04,197.2,96.8,27.9,12.7,32.7,2.6,clay,12.17,0.6,Warning
7.0,80.375,2023-05,284.0,95.5,26.2,11.3,175.5,36.1,sandy,15.0,0.82,Landslide
7.125,80.2,2024-02,19.4,91.8,27.4,16.4,92.0,7.0,sandy,2.78,0.55,No Risk
6.925,79.875,2023-10,564.4,96.6,25.6,14.8,16.7,1.3,loam,0.78,0.6,Flood
7.125,80.0,2024-11,530.0,98.9,25.2,13.4,61.0,15.4,loam,7.47,0.69,Landslide
7.075,80.025,2024-02,27.3,91.6,28.1,16.7,86.0,16.6,loam,2.83,0.52,No Risk
7.05,80.125,2024-02,26.5,91.6,27.8,16.3,34.8,4.8,clay,7.47,0.45,No Risk
7.0,79.9,2024-05,607.9,95.2,27.8,19.9,22.7,1.5,clay,4.0,0.6,Warning
7.15,79.85,2025-05,252.1,95.0,27.7,20.8,3.2,1.5,clay,15.0,0.54,Warning
6.95,80.175,2024-01,185.4,96.9,25.6,10.1,117.2,19.0,loam,15.0,0.79,Landslide
7.075,80.35,2024-01,240.6,96.3,24.4,9.8,222.8,24.9,loam,13.74,0.76,Landslide
6.9,80.275,2024-02,42.8,94.4,26.7,12.2,132.8,33.3,sandy,15.0,0.59,No Risk
6.9,80.125,2025-04,301.3,98.8,25.8,12.7,76.5,15.5,sandy,15.0,0.73,Landslide
6.95,80.05,2024-08,340.6,97.0,26.0,16.4,79.7,18.7,loam,10.23,0.72,Landslide
7.1,80.375,2024-05,716.4,97.8,26.5,14.6,126.9,33.0,sandy,13.74,0.83,Landslide
7.025,80.0,2023-02,85.4,96.6,25.6,13.3,75.1,17.7,clay,1.24,0.68,Landslide
7.1,79.95,2024-03,73.7,96.7,28.2,15.4,26.6,4.4,sandy,9.55,0.53,Warning
7.15,80.0,2025-02,43.4,95.2,27.0,15.7,84.9,11.8,sandy,9.55,0.54,No Risk
7.0,80.275,2024-09,383.8,95.3,25.5,13.8,241.0,35.6,sandy,13.88,0.81,Landslide
7.075,80.05,2023-11,560.1,99.3,25.4,9.8,38.7,7.9,clay,0.55,0.61,Flood
7.05,79.9,2024-06,301.6,93.6,27.0,21.6,18.4,1.2,clay,8.45,0.65,Warning
6.95,80.225,2024-02,39.3,96.3,27.2,12.7,67.0,14.3,loam,15.0,0.52,No Risk
7.075,79.85,2024-06,301.6,93.6,27.1,21.6,25.8,2.4,loam,13.79,0.58,Warning
6.975,79.925,2024-10,416.9,95.4,26.2,16.9,14.6,0.6,clay,0.78,0.56,Flood
6.975,80.025,2024-02,36.3,93.7,27.6,14.9,70.2,12.1,sandy,6.33,0.59,No Risk
7.05,80.35,2024-02,27.6,94.4,26.4,12.9,132.8,27.5,sandy,15.0,0.6,No Risk
7.05,80.275,2024-10,514.5,96.2,25.0,12.7,201.8,19.8,loam,10.01,0.82,Landslide
7.1,80.225,2025-02,33.4,96.7,26.1,14.4,125.1,18.9,loam,2.77,0.63,No Risk
6.925,79.9,2025-05,271.8,94.2,27.8,17.9,11.6,0.4,clay,2.78,0.54,Flood
7.125,80.025,2024-02,28.8,91.3,28.0,17.0,86.7,12.3,loam,5.71,0.53,No Risk
6.975,79.85,2023-06,370.5,94.9,27.1,19.9,9.5,0.5,clay,6.21,0.57,Warning
6.925,80.25,2024-02,41.7,94.2,26.7,12.1,228.8,33.0,sandy,15.0,0.64,No Risk
7.1,80.175,2024-09,290.9,96.8,25.6,16.7,146.2,35.3,loam,2.78,0.83,Landslide
6.95,79.925,2023-06,365.1,94.5,27.0,19.5,29.7,6.4,clay,2.77,0.62,Flood
7.1,80.2,2024-10,474.7,96.6,25.3,13.0,88.8,13.2,loam,0.0,0.73,Warning
7.075,80.25,2024-02,25.1,94.4,27.5,14.2,117.6,18.7,sandy,6.21,0.52,No Risk
6.975,79.875,2023-03,112.6,97.4,26.4,13.6,28.7,5.1,sandy,3.92,0.61,Warning
7.1,79.875,2023-08,105.1,92.4,27.0,19.9,24.4,3.5,clay,14.57,0.59,Warning
7.1,80.275,2024-02,25.2,94.3,27.5,14.3,138.0,32.2,loam,6.0,0.59,No Risk
7.05,80.05,2024-02,27.8,91.4,28.1,16.6,22.4,3.7,loam,3.33,0.36,No Risk
7.025,80.025,2023-12,447.4,98.2,25.7,12.8,69.5,11.7,loam,2.83,0.69,Warning
7.075,80.2,2025-02,33.1,96.5,26.1,14.2,99.7,13.8,loam,2.77,0.62,No Risk
7.0,79.975,2023-08,131.6,95.8,26.7,17.3,9.0,0.5,clay,1.67,0.53,Flood
6.95,79.85,2023-02,67.3,95.1,25.6,15.8,17.7,1.4,clay,4.0,0.49,Warning
7.05,80.05,2024-10,405.0,97.4,25.8,13.4,22.4,3.7,loam,3.33,0.56,Flood
7.125,80.025,2024-02,29.8,91.3,28.1,17.1,86.7,12.3,loam,5.71,0.53,No Risk
7.0,79.925,2024-09,305.5,93.0,27.0,20.4,3.0,2.2,clay,2.29,0.58,Flood
7.05,80.025,2024-02,26.8,91.5,28.1,16.7,87.5,19.3,clay,0.56,0.55,No Risk
7.125,80.15,2024-02,18.8,91.9,27.4,16.2,153.9,18.9,loam,2.99,0.58,No Risk
7.0,80.025,2024-02,37.0,93.7,27.7,14.9,80.3,6.7,sandy,4.47,0.54,No Risk
7.0,80.25,2023-11,620.6,98.7,24.8,10.2,127.9,31.1,loam,12.41,0.78,Landslide
6.95,80.075,2024-10,468.1,97.6,25.6,13.8,54.5,2.1,loam,12.22,0.7,Warning
7.05,79.85,2024-02,42.7,91.4,27.9,17.8,7.3,1.1,clay,11.8,0.41,No Risk
6.975,80.0,2024-11,426.5,98.9,25.4,12.7,74.9,18.6,loam,5.12,0.71,Landslide
7.0,80.25,2024-10,598.7,95.9,25.2,12.0,127.9,31.1,loam,12.41,0.81,Landslide
7.075,80.2,2024-03,71.0,94.7,28.0,16.1,99.7,13.8,loam,2.77,0.68,Warning
7.125,80.225,2023-11,584.8,98.7,23.8,10.8,101.5,18.6,clay,0.78,0.73,Landslide
6.925,80.2,2025-04,304.4,98.1,25.9,11.1,95.2,12.3,loam,15.0,0.73,Warning
7.125,80.15,2025-02,41.5,95.9,26.1,14.7,153.9,18.9,loam,2.99,0.7,No Risk
7.125,80.025,2025-05,276.9,98.1,26.9,16.9,86.7,12.3,loam,5.71,0.74,Warning
6.975,79.925,2023-02,66.9,95.8,25.6,15.9,14.6,0.6,clay,0.78,0.49,Flood
7.025,80.05,2023-08,137.4,96.4,26.5,17.0,34.0,3.7,loam,4.33,0.6,Warning
7.05,80.325,2025-02,60.2,97.2,25.9,12.7,217.1,18.9,sandy,13.79,0.7,Warning
7.0,80.375,2025-01,374.0,99.2,24.8,8.6,175.5,36.1,sandy,15.0,0.83,Landslide
6.9,79.875,2025-04,187.1,95.1,27.5,13.4,17.2,0.3,clay,2.29,0.61,Flood
6.975,80.35,2024-12,148.9,98.3,24.0,10.6,187.8,28.4,loam,15.0,0.79,Landslide
7.0,79.85,2023-03,112.6,97.4,26.5,13.6,13.7,1.6,loam,7.85,0.57,Warning
7.05,79.85,2025-02,46.2,92.1,27.3,16.5,7.3,1.1,clay,11.8,0.45,Warning
7.1,80.35,2023-11,652.5,98.5,25.3,10.3,104.3,12.9,sandy,12.01,0.77,Warning
6.95,79.925,2025-05,266.8,94.2,27.8,18.1,29.7,6.4,clay,2.77,0.64,Flood
6.95,80.175,2024-06,426.5,95.8,26.1,15.7,117.2,19.0,loam,15.0,0.83,Landslide
6.975,80.35,2024-08,387.9,95.2,24.6,14.5,187.8,28.4,loam,15.0,0.82,Landslide
7.125,80.175,2023-12,383.0,97.4,25.3,14.2,116.2,10.0,loam,3.92,0.76,Warning
7.025,79.95,2024-10,449.3,97.3,25.9,14.4,14.2,1.5,clay,2.99,0.6,Flood
7.075,80.375,2024-02,37.2,95.8,23.3,11.2,115.1,6.0,sandy,15.0,0.59,No Risk
6.9,80.275,2023-04,207.5,95.4,26.1,9.8,132.8,33.3,sandy,15.0,0.81,Landslide
6.975,80.1,2024-02,43.0,94.3,27.5,14.2,59.2,7.7,sandy,12.17,0.53,No Risk
6.925,79.95,2023-05,276.4,96.9,26.8,14.6,7.2,0.3,clay,6.21,0.59,Warning
6.95,80.025,2024-06,391.0,97.2,26.3,17.3,88.4,10.8,loam,8.69,0.73,Warning
7.025,79.95,2023-01,110.9,91.5,25.2,15.0,14.2,1.5,clay,2.99,0.61,Flood
6.925,80.175,2023-08,160.0,95.5,26.2,15.7,65.1,18.1,loam,15.0,0.69,Landslide
7.05,80.0,2024-02,26.8,92.5,28.0,16.4,74.6,7.6,clay,2.22,0.57,No Risk
7.025,79.925,2024-02,43.4,91.8,27.6,17.6,7.6,1.0,clay,4.77,0.42,No Risk
6.95,79.925,2024-01,136.9,94.3,26.0,14.0,29.7,6.4,clay,2.77,0.69,Flood
6.925,80.2,2024-02,39.1,96.1,27.1,12.7,95.2,12.3,loam,15.0,0.58,No Risk
6.95,80.05,2023-09,568.4,97.8,25.1,16.8,79.7,18.7,loam,10.23,0.74,Landslide
7.05,80.125,2024-11,518.6,98.5,25.1,13.7,34.8,4.8,clay,7.47,0.59,Warning
7.075,80.3,2024-02,25.1,94.4,26.8,14.2,99.1,6.7,loam,9.88,0.62,No Risk
6.95,80.125,2023-12,462.6,98.5,25.3,12.0,28.9,5.4,clay,15.0,0.61,Warning
7.025,80.325,2023-02,122.7,96.2,24.7,10.9,167.2,17.8,sandy,15.0,0.81,Landslide
7.075,79.875,2023-08,109.1,92.5,27.0,19.9,9.5,1.1,clay,12.18,0.56,Warning
6.95,79.925,2024-08,327.6,92.8,26.8,19.0,29.7,6.4,clay,2.77,0.64,Flood
6.975,80.025,2024-02,36.6,93.7,27.7,15.0,70.2,12.1,sandy,6.33,0.59,No Risk
7.1,80.075,2023-02,120.8,95.4,25.9,13.2,92.3,13.0,clay,0.55,0.69,Warning
6.975,80.1,2024-02,42.9,94.3,27.5,14.2,59.2,7.7,sandy,12.17,0.53,No Risk
7.0,80.1,2023-05,233.9,96.1,26.5,13.2,29.7,6.4,loam,10.47,0.59,Warning
7.025,79.975,2024-06,359.3,95.8,26.7,18.1,18.0,0.9,loam,1.76,0.62,Flood
7.125,79.975,2023-07,244.2,95.2,26.6,18.2,15.6,2.2,loam,9.71,0.51,Warning
7.1,80.15,2023-07,301.7,96.6,25.9,16.4,109.5,13.6,sandy,4.96,0.79,Warning
7.075,80.175,2024-10,474.7,96.6,24.5,13.0,88.0,17.9,loam,3.92,0.68,Landslide
7.125,79.95,2025-01,271.0,96.5,25.5,15.8,22.8,6.1,loam,11.39,0.64,Warning
6.9,79.975,2023-05,276.4,96.9,26.8,14.6,23.2,3.9,loam,10.01,0.6,Warning
6.975,80.125,2024-01,200.0,95.7,25.8,11.7,37.5,4.8,clay,14.32,0.64,Warning
7.125,80.1,2024-02,25.1,90.8,27.8,17.1,39.1,1.8,loam,1.24,0.4,No Risk
6.95,79.95,2023-09,573.5,96.9,25.5,16.9,10.8,0.5,clay,4.0,0.6,Warning
7.05,79.9,2023-04,122.3,96.6,27.1,13.7,18.4,1.2,clay,8.45,0.61,Warning
7.15,79.95,2024-03,73.7,96.7,28.2,15.4,35.5,5.1,loam,13.55,0.54,Warning
6.95,80.275,2024-11,526.2,98.5,24.7,11.5,186.9,15.9,sandy,15.0,0.84,Landslide
6.95,80.1,2025-04,301.3,98.8,25.8,12.7,68.6,15.4,clay,14.21,0.71,Landslide
6.95,79.975,2023-06,421.5,96.8,26.4,16.7,33.0,1.8,clay,5.79,0.63,Warning
7.075,80.3,2023-02,96.5,96.6,24.9,11.3,99.1,6.7,loam,9.88,0.77,Warning
7.1,80.35,2025-04,216.3,97.9,26.1,12.0,104.3,12.9,sandy,12.01,0.72,Warning
7.075,80.075,2025-03,197.9,98.1,26.5,11.9,71.6,10.1,clay,2.83,0.75,Warning
7.125,79.95,2024-07,299.1,96.1,26.8,17.7,22.8,6.1,loam,11.39,0.56,Warning
7.05,80.375,2024-06,293.9,97.7,20.9,15.0,212.7,17.2,sandy,15.0,0.78,Landslide
7.1,80.175,2023-11,562.3,98.9,24.9,10.6,146.2,35.3,loam,2.78,0.81,Landslide
6.9,80.3,2025-05,411.5,98.8,24.6,11.3,186.2,18.2,sandy,15.0,0.78,Landslide
6.975,80.125,2024-10,476.9,96.7,25.6,13.5,37.5,4.8,clay,14.32,0.61,Warning
6.95,79.9,2024-09,319.7,92.8,27.0,19.9,20.5,4.8,loam,0.0,0.57,Flood
6.9,79.85,2024-06,355.6,93.5,27.1,21.2,8.8,0.6,clay,3.14,0.55,Flood
7.0,80.325,2025-01,374.0,99.2,23.7,8.6,237.4,27.0,sandy,15.0,0.78,Landslide
7.025,79.975,2024-05,701.6,97.3,27.4,16.0,18.0,0.9,loam,1.76,0.58,Flood
6.975,79.975,2024-07,336.9,96.2,26.8,16.6,17.0,0.8,loam,3.24,0.59,Flood
7.05,80.125,2023-03,178.2,96.9,26.2,11.6,34.8,4.8,clay,7.47,0.59,Warning
6.95,79.925,2023-09,558.1,95.0,26.0,19.4,29.7,6.4,clay,2.77,0.56,Flood
7.0,79.975,2023-10,631.5,98.3,25.4,12.9,9.0,0.5,clay,1.67,0.55,Flood
7.025,80.125,2023-06,329.5,97.1,25.9,14.6,60.4,12.0,clay,9.71,0.64,Warning
7.05,80.05,2024-05,717.2,97.6,27.1,15.5,22.4,3.7,loam,3.33,0.58,Flood
6.95,79.925,2024-07,322.4,93.5,27.2,19.1,29.7,6.4,clay,2.77,0.65,Flood
6.925,80.225,2024-11,482.2,98.3,25.0,12.6,132.0,36.4,loam,15.0,0.81,Landslide
6.975,79.975,2024-06,359.2,95.7,26.7,17.8,17.0,0.8,loam,3.24,0.56,Flood
7.1,79.925,2023-02,112.1,94.2,25.8,14.0,4.3,0.6,clay,11.44,0.63,Warning
7.125,80.225,2023-12,330.7,97.4,24.3,13.0,101.5,18.6,clay,0.78,0.77,Landslide
6.975,80.0,2024-02,32.5,93.4,27.8,15.5,74.9,18.6,loam,5.12,0.54,No Risk
7.0,79.9,2023-05,233.6,95.9,27.3,17.4,22.7,1.5,clay,4.0,0.58,Warning
6.9,79.975,2024-12,198.0,97.6,26.1,12.2,23.2,3.9,loam,10.01,0.63,Warning
7.075,79.875,2024-02,42.7,91.1,27.7,17.8,9.5,1.1,clay,12.18,0.47,No Risk
7.125,80.375,2025-02,27.8,96.5,25.3,13.2,175.1,24.7,sandy,11.88,0.64,No Risk
7.075,80.075,2023-08,119.1,96.0,26.6,17.1,71.6,10.1,clay,2.83,0.7,Warning
7.05,80.05,2024-02,27.9,91.4,28.2,16.6,22.4,3.7,loam,3.33,0.36,No Risk
7.0,79.975,2023-05,237.5,96.6,26.9,14.8,9.0,0.5,clay,1.67,0.52,Flood
7.075,79.85,2023-06,326.9,94.7,27.1,20.1,25.8,2.4,loam,13.79,0.6,Warning
7.125,79.875,2025-02,33.7,91.7,27.4,17.6,3.0,2.0,clay,15.0,0.33,No Risk
6.975,80.175,2023-09,667.4,96.1,25.0,16.0,78.0,16.1,sandy,14.15,0.67,Landslide
6.95,79.95,2023-11,541.1,99.5,25.3,10.6,10.8,0.5,clay,4.0,0.54,Warning
6.95,79.95,2024-10,460.2,97.1,25.9,14.4,10.8,0.5,clay,4.0,0.58,Warning
7.1,80.125,2024-12,142.8,97.5,25.4,13.1,71.0,11.4,loam,2.78,0.73,Warning
7.025,80.275,2023-06,395.4,94.7,25.6,12.7,190.6,30.0,sandy,11.77,0.85,Landslide
6.925,79.9,2024-11,354.2,96.4,25.8,15.1,11.6,0.4,clay,2.78,0.65,Flood
6.975,80.1,2024-12,178.3,97.8,25.4,12.7,59.2,7.7,sandy,12.17,0.62,Warning
6.975,79.925,2024-05,618.1,95.2,27.7,19.8,14.6,0.6,clay,0.78,0.63,Flood
7.1,79.95,2023-07,244.2,95.2,26.6,18.2,26.6,4.4,sandy,9.55,0.62,Warning
7.125,80.2,2023-01,104.2,91.3,24.6,15.9,92.0,7.0,sandy,2.78,0.72,Warning
7.1,80.3,2024-02,26.9,91.7,26.4,15.8,227.7,27.9,loam,8.0,0.63,No Risk
7.125,80.2,2024-08,313.4,95.4,25.7,16.6,92.0,7.0,sandy,2.78,0.78,Warning
7.125,79.9,2023-08,105.1,92.4,27.0,19.9,29.0,5.3,clay,15.0,0.64,Warning
7.025,80.275,2023-03,186.2,96.6,25.4,10.0,190.6,30.0,sandy,11.77,0.79,Landslide
7.0,80.125,2024-01,200.0,95.7,25.8,11.7,32.7,2.6,clay,12.17,0.62,Warning
7.125,80.325,2023-08,101.4,92.4,26.6,17.5,114.8,10.7,loam,8.19,0.8,Warning
7.0,80.15,2024-06,417.7,96.6,26.1,16.7,147.0,20.3,sandy,12.41,0.8,Landslide
7.1,80.25,2025-02,43.1,96.5,25.9,13.6,182.6,19.8,loam,4.0,0.69,No Risk
6.95,79.875,2023-11,491.7,97.5,25.5,11.8,39.8,2.5,loam,2.78,0.62,Flood
7.1,80.3,2024-02,26.9,91.8,26.3,15.9,227.7,27.9,loam,8.0,0.63,No Risk
6.975,80.025,2024-04,222.8,98.2,28.0,12.4,70.2,12.1,sandy,6.33,0.68,Warning
7.025,80.1,2023-03,188.5,97.7,25.9,10.5,79.7,8.2,loam,8.25,0.7,Warning
7.025,79.95,2025-05,288.9,96.6,27.2,15.9,14.2,1.5,clay,2.99,0.57,Flood
7.025,80.25,2023-07,401.1,94.6,25.5,14.0,95.1,18.9,sandy,10.01,0.78,Landslide
6.975,80.3,2024-09,383.8,95.3,25.5,13.8,228.2,18.0,loam,15.0,0.77,Landslide
7.125,80.15,2024-02,19.6,91.8,27.5,16.4,153.9,18.9,loam,2.99,0.58,No Risk
6.95,80.25,2025-02,51.8,97.0,25.2,12.1,182.1,27.5,sandy,15.0,0.7,Warning
6.925,79.9,2024-04,172.5,96.1,28.2,14.4,11.6,0.4,clay,2.78,0.58,Flood
6.95,80.275,2023-02,135.7,95.6,25.0,10.9,186.9,15.9,sandy,15.0,0.79,Landslide
7.15,80.0,2024-10,384.5,97.3,25.7,13.5,84.9,11.8,sandy,9.55,0.7,Warning
7.1,80.275,2024-02,25.4,94.4,27.5,14.2,138.0,32.2,loam,6.0,0.59,No Risk
6.925,80.3,2024-02,42.6,94.0,26.6,12.2,197.1,18.5,loam,15.0,0.62,No Risk
7.025,80.125,2024-09,355.8,97.3,25.9,16.4,60.4,12.0,clay,9.71,0.66,Warning
7.15,79.9,2024-02,26.6,90.4,27.8,18.1,7.8,0.8,clay,15.0,0.41,No Risk
7.05,79.85,2024-03,78.7,94.8,28.1,16.3,7.3,1.1,clay,11.8,0.55,Warning
7.0,80.025,2023-06,329.7,97.9,26.2,15.7,80.3,6.7,sandy,4.47,0.75,Warning
7.025,79.9,2023-09,545.4,95.2,26.0,19.9,21.7,7.3,loam,6.0,0.63,Warning
7.125,80.025,2023-08,91.8,95.8,26.6,17.5,86.7,12.3,loam,5.71,0.7,Warning
6.9,79.875,2024-09,312.6,92.9,27.0,20.0,17.2,0.3,clay,2.29,0.57,Flood
7.15,79.925,2024-11,444.4,99.1,25.3,13.3,12.6,0.5,clay,15.0,0.6,Warning
6.95,79.875,2023-12,410.3,96.3,25.8,14.9,39.8,2.5,loam,2.78,0.64,Flood
6.925,79.875,2024-04,177.2,96.1,28.2,14.5,16.7,1.3,loam,0.78,0.56,Flood
7.125,80.15,2024-06,338.8,96.3,25.9,18.2,153.9,18.9,loam,2.99,0.8,Landslide
7.05,80.275,2025-03,205.2,97.9,25.6,11.1,201.8,19.8,loam,10.01,0.78,Landslide
7.075,80.175,2024-02,34.3,93.6,26.5,15.7,88.0,17.9,loam,3.92,0.54,No Risk
6.925,80.15,2024-02,38.5,96.4,27.1,12.8,109.4,14.2,sandy,15.0,0.57,No Risk
7.075,80.05,2023-12,403.4,97.8,25.8,13.6,38.7,7.9,clay,0.55,0.62,Flood
7.05,80.175,2024-02,33.8,93.8,27.3,15.6,121.1,17.9,sandy,6.21,0.6,No Risk
6.95,80.175,2024-02,38.7,96.1,27.1,12.6,117.2,19.0,loam,15.0,0.61,No Risk
7.075,79.9,2023-04,122.3,96.6,27.1,13.7,28.5,5.2,clay,10.66,0.57,Warning
7.125,80.125,2024-02,25.8,90.6,27.7,17.3,79.8,17.8,sandy,1.76,0.51,No Risk
7.125,79.9,2024-07,257.9,93.1,27.1,20.2,29.0,5.3,clay,15.0,0.59,Warning
7.05,80.2,2025-02,33.1,96.5,25.0,14.1,99.8,17.4,sandy,5.55,0.58,No Risk
6.95,80.3,2023-06,463.6,94.8,25.7,12.1,238.9,30.8,sandy,15.0,0.78,Landslide
7.025,79.85,2024-06,326.9,93.5,27.1,21.4,24.8,3.0,clay,10.01,0.64,Warning
7.05,80.1,2023-08,121.5,95.5,26.4,17.1,43.6,5.2,clay,5.98,0.69,Warning
7.125,80.0,2024-01,168.3,94.2,26.1,14.5,61.0,15.4,loam,7.47,0.65,Landslide
6.975,79.9,2023-07,214.2,92.8,26.9,21.3,18.4,0.3,clay,2.77,0.62,Flood
6.95,80.2,2023-07,357.0,96.4,25.7,15.3,66.3,6.2,loam,15.0,0.64,Warning
6.975,79.925,2023-07,225.4,92.9,26.9,21.2,14.6,0.6,clay,0.78,0.6,Flood
6.9,80.2,2024-12,169.4,98.2,25.4,11.7,74.7,8.5,sandy,15.0,0.7,Warning
7.0,79.925,2023-10,504.7,96.8,25.6,15.1,3.0,2.2,clay,2.29,0.54,Flood
7.0,80.175,2023-04,163.6,96.7,25.8,11.1,74.0,13.3,sandy,11.44,0.72,Warning
6.9,80.175,2023-09,737.1,95.9,25.1,15.6,105.0,17.4,loam,15.0,0.75,Landslide
6.95,80.175,2024-02,38.3,96.1,27.1,12.8,117.2,19.0,loam,15.0,0.61,No Risk
7.05,80.275,2024-09,338.8,95.5,25.3,14.8,201.8,19.8,loam,10.01,0.78,Landslide
7.125,80.125,2023-10,541.4,97.7,25.1,13.3,79.8,17.8,sandy,1.76,0.7,Landslide
7.075,79.9,2023-09,510.3,95.0,26.0,20.2,28.5,5.2,clay,10.66,0.59,Warning
7.125,80.25,2024-10,454.0,96.0,24.4,13.7,183.4,27.4,sandy,2.29,0.78,Landslide
7.1,80.35,2024-02,26.8,91.9,27.3,15.9,104.3,12.9,sandy,12.01,0.57,No Risk
7.075,79.85,2024-02,42.2,91.3,27.8,17.9,25.8,2.4,loam,13.79,0.46,No Risk
7.075,79.875,2024-05,599.9,95.1,27.7,19.8,9.5,1.1,clay,12.18,0.59,Warning
7.05,80.35,2024-02,27.4,94.4,26.4,12.9,132.8,27.5,sandy,15.0,0.6,No Risk
7.125,80.275,2024-02,22.0,92.3,27.1,15.8,199.1,34.9,sandy,4.23,0.59,No Risk
6.925,80.2,2023-12,481.4,98.3,25.4,11.4,95.2,12.3,loam,15.0,0.74,Warning
6.9,80.05,2023-02,124.2,98.1,25.3,12.8,22.1,5.5,clay,14.89,0.58,Warning
6.975,79.925,2023-02,60.4,95.8,25.7,16.1,14.6,0.6,clay,0.78,0.49,Flood
7.1,80.275,2023-03,186.9,96.7,26.2,10.7,138.0,32.2,loam,6.0,0.83,Landslide
7.125,79.925,2024-08,268.0,95.6,26.4,17.3,3.0,1.9,clay,13.44,0.54,Warning
7.1,80.25,2024-02,22.3,92.3,27.0,15.6,182.6,19.8,loam,4.0,0.61,No Risk
7.05,80.3,2024-10,514.5,96.2,25.0,12.7,128.7,31.4,loam,11.8,0.85,Landslide
6.925,79.975,2025-05,307.3,96.9,27.1,15.7,9.3,0.8,clay,7.89,0.6,Warning
7.025,80.35,2023-05,284.0,95.4,25.2,11.3,168.9,24.2,sandy,15.0,0.78,Landslide
6.95,80.125,2024-02,39.2,96.4,27.1,12.8,28.9,5.4,clay,15.0,0.37,Warning
6.925,80.25,2024-02,42.4,94.2,26.7,12.1,228.8,33.0,sandy,15.0,0.64,No Risk
7.025,80.225,2024-11,502.7,98.4,25.0,12.8,137.7,19.0,sandy,8.78,0.75,Landslide
7.125,80.175,2023-08,94.1,94.5,26.3,17.6,116.2,10.0,loam,3.92,0.78,Warning
6.925,80.0,2024-02,37.4,95.2,27.5,14.7,60.1,18.3,loam,9.44,0.51,No Risk
7.15,80.025,2024-07,329.9,96.7,26.5,16.8,44.0,2.2,loam,8.25,0.62,Warning
7.0,80.075,2024-02,36.4,93.7,27.7,15.1,52.6,1.6,sandy,8.25,0.54,No Risk
6.9,79.925,2025-01,278.6,94.9,25.6,14.2,28.1,3.3,sandy,6.21,0.59,Warning
7.075,80.05,2025-05,295.7,97.8,26.8,15.9,38.7,7.9,clay,0.55,0.6,Flood
7.125,80.025,2024-02,29.7,91.3,28.1,17.1,86.7,12.3,loam,5.71,0.53,No Risk
7.1,80.35,2024-12,154.6,97.5,25.5,11.1,104.3,12.9,sandy,12.01,0.82,Warning
7.1,79.875,2025-02,34.2,91.5,27.3,17.8,24.4,3.5,clay,14.57,0.44,No Risk
6.9,79.925,2024-03,79.9,94.9,28.1,16.7,28.1,3.3,sandy,6.21,0.52,Warning
6.9,80.125,2023-01,158.0,95.0,24.4,12.9,76.5,15.5,sandy,15.0,0.72,Landslide
7.05,80.175,2024-02,34.0,93.7,27.2,15.5,121.1,17.9,sandy,6.21,0.6,No Risk
7.05,79.975,2024-08,263.9,95.8,26.4,17.1,7.1,1.2,clay,3.72,0.58,Warning
6.9,80.375,2024-05,851.9,97.2,25.4,13.3,172.8,22.7,sandy,15.0,0.77,Landslide
7.05,80.05,2024-05,724.5,97.6,27.1,15.5,22.4,3.7,loam,3.33,0.58,Flood
7.1,80.05,2023-01,136.8,90.5,25.3,15.7,41.6,6.9,loam,2.22,0.62,Flood
6.925,80.325,2023-07,390.3,94.8,24.5,12.5,210.0,18.2,sandy,15.0,0.84,Landslide
7.0,80.25,2023-01,178.5,94.7,24.0,11.3,127.9,31.1,loam,12.41,0.82,Landslide
7.1,80.35,2025-02,27.7,96.5,26.3,13.1,104.3,12.9,sandy,12.01,0.56,No Risk
7.125,80.25,2023-01,106.8,91.7,23.5,14.6,183.4,27.4,sandy,2.29,0.74,Landslide
6.9,80.125,2024-04,186.5,96.9,27.7,13.3,76.5,15.5,sandy,15.0,0.73,Landslide
6.95,80.025,2024-02,38.3,96.0,27.4,13.2,88.4,10.8,loam,8.69,0.58,No Risk
6.95,80.125,2023-01,158.0,95.0,24.4,12.9,28.9,5.4,clay,15.0,0.58,Warning
6.975,80.225,2023-10,680.7,97.5,25.0,12.8,118.1,16.4,sandy,14.15,0.75,Landslide
7.125,79.95,2023-12,360.2,97.2,25.9,14.8,22.8,6.1,loam,11.39,0.62,Warning
6.975,80.05,2023-05,234.7,97.2,26.7,13.8,76.5,13.7,loam,8.33,0.7,Warning
7.0,79.95,2023-11,479.3,99.6,25.4,10.2,31.8,5.9,clay,1.11,0.67,Flood
6.9,80.225,2025-03,132.8,98.8,26.0,11.4,111.9,8.1,sandy,15.0,0.83,Warning
7.05,79.875,2024-01,130.5,93.1,26.0,15.6,22.2,6.6,clay,9.88,0.55,Warning
6.925,80.2,2023-09,737.1,95.9,25.1,15.6,95.2,12.3,loam,15.0,0.79,Warning
7.125,80.375,2023-12,341.0,97.0,24.7,12.7,175.1,24.7,sandy,11.88,0.79,Landslide
6.9,79.85,2023-09,554.6,95.0,26.0,19.3,8.8,0.6,clay,3.14,0.55,Flood
6.9,79.925,2024-01,138.1,94.3,26.0,14.2,28.1,3.3,sandy,6.21,0.62,Warning
7.1,80.2,2023-06,324.4,95.9,25.8,14.4,88.8,13.2,loam,0.0,0.74,Warning
7.1,80.075,2024-02,27.6,91.4,28.1,16.4,92.3,13.0,clay,0.55,0.58,No Risk
7.15,79.95,2025-04,234.9,98.1,26.7,13.5,35.5,5.1,loam,13.55,0.61,Warning
7.125,80.05,2025-02,43.6,95.4,27.0,15.6,50.3,6.3,loam,4.33,0.5,No Risk
7.0,79.95,2024-01,182.1,95.6,26.0,12.7,31.8,5.9,clay,1.11,0.56,Flood
7.1,80.025,2023-03,192.6,96.3,26.5,12.6,59.1,4.2,loam,3.55,0.69,Warning
6.9,79.875,2023-03,141.2,95.9,26.4,13.1,17.2,0.3,clay,2.29,0.61,Flood
7.0,80.075,2023-08,137.4,96.4,26.5,17.0,52.6,1.6,sandy,8.25,0.73,Warning
7.05,80.25,2024-02,25.4,94.4,27.5,14.2,124.2,29.2,loam,7.85,0.63,No Risk
7.1,80.225,2024-09,313.3,97.0,25.6,15.7,125.1,18.9,loam,2.77,0.75,Landslide
7.05,80.325,2025-03,205.2,97.9,25.7,11.1,217.1,18.9,sandy,13.79,0.79,Landslide
6.9,80.3,2024-07,404.4,95.2,24.9,12.7,186.2,18.2,sandy,15.0,0.81,Landslide
6.95,80.275,2023-07,413.1,94.8,25.5,13.3,186.9,15.9,sandy,15.0,0.76,Landslide
7.05,80.275,2024-01,206.0,96.7,25.2,11.1,201.8,19.8,loam,10.01,0.78,Landslide
7.125,79.875,2025-02,33.9,91.7,27.3,17.9,3.0,2.0,clay,15.0,0.33,No Risk
7.0,80.1,2025-05,326.0,98.4,26.2,15.3,29.7,6.4,loam,10.47,0.58,Warning
6.925,79.9,2024-05,654.5,95.1,27.7,20.0,11.6,0.4,clay,2.78,0.6,Flood
7.125,80.0,2025-05,276.9,98.1,26.9,16.9,61.0,15.4,loam,7.47,0.68,Landslide
6.95,79.925,2023-10,564.4,96.6,25.6,14.8,29.7,6.4,clay,2.77,0.56,Flood
7.125,80.375,2023-01,98.9,92.4,23.5,13.3,175.1,24.7,sandy,11.88,0.8,Landslide
7.1,79.85,2025-02,34.0,91.8,27.3,17.8,19.7,1.6,clay,15.0,0.44,No Risk
7.1,80.25,2025-02,42.0,96.8,25.9,13.6,182.6,19.8,loam,4.0,0.69,No Risk
7.125,80.275,2024-06,323.3,95.3,25.7,17.9,199.1,34.9,sandy,4.23,0.76,Landslide
7.075,80.175,2024-02,33.8,93.6,26.5,15.7,88.0,17.9,loam,3.92,0.54,No Risk
7.0,80.0,2025-02,59.4,95.5,27.3,13.9,74.6,6.2,clay,2.48,0.62,Warning
7.125,80.125,2023-09,538.1,97.0,25.0,18.0,79.8,17.8,sandy,1.76,0.72,Landslide
6.975,80.0,2023-11,479.3,99.6,25.4,10.2,74.9,18.6,loam,5.12,0.7,Landslide
7.025,80.3,2023-12,518.7,98.1,25.1,10.9,203.1,17.9,loam,13.87,0.77,Landslide
7.15,79.9,2025-02,34.9,91.9,27.3,17.7,7.8,0.8,clay,15.0,0.43,No Risk
7.025,80.3,2024-10,598.7,95.9,25.2,12.0,203.1,17.9,loam,13.87,0.84,Landslide
6.975,79.975,2025-04,218.9,97.8,27.0,12.5,17.0,0.8,loam,3.24,0.62,Flood
6.975,79.95,2024-09,367.7,96.2,26.6,17.7,19.8,1.1,clay,2.29,0.64,Flood
7.125,80.0,2025-01,282.0,96.2,25.4,16.2,61.0,15.4,loam,7.47,0.68,Landslide
6.975,79.875,2024-02,42.8,91.8,27.6,17.7,28.7,5.1,sandy,3.92,0.43,No Risk
6.9,80.35,2024-10,542.0,96.0,24.2,11.4,121.1,24.6,loam,15.0,0.82,Landslide
7.125,80.1,2023-02,94.5,94.4,25.6,14.0,39.1,1.8,loam,1.24,0.6,Flood
7.125,80.1,2023-09,534.0,97.1,25.0,18.2,39.1,1.8,loam,1.24,0.65,Flood
7.0,80.05,2024-12,186.0,97.9,25.7,12.3,33.9,6.9,sandy,6.47,0.6,Warning
6.925,80.2,2023-01,129.3,96.5,24.2,11.6,95.2,12.3,loam,15.0,0.79,Warning
7.025,80.075,2024-05,772.3,97.6,27.0,15.7,77.9,17.8,loam,6.71,0.7,Landslide
7.1,79.85,2024-10,427.8,95.3,26.3,16.8,19.7,1.6,clay,15.0,0.6,Warning
6.975,79.975,2025-05,276.5,96.8,27.2,15.9,17.0,0.8,loam,3.24,0.55,Flood
6.95,79.875,2023-11,488.6,97.5,25.5,12.0,39.8,2.5,loam,2.78,0.62,Flood
7.0,80.25,2023-04,195.6,96.3,26.1,10.7,127.9,31.1,loam,12.41,0.82,Landslide
6.9,80.1,2023-02,114.0,98.1,25.1,11.9,75.8,7.3,loam,15.0,0.76,Warning
6.95,80.275,2024-03,95.3,93.0,27.9,14.6,186.9,15.9,sandy,15.0,0.77,Landslide
7.1,79.875,2024-04,187.8,95.8,28.1,14.2,24.4,3.5,clay,14.57,0.66,Warning
6.95,80.275,2024-02,42.4,94.4,26.8,12.3,186.9,15.9,sandy,15.0,0.68,No Risk
7.1,79.925,2023-09,519.4,96.6,25.6,17.5,4.3,0.6,clay,11.44,0.6,Warning
6.9,80.375,2023-10,742.6,96.9,23.9,11.8,172.8,22.7,sandy,15.0,0.8,Landslide
7.125,80.0,2024-04,210.0,98.4,28.1,12.8,61.0,15.4,loam,7.47,0.7,Landslide
6.9,80.35,2024-03,139.7,92.4,26.3,12.4,121.1,24.6,loam,15.0,0.76,Landslide
6.95,80.175,2024-07,353.9,96.5,26.1,14.3,117.2,19.0,loam,15.0,0.77,Landslide
7.025,80.125,2025-03,173.9,98.4,26.1,12.1,60.4,12.0,clay,9.71,0.65,Warning
6.975,80.15,2023-12,475.0,97.8,25.5,12.5,94.7,8.2,loam,14.94,0.72,Warning
6.95,80.3,2023-10,694.2,97.0,24.8,11.9,238.9,30.8,sandy,15.0,0.8,Landslide
6.925,79.9,2024-09,312.2,92.9,27.0,20.2,11.6,0.4,clay,2.78,0.58,Flood
7.05,80.1,2024-11,518.6,98.5,25.1,13.7,43.6,5.2,clay,5.98,0.65,Warning
7.025,80.35,2025-05,347.8,98.9,24.7,11.9,168.9,24.2,sandy,15.0,0.81,Landslide
7.025,79.9,2024-02,43.0,91.8,27.6,17.7,21.7,7.3,loam,6.0,0.47,No Risk
7.05,79.875,2023-01,101.0,90.3,25.1,18.3,22.2,6.6,clay,9.88,0.6,Warning
7.075,80.1,2023-08,121.5,95.5,26.4,17.1,32.2,3.5,clay,3.55,0.63,Warning
7.125,80.075,2023-06,296.8,96.7,26.0,16.7,72.3,12.6,loam,2.83,0.66,Warning
6.975,80.375,2023-12,530.1,96.7,21.1,9.4,153.1,24.6,sandy,15.0,0.76,Landslide
7.0,79.925,2024-12,146.0,94.9,26.3,14.3,3.0,2.2,clay,2.29,0.53,Flood
6.95,80.025,2024-02,38.2,96.1,27.3,13.1,88.4,10.8,loam,8.69,0.58,No Risk
7.075,80.225,2023-05,240.2,94.9,25.5,13.0,87.8,9.6,sandy,3.92,0.73,Warning
6.9,79.85,2025-01,273.3,94.8,25.7,14.1,8.8,0.6,clay,3.14,0.58,Flood
7.025,80.175,2024-04,200.0,96.4,27.8,12.8,132.6,16.4,loam,8.78,0.83,Landslide
7.125,79.925,2023-09,519.4,96.6,25.6,17.5,3.0,1.9,clay,13.44,0.58,Warning
7.075,80.325,2024-04,260.2,96.8,26.4,10.6,99.7,18.4,sandy,11.88,0.79,Landslide
7.025,80.1,2024-04,197.2,96.8,27.9,12.7,79.7,8.2,loam,8.25,0.75,Warning
7.125,80.025,2024-02,29.1,91.1,28.1,16.9,86.7,12.3,loam,5.71,0.53,No Risk
7.05,80.2,2025-02,32.9,96.7,24.8,14.4,99.8,17.4,sandy,5.55,0.58,No Risk
7.1,80.25,2024-10,454.0,96.0,25.1,13.7,182.6,19.8,loam,4.0,0.82,Landslide
7.15,79.875,2025-05,252.1,95.0,27.7,20.8,5.4,2.0,loam,15.0,0.61,Warning
7.05,80.05,2024-01,187.0,94.4,26.0,13.6,22.4,3.7,loam,3.33,0.6,Flood
7.0,80.175,2024-05,817.5,96.9,26.0,15.0,74.0,13.3,sandy,11.44,0.67,Warning
7.025,79.95,2023-11,471.3,99.6,25.3,10.3,14.2,1.5,clay,2.99,0.59,Flood
7.1,80.35,2025-02,27.8,96.5,26.3,13.0,104.3,12.9,sandy,12.01,0.56,No Risk
7.0,80.025,2024-04,222.8,98.2,28.0,12.4,80.3,6.7,sandy,4.47,0.64,Warning
7.0,80.15,2024-10,476.9,96.7,25.6,13.5,147.0,20.3,sandy,12.41,0.85,Landslide
7.1,80.175,2023-09,531.8,96.5,24.8,17.7,146.2,35.3,loam,2.78,0.79,Landslide
6.95,79.875,2024-06,355.6,93.5,27.1,21.2,39.8,2.5,loam,2.78,0.65,Flood
7.15,79.95,2024-12,160.5,98.0,25.7,13.1,35.5,5.1,loam,13.55,0.63,Warning
7.1,80.325,2023-08,132.2,93.3,26.2,16.3,154.6,24.9,loam,9.82,0.8,Landslide
7.0,80.025,2024-02,35.6,93.6,27.7,15.0,80.3,6.7,sandy,4.47,0.54,No Risk
6.95,79.9,2023-05,237.8,94.8,27.3,16.6,20.5,4.8,loam,0.0,0.62,Flood
6.975,79.95,2023-03,154.7,97.5,26.3,11.6,19.8,1.1,clay,2.29,0.61,Flood
7.1,80.25,2024-08,377.5,94.0,25.5,16.5,182.6,19.8,loam,4.0,0.8,Landslide
7.025,80.05,2023-01,129.0,91.8,25.1,14.5,34.0,3.7,loam,4.33,0.6,Warning
7.1,80.25,2023-03,146.7,95.4,25.9,12.1,182.6,19.8,loam,4.0,0.81,Landslide
7.1,80.15,2024-04,224.0,96.8,28.0,12.8,109.5,13.6,sandy,4.96,0.79,Warning
7.025,80.05,2024-12,186.0,97.9,25.7,12.3,34.0,3.7,loam,4.33,0.6,Warning
7.1,80.175,2024-02,18.7,91.9,27.4,16.4,146.2,35.3,loam,2.78,0.62,No Risk
7.075,80.05,2025-05,299.7,97.8,26.8,15.9,38.7,7.9,clay,0.55,0.6,Flood
6.95,80.075,2024-02,38.6,96.0,27.3,13.1,54.5,2.1,loam,12.22,0.52,No Risk
6.95,80.05,2023-05,272.0,97.6,26.4,13.6,79.7,18.7,loam,10.23,0.71,Landslide
7.15,79.9,2023-05,259.2,95.7,27.4,18.0,7.8,0.8,clay,15.0,0.61,Warning
6.975,79.9,2025-03,135.7,95.4,27.2,12.1,18.4,0.3,clay,2.77,0.59,Flood
7.1,80.35,2023-02,112.4,96.1,25.4,12.3,104.3,12.9,sandy,12.01,0.79,Warning
7.075,80.125,2025-05,307.2,98.5,26.2,15.7,86.3,10.8,sandy,5.27,0.71,Warning
7.05,80.225,2023-07,326.1,95.4,25.7,15.8,90.0,17.9,sandy,6.21,0.68,Landslide
7.0,80.275,2023-06,395.4,94.7,25.6,12.7,241.0,35.6,sandy,13.88,0.74,Landslide
7.05,80.0,2023-12,386.0,97.9,25.8,14.1,74.6,7.6,clay,2.22,0.74,Warning
6.925,79.925,2024-12,130.0,94.2,26.7,13.7,31.7,5.7,loam,3.92,0.56,Warning
7.05,80.125,2023-11,597.1,98.6,25.2,10.0,34.8,4.8,clay,7.47,0.68,Warning
7.125,80.1,2024-02,25.9,90.9,27.9,17.0,39.1,1.8,loam,1.24,0.4,No Risk
7.0,80.35,2024-06,366.8,96.2,25.8,14.9,193.9,27.8,loam,15.0,0.81,Landslide
6.925,80.3,2024-02,42.7,94.2,26.7,12.2,197.1,18.5,loam,15.0,0.62,No Risk
6.9,80.325,2025-02,58.2,95.8,24.5,10.9,190.9,31.7,sandy,15.0,0.69,Landslide
7.05,79.925,2023-07,205.5,92.5,26.9,21.4,35.5,6.6,clay,6.77,0.63,Warning
7.075,79.975,2024-04,235.2,98.8,28.0,12.8,18.3,2.2,loam,5.71,0.58,Warning
6.925,80.25,2025-01,333.7,99.2,24.6,9.0,228.8,33.0,sandy,15.0,0.83,Landslide
7.125,80.2,2023-04,152.8,96.4,26.9,12.7,92.0,7.0,sandy,2.78,0.71,Warning
7.125,80.275,2025-02,42.2,96.7,25.9,13.6,199.1,34.9,sandy,4.23,0.66,No Risk
7.125,79.925,2023-12,360.2,97.2,25.9,14.8,3.0,1.9,clay,13.44,0.57,Warning
6.95,80.35,2025-01,322.2,98.7,23.5,8.4,144.3,16.2,loam,15.0,0.78,Landslide
7.0,80.3,2023-05,254.7,94.5,26.1,12.0,223.5,30.2,loam,15.0,0.76,Landslide
7.15,79.875,2025-02,33.7,91.8,27.3,17.7,5.4,2.0,loam,15.0,0.43,No Risk
7.05,80.2,2023-06,324.4,95.9,24.6,14.4,99.8,17.4,sandy,5.55,0.8,Landslide
7.0,79.875,2024-11,382.9,96.9,25.7,15.2,36.2,4.8,loam,6.21,0.6,Warning
6.95,80.1,2023-03,180.9,98.2,25.7,9.9,68.6,15.4,clay,14.21,0.65,Landslide
6.95,79.9,2024-04,177.2,96.1,28.2,14.5,20.5,4.8,loam,0.0,0.57,Flood
6.95,80.25,2023-06,463.6,94.8,25.1,12.1,182.1,27.5,sandy,15.0,0.77,Landslide
7.05,80.2,2024-02,33.8,93.6,26.0,15.5,99.8,17.4,sandy,5.55,0.5,No Risk
7.05,80.025,2025-04,257.3,98.1,26.5,12.6,87.5,19.3,clay,0.56,0.74,Landslide
6.95,79.925,2023-10,562.3,96.5,25.6,15.0,29.7,6.4,clay,2.77,0.56,Flood
7.0,79.975,2025-01,354.4,97.2,25.4,13.0,9.0,0.5,clay,1.67,0.59,Flood
6.925,79.85,2025-03,124.6,94.8,27.2,11.6,24.7,3.2,clay,2.29,0.62,Flood
7.075,80.05,2024-08,268.6,96.4,26.2,16.4,38.7,7.9,clay,0.55,0.64,Flood
6.925,80.025,2023-01,146.5,93.9,24.8,13.6,52.5,3.1,clay,11.02,0.64,Warning
7.025,79.925,2023-08,131.6,92.9,27.0,19.9,7.6,1.0,clay,4.77,0.58,Warning
7.1,80.3,2023-09,410.3,95.8,24.0,18.6,227.7,27.9,loam,8.0,0.79,Landslide
6.95,79.925,2025-04,178.6,95.0,27.4,13.6,29.7,6.4,clay,2.77,0.63,Flood
7.05,80.15,2023-05,220.9,96.1,26.6,13.6,133.4,17.5,loam,7.85,0.77,Landslide
6.925,80.0,2024-10,460.2,97.1,25.9,14.4,60.1,18.3,loam,9.44,0.68,Landslide
6.95,79.975,2025-02,76.5,96.2,27.1,12.8,33.0,1.8,clay,5.79,0.56,Warning
7.025,80.025,2023-08,137.4,96.4,26.5,17.0,69.5,11.7,loam,2.83,0.69,Warning
6.925,80.05,2023-03,182.7,98.6,25.9,9.9,82.3,7.8,loam,12.47,0.67,Warning
7.075,80.025,2025-02,50.5,95.7,26.9,14.8,86.0,16.6,loam,2.83,0.61,Warning
6.95,79.9,2023-10,580.1,96.5,25.7,15.0,20.5,4.8,loam,0.0,0.56,Flood
7.05,80.375,2024-02,36.4,96.2,21.4,11.2,212.7,17.2,sandy,15.0,0.6,No Risk
7.025,80.275,2023-04,195.6,96.3,26.1,10.7,190.6,30.0,sandy,11.77,0.78,Landslide
7.125,80.2,2024-04,218.0,96.7,27.8,12.8,92.0,7.0,sandy,2.78,0.78,Warning
7.1,80.3,2023-08,101.4,92.3,25.5,17.5,227.7,27.9,loam,8.0,0.76,Landslide
7.125,79.925,2024-03,73.7,96.7,28.2,15.4,3.0,1.9,clay,13.44,0.46,Warning
7.0,80.25,2023-06,395.4,94.7,25.6,12.7,127.9,31.1,loam,12.41,0.78,Landslide
7.15,80.0,2025-05,276.9,98.1,26.9,16.9,84.9,11.8,sandy,9.55,0.74,Warning
6.975,80.0,2023-07,254.2,95.5,26.6,17.6,74.9,18.6,loam,5.12,0.67,Landslide
7.1,80.25,2024-02,22.1,92.3,27.0,15.8,182.6,19.8,loam,4.0,0.61,No Risk
7.125,80.35,2025-02,28.3,96.6,25.3,13.3,158.1,30.1,loam,9.82,0.62,No Risk
7.05,80.15,2023-01,139.2,90.5,24.9,15.9,133.4,17.5,loam,7.85,0.75,Landslide
6.9,80.25,2024-02,42.9,94.1,26.7,12.2,113.0,8.2,sandy,15.0,0.64,No Risk
7.1,80.275,2024-04,194.8,97.2,28.1,11.2,138.0,32.2,loam,6.0,0.81,Landslide
6.925,79.85,2023-07,248.3,93.0,26.9,20.9,24.7,3.2,clay,2.29,0.64,Flood
6.975,79.925,2023-11,442.9,97.5,25.5,12.0,14.6,0.6,clay,0.78,0.6,Flood
6.95,80.275,2024-05,858.9,96.7,26.5,13.5,186.9,15.9,sandy,15.0,0.73,Landslide
7.15,79.9,2025-02,34.7,91.8,27.4,17.9,7.8,0.8,clay,15.0,0.43,No Risk
6.9,80.2,2023-06,381.0,95.8,25.9,13.2,74.7,8.5,sandy,15.0,0.66,Warning
6.9,80.375,2023-05,325.7,95.2,25.1,11.0,172.8,22.7,sandy,15.0,0.76,Landslide
6.975,79.95,2023-09,581.2,96.5,25.5,16.9,19.8,1.1,clay,2.29,0.58,Flood
7.0,80.3,2024-09,383.8,95.3,25.5,13.8,223.5,30.2,loam,15.0,0.78,Landslide
6.95,79.975,2023-10,657.4,98.0,25.4,12.9,33.0,1.8,clay,5.79,0.63,Warning
7.0,80.225,2025-04,314.4,97.9,25.8,11.7,93.3,10.0,sandy,11.44,0.75,Warning
7.15,79.875,2024-12,112.9,95.0,26.2,15.2,5.4,2.0,loam,15.0,0.56,Warning
7.05,79.95,2023-12,386.0,97.9,25.8,14.1,19.3,2.2,clay,5.55,0.59,Warning
7.1,80.0,2024-11,437.4,99.1,25.4,12.9,72.7,8.6,loam,5.98,0.74,Warning
6.975,79.875,2024-08,309.0,92.7,26.7,19.6,28.7,5.1,sandy,3.92,0.57,Warning
6.9,79.875,2024-10,416.6,95.2,26.3,16.9,17.2,0.3,clay,2.29,0.62,Flood
7.025,80.025,2024-09,370.1,97.6,26.2,16.7,69.5,11.7,loam,2.83,0.68,Warning
6.95,79.95,2025-02,76.5,96.2,27.1,12.8,10.8,0.5,clay,4.0,0.49,Warning
7.075,80.35,2025-03,183.0,98.4,24.7,10.0,222.8,24.9,loam,13.74,0.79,Landslide
6.9,80.35,2025-01,322.2,98.7,23.5,8.4,121.1,24.6,loam,15.0,0.81,Landslide
7.05,80.2,2024-07,331.9,96.0,24.7,15.4,99.8,17.4,sandy,5.55,0.79,Landslide
6.9,79.875,2023-02,67.3,95.1,25.6,15.8,17.2,0.3,clay,2.29,0.51,Warning
7.05,80.125,2023-02,109.4,95.8,25.6,12.7,34.8,4.8,clay,7.47,0.63,Warning
7.05,80.1,2023-11,597.1,98.6,25.2,10.0,43.6,5.2,clay,5.98,0.6,Warning
6.9,80.075,2023-03,182.7,98.6,25.9,9.9,48.0,3.8,clay,15.0,0.66,Warning
7.0,79.9,2023-11,450.5,97.7,25.5,11.9,22.7,1.5,clay,4.0,0.61,Warning
6.9,80.05,2024-04,227.3,98.2,27.7,12.5,22.1,5.5,clay,14.89,0.63,Warning
6.925,80.025,2023-12,496.5,98.8,25.5,12.2,52.5,3.1,clay,11.02,0.65,Warning
6.975,80.1,2024-10,476.9,96.7,25.6,13.5,59.2,7.7,sandy,12.17,0.68,Warning
7.075,79.95,2023-01,114.3,90.9,25.3,16.0,17.2,0.3,loam,7.55,0.6,Warning
6.9,80.0,2025-02,76.5,96.2,27.1,12.8,64.3,14.6,loam,11.8,0.6,Warning
6.9,80.3,2023-11,648.1,98.2,23.9,9.9,186.2,18.2,sandy,15.0,0.85,Landslide
6.975,79.875,2024-03,93.8,95.0,28.0,16.4,28.7,5.1,sandy,3.92,0.57,Warning
7.15,80.0,2023-11,582.5,99.2,25.3,10.2,84.9,11.8,sandy,9.55,0.76,Warning
6.925,80.35,2023-05,325.7,95.2,25.1,11.0,196.5,16.3,sandy,15.0,0.75,Landslide
7.15,79.95,2023-08,95.3,95.3,26.8,17.8,35.5,5.1,loam,13.55,0.64,Warning
7.1,80.15,2024-08,298.8,95.7,25.9,16.5,109.5,13.6,sandy,4.96,0.77,Warning
6.9,80.225,2024-09,347.8,96.5,25.8,14.7,111.9,8.1,sandy,15.0,0.79,Warning
7.1,80.225,2025-02,33.3,96.5,26.2,14.1,125.1,18.9,loam,2.77,0.63,No Risk
6.925,80.325,2023-09,618.5,96.2,23.8,15.4,210.0,18.2,sandy,15.0,0.81,Landslide
7.1,80.275,2023-05,240.2,94.9,26.7,13.0,138.0,32.2,loam,6.0,0.8,Landslide
7.05,79.85,2024-02,42.9,91.2,27.8,17.9,7.3,1.1,clay,11.8,0.41,No Risk
7.125,79.975,2024-01,163.8,94.8,26.1,14.7,15.6,2.2,loam,9.71,0.59,Warning
6.975,80.35,2024-11,601.0,98.7,23.8,10.2,187.8,28.4,loam,15.0,0.84,Landslide
6.925,79.9,2023-05,232.0,94.5,27.3,17.0,11.6,0.4,clay,2.78,0.64,Flood
7.025,79.85,2024-04,173.6,96.5,28.2,14.5,24.8,3.0,clay,10.01,0.58,Warning
6.975,79.95,2023-07,254.2,95.5,26.6,17.6,19.8,1.1,clay,2.29,0.6,Flood
7.1,79.95,2023-08,95.3,95.3,26.8,17.8,26.6,4.4,sandy,9.55,0.64,Warning
7.15,79.85,2023-11,517.8,97.8,25.5,11.8,3.2,1.5,clay,15.0,0.57,Warning
7.1,80.025,2024-02,28.9,91.1,28.1,17.1,59.1,4.2,loam,3.55,0.49,No Risk
6.925,80.025,2024-10,468.1,97.6,25.6,13.8,52.5,3.1,clay,11.02,0.68,Warning
6.9,79.875,2024-06,355.6,93.5,27.1,21.2,17.2,0.3,clay,2.29,0.54,Flood
6.925,80.1,2024-08,359.2,96.3,25.7,16.3,54.2,8.0,loam,15.0,0.66,Warning
6.925,79.9,2024-09,299.1,92.9,27.0,20.2,11.6,0.4,clay,2.78,0.58,Flood
7.1,80.025,2024-02,30.1,91.1,28.1,17.0,59.1,4.2,loam,3.55,0.49,No Risk
7.125,80.1,2024-10,386.4,96.9,25.5,13.6,39.1,1.8,loam,1.24,0.58,Flood
7.1,79.85,2025-03,152.8,96.4,26.7,12.8,19.7,1.6,clay,15.0,0.65,Warning
7.125,80.275,2023-06,280.0,94.3,25.7,15.4,199.1,34.9,sandy,4.23,0.78,Landslide
7.075,79.875,2024-04,180.0,96.2,28.1,14.5,9.5,1.1,clay,12.18,0.56,Warning
6.925,79.9,2024-01,133.2,94.1,25.9,14.1,11.6,0.4,clay,2.78,0.6,Flood
7.05,80.1,2024-03,93.8,94.3,28.3,16.3,43.6,5.2,clay,5.98,0.65,Warning
6.95,80.075,2024-02,39.2,96.1,27.2,13.3,54.5,2.1,loam,12.22,0.52,No Risk
7.05,80.225,2023-05,221.1,95.4,26.4,13.2,90.0,17.9,sandy,6.21,0.73,Landslide
6.925,80.375,2023-07,390.3,94.8,25.6,12.5,164.7,30.7,loam,15.0,0.77,Landslide
6.95,79.925,2023-07,250.1,92.9,26.9,21.0,29.7,6.4,clay,2.77,0.64,Flood
6.975,79.925,2023-02,59.2,95.7,25.6,15.9,14.6,0.6,clay,0.78,0.49,Flood
6.9,80.025,2024-03,128.0,97.2,27.9,14.9,77.1,15.8,sandy,13.24,0.72,Landslide
6.925,80.15,2024-08,359.2,96.3,25.7,16.3,109.4,14.2,sandy,15.0,0.77,Warning
7.0,80.0,2023-01,110.3,91.5,25.2,15.1,74.6,6.2,clay,2.48,0.67,Warning
7.05,80.05,2025-01,317.9,96.8,25.4,15.1,22.4,3.7,loam,3.33,0.63,Flood
7.125,79.975,2025-04,234.9,98.1,26.7,13.5,15.6,2.2,loam,9.71,0.55,Warning
7.15,79.95,2025-02,36.3,95.6,27.1,14.9,35.5,5.1,loam,13.55,0.49,Warning
6.975,80.025,2023-11,565.1,99.4,25.3,10.0,70.2,12.1,sandy,6.33,0.66,Warning
7.1,80.2,2025-02,33.3,96.7,26.1,14.1,88.8,13.2,loam,0.0,0.53,No Risk
6.975,80.125,2023-01,160.0,92.7,24.7,14.4,37.5,4.8,clay,14.32,0.66,Warning
7.125,80.1,2024-07,318.4,96.8,26.1,16.9,39.1,1.8,loam,1.24,0.63,Flood
6.925,79.9,2023-11,482.4,97.6,25.6,12.2,11.6,0.4,clay,2.78,0.61,Flood
6.925,79.875,2023-09,554.6,95.0,26.0,19.3,16.7,1.3,loam,0.78,0.58,Flood
7.125,80.1,2023-02,100.4,94.5,25.6,13.9,39.1,1.8,loam,1.24,0.6,Flood
7.0,80.175,2024-12,155.3,97.8,24.7,12.2,74.0,13.3,sandy,11.44,0.69,Warning
7.0,79.95,2025-04,232.9,97.7,26.9,12.3,31.8,5.9,clay,1.11,0.62,Flood
6.95,79.975,2024-06,368.9,96.0,26.7,18.3,33.0,1.8,clay,5.79,0.61,Warning
7.025,80.275,2025-02,51.2,96.7,25.9,12.5,190.6,30.0,sandy,11.77,0.67,Warning
6.9,80.025,2025-03,212.2,98.7,26.1,11.2,77.1,15.8,sandy,13.24,0.7,Landslide
6.975,80.05,2024-07,324.6,97.3,26.5,15.6,76.5,13.7,loam,8.33,0.69,Warning
7.125,80.05,2024-09,301.4,97.4,26.3,17.4,50.3,6.3,loam,4.33,0.58,Warning
7.125,79.95,2025-03,163.7,99.0,26.5,12.5,22.8,6.1,loam,11.39,0.65,Warning
7.1,79.875,2025-03,152.8,96.4,26.7,12.8,24.4,3.5,clay,14.57,0.6,Warning
7.075,80.325,2023-12,457.8,98.0,24.3,10.4,99.7,18.4,sandy,11.88,0.77,Landslide
7.05,80.05,2024-03,112.6,95.8,28.3,15.7,22.4,3.7,loam,3.33,0.61,Flood
6.9,79.85,2023-07,245.8,92.8,26.9,21.0,8.8,0.6,clay,3.14,0.56,Flood
6.95,79.9,2024-07,319.5,93.7,27.2,19.1,20.5,4.8,loam,0.0,0.62,Flood
6.9,80.025,2023-07,296.9,97.1,26.0,16.8,77.1,15.8,sandy,13.24,0.7,Landslide
7.1,79.95,2023-12,360.2,97.2,25.9,14.8,26.6,4.4,sandy,9.55,0.59,Warning
7.075,80.0,2025-04,230.2,98.1,26.8,12.8,89.4,13.9,loam,3.55,0.72,Warning
6.975,80.1,2023-10,637.6,97.2,25.2,13.1,59.2,7.7,sandy,12.17,0.68,Warning
7.125,79.875,2023-01,106.2,91.2,25.1,18.5,3.0,2.0,clay,15.0,0.6,Warning
7.05,80.0,2024-09,325.9,96.2,26.6,17.9,74.6,7.6,clay,2.22,0.73,Warning
7.125,80.175,2023-11,562.3,98.9,24.9,10.6,116.2,10.0,loam,3.92,0.82,Warning
7.025,80.2,2025-02,55.1,97.2,25.4,14.0,123.8,29.9,sandy,8.32,0.72,Landslide
6.925,79.85,2025-01,278.0,94.9,25.5,14.2,24.7,3.2,clay,2.29,0.62,Flood
7.125,80.275,2024-02,21.9,92.3,26.9,15.8,199.1,34.9,sandy,4.23,0.59,No Risk
7.1,80.025,2023-02,118.6,94.7,25.8,13.7,59.1,4.2,loam,3.55,0.6,Warning
6.95,79.875,2023-10,564.4,96.6,25.6,14.8,39.8,2.5,loam,2.78,0.62,Flood
7.075,80.25,2024-02,25.0,94.5,27.5,14.2,117.6,18.7,sandy,6.21,0.52,No Risk
7.025,80.25,2024-03,86.9,93.6,27.8,14.1,95.1,18.9,sandy,10.01,0.7,Landslide
7.1,79.85,2025-02,34.8,91.4,27.3,17.7,19.7,1.6,clay,15.0,0.44,No Risk
6.9,80.125,2024-07,303.0,97.5,26.1,15.9,76.5,15.5,sandy,15.0,0.68,Landslide
7.05,80.225,2024-06,419.1,96.0,25.9,16.9,90.0,17.9,sandy,6.21,0.77,Landslide
7.075,80.05,2024-11,486.2,98.9,25.3,13.4,38.7,7.9,clay,0.55,0.65,Flood
7.075,80.175,2023-06,324.4,95.9,25.0,14.4,88.0,17.9,loam,3.92,0.72,Landslide
6.975,79.925,2023-05,229.9,95.9,27.3,17.6,14.6,0.6,clay,0.78,0.56,Flood
6.975,80.25,2023-11,620.6,98.7,24.8,10.2,209.1,35.5,loam,14.94,0.75,Landslide
7.075,79.85,2024-02,42.7,91.3,27.8,17.7,25.8,2.4,loam,13.79,0.46,No Risk
6.975,80.275,2023-11,620.6,98.7,24.8,10.2,191.4,27.2,loam,15.0,0.82,Landslide
6.9,79.875,2023-04,134.6,95.5,27.3,14.0,17.2,0.3,clay,2.29,0.55,Flood
6.975,80.3,2024-08,456.7,94.2,25.5,14.8,228.2,18.0,loam,15.0,0.81,Landslide
6.925,79.9,2024-10,417.5,95.4,26.3,16.9,11.6,0.4,clay,2.78,0.54,Flood
6.925,80.35,2023-09,618.5,96.2,23.8,15.4,196.5,16.3,sandy,15.0,0.77,Landslide
7.075,80.225,2024-06,405.7,95.6,25.1,16.6,87.8,9.6,sandy,3.92,0.71,Warning
6.9,79.925,2023-10,564.4,96.6,25.6,14.8,28.1,3.3,sandy,6.21,0.61,Warning
7.05,80.05,2023-01,136.8,90.5,25.3,15.7,22.4,3.7,loam,3.33,0.63,Flood
7.0,80.35,2023-12,540.4,97.6,25.3,9.9,193.9,27.8,loam,15.0,0.81,Landslide
7.0,80.25,2024-05,878.4,96.9,26.4,13.9,127.9,31.1,loam,12.41,0.78,Landslide
6.975,79.9,2023-11,450.5,97.7,25.5,11.9,18.4,0.3,clay,2.77,0.63,Flood
6.925,79.875,2024-06,356.7,93.6,27.2,21.1,16.7,1.3,loam,0.78,0.55,Flood
7.05,79.9,2023-07,205.5,92.5,26.9,21.4,18.4,1.2,clay,8.45,0.54,Warning
6.975,80.0,2023-02,85.4,96.6,25.6,13.3,74.9,18.6,loam,5.12,0.62,Landslide
7.1,80.325,2024-02,25.3,94.4,27.0,14.2,154.6,24.9,loam,9.82,0.59,No Risk
7.125,80.375,2024-04,240.3,96.6,26.8,12.0,175.1,24.7,sandy,11.88,0.76,Landslide
6.925,80.175,2023-03,168.2,97.3,25.8,10.1,65.1,18.1,loam,15.0,0.72,Landslide
7.0,80.25,2024-08,456.7,94.2,25.5,14.8,127.9,31.1,loam,12.41,0.8,Landslide
6.975,80.0,2024-08,308.4,96.0,26.4,16.8,74.9,18.6,loam,5.12,0.67,Landslide
7.05,80.25,2024-03,87.6,95.2,28.4,14.9,124.2,29.2,loam,7.85,0.75,Landslide
7.1,80.2,2024-01,178.8,96.0,25.6,12.4,88.8,13.2,loam,0.0,0.75,Warning
6.9,80.15,2023-03,180.9,98.2,25.7,9.9,132.2,24.6,loam,15.0,0.83,Landslide
7.075,80.225,2024-12,148.6,97.6,24.5,11.2,87.8,9.6,sandy,3.92,0.71,Warning
6.975,80.25,2025-03,168.2,98.9,25.5,10.6,209.1,35.5,loam,14.94,0.82,Landslide
7.0,80.375,2023-06,378.6,95.3,25.8,12.0,175.5,36.1,sandy,15.0,0.75,Landslide
6.95,80.15,2023-03,180.9,98.2,25.7,9.9,110.9,14.4,sandy,15.0,0.77,Warning
7.125,80.0,2025-03,180.6,98.3,26.4,12.7,61.0,15.4,loam,7.47,0.69,Landslide
6.925,79.875,2025-05,274.0,94.1,27.8,17.9,16.7,1.3,loam,0.78,0.58,Flood
7.125,79.95,2023-04,192.0,97.3,27.0,12.3,22.8,6.1,loam,11.39,0.57,Warning
7.075,80.1,2024-05,773.7,97.2,26.8,15.6,32.2,3.5,clay,3.55,0.59,Warning
6.925,80.325,2024-10,542.0,96.0,24.2,11.4,210.0,18.2,sandy,15.0,0.75,Landslide
6.9,80.325,2024-02,61.8,92.0,25.2,10.8,190.9,31.7,sandy,15.0,0.71,Landslide
7.05,80.225,2025-05,305.5,98.3,25.9,14.4,90.0,17.9,sandy,6.21,0.75,Landslide
6.95,80.225,2024-04,193.3,96.3,27.9,13.3,67.0,14.3,loam,15.0,0.68,Warning
7.075,80.275,2024-05,809.0,97.3,26.3,15.0,201.6,18.5,loam,7.89,0.76,Landslide
7.0,79.95,2025-01,348.4,97.2,25.4,12.9,31.8,5.9,clay,1.11,0.64,Flood
6.925,79.875,2023-05,243.8,94.6,27.3,16.8,16.7,1.3,loam,0.78,0.61,Flood
7.05,80.05,2023-01,126.0,90.6,25.3,15.5,22.4,3.7,loam,3.33,0.63,Flood
7.05,80.0,2023-02,101.8,94.9,25.9,13.4,74.6,7.6,clay,2.22,0.69,Warning
7.0,79.95,2023-05,226.1,96.5,26.9,15.0,31.8,5.9,clay,1.11,0.69,Flood
7.1,80.15,2024-02,27.1,91.3,27.9,16.3,109.5,13.6,sandy,4.96,0.51,No Risk
6.925,79.925,2024-06,355.6,93.5,27.1,21.2,31.7,5.7,loam,3.92,0.65,Warning
6.9,80.0,2023-07,292.2,95.6,26.5,17.5,64.3,14.6,loam,11.8,0.73,Warning
6.925,80.25,2024-02,42.6,94.3,26.7,12.2,228.8,33.0,sandy,15.0,0.64,No Risk
6.95,79.925,2024-08,320.6,92.7,26.8,19.2,29.7,6.4,clay,2.77,0.64,Flood
7.025,79.925,2025-05,278.6,94.1,27.8,19.2,7.6,1.0,clay,4.77,0.58,Warning
7.025,80.1,2024-06,417.7,96.6,26.1,16.7,79.7,8.2,loam,8.25,0.76,Warning
6.9,80.15,2023-02,114.0,98.1,25.1,11.9,132.2,24.6,loam,15.0,0.8,Landslide
6.9,80.275,2024-09,417.6,95.1,25.6,12.8,132.8,33.3,sandy,15.0,0.73,Landslide
7.1,80.15,2024-02,26.9,91.5,27.9,16.3,109.5,13.6,sandy,4.96,0.51,No Risk
7.025,80.2,2024-08,391.2,95.1,25.0,15.0,123.8,29.9,sandy,8.32,0.81,Landslide
6.9,80.15,2024-02,39.4,96.4,27.2,12.7,132.2,24.6,loam,15.0,0.7,No Risk
7.025,80.25,2023-03,186.2,96.6,25.4,10.0,95.1,18.9,sandy,10.01,0.73,Landslide
7.05,79.875,2025-04,221.9,96.0,27.0,14.7,22.2,6.6,clay,9.88,0.57,Warning
7.0,79.875,2024-02,42.7,91.7,27.7,17.8,36.2,4.8,loam,6.21,0.49,No Risk
6.9,79.9,2024-12,130.0,94.2,26.7,13.7,18.9,1.4,clay,4.0,0.61,Warning
7.0,80.275,2023-11,620.6,98.7,24.8,10.2,241.0,35.6,sandy,13.88,0.83,Landslide
7.075,80.25,2024-09,338.8,95.5,26.1,14.8,117.6,18.7,sandy,6.21,0.79,Landslide
7.0,80.275,2024-12,150.5,98.2,25.0,10.9,241.0,35.6,sandy,13.88,0.76,Landslide
7.025,79.925,2024-07,302.3,93.5,27.1,19.5,7.6,1.0,clay,4.77,0.59,Warning
6.925,80.0,2024-08,369.5,96.2,26.3,16.6,60.1,18.3,loam,9.44,0.65,Landslide
7.1,80.05,2025-04,257.3,98.1,26.5,12.6,41.6,6.9,loam,2.22,0.62,Flood
6.95,80.025,2024-11,482.8,98.9,25.2,13.0,88.4,10.8,loam,8.69,0.76,Warning
7.075,79.975,2023-12,386.0,97.9,25.8,14.1,18.3,2.2,loam,5.71,0.58,Warning
7.1,79.9,2023-06,326.9,94.7,27.0,20.1,20.9,6.5,clay,12.94,0.53,Warning
6.95,80.125,2024-09,363.1,97.4,25.7,16.7,28.9,5.4,clay,15.0,0.64,Warning
7.125,79.875,2024-04,187.8,95.8,28.1,14.2,3.0,2.0,clay,15.0,0.52,Warning
7.125,79.85,2025-02,33.9,91.6,27.4,17.7,6.1,0.5,clay,15.0,0.45,No Risk
7.1,80.3,2025-02,26.9,96.4,25.2,13.0,227.7,27.9,loam,8.0,0.57,No Risk
7.1,80.175,2024-01,157.5,95.3,25.5,13.3,146.2,35.3,loam,2.78,0.85,Landslide
7.05,79.95,2024-01,164.6,95.3,26.1,13.8,19.3,2.2,clay,5.55,0.56,Warning
6.95,80.225,2023-08,160.0,95.5,26.2,15.7,67.0,14.3,loam,15.0,0.66,Warning
6.975,79.925,2023-02,64.1,95.8,25.6,15.9,14.6,0.6,clay,0.78,0.49,Flood
7.125,79.95,2023-08,95.3,95.3,26.8,17.8,22.8,6.1,loam,11.39,0.63,Warning
7.075,80.2,2023-08,120.1,94.8,26.2,16.7,99.7,13.8,loam,2.77,0.82,Warning
7.0,79.875,2024-10,416.9,95.4,26.2,16.9,36.2,4.8,loam,6.21,0.63,Warning
7.0,80.325,2023-05,284.0,95.4,25.2,11.3,237.4,27.0,sandy,15.0,0.79,Landslide
7.025,80.275,2024-12,150.5,98.2,25.0,10.9,190.6,30.0,sandy,11.77,0.82,Landslide
6.95,80.25,2024-02,42.4,94.2,26.0,12.2,182.1,27.5,sandy,15.0,0.67,No Risk
6.95,80.15,2023-08,155.9,96.5,26.2,17.3,110.9,14.4,sandy,15.0,0.73,Warning
6.975,79.975,2024-11,431.5,99.0,25.3,12.7,17.0,0.8,loam,3.24,0.55,Flood
6.975,79.925,2023-10,505.3,96.8,25.6,15.5,14.6,0.6,clay,0.78,0.55,Flood
6.95,80.25,2023-01,187.1,96.1,23.3,10.5,182.1,27.5,sandy,15.0,0.76,Landslide
7.0,79.95,2024-07,373.2,96.3,26.8,16.5,31.8,5.9,clay,1.11,0.62,Flood
7.15,80.025,2024-09,301.4,97.4,26.3,17.4,44.0,2.2,loam,8.25,0.67,Warning
7.15,79.9,2023-01,106.2,91.2,25.1,18.5,7.8,0.8,clay,15.0,0.54,Warning
6.925,79.9,2024-03,79.9,94.9,28.1,16.7,11.6,0.4,clay,2.78,0.52,Warning
7.05,80.25,2025-04,300.0,98.5,26.1,11.9,124.2,29.2,loam,7.85,0.82,Landslide
7.075,80.05,2023-01,138.6,90.7,25.3,15.6,38.7,7.9,clay,0.55,0.65,Flood
7.0,80.025,2023-05,234.7,97.2,26.7,13.8,80.3,6.7,sandy,4.47,0.73,Warning
6.975,80.15,2024-02,42.7,94.3,27.5,14.2,94.7,8.2,loam,14.94,0.61,No Risk
6.925,79.85,2023-08,148.2,92.7,27.0,19.7,24.7,3.2,clay,2.29,0.59,Flood
6.975,80.05,2023-07,281.7,96.5,26.2,16.6,76.5,13.7,loam,8.33,0.7,Warning
7.125,80.0,2025-02,42.8,95.3,27.0,15.6,61.0,15.4,loam,7.47,0.56,No Risk
7.075,79.925,2023-01,101.0,90.3,25.1,18.3,12.8,1.0,loam,9.19,0.61,Warning
7.025,79.925,2024-10,416.9,95.4,26.2,16.9,7.6,1.0,clay,4.77,0.58,Warning
6.95,80.15,2024-07,303.0,97.5,26.1,15.9,110.9,14.4,sandy,15.0,0.72,Warning
6.975,80.025,2025-02,69.5,96.2,26.6,14.2,70.2,12.1,sandy,6.33,0.59,Warning
7.1,79.975,2023-07,254.6,95.5,26.6,18.0,4.1,2.0,clay,7.47,0.57,Warning
7.125,80.1,2023-04,179.6,97.2,26.9,12.8,39.1,1.8,loam,1.24,0.61,Flood
7.025,80.0,2024-02,31.6,93.4,27.8,15.4,75.1,17.7,clay,1.24,0.56,No Risk
7.1,80.15,2024-11,518.6,98.5,25.1,13.7,109.5,13.6,sandy,4.96,0.75,Warning
6.925,80.275,2023-09,806.9,94.8,24.8,15.1,193.9,32.8,loam,15.0,0.75,Landslide
7.05,80.15,2023-09,592.1,96.8,25.1,17.4,133.4,17.5,loam,7.85,0.84,Landslide
6.925,79.85,2024-06,361.3,93.5,26.9,21.3,24.7,3.2,clay,2.29,0.58,Flood
7.1,80.325,2025-02,60.2,97.2,26.1,12.7,154.6,24.9,loam,9.82,0.66,Landslide
7.1,80.2,2023-04,160.9,96.7,26.6,11.7,88.8,13.2,loam,0.0,0.73,Warning
6.975,79.925,2025-04,170.2,95.2,27.4,14.2,14.6,0.6,clay,0.78,0.58,Flood
7.075,80.3,2023-06,327.3,95.0,25.5,13.8,99.1,6.7,loam,9.88,0.75,Warning
6.975,80.325,2023-09,553.4,96.7,23.9,16.0,173.5,36.6,sandy,15.0,0.76,Landslide
6.95,80.1,2023-05,241.1,96.6,26.3,13.2,68.6,15.4,clay,14.21,0.67,Landslide
6.9,79.975,2025-04,246.8,97.8,26.7,12.2,23.2,3.9,loam,10.01,0.62,Warning
7.075,80.05,2024-02,27.5,91.4,28.2,16.5,38.7,7.9,clay,0.55,0.44,No Risk
6.95,79.925,2023-07,255.5,93.0,27.0,20.9,29.7,6.4,clay,2.77,0.64,Flood
6.9,79.875,2023-11,488.6,97.5,25.5,12.0,17.2,0.3,clay,2.29,0.59,Flood
6.975,80.375,2023-09,479.1,97.4,20.8,15.3,153.1,24.6,sandy,15.0,0.81,Landslide
6.975,79.975,2023-08,140.5,95.8,26.7,17.6,17.0,0.8,loam,3.24,0.62,Flood
7.075,80.075,2025-05,299.7,97.8,26.8,15.9,71.6,10.1,clay,2.83,0.69,Warning
6.975,79.925,2024-04,157.1,96.3,28.2,14.5,14.6,0.6,clay,0.78,0.58,Flood
7.1,80.15,2023-08,121.5,95.5,26.4,17.1,109.5,13.6,sandy,4.96,0.81,Warning
7.1,80.0,2024-02,27.0,92.2,28.0,16.3,72.7,8.6,loam,5.98,0.57,No Risk
7.15,79.875,2025-02,34.2,91.6,27.3,17.7,5.4,2.0,loam,15.0,0.43,No Risk
7.1,80.175,2023-04,152.8,96.4,26.9,12.7,146.2,35.3,loam,2.78,0.76,Landslide
7.05,80.325,2024-03,87.6,95.2,27.7,14.9,217.1,18.9,sandy,13.79,0.76,Landslide
7.0,80.275,2024-01,236.9,96.2,25.3,9.9,241.0,35.6,sandy,13.88,0.76,Landslide
7.05,80.3,2024-01,206.0,96.7,25.2,11.1,128.7,31.4,loam,11.8,0.79,Landslide
7.1,79.9,2025-05,288.9,95.1,27.7,20.2,20.9,6.5,clay,12.94,0.57,Warning
7.05,79.9,2024-02,42.0,91.3,27.7,17.8,18.4,1.2,clay,8.45,0.42,No Risk
6.975,80.325,2025-04,277.1,98.9,24.6,11.0,173.5,36.6,sandy,15.0,0.77,Landslide
7.125,80.15,2025-02,41.9,95.9,26.2,14.5,153.9,18.9,loam,2.99,0.7,No Risk
7.075,80.05,2024-12,158.5,98.0,25.7,12.5,38.7,7.9,clay,0.55,0.64,Flood
6.9,79.85,2023-07,258.0,93.0,27.0,20.9,8.8,0.6,clay,3.14,0.56,Flood
7.05,80.275,2025-01,298.3,98.5,24.6,10.9,201.8,19.8,loam,10.01,0.78,Landslide
7.05,79.925,2023-02,60.6,93.6,25.7,16.3,35.5,6.6,clay,6.77,0.56,Warning
7.0,80.25,2023-12,518.7,98.1,25.1,10.9,127.9,31.1,loam,12.41,0.84,Landslide
7.0,79.875,2024-02,43.8,91.9,27.6,17.6,36.2,4.8,loam,6.21,0.49,No Risk
7.05,80.25,2023-10,592.3,97.7,25.3,13.1,124.2,29.2,loam,7.85,0.81,Landslide
6.9,80.3,2023-12,496.2,97.6,24.2,10.8,186.2,18.2,sandy,15.0,0.79,Landslide
6.9,80.25,2023-10,694.2,97.0,24.8,11.9,113.0,8.2,sandy,15.0,0.81,Warning
7.15,80.025,2023-07,241.7,95.9,26.3,17.2,44.0,2.2,loam,8.25,0.61,Warning
7.1,79.975,2024-01,164.6,95.3,26.1,13.8,4.1,2.0,clay,7.47,0.56,Warning
7.1,80.05,2024-06,391.2,96.5,26.5,17.1,41.6,6.9,loam,2.22,0.67,Flood
6.9,79.9,2023-08,149.6,92.8,27.0,19.7,18.9,1.4,clay,4.0,0.56,Warning
7.1,80.2,2024-11,508.6,98.5,24.8,12.8,88.8,13.2,loam,0.0,0.74,Warning
7.0,80.175,2025-03,170.4,98.5,25.2,11.5,74.0,13.3,sandy,11.44,0.71,Warning
6.9,79.875,2025-04,172.6,94.9,27.3,13.4,17.2,0.3,clay,2.29,0.61,Flood
6.9,80.15,2023-07,364.4,97.5,25.7,16.7,132.2,24.6,loam,15.0,0.85,Landslide
7.025,80.2,2024-09,346.2,96.6,25.0,15.0,123.8,29.9,sandy,8.32,0.8,Landslide
7.0,79.925,2024-06,321.3,93.5,26.9,21.2,3.0,2.2,clay,2.29,0.58,Flood
6.975,80.275,2023-01,178.5,94.7,24.0,11.3,191.4,27.2,loam,15.0,0.82,Landslide
7.05,80.0,2024-02,27.1,92.3,28.0,16.4,74.6,7.6,clay,2.22,0.57,No Risk
7.0,80.3,2024-05,878.4,96.9,26.4,13.9,223.5,30.2,loam,15.0,0.83,Landslide
6.925,79.85,2023-12,419.3,96.3,25.9,14.6,24.7,3.2,clay,2.29,0.6,Flood
7.05,80.225,2023-11,568.6,98.8,24.9,10.6,90.0,17.9,sandy,6.21,0.7,Landslide
6.975,79.9,2023-03,108.8,97.5,26.4,13.7,18.4,0.3,clay,2.77,0.61,Flood
7.05,80.15,2025-02,51.4,95.6,26.4,15.1,133.4,17.5,loam,7.85,0.65,Warning
6.975,79.9,2024-09,304.0,93.0,27.0,20.5,18.4,0.3,clay,2.77,0.59,Flood
6.9,80.25,2023-09,806.9,94.8,24.8,15.1,113.0,8.2,sandy,15.0,0.83,Warning
7.125,80.1,2024-03,71.2,93.6,28.3,16.3,39.1,1.8,loam,1.24,0.55,Warning
7.05,80.025,2024-01,192.4,94.4,26.1,13.7,87.5,19.3,clay,0.56,0.7,Landslide
7.0,80.0,2024-05,695.3,97.3,27.3,16.5,74.6,6.2,clay,2.48,0.75,Warning
7.075,80.125,2024-05,773.7,97.2,26.8,15.6,86.3,10.8,sandy,5.27,0.74,Warning
7.1,79.85,2024-03,57.0,94.3,28.0,16.4,19.7,1.6,clay,15.0,0.49,Warning
6.95,80.225,2024-06,426.5,95.8,26.1,15.7,67.0,14.3,loam,15.0,0.68,Warning
7.1,80.05,2024-09,349.2,97.4,26.3,17.0,41.6,6.9,loam,2.22,0.67,Flood
6.925,80.025,2025-04,295.1,98.6,26.1,12.6,52.5,3.1,clay,11.02,0.68,Warning
7.05,80.175,2024-04,194.2,96.6,27.7,12.5,121.1,17.9,sandy,6.21,0.77,Landslide
6.9,80.125,2023-05,241.1,96.6,26.3,13.2,76.5,15.5,sandy,15.0,0.69,Landslide
7.125,80.3,2023-10,494.3,97.6,24.7,13.8,121.9,24.6,sandy,5.9,0.77,Landslide
7.025,80.125,2024-12,178.3,97.8,25.4,12.7,60.4,12.0,clay,9.71,0.68,Warning
6.95,80.1,2024-02,39.9,96.4,27.0,12.9,68.6,15.4,clay,14.21,0.55,No Risk
7.125,80.25,2025-02,42.1,96.5,25.1,13.6,183.4,27.4,sandy,2.29,0.59,No Risk
7.025,79.925,2023-05,233.6,95.9,27.3,17.4,7.6,1.0,clay,4.77,0.59,Warning
6.95,80.25,2023-08,190.3,93.4,25.4,14.4,182.1,27.5,sandy,15.0,0.85,Landslide
7.125,80.025,2023-11,582.5,99.2,25.3,10.2,86.7,12.3,loam,5.71,0.74,Warning
7.05,80.0,2024-06,352.7,95.8,26.8,18.3,74.6,7.6,clay,2.22,0.71,Warning
6.975,80.325,2023-07,355.6,94.6,24.5,13.2,173.5,36.6,sandy,15.0,0.8,Landslide
6.975,80.1,2024-02,42.5,94.2,27.5,14.3,59.2,7.7,sandy,12.17,0.53,No Risk
7.15,80.0,2025-02,42.9,95.1,26.9,15.7,84.9,11.8,sandy,9.55,0.54,No Risk
6.975,79.925,2025-05,278.6,94.1,27.8,19.2,14.6,0.6,clay,0.78,0.56,Flood
7.15,79.9,2025-02,34.2,91.7,27.3,17.8,7.8,0.8,clay,15.0,0.43,No Risk
6.925,80.225,2023-03,168.2,97.3,25.8,10.1,132.0,36.4,loam,15.0,0.81,Landslide
7.05,80.0,2023-11,509.4,99.5,25.4,9.8,74.6,7.6,clay,2.22,0.66,Warning
7.075,80.05,2024-11,490.6,99.0,25.3,13.4,38.7,7.9,clay,0.55,0.65,Flood
6.925,80.375,2023-08,188.7,94.0,26.0,13.8,164.7,30.7,loam,15.0,0.84,Landslide
7.025,80.25,2023-09,709.1,95.5,24.7,15.8,95.1,18.9,sandy,10.01,0.72,Landslide
7.125,80.35,2024-02,27.4,91.8,26.4,15.8,158.1,30.1,loam,9.82,0.6,No Risk
7.15,79.875,2023-07,188.6,92.0,26.9,21.3,5.4,2.0,loam,15.0,0.55,Warning
7.025,79.975,2024-07,361.1,96.3,26.8,16.6,18.0,0.9,loam,1.76,0.58,Flood
7.0,80.075,2023-06,329.7,97.9,26.2,15.7,52.6,1.6,sandy,8.25,0.67,Warning
7.1,79.875,2023-06,336.4,94.6,27.1,20.5,24.4,3.5,clay,14.57,0.6,Warning
7.0,80.025,2023-12,447.4,98.2,25.7,12.8,80.3,6.7,sandy,4.47,0.72,Warning
7.125,80.05,2025-02,42.7,95.3,27.0,15.6,50.3,6.3,loam,4.33,0.5,No Risk
7.075,80.15,2025-05,307.2,98.5,26.2,15.7,81.5,10.9,loam,6.21,0.76,Warning
6.975,79.85,2023-02,64.1,95.8,25.7,15.9,9.5,0.5,clay,6.21,0.45,Warning
7.1,80.0,2024-02,26.9,92.3,28.0,16.2,72.7,8.6,loam,5.98,0.57,No Risk
7.025,79.975,2023-01,99.0,91.6,25.1,15.0,18.0,0.9,loam,1.76,0.56,Flood
6.9,79.9,2024-04,177.2,96.1,28.2,14.5,18.9,1.4,clay,4.0,0.57,Warning
7.05,80.2,2024-02,33.4,93.7,26.0,15.5,99.8,17.4,sandy,5.55,0.5,No Risk
7.075,79.875,2023-11,473.5,97.8,25.5,11.8,9.5,1.1,clay,12.18,0.56,Warning
7.125,79.85,2024-10,427.8,95.3,26.3,16.8,6.1,0.5,clay,15.0,0.54,Warning
7.05,80.275,2024-12,148.6,97.6,25.0,11.2,201.8,19.8,loam,10.01,0.81,Landslide
6.95,79.875,2024-01,145.1,94.3,26.1,14.3,39.8,2.5,loam,2.78,0.62,Flood
7.1,80.3,2024-02,26.9,91.7,26.3,15.8,227.7,27.9,loam,8.0,0.63,No Risk
6.975,79.925,2023-06,370.5,94.9,27.0,19.9,14.6,0.6,clay,0.78,0.58,Flood
6.975,79.9,2023-04,163.8,98.1,27.0,13.8,18.4,0.3,clay,2.77,0.54,Flood
6.975,80.15,2024-02,42.2,94.5,27.5,14.3,94.7,8.2,loam,14.94,0.61,No Risk
7.05,80.325,2024-05,809.0,97.3,26.4,15.0,217.1,18.9,sandy,13.79,0.74,Landslide
7.15,80.025,2023-08,91.8,95.8,26.6,17.5,44.0,2.2,loam,8.25,0.64,Warning
7.1,80.2,2025-02,33.4,96.5,26.0,14.1,88.8,13.2,loam,0.0,0.53,No Risk
6.95,80.05,2023-02,124.2,98.1,25.3,12.8,79.7,18.7,loam,10.23,0.71,Landslide
7.075,79.95,2025-04,230.2,98.1,26.8,12.8,17.2,0.3,loam,7.55,0.61,Warning
6.975,79.875,2024-02,43.5,91.8,27.5,17.6,28.7,5.1,sandy,3.92,0.43,No Risk
6.95,80.175,2024-02,38.5,96.1,27.1,12.7,117.2,19.0,loam,15.0,0.61,No Risk
6.9,79.95,2023-03,185.9,98.2,26.2,11.0,23.8,4.0,clay,7.85,0.63,Warning
6.9,80.3,2024-02,43.0,94.3,25.8,12.1,186.2,18.2,sandy,15.0,0.59,No Risk
7.1,80.0,2025-05,288.8,97.0,27.3,16.7,72.7,8.6,loam,5.98,0.7,Warning
7.0,79.875,2025-01,278.2,94.5,25.6,15.2,36.2,4.8,loam,6.21,0.64,Warning
7.1,79.9,2023-04,122.3,96.6,27.1,13.7,20.9,6.5,clay,12.94,0.6,Warning
7.075,80.075,2024-02,27.6,91.3,28.1,16.7,71.6,10.1,clay,2.83,0.47,No Risk
6.975,80.375,2023-04,279.8,96.5,21.5,8.4,153.1,24.6,sandy,15.0,0.79,Landslide
6.925,80.35,2023-02,146.4,94.5,23.8,9.6,196.5,16.3,sandy,15.0,0.82,Landslide
7.025,80.35,2023-12,540.4,97.5,24.3,9.9,168.9,24.2,sandy,15.0,0.78,Landslide
7.075,79.95,2023-03,179.2,96.6,26.5,11.9,17.2,0.3,loam,7.55,0.61,Warning
7.125,80.025,2024-01,168.3,94.2,26.1,14.5,86.7,12.3,loam,5.71,0.69,Warning
7.1,79.975,2024-06,352.7,95.8,26.8,18.3,4.1,2.0,clay,7.47,0.51,Warning
7.05,79.975,2024-10,395.3,97.3,25.9,14.3,7.1,1.2,clay,3.72,0.55,Warning
7.1,79.975,2024-07,313.3,96.2,26.8,17.2,4.1,2.0,clay,7.47,0.54,Warning
6.9,80.225,2024-03,86.6,94.1,28.3,16.4,111.9,8.1,sandy,15.0,0.77,Warning
7.05,79.975,2024-07,313.3,96.2,26.8,17.2,7.1,1.2,clay,3.72,0.51,Warning
7.075,80.15,2024-04,224.0,96.8,28.0,12.8,81.5,10.9,loam,6.21,0.66,Warning
6.9,80.175,2023-03,168.2,97.3,25.8,10.1,105.0,17.4,loam,15.0,0.76,Landslide
7.075,80.05,2024-03,112.6,95.8,28.3,15.7,38.7,7.9,clay,0.55,0.6,Flood
7.025,80.375,2025-04,277.1,98.9,24.6,11.0,119.5,13.0,loam,15.0,0.8,Warning
6.9,80.0,2023-04,213.5,97.7,26.8,11.7,64.3,14.6,loam,11.8,0.65,Warning
7.15,79.875,2024-08,265.6,92.3,26.7,20.2,5.4,2.0,loam,15.0,0.55,Warning
6.9,79.95,2024-05,761.3,97.1,27.2,16.4,23.8,4.0,clay,7.85,0.57,Warning
7.025,79.975,2023-04,176.8,97.7,26.9,12.2,18.0,0.9,loam,1.76,0.62,Flood
7.15,80.0,2023-03,192.6,96.3,26.5,12.6,84.9,11.8,sandy,9.55,0.72,Warning
6.95,79.925,2023-12,410.4,96.3,25.9,14.8,29.7,6.4,clay,2.77,0.59,Flood
6.95,80.225,2023-10,693.8,97.0,25.1,12.6,67.0,14.3,loam,15.0,0.67,Warning
7.0,80.2,2023-11,601.0,98.6,25.1,10.5,62.8,13.7,sandy,11.1,0.68,Warning
6.9,79.85,2023-01,85.9,91.1,25.2,17.3,8.8,0.6,clay,3.14,0.54,Warning
7.025,79.95,2023-04,188.6,97.8,26.9,12.2,14.2,1.5,clay,2.99,0.57,Flood
6.9,79.925,2023-01,85.9,91.1,25.2,17.3,28.1,3.3,sandy,6.21,0.57,Warning
6.975,80.0,2024-02,32.0,93.2,27.8,15.6,74.9,18.6,loam,5.12,0.54,No Risk
6.975,80.025,2024-05,772.3,97.6,27.0,15.7,70.2,12.1,sandy,6.33,0.7,Warning
6.975,79.95,2025-04,226.5,97.7,26.9,12.3,19.8,1.1,clay,2.29,0.58,Flood
7.05,80.075,2023-06,324.3,97.4,26.3,16.2,48.9,3.6,loam,4.33,0.67,Warning
7.05,80.175,2024-02,33.6,93.8,27.4,15.6,121.1,17.9,sandy,6.21,0.6,No Risk
6.925,79.85,2024-01,132.2,94.3,26.0,14.1,24.7,3.2,clay,2.29,0.61,Flood
7.125,80.225,2024-04,194.8,96.6,26.7,12.2,101.5,18.6,clay,0.78,0.79,Landslide
6.975,80.35,2025-02,49.7,96.2,24.8,11.6,187.8,28.4,loam,15.0,0.61,Warning
7.0,79.9,2024-02,43.9,91.8,27.6,17.6,22.7,1.5,clay,4.0,0.5,No Risk
7.1,80.175,2023-07,274.9,95.3,25.7,16.9,146.2,35.3,loam,2.78,0.78,Landslide
7.075,79.975,2023-04,177.6,97.8,27.0,12.4,18.3,2.2,loam,5.71,0.61,Warning
7.1,80.15,2023-09,592.1,96.8,25.1,17.4,109.5,13.6,sandy,4.96,0.79,Warning
7.0,80.125,2023-04,218.2,97.2,26.6,11.7,32.7,2.6,clay,12.17,0.61,Warning
7.025,80.375,2025-05,347.8,98.9,24.7,11.9,119.5,13.0,loam,15.0,0.8,Warning
7.1,80.05,2024-05,718.3,97.7,27.2,15.4,41.6,6.9,loam,2.22,0.62,Flood
6.9,80.2,2023-03,168.2,97.3,25.8,10.1,74.7,8.5,sandy,15.0,0.69,Warning
7.0,79.975,2023-10,631.8,98.3,25.4,13.2,9.0,0.5,clay,1.67,0.55,Flood
6.95,80.1,2024-02,39.5,96.3,27.1,12.9,68.6,15.4,clay,14.21,0.55,No Risk
7.075,80.375,2023-08,109.5,96.3,22.7,14.6,115.1,6.0,sandy,15.0,0.77,Warning
6.925,80.175,2024-01,185.4,96.9,25.6,10.1,65.1,18.1,loam,15.0,0.69,Landslide
6.9,79.975,2024-01,168.0,96.8,26.0,12.0,23.2,3.9,loam,10.01,0.6,Warning
6.975,80.175,2024-02,46.0,95.4,27.2,13.3,78.0,16.1,sandy,14.15,0.53,Warning
6.95,79.975,2023-01,120.8,93.3,25.0,14.3,33.0,1.8,clay,5.79,0.66,Warning
6.9,80.175,2023-12,481.4,98.3,25.4,11.4,105.0,17.4,loam,15.0,0.79,Landslide
7.05,80.0,2024-02,26.2,92.4,28.0,16.3,74.6,7.6,clay,2.22,0.57,No Risk
7.075,80.0,2023-02,101.8,94.9,25.9,13.4,89.4,13.9,loam,3.55,0.74,Warning
7.075,80.275,2024-02,25.8,94.4,26.7,14.1,201.6,18.5,loam,7.89,0.6,No Risk
6.95,79.85,2023-03,141.2,95.9,26.5,13.1,17.7,1.4,clay,4.0,0.58,Warning
7.125,80.325,2024-05,686.7,97.2,26.9,16.2,114.8,10.7,loam,8.19,0.83,Warning
7.075,80.175,2023-03,156.8,97.0,25.1,11.4,88.0,17.9,loam,3.92,0.75,Landslide
6.925,79.9,2024-05,656.3,95.1,27.7,20.1,11.6,0.4,clay,2.78,0.6,Flood
7.1,80.075,2023-12,403.4,97.8,25.8,13.6,92.3,13.0,clay,0.55,0.77,Warning
6.9,80.275,2024-06,455.6,94.8,25.9,14.4,132.8,33.3,sandy,15.0,0.79,Landslide
6.925,80.2,2024-06,426.5,95.8,26.1,15.7,95.2,12.3,loam,15.0,0.77,Warning
7.125,80.15,2024-08,313.4,95.4,25.7,16.6,153.9,18.9,loam,2.99,0.82,Landslide
7.125,80.2,2024-02,19.4,91.9,27.3,16.6,92.0,7.0,sandy,2.78,0.55,No Risk
7.05,80.325,2023-04,188.3,96.8,26.1,11.5,217.1,18.9,sandy,13.79,0.74,Landslide
6.9,79.85,2023-04,131.3,95.4,27.3,13.7,8.8,0.6,clay,3.14,0.58,Flood
7.05,80.1,2023-12,434.2,97.2,25.5,13.6,43.6,5.2,clay,5.98,0.61,Warning
6.95,80.025,2024-12,199.0,98.2,25.6,12.5,88.4,10.8,loam,8.69,0.71,Warning
7.05,80.05,2024-07,316.4,97.0,26.5,15.8,22.4,3.7,loam,3.33,0.62,Flood
6.95,79.9,2024-08,329.7,92.8,26.9,18.7,20.5,4.8,loam,0.0,0.62,Flood
6.975,79.975,2024-12,181.4,97.7,26.1,12.5,17.0,0.8,loam,3.24,0.6,Flood
6.925,79.9,2023-05,232.6,94.9,27.2,17.0,11.6,0.4,clay,2.78,0.64,Flood
7.05,79.875,2025-05,288.9,95.1,27.7,20.2,22.2,6.6,clay,9.88,0.57,Warning
6.925,79.875,2023-12,410.4,96.3,25.9,14.8,16.7,1.3,loam,0.78,0.59,Flood
6.975,80.1,2023-11,597.3,98.5,25.2,10.2,59.2,7.7,sandy,12.17,0.68,Warning
7.1,80.0,2025-03,186.2,98.9,26.7,11.8,72.7,8.6,loam,5.98,0.69,Warning
7.1,80.325,2024-02,25.5,94.5,27.0,14.2,154.6,24.9,loam,9.82,0.59,No Risk
7.075,79.85,2023-07,205.5,92.5,27.0,21.4,25.8,2.4,loam,13.79,0.63,Warning
7.025,80.15,2024-02,42.6,94.4,27.6,14.3,108.4,8.3,loam,10.01,0.64,No Risk
7.125,80.125,2025-02,36.1,94.9,26.7,15.7,79.8,17.8,sandy,1.76,0.56,No Risk
7.05,79.95,2024-05,637.4,97.3,27.4,16.3,19.3,2.2,clay,5.55,0.53,Warning
6.925,80.125,2023-01,158.0,95.0,24.4,12.9,34.1,5.4,loam,15.0,0.66,Warning
7.075,79.875,2024-02,43.4,91.2,27.7,17.9,9.5,1.1,clay,12.18,0.47,No Risk
6.95,79.925,2024-10,418.0,95.3,26.3,16.9,29.7,6.4,clay,2.77,0.63,Flood
7.125,80.225,2023-01,106.8,91.7,23.4,14.6,101.5,18.6,clay,0.78,0.7,Landslide
6.975,79.925,2024-06,326.9,93.5,27.0,21.4,14.6,0.6,clay,0.78,0.6,Flood
7.125,80.275,2025-03,211.9,97.5,25.8,11.6,199.1,34.9,sandy,4.23,0.8,Landslide
7.05,80.325,2024-02,25.4,94.4,26.8,14.2,217.1,18.9,sandy,13.79,0.66,No Risk
7.075,80.0,2024-02,26.8,92.4,27.9,16.3,89.4,13.9,loam,3.55,0.55,No Risk
6.925,79.9,2025-05,274.2,94.1,27.8,18.1,11.6,0.4,clay,2.78,0.54,Flood
7.05,80.2,2023-07,326.1,95.3,24.4,15.8,99.8,17.4,sandy,5.55,0.79,Landslide
7.075,80.025,2024-02,27.7,91.4,28.1,16.6,86.0,16.6,loam,2.83,0.52,No Risk
7.075,80.35,2024-08,365.2,95.2,24.5,15.4,222.8,24.9,loam,13.74,0.81,Landslide
7.075,80.075,2024-02,27.5,91.5,28.1,16.5,71.6,10.1,clay,2.83,0.47,No Risk
7.125,80.225,2024-02,22.3,92.3,26.2,15.7,101.5,18.6,clay,0.78,0.63,No Risk
6.925,79.975,2023-12,449.5,98.6,25.7,12.9,9.3,0.8,clay,7.89,0.55,Warning
6.95,80.325,2024-02,42.4,94.4,26.3,12.1,174.0,30.3,sandy,15.0,0.57,No Risk
7.0,80.225,2024-04,200.0,96.4,27.8,12.8,93.3,10.0,sandy,11.44,0.72,Warning
7.05,80.3,2023-05,240.2,94.9,26.0,13.0,128.7,31.4,loam,11.8,0.8,Landslide
7.05,79.95,2025-02,58.8,96.1,27.1,14.3,19.3,2.2,clay,5.55,0.43,Warning
7.025,79.85,2024-01,121.8,93.6,26.1,15.0,24.8,3.0,clay,10.01,0.66,Warning
7.05,80.2,2024-03,71.0,94.7,26.8,16.1,99.8,17.4,sandy,5.55,0.69,Warning
6.9,80.05,2024-08,340.6,97.0,26.0,16.4,22.1,5.5,clay,14.89,0.57,Warning
7.1,80.25,2024-05,713.5,96.9,26.4,16.2,182.6,19.8,loam,4.0,0.8,Landslide
7.0,79.975,2023-11,479.3,99.6,25.4,10.2,9.0,0.5,clay,1.67,0.55,Flood
7.025,80.075,2023-09,562.6,97.2,25.3,16.8,77.9,17.8,loam,6.71,0.68,Landslide
7.0,80.075,2024-01,203.6,95.5,26.1,12.4,52.6,1.6,sandy,8.25,0.65,Warning
7.1,80.05,2024-06,383.6,96.4,26.5,17.0,41.6,6.9,loam,2.22,0.67,Flood
7.075,79.875,2024-10,421.1,95.4,26.2,16.8,9.5,1.1,clay,12.18,0.59,Warning
7.0,79.95,2023-06,368.9,96.8,26.6,17.0,31.8,5.9,clay,1.11,0.63,Flood
7.075,79.975,2023-03,179.2,96.6,26.5,11.9,18.3,2.2,loam,5.71,0.58,Warning
7.05,79.875,2024-02,42.5,91.4,27.7,18.0,22.2,6.6,clay,9.88,0.45,No Risk
7.1,80.35,2025-03,188.0,97.5,26.3,10.8,104.3,12.9,sandy,12.01,0.75,Warning
6.925,80.35,2024-04,341.0,95.2,26.3,9.5,196.5,16.3,sandy,15.0,0.83,Landslide
7.1,80.1,2025-02,35.7,95.1,26.6,15.8,75.3,10.7,loam,2.22,0.55,No Risk
7.0,80.15,2023-11,597.3,98.5,25.2,10.2,147.0,20.3,sandy,12.41,0.8,Landslide
6.925,79.9,2024-05,654.7,95.0,27.7,20.1,11.6,0.4,clay,2.78,0.6,Flood
7.15,79.95,2024-06,335.6,95.9,26.8,18.7,35.5,5.1,loam,13.55,0.63,Warning
7.025,80.35,2023-04,219.8,95.4,25.0,10.6,168.9,24.2,sandy,15.0,0.83,Landslide
7.1,80.05,2024-09,345.4,97.4,26.2,17.1,41.6,6.9,loam,2.22,0.67,Flood
7.125,80.375,2024-03,106.1,94.6,27.2,14.7,175.1,24.7,sandy,11.88,0.78,Landslide
6.9,79.85,2023-03,142.3,96.0,26.6,13.0,8.8,0.6,clay,3.14,0.55,Flood
7.075,80.075,2025-01,317.9,96.8,25.4,15.1,71.6,10.1,clay,2.83,0.7,Warning
7.025,80.3,2025-04,365.3,98.9,25.4,11.2,203.1,17.9,loam,13.87,0.8,Landslide
7.05,79.975,2025-01,305.5,96.5,25.4,14.5,7.1,1.2,clay,3.72,0.6,Warning
6.95,79.925,2023-06,373.3,94.7,27.0,19.6,29.7,6.4,clay,2.77,0.62,Flood
7.125,80.375,2025-02,27.7,96.5,25.4,13.1,175.1,24.7,sandy,11.88,0.64,No Risk
7.125,80.125,2024-02,25.4,90.9,27.8,17.2,79.8,17.8,sandy,1.76,0.51,No Risk
6.95,80.225,2024-10,570.2,96.0,25.5,12.8,67.0,14.3,loam,15.0,0.7,Warning
7.05,80.05,2024-11,473.8,98.9,25.3,13.4,22.4,3.7,loam,3.33,0.62,Flood
6.975,80.0,2023-01,110.3,91.5,25.2,15.1,74.9,18.6,loam,5.12,0.67,Landslide
7.05,80.175,2024-12,153.2,97.5,25.3,12.5,121.1,17.9,sandy,6.21,0.76,Landslide
7.075,80.2,2025-05,305.5,98.3,25.9,14.4,99.7,13.8,loam,2.77,0.79,Warning
7.125,80.275,2024-02,21.9,92.4,27.1,15.7,199.1,34.9,sandy,4.23,0.59,No Risk
7.125,80.3,2024-07,370.1,94.3,25.9,15.8,121.9,24.6,sandy,5.9,0.78,Landslide
7.125,79.85,2024-02,27.0,90.4,27.8,18.1,6.1,0.5,clay,15.0,0.37,No Risk
6.95,80.25,2024-02,42.4,94.2,26.0,12.2,182.1,27.5,sandy,15.0,0.67,No Risk
6.95,79.95,2023-05,276.4,96.9,26.8,14.6,10.8,0.5,clay,4.0,0.57,Warning
7.0,80.2,2024-04,200.0,96.4,27.8,12.8,62.8,13.7,sandy,11.1,0.69,Warning
7.05,79.95,2023-05,233.4,96.4,27.0,15.1,19.3,2.2,clay,5.55,0.61,Warning
7.025,80.075,2024-02,36.2,93.7,27.7,15.0,77.9,17.8,loam,6.71,0.55,No Risk
6.975,80.275,2024-02,46.5,94.6,26.7,12.3,191.4,27.2,loam,15.0,0.64,Warning
6.925,80.175,2025-04,304.4,98.1,25.9,11.1,65.1,18.1,loam,15.0,0.65,Landslide
6.9,80.375,2023-03,215.5,94.9,24.3,9.2,172.8,22.7,sandy,15.0,0.82,Landslide
7.075,80.15,2023-11,597.1,98.6,25.2,10.0,81.5,10.9,loam,6.21,0.79,Warning
6.975,79.95,2024-11,430.7,98.9,25.5,12.7,19.8,1.1,clay,2.29,0.57,Flood
6.9,80.05,2025-02,69.4,97.1,26.3,13.4,22.1,5.5,clay,14.89,0.48,Warning
6.975,80.075,2025-01,358.9,97.6,25.2,13.5,57.2,4.9,clay,10.32,0.62,Warning
6.975,80.075,2024-02,36.0,93.8,27.7,14.8,57.2,4.9,clay,10.32,0.53,No Risk
7.0,80.0,2024-02,31.9,93.3,27.8,15.3,74.6,6.2,clay,2.48,0.54,No Risk
7.025,79.975,2024-03,111.6,96.8,28.1,15.0,18.0,0.9,loam,1.76,0.59,Flood
7.1,80.225,2024-04,194.2,96.6,27.7,12.5,125.1,18.9,loam,2.77,0.84,Landslide
7.1,80.0,2023-01,114.3,90.9,25.3,16.0,72.7,8.6,loam,5.98,0.67,Warning
6.975,79.925,2025-01,278.2,94.5,25.6,15.2,14.6,0.6,clay,0.78,0.6,Flood
7.05,80.275,2023-09,619.5,96.1,24.5,16.9,201.8,19.8,loam,10.01,0.82,Landslide
7.025,79.95,2023-11,489.5,99.7,25.4,10.1,14.2,1.5,clay,2.99,0.59,Flood
7.075,80.25,2023-07,363.1,94.3,26.1,15.0,117.6,18.7,sandy,6.21,0.83,Landslide
6.9,80.275,2023-11,648.1,98.2,24.9,9.9,132.8,33.3,sandy,15.0,0.79,Landslide
7.025,80.025,2023-03,194.3,98.4,26.2,10.3,69.5,11.7,loam,2.83,0.67,Warning
6.9,80.075,2024-02,38.5,96.1,27.3,13.1,48.0,3.8,clay,15.0,0.48,No Risk
6.95,79.9,2023-12,410.4,96.3,25.9,14.8,20.5,4.8,loam,0.0,0.63,Flood
7.075,80.375,2023-07,262.9,96.0,22.4,13.9,115.1,6.0,sandy,15.0,0.77,Warning
7.05,80.05,2024-09,349.2,97.4,26.3,17.0,22.4,3.7,loam,3.33,0.6,Flood
6.975,80.05,2024-02,36.5,93.7,27.7,15.0,76.5,13.7,loam,8.33,0.55,No Risk
7.075,80.0,2023-06,325.2,96.6,26.6,17.5,89.4,13.9,loam,3.55,0.7,Warning
7.15,79.95,2024-10,413.1,97.1,25.9,14.2,35.5,5.1,loam,13.55,0.6,Warning
7.075,80.075,2023-05,233.2,96.7,26.8,14.2,71.6,10.1,clay,2.83,0.69,Warning
6.925,79.85,2024-05,653.7,95.1,27.7,20.1,24.7,3.2,clay,2.29,0.6,Flood
6.95,79.925,2024-06,359.8,93.5,27.1,21.2,29.7,6.4,clay,2.77,0.67,Flood
6.95,79.9,2023-06,385.5,94.7,27.0,19.3,20.5,4.8,loam,0.0,0.57,Flood
7.0,80.0,2025-05,276.5,96.8,27.2,15.9,74.6,6.2,clay,2.48,0.7,Warning
7.05,80.2,2024-02,33.5,93.7,26.1,15.7,99.8,17.4,sandy,5.55,0.5,No Risk
7.125,79.925,2025-04,234.9,98.1,26.7,13.5,3.0,1.9,clay,13.44,0.56,Warning
6.9,79.925,2024-10,410.6,95.4,26.3,16.9,28.1,3.3,sandy,6.21,0.62,Warning
6.925,79.875,2024-05,656.3,95.1,27.7,20.1,16.7,1.3,loam,0.78,0.54,Flood
7.1,80.325,2023-03,186.9,96.7,25.8,10.7,154.6,24.9,loam,9.82,0.85,Landslide
7.075,80.05,2023-06,320.5,97.5,26.3,16.2,38.7,7.9,clay,0.55,0.65,Flood
6.925,80.15,2023-12,462.6,98.5,25.3,12.0,109.4,14.2,sandy,15.0,0.75,Warning
6.975,80.075,2024-02,36.0,93.8,27.7,14.9,57.2,4.9,clay,10.32,0.53,No Risk
7.125,80.1,2025-04,246.4,98.3,26.0,13.2,39.1,1.8,loam,1.24,0.64,Flood
6.925,80.3,2024-05,858.9,96.7,26.5,13.5,197.1,18.5,loam,15.0,0.78,Landslide
6.95,79.9,2024-01,138.1,94.3,26.0,14.2,20.5,4.8,loam,0.0,0.6,Flood
6.9,80.325,2023-01,222.5,94.5,23.0,9.2,190.9,31.7,sandy,15.0,0.79,Landslide
6.925,79.925,2024-08,334.0,92.8,26.8,19.1,31.7,5.7,loam,3.92,0.6,Warning
6.925,80.375,2023-04,282.6,95.4,26.1,9.2,164.7,30.7,loam,15.0,0.8,Landslide
7.075,80.125,2023-09,592.1,96.8,25.1,17.4,86.3,10.8,sandy,5.27,0.71,Warning
7.0,80.125,2024-03,105.1,95.0,28.1,16.4,32.7,2.6,clay,12.17,0.62,Warning
6.975,80.325,2024-07,352.7,95.2,24.9,12.9,173.5,36.6,sandy,15.0,0.85,Landslide
7.05,79.875,2024-02,42.1,91.2,27.7,17.7,22.2,6.6,clay,9.88,0.45,No Risk
6.975,80.25,2024-10,598.7,95.9,25.2,12.0,209.1,35.5,loam,14.94,0.77,Landslide
6.95,80.375,2023-04,282.6,95.3,23.8,9.2,212.6,38.0,loam,15.0,0.72,Landslide
6.975,80.025,2024-02,36.4,94.0,27.6,15.0,70.2,12.1,sandy,6.33,0.59,No Risk
7.125,80.1,2024-06,344.7,96.8,26.1,18.0,39.1,1.8,loam,1.24,0.61,Flood
7.15,80.0,2023-06,304.6,97.0,26.3,17.0,84.9,11.8,sandy,9.55,0.75,Warning
7.1,80.2,2024-02,34.4,93.8,27.3,15.5,88.8,13.2,loam,0.0,0.55,No Risk
7.15,79.925,2025-02,36.3,95.6,27.1,14.9,12.6,0.5,clay,15.0,0.4,Warning
7.0,80.3,2023-06,395.4,94.7,25.6,12.7,223.5,30.2,loam,15.0,0.78,Landslide
7.075,79.95,2025-03,186.2,98.9,26.7,11.8,17.2,0.3,loam,7.55,0.56,Warning
7.15,79.875,2024-05,574.7,94.9,27.7,19.6,5.4,2.0,loam,15.0,0.52,Warning
6.975,80.3,2024-11,522.4,98.6,24.6,11.6,228.2,18.0,loam,15.0,0.81,Landslide
7.05,80.225,2024-03,71.0,94.7,28.0,16.1,90.0,17.9,sandy,6.21,0.67,Warning
6.975,80.1,2025-01,350.2,98.2,25.0,12.7,59.2,7.7,sandy,12.17,0.71,Warning
6.925,79.875,2025-03,124.6,94.8,27.3,11.6,16.7,1.3,loam,0.78,0.59,Flood
6.9,80.25,2024-10,612.3,95.4,25.3,11.8,113.0,8.2,sandy,15.0,0.72,Warning
7.1,79.95,2024-04,205.5,98.7,28.0,12.8,26.6,4.4,sandy,9.55,0.61,Warning
7.125,80.25,2024-08,377.5,94.0,24.7,16.5,183.4,27.4,sandy,2.29,0.79,Landslide
6.925,80.125,2025-02,74.5,97.5,26.1,13.4,34.1,5.4,loam,15.0,0.53,Warning
6.925,80.375,2024-03,139.7,92.5,27.5,12.4,164.7,30.7,loam,15.0,0.85,Landslide
7.125,80.05,2024-02,29.2,91.2,28.2,17.1,50.3,6.3,loam,4.33,0.47,No Risk
6.9,79.9,2024-10,410.6,95.4,26.3,16.9,18.9,1.4,clay,4.0,0.56,Warning
7.125,80.275,2024-12,158.0,97.4,25.1,11.9,199.1,34.9,sandy,4.23,0.79,Landslide
7.1,80.175,2024-02,19.4,92.0,27.4,16.4,146.2,35.3,loam,2.78,0.62,No Risk
7.1,80.25,2023-10,494.3,97.6,24.7,13.8,182.6,19.8,loam,4.0,0.8,Landslide
6.975,80.175,2025-02,55.1,97.2,26.2,14.0,78.0,16.1,sandy,14.15,0.6,Warning
6.9,80.0,2024-02,37.8,95.2,27.5,14.6,64.3,14.6,loam,11.8,0.52,No Risk
6.925,79.85,2023-10,572.7,96.5,25.6,14.7,24.7,3.2,clay,2.29,0.6,Flood
7.075,80.05,2024-10,416.5,97.4,25.9,13.3,38.7,7.9,clay,0.55,0.57,Flood
6.925,79.875,2023-05,239.0,94.6,27.3,16.7,16.7,1.3,loam,0.78,0.61,Flood
7.05,80.05,2023-04,203.8,97.7,26.9,12.1,22.4,3.7,loam,3.33,0.62,Flood
7.05,80.3,2025-02,60.2,97.2,25.8,12.7,128.7,31.4,loam,11.8,0.72,Landslide
6.95,80.15,2024-08,359.2,96.3,25.7,16.3,110.9,14.4,sandy,15.0,0.73,Warning
7.15,79.85,2023-09,519.6,94.7,26.0,20.5,3.2,1.5,clay,15.0,0.56,Warning
7.1,79.875,2023-03,138.5,96.6,26.6,14.1,24.4,3.5,clay,14.57,0.59,Warning
7.125,80.0,2024-02,28.9,91.3,28.2,17.0,61.0,15.4,loam,7.47,0.39,No Risk
6.95,80.1,2024-01,190.0,97.1,25.6,10.3,68.6,15.4,clay,14.21,0.69,Landslide
7.1,79.875,2024-02,27.3,90.3,27.8,18.2,24.4,3.5,clay,14.57,0.41,No Risk
6.9,80.225,2023-11,607.9,98.2,25.1,10.1,111.9,8.1,sandy,15.0,0.73,Warning
6.975,80.3,2023-11,620.6,98.7,24.8,10.2,228.2,18.0,loam,15.0,0.8,Landslide
7.1,79.85,2024-06,290.4,93.5,27.0,21.9,19.7,1.6,clay,15.0,0.57,Warning
7.0,79.875,2023-08,131.6,92.9,27.0,19.9,36.2,4.8,loam,6.21,0.58,Warning
6.9,79.85,2024-07,303.0,93.6,27.2,19.0,8.8,0.6,clay,3.14,0.62,Flood
7.1,80.05,2023-03,183.6,97.2,26.5,11.5,41.6,6.9,loam,2.22,0.65,Flood
7.075,80.05,2023-04,216.8,97.6,26.9,12.0,38.7,7.9,clay,0.55,0.64,Flood
7.1,79.875,2025-02,33.6,91.8,27.4,17.8,24.4,3.5,clay,14.57,0.44,No Risk
6.925,79.85,2023-08,141.2,92.8,27.0,19.8,24.7,3.2,clay,2.29,0.59,Flood
7.05,80.3,2024-07,397.7,95.1,25.7,14.2,128.7,31.4,loam,11.8,0.78,Landslide
7.025,80.2,2025-05,309.7,98.0,25.4,13.4,123.8,29.9,sandy,8.32,0.79,Landslide
6.95,80.2,2024-08,402.8,95.4,25.8,14.8,66.3,6.2,loam,15.0,0.68,Warning
7.075,79.975,2023-08,113.9,95.8,26.7,17.7,18.3,2.2,loam,5.71,0.55,Warning
6.95,80.0,2024-07,363.2,96.3,26.7,16.3,15.8,1.9,clay,7.11,0.57,Warning
7.075,80.175,2025-02,33.0,96.7,25.2,14.2,88.0,17.9,loam,3.92,0.57,No Risk
7.05,80.35,2023-04,228.0,96.4,25.8,11.6,132.8,27.5,sandy,15.0,0.78,Landslide
6.95,80.125,2023-03,180.9,98.2,25.7,9.9,28.9,5.4,clay,15.0,0.66,Warning
6.925,79.9,2023-01,85.9,91.1,25.2,17.3,11.6,0.4,clay,2.78,0.55,Warning
7.15,79.85,2025-02,33.9,91.7,27.4,17.9,3.2,1.5,clay,15.0,0.37,No Risk
6.9,79.9,2023-11,488.6,97.5,25.5,12.0,18.9,1.4,clay,4.0,0.66,Warning
6.925,80.3,2023-09,806.9,94.8,24.8,15.1,197.1,18.5,loam,15.0,0.81,Landslide
7.125,80.05,2023-01,112.9,90.5,25.1,16.8,50.3,6.3,loam,4.33,0.68,Warning
6.9,79.875,2024-08,334.0,92.8,26.8,19.1,17.2,0.3,clay,2.29,0.58,Flood
7.05,80.175,2025-02,33.2,96.6,26.1,14.2,121.1,17.9,sandy,6.21,0.62,No Risk
6.925,80.2,2023-10,693.8,97.0,25.1,12.6,95.2,12.3,loam,15.0,0.76,Warning
7.0,80.225,2023-06,342.8,95.8,25.9,13.3,93.3,10.0,sandy,11.44,0.74,Warning
7.075,80.25,2023-08,132.2,93.3,26.7,16.3,117.6,18.7,sandy,6.21,0.81,Landslide
7.025,79.95,2023-09,576.3,96.6,25.7,17.0,14.2,1.5,clay,2.99,0.58,Flood
7.0,80.375,2024-12,148.9,98.3,25.1,10.6,175.5,36.1,sandy,15.0,0.82,Landslide
6.9,80.35,2024-12,151.0,97.7,23.9,10.6,121.1,24.6,loam,15.0,0.74,Landslide
7.05,79.9,2024-01,130.5,93.1,26.0,15.6,18.4,1.2,clay,8.45,0.54,Warning
6.95,79.875,2025-05,263.6,94.0,27.8,18.3,39.8,2.5,loam,2.78,0.63,Flood
7.15,80.025,2024-10,384.5,97.3,25.7,13.5,44.0,2.2,loam,8.25,0.66,Warning
7.125,80.025,2025-02,43.7,95.3,27.0,15.5,86.7,12.3,loam,5.71,0.55,No Risk
7.025,80.15,2023-04,218.2,97.2,26.6,11.7,108.4,8.3,loam,10.01,0.77,Warning
6.95,80.0,2024-06,368.9,96.0,26.7,18.3,15.8,1.9,clay,7.11,0.6,Warning
7.05,80.15,2025-03,178.8,97.8,26.2,12.1,133.4,17.5,loam,7.85,0.77,Landslide
7.1,80.275,2024-07,397.7,95.1,26.5,14.2,138.0,32.2,loam,6.0,0.82,Landslide
6.975,79.9,2024-06,326.7,93.3,27.0,21.4,18.4,0.3,clay,2.77,0.56,Flood
6.9,80.175,2024-05,800.1,96.8,26.8,14.9,105.0,17.4,loam,15.0,0.8,Landslide
6.975,80.35,2023-05,284.0,95.4,25.2,11.3,187.8,28.4,loam,15.0,0.81,Landslide
7.05,79.925,2025-03,153.9,96.3,26.8,12.5,35.5,6.6,clay,6.77,0.64,Warning
6.9,80.025,2025-04,295.1,98.6,26.1,12.6,77.1,15.8,sandy,13.24,0.61,Landslide
7.125,80.225,2025-02,42.7,96.5,25.1,13.5,101.5,18.6,clay,0.78,0.59,No Risk
6.95,79.875,2024-04,177.2,96.1,28.2,14.5,39.8,2.5,loam,2.78,0.64,Flood
6.9,79.875,2024-01,138.1,94.3,26.0,14.2,17.2,0.3,clay,2.29,0.61,Flood
7.075,79.875,2024-03,78.7,94.8,28.0,16.3,9.5,1.1,clay,12.18,0.55,Warning
7.0,80.35,2024-02,50.0,93.8,26.4,11.1,193.9,27.8,loam,15.0,0.7,Warning
6.925,80.15,2024-02,38.6,96.3,27.2,12.8,109.4,14.2,sandy,15.0,0.57,No Risk
7.0,80.1,2024-02,42.4,94.3,27.5,14.2,29.7,6.4,loam,10.47,0.46,Warning
6.95,80.225,2024-07,353.9,96.5,26.1,14.3,67.0,14.3,loam,15.0,0.73,Warning
6.925,80.275,2024-02,42.6,94.2,26.7,12.2,193.9,32.8,loam,15.0,0.69,No Risk
6.95,80.05,2024-11,482.8,98.9,25.2,13.0,79.7,18.7,loam,10.23,0.68,Landslide
7.025,80.275,2025-01,364.8,99.2,24.6,9.6,190.6,30.0,sandy,11.77,0.85,Landslide
6.9,79.85,2023-12,410.8,96.3,25.9,14.8,8.8,0.6,clay,3.14,0.57,Flood
7.1,80.05,2023-03,189.8,97.2,26.4,11.5,41.6,6.9,loam,2.22,0.65,Flood
7.025,80.35,2024-06,366.8,96.2,24.8,14.9,168.9,24.2,sandy,15.0,0.85,Landslide
7.125,79.95,2024-05,606.9,97.2,27.4,16.3,22.8,6.1,loam,11.39,0.6,Warning
6.95,79.875,2024-07,316.0,93.6,27.2,19.0,39.8,2.5,loam,2.78,0.61,Flood
7.1,80.325,2025-04,300.0,98.5,25.7,11.9,154.6,24.9,loam,9.82,0.82,Landslide
6.975,80.15,2025-02,45.7,96.4,26.3,14.2,94.7,8.2,loam,14.94,0.59,Warning
6.925,80.3,2024-02,42.2,94.2,26.7,12.2,197.1,18.5,loam,15.0,0.62,No Risk
6.95,80.025,2024-01,197.5,96.7,25.9,11.3,88.4,10.8,loam,8.69,0.82,Warning
7.15,79.95,2025-03,163.7,99.0,26.5,12.5,35.5,5.1,loam,13.55,0.64,Warning
7.0,80.3,2025-01,364.8,99.2,24.6,9.6,223.5,30.2,loam,15.0,0.85,Landslide
6.9,79.9,2023-04,138.2,95.4,27.3,13.7,18.9,1.4,clay,4.0,0.59,Warning
7.1,79.925,2023-06,314.5,96.6,26.7,17.7,4.3,0.6,clay,11.44,0.52,Warning
7.075,80.2,2025-04,299.2,98.3,25.7,12.3,99.7,13.8,loam,2.77,0.69,Warning
7.0,80.15,2023-01,160.0,92.7,24.7,14.4,147.0,20.3,sandy,12.41,0.82,Landslide
7.1,80.275,2024-09,338.8,95.5,26.1,14.8,138.0,32.2,loam,6.0,0.79,Landslide
6.9,80.175,2025-02,59.6,98.0,26.1,13.2,105.0,17.4,loam,15.0,0.69,Warning
6.9,80.125,2024-02,39.2,96.4,27.1,12.8,76.5,15.5,sandy,15.0,0.62,No Risk
7.125,79.95,2024-11,444.4,99.1,25.3,13.3,22.8,6.1,loam,11.39,0.56,Warning
6.9,79.975,2024-08,369.5,96.2,26.3,16.6,23.2,3.9,loam,10.01,0.59,Warning
7.125,80.075,2023-04,174.6,97.1,26.9,12.9,72.3,12.6,loam,2.83,0.64,Warning
7.075,80.025,2025-01,317.9,96.8,25.4,15.1,86.0,16.6,loam,2.83,0.73,Landslide
7.125,80.125,2023-08,91.1,95.5,26.4,17.9,79.8,17.8,sandy,1.76,0.63,Landslide
6.95,79.9,2023-01,85.9,91.1,25.2,17.3,20.5,4.8,loam,0.0,0.57,Warning
7.075,79.925,2024-02,42.0,91.2,27.7,17.8,12.8,1.0,loam,9.19,0.4,No Risk
6.95,80.175,2023-07,357.0,96.4,25.7,15.3,117.2,19.0,loam,15.0,0.83,Landslide
7.05,80.025,2023-11,557.1,99.3,25.4,10.0,87.5,19.3,clay,0.56,0.69,Landslide
7.125,80.15,2023-02,73.0,95.4,25.4,13.6,153.9,18.9,loam,2.99,0.74,Warning
6.925,79.9,2023-11,488.6,97.5,25.5,12.0,11.6,0.4,clay,2.78,0.61,Flood
7.15,80.0,2024-12,154.0,97.9,25.6,12.9,84.9,11.8,sandy,9.55,0.75,Warning
6.975,79.925,2023-08,136.6,92.9,27.0,19.5,14.6,0.6,clay,0.78,0.58,Flood
6.9,80.3,2024-02,42.7,94.2,25.7,12.3,186.2,18.2,sandy,15.0,0.59,No Risk
7.025,80.075,2024-02,36.1,93.6,27.7,15.0,77.9,17.8,loam,6.71,0.55,No Risk
7.025,79.9,2024-04,173.6,96.4,28.2,14.5,21.7,7.3,loam,6.0,0.56,Warning
7.075,80.2,2023-01,136.7,92.2,24.5,14.8,99.7,13.8,loam,2.77,0.73,Warning
7.05,80.275,2024-07,397.7,95.1,25.7,14.2,201.8,19.8,loam,10.01,0.85,Landslide
7.15,79.85,2023-04,168.7,98.0,27.0,13.8,3.2,1.5,clay,15.0,0.54,Warning
7.05,80.3,2024-05,809.0,97.3,26.3,15.0,128.7,31.4,loam,11.8,0.81,Landslide
7.125,80.275,2023-03,146.7,95.4,25.9,12.1,199.1,34.9,sandy,4.23,0.79,Landslide
7.075,80.1,2024-04,224.0,96.8,28.0,12.8,32.2,3.5,clay,3.55,0.62,Warning
7.075,80.0,2023-01,114.3,90.9,25.3,16.0,89.4,13.9,loam,3.55,0.73,Warning
6.925,80.0,2024-12,198.0,97.6,26.1,12.2,60.1,18.3,loam,9.44,0.66,Landslide
7.075,80.05,2023-06,321.4,97.3,26.3,16.1,38.7,7.9,clay,0.55,0.65,Flood
7.1,79.95,2023-05,248.7,96.1,27.0,15.3,26.6,4.4,sandy,9.55,0.59,Warning
7.0,79.95,2024-05,696.8,97.4,27.3,16.3,31.8,5.9,clay,1.11,0.59,Flood
6.95,80.15,2024-02,39.1,96.4,27.2,12.7,110.9,14.4,sandy,15.0,0.65,No Risk
7.075,79.875,2024-08,275.8,92.6,26.7,20.0,9.5,1.1,clay,12.18,0.6,Warning
7.15,79.95,2023-10,532.2,98.3,25.4,12.8,35.5,5.1,loam,13.55,0.63,Warning
6.925,80.325,2023-05,325.7,95.2,25.1,11.0,210.0,18.2,sandy,15.0,0.79,Landslide
7.125,80.025,2025-01,282.0,96.2,25.4,16.2,86.7,12.3,loam,5.71,0.74,Warning
7.075,80.05,2023-04,210.1,97.6,26.9,12.0,38.7,7.9,clay,0.55,0.64,Flood
7.125,80.075,2024-07,318.9,96.7,26.1,16.8,72.3,12.6,loam,2.83,0.76,Warning
6.95,79.875,2025-05,274.0,94.2,27.8,18.2,39.8,2.5,loam,2.78,0.63,Flood
6.9,80.2,2025-04,304.4,98.1,25.9,11.1,74.7,8.5,sandy,15.0,0.72,Warning
7.025,80.1,2024-02,42.1,94.2,27.5,14.3,79.7,8.2,loam,8.25,0.61,No Risk
7.125,80.075,2025-04,256.2,98.3,26.0,13.4,72.3,12.6,loam,2.83,0.71,Warning
7.075,80.075,2024-02,27.3,91.5,28.1,16.7,71.6,10.1,clay,2.83,0.47,No Risk
6.9,79.925,2024-06,355.6,93.5,27.1,21.2,28.1,3.3,sandy,6.21,0.63,Warning
7.1,80.15,2023-03,178.2,96.9,26.2,11.6,109.5,13.6,sandy,4.96,0.8,Warning
6.95,80.175,2023-04,173.9,96.5,26.5,11.0,117.2,19.0,loam,15.0,0.81,Landslide
6.95,80.05,2025-02,69.4,97.1,26.3,13.4,79.7,18.7,loam,10.23,0.6,Warning
7.05,80.2,2024-02,33.5,93.8,26.0,15.6,99.8,17.4,sandy,5.55,0.5,No Risk
7.0,80.25,2025-04,365.3,98.9,25.4,11.2,127.9,31.1,loam,12.41,0.77,Landslide
7.05,79.9,2024-02,42.4,91.2,27.7,17.6,18.4,1.2,clay,8.45,0.42,No Risk
6.975,80.3,2024-06,451.6,95.4,25.7,15.3,228.2,18.0,loam,15.0,0.83,Landslide
7.025,80.125,2025-01,350.2,98.2,25.0,12.7,60.4,12.0,clay,9.71,0.66,Warning
6.9,80.025,2023-12,496.5,98.8,25.5,12.2,77.1,15.8,sandy,13.24,0.69,Landslide
7.075,79.95,2025-02,58.8,96.1,27.1,14.3,17.2,0.3,loam,7.55,0.54,Warning
7.1,80.325,2024-02,25.8,94.4,27.0,14.1,154.6,24.9,loam,9.82,0.59,No Risk
7.075,79.95,2024-10,395.3,97.3,25.9,14.3,17.2,0.3,loam,7.55,0.59,Warning
7.0,80.05,2023-11,565.1,99.4,25.3,10.0,33.9,6.9,sandy,6.47,0.57,Warning
7.125,79.875,2023-05,259.2,95.7,27.4,18.0,3.0,2.0,clay,15.0,0.54,Warning
6.9,79.875,2023-05,239.9,94.7,27.3,16.9,17.2,0.3,clay,2.29,0.54,Flood
6.9,80.0,2023-08,158.9,95.7,26.7,17.6,64.3,14.6,loam,11.8,0.66,Warning
7.0,80.15,2024-02,42.4,94.3,27.5,14.2,147.0,20.3,sandy,12.41,0.62,No Risk
7.125,80.1,2024-02,25.0,90.8,27.8,17.2,39.1,1.8,loam,1.24,0.4,No Risk
6.975,80.05,2023-12,447.4,98.2,25.7,12.8,76.5,13.7,loam,8.33,0.74,Warning
7.0,79.95,2023-04,165.2,97.8,26.9,12.3,31.8,5.9,clay,1.11,0.62,Flood
6.95,79.925,2025-04,176.5,94.9,27.4,13.5,29.7,6.4,clay,2.77,0.63,Flood
6.9,80.2,2024-02,39.1,96.0,27.1,12.7,74.7,8.5,sandy,15.0,0.57,No Risk
6.9,79.9,2024-01,138.1,94.3,26.0,14.2,18.9,1.4,clay,4.0,0.61,Warning
6.9,80.3,2024-11,526.2,98.5,23.7,11.5,186.2,18.2,sandy,15.0,0.85,Landslide
7.05,80.325,2024-02,25.0,94.4,26.8,14.3,217.1,18.9,sandy,13.79,0.66,No Risk
6.975,80.175,2024-08,391.2,95.2,25.8,15.0,78.0,16.1,sandy,14.15,0.76,Landslide
7.075,80.325,2024-11,603.2,98.6,23.8,10.9,99.7,18.4,sandy,11.88,0.68,Landslide
7.025,80.0,2024-02,31.6,93.3,27.8,15.4,75.1,17.7,clay,1.24,0.56,No Risk
7.0,79.95,2025-05,279.7,96.9,27.2,15.9,31.8,5.9,clay,1.11,0.64,Flood
6.95,79.9,2025-01,272.9,94.9,25.6,14.1,20.5,4.8,loam,0.0,0.64,Flood
6.925,80.05,2023-08,160.2,96.9,26.4,17.2,82.3,7.8,loam,12.47,0.73,Warning
6.9,80.0,2024-11,411.9,98.9,25.4,12.6,64.3,14.6,loam,11.8,0.7,Warning
6.925,80.225,2024-02,39.2,96.1,27.1,12.6,132.0,36.4,loam,15.0,0.65,No Risk
6.975,80.325,2023-01,193.5,94.0,23.0,9.9,173.5,36.6,sandy,15.0,0.83,Landslide
7.125,80.325,2025-03,188.0,97.5,26.3,10.8,114.8,10.7,loam,8.19,0.81,Warning
6.925,80.05,2024-02,38.9,96.2,27.1,13.2,82.3,7.8,loam,12.47,0.56,No Risk
7.1,80.0,2024-02,26.2,92.3,28.1,16.3,72.7,8.6,loam,5.98,0.57,No Risk
6.95,79.9,2024-06,368.6,93.6,27.1,21.2,20.5,4.8,loam,0.0,0.6,Flood
7.05,80.075,2025-03,197.9,98.1,26.5,11.9,48.9,3.6,loam,4.33,0.66,Warning
7.0,79.975,2025-04,226.5,97.7,26.9,12.3,9.0,0.5,clay,1.67,0.63,Flood
7.075,80.125,2024-01,188.3,94.5,25.9,13.1,86.3,10.8,sandy,5.27,0.71,Warning
7.075,80.275,2024-04,194.8,97.1,27.4,11.2,201.6,18.5,loam,7.89,0.78,Landslide
7.1,80.1,2025-05,270.7,98.5,26.3,16.9,75.3,10.7,loam,2.22,0.73,Warning
7.0,79.9,2023-02,64.1,95.8,25.6,15.9,22.7,1.5,clay,4.0,0.49,Warning
6.95,80.275,2024-02,42.2,94.4,26.7,12.3,186.9,15.9,sandy,15.0,0.68,No Risk
7.025,80.125,2024-04,197.2,96.8,27.9,12.7,60.4,12.0,clay,9.71,0.68,Warning
6.975,80.225,2023-06,342.8,95.8,25.9,13.3,118.1,16.4,sandy,14.15,0.78,Landslide
7.15,79.875,2023-04,168.7,98.0,27.0,13.8,5.4,2.0,loam,15.0,0.55,Warning
6.9,80.025,2024-04,227.3,98.2,27.7,12.5,77.1,15.8,sandy,13.24,0.67,Landslide
7.1,80.35,2024-02,26.8,91.8,27.5,16.1,104.3,12.9,sandy,12.01,0.57,No Risk
7.025,80.175,2025-02,55.1,97.2,26.2,14.0,132.6,16.4,loam,8.78,0.65,Warning
6.975,80.05,2023-04,204.1,98.1,26.8,11.4,76.5,13.7,loam,8.33,0.72,Warning
6.925,80.35,2025-03,204.4,98.3,24.4,9.8,196.5,16.3,sandy,15.0,0.8,Landslide
7.1,80.275,2023-12,438.8,98.2,25.7,11.6,138.0,32.2,loam,6.0,0.79,Landslide
7.1,80.05,2025-01,317.9,96.8,25.4,15.1,41.6,6.9,loam,2.22,0.65,Flood
6.975,79.95,2025-05,276.5,96.8,27.2,15.9,19.8,1.1,clay,2.29,0.62,Flood
6.975,79.9,2023-10,501.8,96.9,25.6,15.0,18.4,0.3,clay,2.77,0.6,Flood
7.075,80.35,2024-02,27.6,94.4,25.7,12.9,222.8,24.9,loam,13.74,0.57,No Risk
6.925,80.3,2023-07,413.1,94.8,25.5,13.3,197.1,18.5,loam,15.0,0.79,Landslide
7.1,80.325,2024-02,25.6,94.4,27.0,14.2,154.6,24.9,loam,9.82,0.59,No Risk
6.9,80.2,2023-10,693.8,97.0,25.1,12.6,74.7,8.5,sandy,15.0,0.69,Warning
7.1,80.1,2024-02,25.3,90.9,27.7,17.2,75.3,10.7,loam,2.22,0.5,No Risk
6.975,80.25,2023-12,518.7,98.1,25.1,10.9,209.1,35.5,loam,14.94,0.78,Landslide
6.925,79.95,2023-06,421.5,96.8,26.4,16.7,7.2,0.3,clay,6.21,0.57,Warning
6.95,79.925,2024-11,354.2,96.4,25.8,15.1,29.7,6.4,clay,2.77,0.59,Flood
7.125,80.275,2024-07,370.1,94.3,25.9,15.8,199.1,34.9,sandy,4.23,0.79,Landslide
6.925,80.325,2024-01,345.7,94.6,24.3,9.5,210.0,18.2,sandy,15.0,0.79,Landslide
6.975,80.175,2025-05,309.7,98.0,26.1,13.4,78.0,16.1,sandy,14.15,0.71,Landslide
7.025,79.925,2024-09,304.0,93.0,27.0,20.5,7.6,1.0,clay,4.77,0.51,Warning
7.075,79.9,2025-03,153.9,96.3,26.8,12.5,28.5,5.2,clay,10.66,0.59,Warning
7.1,80.375,2023-08,131.8,93.9,26.0,15.8,126.9,33.0,sandy,13.74,0.85,Landslide
6.9,80.125,2023-10,624.0,97.0,25.1,13.2,76.5,15.5,sandy,15.0,0.7,Landslide
7.025,79.925,2023-07,214.2,92.8,26.9,21.3,7.6,1.0,clay,4.77,0.57,Warning
7.1,79.875,2025-01,227.4,94.8,25.5,17.8,24.4,3.5,clay,14.57,0.58,Warning
7.025,80.075,2024-11,469.8,98.8,25.3,13.2,77.9,17.8,loam,6.71,0.66,Landslide
6.975,79.975,2023-05,237.5,96.6,26.9,14.8,17.0,0.8,loam,3.24,0.59,Flood
7.1,80.3,2025-04,216.3,97.8,25.0,12.0,227.7,27.9,loam,8.0,0.8,Landslide
7.0,79.975,2024-03,111.0,96.9,28.1,15.0,9.0,0.5,clay,1.67,0.62,Flood
6.975,80.325,2024-09,377.7,96.0,24.5,13.2,173.5,36.6,sandy,15.0,0.81,Landslide
7.125,80.0,2025-02,43.3,95.3,27.0,15.7,61.0,15.4,loam,7.47,0.56,No Risk
6.95,79.85,2023-06,379.3,94.7,27.1,19.5,17.7,1.4,clay,4.0,0.51,Warning
7.1,80.225,2023-02,99.6,96.4,25.3,12.1,125.1,18.9,loam,2.77,0.83,Landslide
7.1,80.35,2024-11,625.7,98.2,25.1,11.4,104.3,12.9,sandy,12.01,0.75,Warning
6.925,79.9,2024-10,410.4,95.5,26.3,16.8,11.6,0.4,clay,2.78,0.54,Flood
6.925,80.025,2024-02,38.6,96.0,27.3,13.1,52.5,3.1,clay,11.02,0.46,No Risk
6.95,79.85,2023-07,250.1,92.9,26.9,21.0,17.7,1.4,clay,4.0,0.59,Warning
6.9,80.075,2024-02,38.9,96.0,27.3,13.2,48.0,3.8,clay,15.0,0.48,No Risk
7.0,80.35,2024-03,91.4,93.0,27.5,12.4,193.9,27.8,loam,15.0,0.76,Landslide
6.95,79.975,2024-05,761.3,97.1,27.2,16.4,33.0,1.8,clay,5.79,0.59,Warning
7.15,80.0,2024-02,29.0,91.2,28.1,17.1,84.9,11.8,sandy,9.55,0.54,No Risk
7.15,79.975,2025-04,234.9,98.1,26.7,13.5,28.4,6.7,clay,11.39,0.67,Warning
6.9,79.875,2025-04,177.0,95.0,27.4,13.3,17.2,0.3,clay,2.29,0.61,Flood
7.0,80.3,2024-06,451.6,95.4,25.7,15.3,223.5,30.2,loam,15.0,0.78,Landslide
7.075,80.05,2024-10,405.1,97.3,25.8,13.4,38.7,7.9,clay,0.55,0.57,Flood
6.975,80.1,2025-04,282.7,98.3,25.9,12.8,59.2,7.7,sandy,12.17,0.66,Warning
6.95,80.325,2024-06,455.6,94.8,25.5,14.4,174.0,30.3,sandy,15.0,0.81,Landslide
6.975,80.175,2023-11,601.0,98.6,25.1,10.5,78.0,16.1,sandy,14.15,0.7,Landslide
7.05,79.975,2023-01,114.3,90.9,25.3,16.0,7.1,1.2,clay,3.72,0.58,Warning
7.075,80.325,2024-02,28.0,94.3,25.8,12.9,99.7,18.4,sandy,11.88,0.53,No Risk
7.125,80.25,2023-05,217.0,94.5,25.4,14.5,183.4,27.4,sandy,2.29,0.8,Landslide
6.95,79.875,2023-09,556.4,95.1,26.0,19.4,39.8,2.5,loam,2.78,0.63,Flood
6.975,80.35,2024-05,749.0,97.3,25.5,13.5,187.8,28.4,loam,15.0,0.81,Landslide
7.05,80.1,2024-02,27.3,91.4,27.9,16.4,43.6,5.2,clay,5.98,0.44,No Risk
7.05,80.15,2024-03,93.8,94.3,28.3,16.3,133.4,17.5,loam,7.85,0.8,Landslide
6.925,79.925,2024-04,177.2,96.1,28.2,14.5,31.7,5.7,loam,3.92,0.63,Warning
7.125,80.1,2023-07,266.2,96.4,25.9,17.3,39.1,1.8,loam,1.24,0.61,Flood
6.9,80.3,2023-03,198.0,95.7,24.5,9.9,186.2,18.2,sandy,15.0,0.83,Landslide
7.1,80.325,2024-03,87.6,95.2,27.9,14.9,154.6,24.9,loam,9.82,0.72,Landslide
7.025,79.85,2024-05,607.9,95.2,27.8,19.9,24.8,3.0,clay,10.01,0.6,Warning
7.1,80.2,2024-02,33.8,93.8,27.2,15.4,88.8,13.2,loam,0.0,0.55,No Risk
7.125,79.85,2024-01,139.3,93.0,26.1,16.3,6.1,0.5,clay,15.0,0.55,Warning
7.05,80.25,2024-02,25.5,94.2,27.5,14.3,124.2,29.2,loam,7.85,0.63,No Risk
6.9,80.225,2023-01,129.3,96.5,24.2,11.6,111.9,8.1,sandy,15.0,0.78,Warning
6.975,80.1,2024-06,417.7,96.6,26.1,16.7,59.2,7.7,sandy,12.17,0.69,Warning
6.9,80.1,2024-07,303.0,97.5,26.1,15.9,75.8,7.3,loam,15.0,0.67,Warning
7.05,80.175,2023-05,221.1,95.4,26.4,13.2,121.1,17.9,sandy,6.21,0.79,Landslide
6.925,79.875,2023-08,146.6,92.7,27.0,19.5,16.7,1.3,loam,0.78,0.56,Flood
6.9,80.175,2025-01,290.5,99.0,24.8,9.7,105.0,17.4,loam,15.0,0.77,Landslide
7.0,80.075,2025-04,289.0,98.0,26.4,12.4,52.6,1.6,sandy,8.25,0.59,Warning
6.925,80.05,2023-12,496.5,98.8,25.5,12.2,82.3,7.8,loam,12.47,0.72,Warning
7.0,80.2,2024-01,189.7,96.6,25.6,11.1,62.8,13.7,sandy,11.1,0.67,Warning
7.125,80.1,2023-08,95.8,95.6,26.4,18.0,39.1,1.8,loam,1.24,0.6,Flood
7.075,80.2,2024-02,34.0,93.8,27.3,15.6,99.7,13.8,loam,2.77,0.63,No Risk
7.075,80.1,2024-12,142.8,97.5,25.4,13.1,32.2,3.5,clay,3.55,0.6,Warning
6.9,80.075,2025-04,295.1,98.6,26.1,12.6,48.0,3.8,clay,15.0,0.68,Warning
6.9,80.1,2024-02,39.4,96.4,27.1,12.7,75.8,7.3,loam,15.0,0.54,No Risk
7.125,80.325,2025-02,27.6,96.7,26.4,13.2,114.8,10.7,loam,8.19,0.59,No Risk
7.1,79.85,2023-09,519.6,94.7,26.0,20.5,19.7,1.6,clay,15.0,0.54,Warning
6.9,80.25,2024-01,224.1,96.2,25.4,10.2,113.0,8.2,sandy,15.0,0.8,Warning
6.95,80.15,2024-02,38.9,96.6,27.1,12.7,110.9,14.4,sandy,15.0,0.65,No Risk
7.125,80.275,2025-02,42.8,96.8,25.9,13.5,199.1,34.9,sandy,4.23,0.66,No Risk
7.125,80.0,2024-02,29.4,91.3,28.1,17.2,61.0,15.4,loam,7.47,0.39,No Risk
6.9,79.875,2023-03,119.3,95.8,26.3,13.4,17.2,0.3,clay,2.29,0.61,Flood
6.975,80.15,2025-03,173.9,98.4,26.1,12.1,94.7,8.2,loam,14.94,0.68,Warning
6.925,79.925,2024-01,138.1,94.3,26.0,14.2,31.7,5.7,loam,3.92,0.62,Warning
7.075,80.025,2024-02,27.1,91.4,28.0,16.5,86.0,16.6,loam,2.83,0.52,No Risk
7.1,80.3,2023-10,466.4,97.4,24.1,13.5,227.7,27.9,loam,8.0,0.78,Landslide
7.075,80.0,2023-12,386.0,97.9,25.8,14.1,89.4,13.9,loam,3.55,0.75,Warning
7.05,80.15,2024-05,773.7,97.2,26.8,15.6,133.4,17.5,loam,7.85,0.79,Landslide
7.0,80.325,2024-08,387.9,95.2,24.6,14.5,237.4,27.0,sandy,15.0,0.78,Landslide
7.1,80.1,2023-07,266.5,96.4,25.9,17.3,75.3,10.7,loam,2.22,0.62,Warning
7.05,79.875,2023-03,117.5,95.7,26.5,13.8,22.2,6.6,clay,9.88,0.55,Warning
7.075,80.325,2024-02,28.4,94.5,25.7,12.9,99.7,18.4,sandy,11.88,0.53,No Risk
6.95,80.325,2024-01,224.1,96.2,25.0,10.2,174.0,30.3,sandy,15.0,0.76,Landslide
6.975,79.9,2024-12,133.7,94.9,26.4,14.1,18.4,0.3,clay,2.77,0.6,Flood
7.125,80.25,2024-07,370.1,94.3,25.1,15.8,183.4,27.4,sandy,2.29,0.75,Landslide
6.9,80.125,2024-02,39.3,96.4,27.1,12.9,76.5,15.5,sandy,15.0,0.62,No Risk
7.075,80.3,2023-05,240.2,94.9,26.0,13.0,99.1,6.7,loam,9.88,0.74,Warning
6.925,79.975,2024-06,368.9,96.0,26.7,18.3,9.3,0.8,clay,7.89,0.55,Warning
7.0,79.875,2023-02,64.1,95.8,25.6,15.9,36.2,4.8,loam,6.21,0.5,Warning
7.075,80.2,2023-09,566.4,96.3,24.9,16.9,99.7,13.8,loam,2.77,0.8,Warning
6.95,79.95,2024-02,37.5,95.3,27.5,14.7,10.8,0.5,clay,4.0,0.44,Warning
7.1,80.3,2024-01,166.9,95.2,24.6,11.7,227.7,27.9,loam,8.0,0.81,Landslide
6.9,79.9,2023-12,410.4,96.3,25.9,14.8,18.9,1.4,clay,4.0,0.64,Warning
7.075,80.225,2024-10,514.5,96.2,24.5,12.7,87.8,9.6,sandy,3.92,0.74,Warning
6.95,80.1,2024-09,363.1,97.4,25.7,16.7,68.6,15.4,clay,14.21,0.75,Landslide
7.05,80.1,2023-05,220.9,96.1,26.6,13.6,43.6,5.2,clay,5.98,0.65,Warning
7.075,80.125,2024-07,327.8,96.7,26.2,16.1,86.3,10.8,sandy,5.27,0.72,Warning
6.925,80.225,2023-02,114.0,97.6,25.2,11.6,132.0,36.4,loam,15.0,0.74,Landslide
7.0,79.925,2023-03,112.6,97.4,26.4,13.6,3.0,2.2,clay,2.29,0.56,Flood
7.1,79.85,2025-02,34.3,91.8,27.4,17.8,19.7,1.6,clay,15.0,0.44,No Risk
7.1,80.075,2025-01,317.9,96.8,25.4,15.1,92.3,13.0,clay,0.55,0.73,Warning
7.125,80.05,2024-02,29.3,91.2,28.2,17.1,50.3,6.3,loam,4.33,0.47,No Risk
7.1,79.975,2025-02,58.8,96.1,27.1,14.3,4.1,2.0,clay,7.47,0.43,Warning
7.1,80.325,2024-02,25.7,94.5,26.9,14.1,154.6,24.9,loam,9.82,0.59,No Risk
7.1,80.1,2024-09,284.1,97.4,25.8,17.6,75.3,10.7,loam,2.22,0.64,Warning
7.125,80.125,2025-02,36.0,95.1,26.6,15.7,79.8,17.8,sandy,1.76,0.56,No Risk
7.025,80.075,2024-02,36.3,93.7,27.6,14.9,77.9,17.8,loam,6.71,0.55,No Risk
7.1,80.05,2023-09,569.6,97.2,25.4,16.8,41.6,6.9,loam,2.22,0.63,Flood
7.05,80.15,2024-02,27.2,91.5,27.9,16.3,133.4,17.5,loam,7.85,0.6,No Risk
7.075,80.15,2023-04,203.6,97.0,26.8,12.4,81.5,10.9,loam,6.21,0.75,Warning
6.9,80.25,2024-02,42.6,94.3,26.7,12.2,113.0,8.2,sandy,15.0,0.64,No Risk
6.95,79.875,2025-01,278.6,94.9,25.6,14.2,39.8,2.5,loam,2.78,0.64,Flood
7.15,79.875,2025-02,34.5,91.8,27.4,17.8,5.4,2.0,loam,15.0,0.43,No Risk
6.95,80.275,2023-09,806.9,94.8,24.8,15.1,186.9,15.9,sandy,15.0,0.81,Landslide
6.975,79.9,2023-03,108.5,97.5,26.4,13.5,18.4,0.3,clay,2.77,0.61,Flood
6.925,79.925,2025-03,124.6,94.8,27.3,11.6,31.7,5.7,loam,3.92,0.64,Warning
7.075,80.275,2024-07,397.7,95.1,25.7,14.2,201.6,18.5,loam,7.89,0.76,Landslide
7.125,80.2,2023-08,94.1,94.5,26.3,17.6,92.0,7.0,sandy,2.78,0.71,Warning
7.05,79.875,2024-02,42.6,91.3,27.6,17.9,22.2,6.6,clay,9.88,0.45,No Risk
7.0,80.1,2024-05,821.3,97.1,26.8,15.8,29.7,6.4,loam,10.47,0.63,Warning
7.025,80.0,2024-02,32.1,93.6,27.7,15.3,75.1,17.7,clay,1.24,0.56,No Risk
7.025,80.05,2023-07,281.7,96.5,26.2,16.6,34.0,3.7,loam,4.33,0.62,Warning
6.9,80.25,2023-05,302.9,94.6,26.2,11.8,113.0,8.2,sandy,15.0,0.79,Warning
6.95,80.075,2023-09,568.4,97.8,25.1,16.8,54.5,2.1,loam,12.22,0.7,Warning
7.125,80.225,2024-06,323.3,95.3,24.9,17.9,101.5,18.6,clay,0.78,0.7,Landslide
7.125,80.225,2024-01,182.0,95.5,24.4,12.6,101.5,18.6,clay,0.78,0.77,Landslide
6.925,80.175,2023-11,607.9,98.2,25.1,10.1,65.1,18.1,loam,15.0,0.69,Landslide
7.05,80.325,2024-04,194.8,97.1,27.4,11.2,217.1,18.9,sandy,13.79,0.82,Landslide
6.9,79.85,2023-12,422.6,96.3,25.9,14.6,8.8,0.6,clay,3.14,0.57,Flood
6.925,79.95,2024-08,369.5,96.2,26.3,16.6,7.2,0.3,clay,6.21,0.57,Warning
7.125,80.025,2024-02,29.1,91.2,28.1,17.2,86.7,12.3,loam,5.71,0.53,No Risk
7.025,80.225,2024-03,87.3,94.4,28.2,16.3,137.7,19.0,sandy,8.78,0.77,Landslide
6.925,79.875,2024-06,362.5,93.5,27.1,21.0,16.7,1.3,loam,0.78,0.55,Flood
6.925,79.85,2023-04,138.2,95.4,27.3,13.7,24.7,3.2,clay,2.29,0.59,Flood
7.075,80.325,2023-02,110.6,96.6,24.0,10.1,99.7,18.4,sandy,11.88,0.76,Landslide
7.1,80.125,2023-03,178.2,96.9,26.2,11.6,71.0,11.4,loam,2.78,0.65,Warning
7.075,80.325,2024-02,27.4,94.5,25.7,13.0,99.7,18.4,sandy,11.88,0.53,No Risk
6.925,80.25,2023-07,413.1,94.8,25.5,13.3,228.8,33.0,sandy,15.0,0.81,Landslide
7.0,79.9,2024-06,326.9,93.5,27.0,21.4,22.7,1.5,clay,4.0,0.59,Warning
7.0,80.25,2024-11,522.4,98.6,24.6,11.6,127.9,31.1,loam,12.41,0.79,Landslide
6.95,79.95,2025-05,307.3,96.9,27.1,15.7,10.8,0.5,clay,4.0,0.55,Warning
7.0,80.125,2023-09,584.4,96.6,25.1,17.0,32.7,2.6,clay,12.17,0.6,Warning
7.075,80.075,2024-02,27.5,91.5,28.2,16.6,71.6,10.1,clay,2.83,0.47,No Risk
7.05,80.2,2023-04,160.9,96.6,25.3,11.7,99.8,17.4,sandy,5.55,0.73,Landslide
6.95,79.9,2024-08,338.3,92.8,26.8,19.1,20.5,4.8,loam,0.0,0.62,Flood
6.95,80.175,2025-04,304.4,98.1,25.9,11.1,117.2,19.0,loam,15.0,0.8,Landslide
7.125,79.875,2023-10,431.7,96.5,25.6,14.7,3.0,2.0,clay,15.0,0.55,Warning
6.9,80.375,2025-01,322.2,98.7,23.5,8.4,172.8,22.7,sandy,15.0,0.77,Landslide
7.125,80.1,2023-04,172.3,97.1,26.9,13.1,39.1,1.8,loam,1.24,0.61,Flood
6.975,80.05,2024-09,370.1,97.6,26.2,16.7,76.5,13.7,loam,8.33,0.74,Warning
7.1,80.075,2024-02,27.9,91.5,28.1,16.7,92.3,13.0,clay,0.55,0.58,No Risk
7.125,79.9,2024-08,265.6,92.3,26.7,20.2,29.0,5.3,clay,15.0,0.6,Warning
7.075,80.05,2023-06,310.6,97.4,26.3,16.3,38.7,7.9,clay,0.55,0.65,Flood
7.1,80.075,2023-11,557.1,99.3,25.4,10.0,92.3,13.0,clay,0.55,0.72,Warning
7.15,79.9,2025-04,221.3,95.7,27.0,15.2,7.8,0.8,clay,15.0,0.57,Warning
7.1,79.975,2023-06,325.2,96.6,26.6,17.5,4.1,2.0,clay,7.47,0.65,Warning
7.0,80.125,2024-12,178.3,97.8,25.4,12.7,32.7,2.6,clay,12.17,0.61,Warning
6.95,79.875,2024-09,306.8,92.9,27.0,20.2,39.8,2.5,loam,2.78,0.63,Flood
6.975,80.3,2023-06,395.4,94.7,25.6,12.7,228.2,18.0,loam,15.0,0.81,Landslide
6.925,80.3,2024-01,224.1,96.2,25.4,10.2,197.1,18.5,loam,15.0,0.79,Landslide
7.025,79.85,2024-09,304.0,93.0,27.1,20.5,24.8,3.0,clay,10.01,0.65,Warning
7.075,80.1,2023-10,600.5,97.4,25.1,13.1,32.2,3.5,clay,3.55,0.62,Warning
7.025,79.95,2023-03,166.8,97.6,26.3,11.5,14.2,1.5,clay,2.99,0.62,Flood
7.125,80.075,2023-02,100.4,94.5,25.6,13.9,72.3,12.6,loam,2.83,0.68,Warning
7.125,80.025,2024-02,29.1,91.2,28.1,17.1,86.7,12.3,loam,5.71,0.53,No Risk
7.1,80.225,2024-08,344.1,95.2,25.7,15.7,125.1,18.9,loam,2.77,0.79,Landslide
7.125,80.25,2025-05,265.6,97.5,25.0,14.8,183.4,27.4,sandy,2.29,0.82,Landslide
6.975,80.375,2023-11,780.0,97.8,20.9,8.4,153.1,24.6,sandy,15.0,0.78,Landslide
7.125,80.1,2023-07,258.4,96.3,25.9,17.4,39.1,1.8,loam,1.24,0.61,Flood
6.975,79.975,2024-08,306.4,96.1,26.4,16.8,17.0,0.8,loam,3.24,0.55,Flood
7.075,80.225,2024-02,25.4,94.4,26.2,14.2,87.8,9.6,sandy,3.92,0.57,No Risk
7.1,79.925,2024-04,205.5,98.7,28.0,12.8,4.3,0.6,clay,11.44,0.54,Warning
7.125,79.9,2023-05,259.2,95.7,27.4,18.0,29.0,5.3,clay,15.0,0.62,Warning
6.925,80.0,2023-04,213.5,97.7,26.8,11.7,60.1,18.3,loam,9.44,0.68,Landslide
6.975,80.025,2024-03,121.6,96.0,28.2,15.4,70.2,12.1,sandy,6.33,0.69,Warning
6.95,79.9,2023-09,559.1,94.9,26.0,19.4,20.5,4.8,loam,0.0,0.6,Flood
7.0,80.35,2024-10,514.5,96.2,25.3,11.6,193.9,27.8,loam,15.0,0.83,Landslide
7.1,80.225,2024-02,34.5,93.7,27.3,15.6,125.1,18.9,loam,2.77,0.68,No Risk
7.1,80.1,2023-03,151.8,95.6,26.4,13.0,75.3,10.7,loam,2.22,0.68,Warning
7.125,80.325,2024-02,27.3,91.7,27.4,15.9,114.8,10.7,loam,8.19,0.62,No Risk
6.9,80.3,2024-02,42.6,94.3,25.8,12.0,186.2,18.2,sandy,15.0,0.59,No Risk
6.9,80.0,2023-06,421.5,96.8,26.4,16.7,64.3,14.6,loam,11.8,0.69,Warning
7.125,80.35,2024-02,26.8,91.7,26.4,15.7,158.1,30.1,loam,9.82,0.6,No Risk
7.025,80.275,2023-10,687.8,97.6,24.7,12.1,190.6,30.0,sandy,11.77,0.77,Landslide
7.0,80.075,2023-04,204.1,98.1,26.8,11.4,52.6,1.6,sandy,8.25,0.68,Warning
7.05,80.225,2025-02,33.2,96.6,26.1,14.2,90.0,17.9,sandy,6.21,0.56,No Risk
6.925,80.275,2025-03,163.9,98.9,25.7,10.7,193.9,32.8,loam,15.0,0.77,Landslide
7.125,79.9,2025-02,34.2,91.5,27.3,17.7,29.0,5.3,clay,15.0,0.4,No Risk
6.95,80.05,2025-01,376.1,98.7,25.0,12.5,79.7,18.7,loam,10.23,0.73,Landslide
7.05,80.35,2024-02,27.8,94.5,26.3,13.0,132.8,27.5,sandy,15.0,0.6,No Risk
6.95,80.05,2025-04,295.1,98.6,26.1,12.6,79.7,18.7,loam,10.23,0.71,Landslide
7.15,79.95,2024-08,268.0,95.6,26.4,17.3,35.5,5.1,loam,13.55,0.64,Warning
7.0,80.025,2024-05,772.3,97.6,27.0,15.7,80.3,6.7,sandy,4.47,0.69,Warning
7.0,80.0,2023-04,178.0,97.7,26.9,12.2,74.6,6.2,clay,2.48,0.68,Warning
7.05,80.25,2024-02,25.3,94.2,27.4,14.4,124.2,29.2,loam,7.85,0.63,No Risk
6.975,80.075,2023-03,194.3,98.4,26.2,10.3,57.2,4.9,clay,10.32,0.63,Warning
7.1,80.05,2023-08,115.2,95.9,26.6,17.3,41.6,6.9,loam,2.22,0.59,Flood
7.125,80.35,2023-08,101.4,92.3,25.5,17.5,158.1,30.1,loam,9.82,0.78,Landslide
6.975,79.925,2023-09,543.0,95.2,26.0,20.1,14.6,0.6,clay,0.78,0.54,Flood
6.95,80.025,2023-02,124.2,98.1,25.3,12.8,88.4,10.8,loam,8.69,0.71,Warning
7.05,80.125,2024-01,188.3,94.5,25.9,13.1,34.8,4.8,clay,7.47,0.6,Warning
7.125,80.025,2025-02,43.4,95.4,26.9,15.7,86.7,12.3,loam,5.71,0.55,No Risk
6.9,80.1,2024-02,39.1,96.5,27.2,12.8,75.8,7.3,loam,15.0,0.54,No Risk
7.1,79.925,2023-12,360.2,97.2,25.9,14.8,4.3,0.6,clay,11.44,0.53,Warning
7.025,80.275,2023-07,401.1,94.6,25.5,14.0,190.6,30.0,sandy,11.77,0.82,Landslide
6.975,79.875,2023-10,504.7,96.8,25.6,15.1,28.7,5.1,sandy,3.92,0.6,Warning
7.025,79.95,2023-10,641.1,98.3,25.3,13.1,14.2,1.5,clay,2.99,0.59,Flood
7.1,80.075,2024-06,391.2,96.5,26.5,17.1,92.3,13.0,clay,0.55,0.8,Warning
6.925,80.3,2023-04,207.5,95.4,26.1,9.8,197.1,18.5,loam,15.0,0.82,Landslide
6.975,79.925,2024-10,417.5,95.4,26.1,16.9,14.6,0.6,clay,0.78,0.56,Flood
7.125,80.325,2023-05,213.1,94.9,26.6,14.2,114.8,10.7,loam,8.19,0.77,Warning
7.1,80.325,2025-01,298.3,98.6,24.9,10.9,154.6,24.9,loam,9.82,0.79,Landslide
7.15,79.9,2025-03,152.8,96.4,26.7,12.8,7.8,0.8,clay,15.0,0.53,Warning
7.15,79.975,2023-07,244.2,95.2,26.6,18.2,28.4,6.7,clay,11.39,0.66,Warning
6.925,79.85,2024-07,318.1,93.5,27.1,18.6,24.7,3.2,clay,2.29,0.65,Flood
6.95,80.125,2023-04,199.7,97.4,26.5,11.4,28.9,5.4,clay,15.0,0.6,Warning
7.1,80.075,2024-02,27.7,91.4,28.1,16.6,92.3,13.0,clay,0.55,0.58,No Risk
6.9,80.1,2023-11,568.2,98.5,25.1,10.6,75.8,7.3,loam,15.0,0.7,Warning
7.025,79.95,2025-03,189.9,98.5,26.7,11.0,14.2,1.5,clay,2.99,0.57,Flood
7.125,79.9,2025-01,227.4,94.8,25.5,17.8,29.0,5.3,clay,15.0,0.6,Warning
6.975,80.225,2025-03,170.4,98.5,25.9,11.5,118.1,16.4,sandy,14.15,0.79,Landslide
7.025,80.35,2023-03,204.5,95.7,24.4,9.5,168.9,24.2,sandy,15.0,0.83,Landslide
7.05,80.15,2024-02,26.9,91.4,27.8,16.3,133.4,17.5,loam,7.85,0.6,No Risk
6.95,79.9,2025-02,49.0,92.1,27.4,14.6,20.5,4.8,loam,0.0,0.51,Warning
6.9,79.875,2024-07,328.2,93.7,27.2,18.9,17.2,0.3,clay,2.29,0.62,Flood
7.1,79.875,2025-02,33.7,91.8,27.3,17.8,24.4,3.5,clay,14.57,0.44,No Risk
6.925,79.85,2023-05,234.8,94.7,27.3,17.1,24.7,3.2,clay,2.29,0.63,Flood
6.9,80.25,2024-11,526.2,98.5,24.7,11.5,113.0,8.2,sandy,15.0,0.81,Warning
7.15,79.925,2024-03,73.7,96.7,28.2,15.4,12.6,0.5,clay,15.0,0.51,Warning
7.0,80.275,2024-04,203.0,96.8,27.5,11.1,241.0,35.6,sandy,13.88,0.73,Landslide
6.925,80.275,2024-10,612.3,95.4,25.3,11.8,193.9,32.8,loam,15.0,0.82,Landslide
7.075,79.975,2024-08,263.9,95.8,26.4,17.1,18.3,2.2,loam,5.71,0.59,Warning
7.1,80.075,2024-02,27.6,91.4,28.0,16.7,92.3,13.0,clay,0.55,0.58,No Risk
6.9,79.875,2024-10,422.1,95.4,26.3,16.9,17.2,0.3,clay,2.29,0.62,Flood
7.1,80.025,2024-09,301.4,97.4,26.3,17.4,59.1,4.2,loam,3.55,0.69,Warning
7.025,79.85,2024-02,43.4,91.6,27.6,17.7,24.8,3.0,clay,10.01,0.49,No Risk
6.925,79.9,2023-09,551.9,95.0,26.0,19.2,11.6,0.4,clay,2.78,0.63,Flood
7.075,80.35,2025-01,330.3,98.8,23.9,9.7,222.8,24.9,loam,13.74,0.77,Landslide
6.925,79.85,2025-04,177.0,95.0,27.4,13.3,24.7,3.2,clay,2.29,0.64,Flood
7.1,79.975,2023-12,386.0,97.9,25.8,14.1,4.1,2.0,clay,7.47,0.52,Warning
7.125,80.3,2023-07,308.0,93.5,25.6,16.1,121.9,24.6,sandy,5.9,0.84,Landslide
6.925,79.85,2023-05,238.3,94.7,27.3,17.0,24.7,3.2,clay,2.29,0.63,Flood
6.9,80.0,2023-03,185.9,98.2,26.2,11.0,64.3,14.6,loam,11.8,0.66,Warning
7.025,80.125,2024-02,42.1,94.4,27.5,14.3,60.4,12.0,clay,9.71,0.49,No Risk
6.925,79.85,2024-11,360.5,96.2,25.7,15.0,24.7,3.2,clay,2.29,0.59,Flood
6.925,79.975,2023-04,213.5,97.7,26.8,11.7,9.3,0.8,clay,7.89,0.59,Warning
7.125,80.075,2024-06,334.7,96.7,26.1,18.3,72.3,12.6,loam,2.83,0.66,Warning
7.05,80.325,2023-03,186.9,96.7,25.6,10.7,217.1,18.9,sandy,13.79,0.74,Landslide
7.025,80.0,2024-06,359.3,95.8,26.7,18.1,75.1,17.7,clay,1.24,0.71,Landslide
6.975,79.925,2023-12,362.7,96.3,25.9,15.5,14.6,0.6,clay,0.78,0.62,Flood
6.9,79.925,2023-05,238.3,94.7,27.3,17.0,28.1,3.3,sandy,6.21,0.61,Warning
7.075,80.25,2024-12,148.6,97.7,25.7,11.2,117.6,18.7,sandy,6.21,0.75,Landslide
6.95,80.05,2024-02,39.0,96.1,27.2,13.2,79.7,18.7,loam,10.23,0.57,No Risk
6.95,79.925,2023-04,134.0,95.3,27.2,13.8,29.7,6.4,clay,2.77,0.66,Flood
6.975,79.875,2025-05,278.6,94.1,27.8,19.2,28.7,5.1,sandy,3.92,0.62,Warning
6.9,80.3,2023-09,806.9,94.8,23.8,15.1,186.2,18.2,sandy,15.0,0.79,Landslide
7.025,80.375,2024-03,91.4,92.9,26.5,12.4,119.5,13.0,loam,15.0,0.78,Warning
6.925,80.15,2023-11,568.2,98.5,25.1,10.6,109.4,14.2,sandy,15.0,0.79,Warning
6.975,79.925,2025-01,279.0,94.6,25.6,15.1,14.6,0.6,clay,0.78,0.6,Flood
6.975,80.175,2024-10,559.3,96.4,25.5,12.6,78.0,16.1,sandy,14.15,0.68,Landslide
6.975,80.05,2023-09,562.6,97.2,25.3,16.8,76.5,13.7,loam,8.33,0.72,Warning
7.025,79.9,2023-07,214.2,92.8,26.9,21.3,21.7,7.3,loam,6.0,0.55,Warning
6.95,79.975,2023-07,292.2,95.6,26.5,17.5,33.0,1.8,clay,5.79,0.58,Warning
7.1,79.925,2023-03,160.5,95.9,26.6,12.5,4.3,0.6,clay,11.44,0.56,Warning
6.975,79.9,2025-03,143.6,95.5,27.2,12.5,18.4,0.3,clay,2.77,0.59,Flood
7.15,79.875,2023-03,138.5,96.6,26.6,14.1,5.4,2.0,loam,15.0,0.59,Warning
7.075,80.35,2025-05,311.2,98.5,24.8,13.0,222.8,24.9,loam,13.74,0.85,Landslide
7.125,79.85,2023-06,336.4,94.6,27.1,20.5,6.1,0.5,clay,15.0,0.54,Warning
7.025,79.9,2024-02,43.6,91.8,27.5,17.5,21.7,7.3,loam,6.0,0.47,No Risk
7.0,80.325,2025-02,49.7,96.2,24.8,11.6,237.4,27.0,sandy,15.0,0.66,Warning
7.05,80.25,2024-06,405.7,95.7,26.3,16.6,124.2,29.2,loam,7.85,0.74,Landslide
7.125,80.25,2023-02,99.4,96.0,24.2,13.0,183.4,27.4,sandy,2.29,0.81,Landslide
7.075,79.9,2023-02,60.6,93.6,25.7,16.3,28.5,5.2,clay,10.66,0.5,Warning
6.975,80.2,2023-02,123.9,97.0,25.3,11.6,118.9,8.0,sandy,13.88,0.76,Warning
7.025,79.925,2023-04,168.5,98.0,27.0,13.9,7.6,1.0,clay,4.77,0.62,Warning
7.125,79.9,2023-10,431.7,96.5,25.6,14.7,29.0,5.3,clay,15.0,0.59,Warning
6.9,79.975,2023-07,292.2,95.6,26.5,17.5,23.2,3.9,loam,10.01,0.57,Warning
7.0,80.35,2024-07,352.7,95.2,25.9,12.9,193.9,27.8,loam,15.0,0.78,Landslide
6.925,79.875,2025-04,177.0,95.0,27.4,13.3,16.7,1.3,loam,0.78,0.66,Flood
7.125,79.875,2023-11,517.8,97.8,25.5,11.8,3.0,2.0,clay,15.0,0.55,Warning
6.95,80.225,2025-04,304.4,98.1,25.9,11.1,67.0,14.3,loam,15.0,0.64,Warning
6.9,79.975,2024-11,411.9,98.9,25.4,12.6,23.2,3.9,loam,10.01,0.62,Warning
7.05,80.225,2023-02,99.6,96.4,25.3,12.1,90.0,17.9,sandy,6.21,0.71,Landslide
7.05,79.875,2023-06,326.9,94.7,27.0,20.1,22.2,6.6,clay,9.88,0.65,Warning
6.95,79.875,2025-03,126.5,94.9,27.3,11.6,39.8,2.5,loam,2.78,0.63,Flood
6.95,80.2,2024-02,39.2,96.2,27.1,12.6,66.3,6.2,loam,15.0,0.49,No Risk
6.925,79.9,2025-04,148.4,95.0,27.3,13.5,11.6,0.4,clay,2.78,0.57,Flood
7.05,80.05,2024-11,482.3,98.9,25.3,13.4,22.4,3.7,loam,3.33,0.62,Flood
7.0,79.95,2024-04,232.2,98.6,28.0,12.9,31.8,5.9,clay,1.11,0.6,Flood
7.1,80.35,2025-02,28.2,96.4,26.4,13.1,104.3,12.9,sandy,12.01,0.56,No Risk
6.9,79.875,2024-05,657.5,95.1,27.7,19.9,17.2,0.3,clay,2.29,0.57,Flood
6.975,80.15,2024-03,105.1,95.0,28.1,16.4,94.7,8.2,loam,14.94,0.76,Warning
7.125,80.1,2024-10,393.0,97.0,25.5,13.8,39.1,1.8,loam,1.24,0.58,Flood
6.9,79.875,2024-07,320.5,93.6,27.2,19.1,17.2,0.3,clay,2.29,0.62,Flood
7.05,80.225,2024-01,178.8,96.0,25.6,12.4,90.0,17.9,sandy,6.21,0.76,Landslide
7.125,80.35,2024-04,240.3,96.6,26.8,12.0,158.1,30.1,loam,9.82,0.82,Landslide
7.125,79.9,2023-04,168.7,98.0,27.0,13.8,29.0,5.3,clay,15.0,0.62,Warning
7.125,80.125,2025-04,256.2,98.3,26.0,13.4,79.8,17.8,sandy,1.76,0.71,Landslide
7.075,79.95,2023-06,325.2,96.6,26.6,17.5,17.2,0.3,loam,7.55,0.6,Warning
6.975,80.1,2024-08,330.6,95.8,25.9,16.1,59.2,7.7,sandy,12.17,0.64,Warning
6.9,79.925,2024-02,38.3,92.8,27.6,17.0,28.1,3.3,sandy,6.21,0.45,Warning
7.075,80.325,2023-03,217.3,96.2,24.6,9.8,99.7,18.4,sandy,11.88,0.74,Landslide
7.075,80.325,2024-07,348.3,95.2,24.9,14.2,99.7,18.4,sandy,11.88,0.75,Landslide
7.05,80.025,2024-05,717.2,97.6,27.1,15.5,87.5,19.3,clay,0.56,0.66,Landslide
7.05,80.025,2025-01,317.9,96.8,25.4,15.1,87.5,19.3,clay,0.56,0.74,Landslide
7.1,79.95,2023-02,112.1,94.2,25.8,14.0,26.6,4.4,sandy,9.55,0.62,Warning
7.075,80.325,2024-02,27.8,94.3,25.7,13.0,99.7,18.4,sandy,11.88,0.53,No Risk
7.0,79.925,2025-04,171.8,95.3,27.4,13.6,3.0,2.2,clay,2.29,0.56,Flood
6.95,80.0,2024-04,224.9,98.5,27.9,12.7,15.8,1.9,clay,7.11,0.65,Warning
7.1,80.125,2023-12,434.2,97.2,25.5,13.6,71.0,11.4,loam,2.78,0.67,Warning
7.125,80.25,2025-02,42.8,96.6,25.1,13.7,183.4,27.4,sandy,2.29,0.59,No Risk
6.95,80.25,2023-05,302.9,94.6,25.5,11.8,182.1,27.5,sandy,15.0,0.79,Landslide
7.075,80.225,2025-03,205.2,97.9,25.1,11.1,87.8,9.6,sandy,3.92,0.69,Warning
7.1,79.95,2025-04,234.9,98.1,26.7,13.5,26.6,4.4,sandy,9.55,0.63,Warning
7.05,80.15,2024-04,224.0,96.8,28.0,12.8,133.4,17.5,loam,7.85,0.79,Landslide
7.025,80.025,2023-04,204.1,98.1,26.8,11.4,69.5,11.7,loam,2.83,0.66,Warning
7.025,79.95,2024-03,111.6,96.8,28.1,15.0,14.2,1.5,clay,2.99,0.59,Flood
7.1,80.3,2025-02,27.7,96.6,25.3,13.2,227.7,27.9,loam,8.0,0.57,No Risk
7.075,80.3,2023-01,148.1,93.7,24.0,13.4,99.1,6.7,loam,9.88,0.77,Warning
7.15,79.95,2024-09,309.9,96.3,26.6,18.2,35.5,5.1,loam,13.55,0.64,Warning
7.075,79.95,2024-08,263.9,95.8,26.4,17.1,17.2,0.3,loam,7.55,0.59,Warning
7.125,80.25,2025-02,42.5,96.5,25.1,13.5,183.4,27.4,sandy,2.29,0.59,No Risk
6.975,80.025,2023-05,234.7,97.2,26.7,13.8,70.2,12.1,sandy,6.33,0.67,Warning
7.0,80.225,2024-05,817.5,97.0,26.7,15.0,93.3,10.0,sandy,11.44,0.73,Warning
7.0,79.925,2025-01,285.5,94.5,25.6,15.4,3.0,2.2,clay,2.29,0.58,Flood
6.925,80.025,2024-02,38.0,96.0,27.3,13.0,52.5,3.1,clay,11.02,0.46,No Risk
7.125,79.875,2024-02,26.5,90.4,27.8,18.2,3.0,2.0,clay,15.0,0.36,No Risk
7.0,80.0,2024-02,31.8,93.3,27.9,15.4,74.6,6.2,clay,2.48,0.54,No Risk
7.025,79.975,2025-05,273.1,96.9,27.2,16.1,18.0,0.9,loam,1.76,0.58,Flood
6.925,80.325,2024-03,139.7,92.4,26.3,12.4,210.0,18.2,sandy,15.0,0.82,Landslide
7.025,80.175,2024-11,502.7,98.4,25.0,12.8,132.6,16.4,loam,8.78,0.79,Landslide
7.0,80.1,2024-06,417.7,96.6,26.1,16.7,29.7,6.4,loam,10.47,0.58,Warning
6.975,79.85,2024-01,121.8,93.6,26.1,15.0,9.5,0.5,clay,6.21,0.55,Warning
7.05,80.125,2023-10,600.5,97.4,25.1,13.1,34.8,4.8,clay,7.47,0.59,Warning
6.95,80.15,2024-02,38.8,96.4,27.2,12.9,110.9,14.4,sandy,15.0,0.65,No Risk
7.025,79.975,2023-06,354.7,96.8,26.6,16.9,18.0,0.9,loam,1.76,0.61,Flood
6.95,79.9,2023-08,149.5,92.8,27.0,19.7,20.5,4.8,loam,0.0,0.62,Flood
7.0,79.95,2024-09,366.3,96.2,26.6,17.7,31.8,5.9,clay,1.11,0.61,Flood
7.0,79.925,2024-01,121.3,93.6,26.0,14.9,3.0,2.2,clay,2.29,0.59,Flood
7.125,79.925,2023-10,532.2,98.3,25.4,12.8,3.0,1.9,clay,13.44,0.58,Warning
7.1,80.2,2023-11,568.6,98.8,24.9,10.6,88.8,13.2,loam,0.0,0.74,Warning
7.075,80.05,2024-08,267.3,96.4,26.2,16.3,38.7,7.9,clay,0.55,0.64,Flood
6.925,79.975,2024-11,411.9,98.9,25.4,12.6,9.3,0.8,clay,7.89,0.56,Warning
6.975,79.925,2023-11,449.7,97.8,25.5,11.9,14.6,0.6,clay,0.78,0.6,Flood
7.0,79.925,2025-01,278.2,94.5,25.6,15.2,3.0,2.2,clay,2.29,0.58,Flood
7.075,80.05,2023-09,557.9,97.2,25.4,17.1,38.7,7.9,clay,0.55,0.65,Flood
7.0,80.375,2023-12,540.4,97.6,25.3,9.9,175.5,36.1,sandy,15.0,0.78,Landslide
7.125,80.175,2024-08,313.4,95.4,25.7,16.6,116.2,10.0,loam,3.92,0.8,Warning
6.925,80.35,2025-01,322.2,98.7,23.5,8.4,196.5,16.3,sandy,15.0,0.8,Landslide
6.975,79.9,2025-05,274.5,94.1,27.7,19.1,18.4,0.3,clay,2.77,0.61,Flood
7.075,80.125,2023-03,178.2,96.9,26.2,11.6,86.3,10.8,sandy,5.27,0.77,Warning
6.9,80.3,2025-02,51.8,97.0,24.9,12.1,186.2,18.2,sandy,15.0,0.64,Warning
6.9,79.85,2025-03,124.6,94.8,27.3,11.6,8.8,0.6,clay,3.14,0.53,Flood
7.125,80.2,2024-02,19.2,92.0,27.4,16.4,92.0,7.0,sandy,2.78,0.55,No Risk
7.0,79.95,2023-06,364.8,96.8,26.5,16.9,31.8,5.9,clay,1.11,0.63,Flood
6.975,80.35,2024-03,91.4,92.9,26.5,12.4,187.8,28.4,loam,15.0,0.82,Landslide
7.025,80.225,2024-07,355.1,96.4,26.1,14.5,137.7,19.0,sandy,8.78,0.78,Landslide
6.95,79.85,2025-03,124.6,94.8,27.3,11.6,17.7,1.4,clay,4.0,0.55,Warning
7.1,80.275,2023-09,619.5,96.1,25.3,16.9,138.0,32.2,loam,6.0,0.76,Landslide
7.125,80.225,2025-05,265.6,97.5,25.0,14.8,101.5,18.6,clay,0.78,0.74,Landslide
7.05,80.375,2024-02,37.1,96.2,21.5,11.3,212.7,17.2,sandy,15.0,0.6,No Risk
6.925,80.35,2023-04,282.6,95.3,24.9,9.2,196.5,16.3,sandy,15.0,0.78,Landslide
6.925,79.925,2025-02,49.0,92.1,27.4,14.6,31.7,5.7,loam,3.92,0.46,Warning
6.9,80.225,2023-03,168.2,97.3,25.8,10.1,111.9,8.1,sandy,15.0,0.78,Warning
7.025,80.05,2024-10,437.2,97.4,25.8,13.6,34.0,3.7,loam,4.33,0.58,Warning
7.025,80.15,2023-01,160.0,92.7,24.7,14.4,108.4,8.3,loam,10.01,0.77,Warning
6.975,79.925,2023-06,380.9,94.9,27.0,19.9,14.6,0.6,clay,0.78,0.58,Flood
7.075,80.375,2024-06,293.9,97.8,22.8,15.0,115.1,6.0,sandy,15.0,0.78,Warning
6.95,80.275,2024-02,42.4,94.2,26.7,12.2,186.9,15.9,sandy,15.0,0.68,No Risk
6.975,80.325,2024-05,749.0,97.3,25.5,13.5,173.5,36.6,sandy,15.0,0.81,Landslide
7.125,80.05,2023-07,241.7,95.9,26.3,17.2,50.3,6.3,loam,4.33,0.63,Warning
6.95,79.925,2023-12,397.2,96.3,25.8,15.0,29.7,6.4,clay,2.77,0.59,Flood
6.95,80.175,2024-02,40.0,96.1,27.1,12.8,117.2,19.0,loam,15.0,0.61,No Risk
6.9,80.125,2023-08,155.9,96.5,26.2,17.3,76.5,15.5,sandy,15.0,0.71,Landslide
6.925,80.175,2025-01,290.5,99.0,24.8,9.7,65.1,18.1,loam,15.0,0.68,Landslide
7.125,80.3,2024-02,21.8,92.3,27.1,15.8,121.9,24.6,sandy,5.9,0.56,No Risk
6.975,80.35,2023-06,378.6,95.2,24.7,12.0,187.8,28.4,loam,15.0,0.8,Landslide
6.975,79.95,2024-01,171.0,95.6,26.0,12.8,19.8,1.1,clay,2.29,0.58,Flood
6.95,80.35,2024-03,139.7,92.4,26.3,12.4,144.3,16.2,loam,15.0,0.83,Landslide
7.125,79.925,2024-11,444.4,99.1,25.3,13.3,3.0,1.9,clay,13.44,0.6,Warning
6.9,80.3,2024-01,224.1,96.2,24.4,10.2,186.2,18.2,sandy,15.0,0.81,Landslide
7.1,80.05,2025-02,50.5,95.7,26.9,14.8,41.6,6.9,loam,2.22,0.49,Warning
7.125,80.35,2023-11,652.5,98.5,24.2,10.3,158.1,30.1,loam,9.82,0.76,Landslide
6.9,80.35,2023-06,401.0,95.7,24.6,11.3,121.1,24.6,loam,15.0,0.79,Landslide
7.125,80.025,2025-02,43.5,95.2,27.0,15.6,86.7,12.3,loam,5.71,0.55,No Risk
6.95,80.2,2024-10,570.2,96.0,25.5,12.8,66.3,6.2,loam,15.0,0.72,Warning
7.1,80.35,2024-02,26.6,91.9,27.4,16.0,104.3,12.9,sandy,12.01,0.57,No Risk
6.95,80.325,2024-02,42.5,94.2,26.3,12.2,174.0,30.3,sandy,15.0,0.57,No Risk
6.9,80.25,2025-04,378.4,99.1,25.5,10.6,113.0,8.2,sandy,15.0,0.76,Warning
7.0,79.925,2024-01,121.8,93.6,26.0,15.0,3.0,2.2,clay,2.29,0.59,Flood
7.025,80.025,2024-06,391.5,96.7,26.4,17.0,69.5,11.7,loam,2.83,0.7,Warning
6.975,80.15,2023-05,233.9,96.1,26.5,13.2,94.7,8.2,loam,14.94,0.76,Warning
7.05,80.075,2024-04,223.9,98.3,28.1,12.4,48.9,3.6,loam,4.33,0.67,Warning
7.05,80.025,2023-08,119.1,96.0,26.6,17.1,87.5,19.3,clay,0.56,0.76,Landslide
7.1,80.25,2024-01,182.0,95.5,25.3,12.6,182.6,19.8,loam,4.0,0.82,Landslide
7.1,80.05,2023-09,563.7,97.2,25.3,17.3,41.6,6.9,loam,2.22,0.63,Flood
7.025,79.95,2023-07,254.2,95.5,26.6,17.6,14.2,1.5,clay,2.99,0.54,Flood
6.975,79.85,2023-03,112.6,97.4,26.5,13.6,9.5,0.5,clay,6.21,0.57,Warning
7.025,80.0,2024-08,308.4,96.0,26.4,16.8,75.1,17.7,clay,1.24,0.69,Landslide
7.125,80.15,2025-01,274.9,97.5,24.8,14.8,153.9,18.9,loam,2.99,0.85,Landslide
7.025,79.875,2025-03,137.8,95.4,27.2,12.0,22.2,5.8,clay,7.89,0.56,Warning
6.975,80.05,2024-02,36.5,93.6,27.7,15.2,76.5,13.7,loam,8.33,0.55,No Risk
7.075,80.125,2023-07,301.7,96.6,25.9,16.4,86.3,10.8,sandy,5.27,0.73,Warning
6.95,79.9,2023-03,148.7,95.8,26.3,13.1,20.5,4.8,loam,0.0,0.54,Flood
6.975,80.35,2025-01,374.0,99.2,23.7,8.6,187.8,28.4,loam,15.0,0.77,Landslide
6.9,80.175,2024-09,347.8,96.5,25.8,14.7,105.0,17.4,loam,15.0,0.78,Landslide
6.95,79.875,2024-01,138.1,94.3,26.0,14.2,39.8,2.5,loam,2.78,0.62,Flood
7.025,79.95,2024-05,695.3,97.3,27.3,16.5,14.2,1.5,clay,2.99,0.62,Flood
6.9,79.95,2023-06,421.5,96.8,26.4,16.7,23.8,4.0,clay,7.85,0.65,Warning
6.975,80.3,2024-02,46.5,94.6,26.7,12.3,228.2,18.0,loam,15.0,0.62,Warning
6.925,79.9,2024-09,318.8,92.9,27.1,19.8,11.6,0.4,clay,2.78,0.58,Flood
6.95,80.1,2023-01,158.0,95.0,24.4,12.9,68.6,15.4,clay,14.21,0.68,Landslide
6.975,79.9,2024-01,121.8,93.6,26.0,15.0,18.4,0.3,clay,2.77,0.55,Flood
7.075,80.025,2024-09,349.2,97.4,26.3,17.0,86.0,16.6,loam,2.83,0.7,Landslide
7.0,80.15,2023-09,584.4,96.6,25.1,17.0,147.0,20.3,sandy,12.41,0.79,Landslide
6.975,80.05,2025-04,289.0,98.0,26.4,12.4,76.5,13.7,loam,8.33,0.66,Warning
7.1,80.05,2024-08,283.3,96.4,26.3,16.3,41.6,6.9,loam,2.22,0.64,Flood
7.0,79.95,2025-05,266.7,96.7,27.2,15.9,31.8,5.9,clay,1.11,0.64,Flood
6.975,80.2,2024-02,46.0,95.4,27.2,13.3,118.9,8.0,sandy,13.88,0.66,Warning
6.9,80.325,2024-11,636.6,98.2,23.7,10.4,190.9,31.7,sandy,15.0,0.8,Landslide
6.925,79.9,2025-05,285.3,94.1,27.9,18.0,11.6,0.4,clay,2.78,0.54,Flood
7.125,80.0,2024-02,29.2,91.3,28.1,17.2,61.0,15.4,loam,7.47,0.39,No Risk
7.05,80.025,2025-02,50.5,95.7,26.9,14.8,87.5,19.3,clay,0.56,0.56,Warning
7.05,80.25,2023-08,132.2,93.3,26.7,16.3,124.2,29.2,loam,7.85,0.78,Landslide
6.95,79.95,2024-04,224.9,98.5,27.9,12.7,10.8,0.5,clay,4.0,0.58,Warning
6.9,80.3,2024-02,42.6,94.3,25.7,12.2,186.2,18.2,sandy,15.0,0.59,No Risk
7.025,80.375,2024-10,514.5,96.2,24.3,11.6,119.5,13.0,loam,15.0,0.77,Warning
7.125,80.175,2024-07,312.9,96.0,26.0,16.6,116.2,10.0,loam,3.92,0.76,Warning
6.95,79.975,2024-02,37.5,95.3,27.5,14.7,33.0,1.8,clay,5.79,0.47,Warning
7.0,80.375,2024-09,377.7,96.0,25.6,13.2,175.5,36.1,sandy,15.0,0.83,Landslide
7.0,79.85,2025-04,164.1,95.3,27.5,14.0,13.7,1.6,loam,7.85,0.59,Warning
6.95,80.35,2023-12,546.1,96.5,24.2,10.2,144.3,16.2,loam,15.0,0.81,Landslide
6.95,80.0,2023-05,276.4,96.9,26.8,14.6,15.8,1.9,clay,7.11,0.55,Warning
7.125,80.35,2023-07,286.6,93.2,24.9,16.1,158.1,30.1,loam,9.82,0.76,Landslide
7.1,80.05,2024-02,27.3,91.4,28.1,16.7,41.6,6.9,loam,2.22,0.46,No Risk
7.025,80.0,2024-02,31.6,93.5,27.7,15.7,75.1,17.7,clay,1.24,0.56,No Risk
6.975,80.35,2025-04,277.1,98.9,24.6,11.0,187.8,28.4,loam,15.0,0.82,Landslide
6.95,80.3,2024-11,526.2,98.5,24.7,11.5,238.9,30.8,sandy,15.0,0.74,Landslide
7.075,80.15,2023-10,600.5,97.4,25.1,13.1,81.5,10.9,loam,6.21,0.73,Warning
6.9,79.875,2024-11,354.2,96.4,25.8,15.1,17.2,0.3,clay,2.29,0.56,Flood
7.05,79.925,2024-11,386.9,97.2,25.6,15.8,35.5,6.6,clay,6.77,0.64,Warning
7.075,80.225,2024-01,206.0,96.6,24.7,11.1,87.8,9.6,sandy,3.92,0.7,Warning
7.075,80.05,2023-08,119.1,96.0,26.6,17.1,38.7,7.9,clay,0.55,0.66,Flood
6.9,80.25,2023-06,463.6,94.8,25.7,12.1,113.0,8.2,sandy,15.0,0.8,Warning
7.075,80.275,2024-02,25.4,94.4,26.7,14.2,201.6,18.5,loam,7.89,0.6,No Risk
7.075,80.075,2023-12,403.4,97.8,25.8,13.6,71.6,10.1,clay,2.83,0.71,Warning
7.025,80.1,2024-02,42.1,94.3,27.5,14.1,79.7,8.2,loam,8.25,0.61,No Risk
7.1,80.05,2023-04,210.1,97.6,26.9,12.0,41.6,6.9,loam,2.22,0.61,Flood
7.025,79.9,2025-03,137.8,95.4,27.2,12.0,21.7,7.3,loam,6.0,0.54,Warning
6.95,80.35,2023-03,215.5,94.9,24.3,9.2,144.3,16.2,loam,15.0,0.79,Landslide
6.9,80.0,2024-02,37.8,95.4,27.6,14.7,64.3,14.6,loam,11.8,0.52,No Risk
6.925,80.025,2025-01,376.1,98.7,25.0,12.5,52.5,3.1,clay,11.02,0.65,Warning
7.125,80.25,2023-04,145.4,96.2,25.7,12.4,183.4,27.4,sandy,2.29,0.81,Landslide
6.975,79.925,2024-08,302.9,92.7,26.7,19.4,14.6,0.6,clay,0.78,0.6,Flood
7.125,80.3,2023-05,217.0,94.5,26.2,14.5,121.9,24.6,sandy,5.9,0.78,Landslide
7.1,80.075,2024-05,717.2,97.6,27.1,15.5,92.3,13.0,clay,0.55,0.74,Warning
7.1,79.85,2023-04,168.7,98.0,27.0,13.8,19.7,1.6,clay,15.0,0.59,Warning
6.9,80.2,2024-08,402.8,95.4,25.8,14.8,74.7,8.5,sandy,15.0,0.76,Warning
6.9,80.0,2024-03,117.0,97.1,28.0,14.7,64.3,14.6,loam,11.8,0.66,Warning
6.9,80.2,2024-02,39.9,96.1,27.1,12.7,74.7,8.5,sandy,15.0,0.57,No Risk
7.025,80.025,2025-02,69.5,96.2,26.6,14.2,69.5,11.7,loam,2.83,0.58,Warning
6.9,80.025,2025-02,69.4,97.1,26.3,13.4,77.1,15.8,sandy,13.24,0.6,Warning
6.95,79.9,2023-03,139.9,96.0,26.4,13.0,20.5,4.8,loam,0.0,0.54,Flood
6.925,80.175,2025-03,132.8,98.8,26.0,11.4,65.1,18.1,loam,15.0,0.68,Landslide
7.075,79.925,2024-10,421.1,95.4,26.2,16.8,12.8,1.0,loam,9.19,0.58,Warning
6.9,80.0,2024-02,37.3,95.3,27.4,14.7,64.3,14.6,loam,11.8,0.52,No Risk
6.9,80.25,2023-08,190.3,93.5,26.1,14.4,113.0,8.2,sandy,15.0,0.78,Warning
6.95,80.375,2024-09,412.8,96.1,23.3,12.3,212.6,38.0,loam,15.0,0.79,Landslide
6.9,80.1,2024-02,38.9,96.4,27.1,12.7,75.8,7.3,loam,15.0,0.54,No Risk
6.925,79.975,2024-07,363.2,96.3,26.7,16.3,9.3,0.8,clay,7.89,0.6,Warning
6.95,80.025,2023-09,568.4,97.8,25.1,16.8,88.4,10.8,loam,8.69,0.68,Warning
6.925,79.85,2023-09,546.9,95.1,26.0,19.5,24.7,3.2,clay,2.29,0.61,Flood
7.125,80.35,2024-07,323.5,94.4,25.2,15.9,158.1,30.1,loam,9.82,0.77,Landslide
6.925,80.25,2025-03,163.9,98.9,25.7,10.7,228.8,33.0,sandy,15.0,0.74,Landslide
6.925,79.85,2023-09,567.4,94.9,26.0,19.4,24.7,3.2,clay,2.29,0.61,Flood
7.125,80.15,2025-04,274.4,97.7,25.9,12.9,153.9,18.9,loam,2.99,0.76,Landslide
6.975,80.1,2023-05,233.9,96.1,26.5,13.2,59.2,7.7,sandy,12.17,0.69,Warning
7.025,79.9,2024-02,43.4,91.8,27.6,17.6,21.7,7.3,loam,6.0,0.47,No Risk
7.05,80.2,2024-02,34.2,93.7,26.0,15.4,99.8,17.4,sandy,5.55,0.5,No Risk
7.025,79.85,2023-05,233.6,95.9,27.4,17.4,24.8,3.0,clay,10.01,0.6,Warning
7.025,80.15,2024-01,200.0,95.7,25.8,11.7,108.4,8.3,loam,10.01,0.76,Warning
7.1,80.05,2024-02,27.6,91.4,28.1,16.6,41.6,6.9,loam,2.22,0.46,No Risk
7.025,79.9,2024-02,43.2,91.6,27.6,17.6,21.7,7.3,loam,6.0,0.47,No Risk
6.975,80.025,2025-04,289.0,98.0,26.4,12.4,70.2,12.1,sandy,6.33,0.72,Warning
7.125,80.375,2024-08,342.0,94.1,24.9,16.8,175.1,24.7,sandy,11.88,0.82,Landslide
7.1,80.175,2023-08,94.1,94.5,26.3,17.6,146.2,35.3,loam,2.78,0.82,Landslide
7.0,79.85,2025-02,47.3,92.0,27.4,15.4,13.7,1.6,loam,7.85,0.46,Warning
6.95,80.15,2023-09,608.4,96.8,25.0,16.9,110.9,14.4,sandy,15.0,0.69,Warning
7.025,80.3,2023-10,687.8,97.6,24.7,12.1,203.1,17.9,loam,13.87,0.8,Landslide
7.05,80.275,2023-03,186.9,96.7,25.5,10.7,201.8,19.8,loam,10.01,0.77,Landslide
6.9,79.975,2023-12,449.5,98.6,25.7,12.9,23.2,3.9,loam,10.01,0.68,Warning
7.125,80.15,2024-02,19.0,91.9,27.3,16.5,153.9,18.9,loam,2.99,0.58,No Risk
7.025,79.875,2024-08,309.0,92.7,26.7,19.6,22.2,5.8,clay,7.89,0.6,Warning
7.0,79.95,2024-09,359.1,96.3,26.6,17.9,31.8,5.9,clay,1.11,0.61,Flood
6.925,79.9,2024-04,181.6,96.0,28.3,14.4,11.6,0.4,clay,2.78,0.58,Flood
7.075,80.075,2024-04,223.9,98.3,28.1,12.4,71.6,10.1,clay,2.83,0.69,Warning
7.075,80.05,2024-01,192.4,94.4,26.1,13.7,38.7,7.9,clay,0.55,0.64,Flood
7.125,80.025,2024-02,29.3,91.1,28.1,17.2,86.7,12.3,loam,5.71,0.53,No Risk
6.975,79.975,2023-04,173.1,97.8,26.9,12.1,17.0,0.8,loam,3.24,0.51,Flood
6.975,80.35,2023-02,114.5,95.3,23.9,9.3,187.8,28.4,loam,15.0,0.81,Landslide
6.975,80.225,2024-12,155.3,97.8,25.3,12.2,118.1,16.4,sandy,14.15,0.81,Landslide
7.0,80.25,2025-05,375.1,98.9,25.6,12.2,127.9,31.1,loam,12.41,0.81,Landslide
7.075,79.95,2023-05,233.4,96.4,27.0,15.1,17.2,0.3,loam,7.55,0.61,Warning
7.1,80.3,2024-11,625.7,98.2,24.0,11.4,227.7,27.9,loam,8.0,0.84,Landslide
7.025,79.925,2024-02,43.5,91.7,27.6,17.6,7.6,1.0,clay,4.77,0.42,No Risk
7.025,80.075,2023-05,234.7,97.2,26.7,13.8,77.9,17.8,loam,6.71,0.67,Landslide
7.0,80.325,2025-04,277.1,98.9,24.6,11.0,237.4,27.0,sandy,15.0,0.81,Landslide
7.025,80.25,2023-08,174.7,93.3,26.0,15.2,95.1,18.9,sandy,10.01,0.72,Landslide
6.925,79.875,2024-06,361.3,93.5,27.1,21.4,16.7,1.3,loam,0.78,0.55,Flood
7.1,79.975,2024-08,263.9,95.8,26.4,17.1,4.1,2.0,clay,7.47,0.59,Warning
6.925,80.025,2023-07,296.9,97.1,26.0,16.8,52.5,3.1,clay,11.02,0.68,Warning
7.125,80.025,2025-02,43.3,95.2,27.0,15.7,86.7,12.3,loam,5.71,0.55,No Risk
7.1,80.275,2024-02,25.2,94.3,27.5,14.2,138.0,32.2,loam,6.0,0.59,No Risk
7.125,80.225,2025-02,42.5,96.6,25.1,13.6,101.5,18.6,clay,0.78,0.59,No Risk
7.05,80.2,2024-02,33.6,93.5,26.0,15.4,99.8,17.4,sandy,5.55,0.5,No Risk
6.925,79.95,2023-03,185.9,98.2,26.2,11.0,7.2,0.3,clay,6.21,0.54,Warning
7.0,79.925,2023-06,370.5,94.9,27.0,19.9,3.0,2.2,clay,2.29,0.54,Flood
7.125,79.925,2024-09,309.9,96.3,26.6,18.2,3.0,1.9,clay,13.44,0.55,Warning
7.15,80.0,2024-01,168.3,94.2,26.1,14.5,84.9,11.8,sandy,9.55,0.76,Warning
7.125,79.925,2023-03,160.5,95.9,26.6,12.5,3.0,1.9,clay,13.44,0.54,Warning
7.075,79.95,2023-12,386.0,97.9,25.8,14.1,17.2,0.3,loam,7.55,0.6,Warning
7.0,80.225,2024-08,391.2,95.2,25.8,15.0,93.3,10.0,sandy,11.44,0.77,Warning
6.9,80.175,2024-02,38.8,96.2,27.1,12.7,105.0,17.4,loam,15.0,0.61,No Risk
6.975,79.975,2023-03,154.8,97.6,26.3,11.5,17.0,0.8,loam,3.24,0.57,Flood
6.9,80.3,2025-04,378.4,99.0,24.5,10.6,186.2,18.2,sandy,15.0,0.75,Landslide
6.95,80.275,2024-02,42.4,94.4,26.6,12.2,186.9,15.9,sandy,15.0,0.68,No Risk
7.075,79.875,2024-02,41.8,91.4,27.7,17.9,9.5,1.1,clay,12.18,0.47,No Risk
7.05,80.225,2024-02,34.9,93.8,27.2,15.4,90.0,17.9,sandy,6.21,0.59,No Risk
6.975,80.375,2025-03,186.2,98.3,21.1,9.0,153.1,24.6,sandy,15.0,0.75,Landslide
7.1,80.075,2024-01,192.4,94.4,26.1,13.7,92.3,13.0,clay,0.55,0.78,Warning
6.925,79.875,2023-08,137.3,92.7,27.0,19.6,16.7,1.3,loam,0.78,0.56,Flood
7.0,80.325,2024-09,377.7,96.0,24.5,13.2,237.4,27.0,sandy,15.0,0.8,Landslide
6.925,80.375,2024-01,345.7,94.6,25.5,9.5,164.7,30.7,loam,15.0,0.77,Landslide
6.925,79.85,2025-01,282.7,94.9,25.6,14.2,24.7,3.2,clay,2.29,0.62,Flood
6.95,79.9,2024-07,314.4,93.5,27.2,19.1,20.5,4.8,loam,0.0,0.62,Flood
6.925,79.85,2023-05,234.0,94.8,27.2,16.7,24.7,3.2,clay,2.29,0.63,Flood
6.925,80.175,2023-10,693.8,97.0,25.1,12.6,65.1,18.1,loam,15.0,0.68,Landslide
6.925,79.925,2025-04,177.0,95.0,27.4,13.3,31.7,5.7,loam,3.92,0.6,Warning
7.05,79.975,2024-11,437.4,99.1,25.4,12.9,7.1,1.2,clay,3.72,0.58,Warning
7.05,79.875,2024-02,42.3,91.2,27.7,17.8,22.2,6.6,clay,9.88,0.45,No Risk
6.975,79.875,2023-09,545.4,95.2,26.0,19.9,28.7,5.1,sandy,3.92,0.56,Warning
7.1,79.875,2024-12,112.9,95.0,26.2,15.2,24.4,3.5,clay,14.57,0.61,Warning
6.9,80.15,2023-04,199.7,97.4,26.5,11.4,132.2,24.6,loam,15.0,0.79,Landslide
6.95,80.05,2023-04,197.0,98.1,26.5,11.0,79.7,18.7,loam,10.23,0.7,Landslide
7.05,80.125,2023-01,139.2,90.5,24.9,15.9,34.8,4.8,clay,7.47,0.58,Warning
7.025,79.95,2024-09,353.0,96.0,26.6,17.7,14.2,1.5,clay,2.99,0.65,Flood
7.05,80.2,2024-05,755.8,97.2,25.4,15.4,99.8,17.4,sandy,5.55,0.73,Landslide
7.075,80.275,2024-12,148.6,97.6,25.0,11.2,201.6,18.5,loam,7.89,0.83,Landslide
6.925,79.9,2023-06,379.3,94.7,27.0,19.5,11.6,0.4,clay,2.78,0.6,Flood
7.0,80.0,2024-11,426.5,98.9,25.4,12.7,74.6,6.2,clay,2.48,0.69,Warning
7.0,80.1,2025-03,173.9,98.4,26.1,12.1,29.7,6.4,loam,10.47,0.62,Warning
6.9,80.325,2023-11,774.5,97.8,24.0,9.8,190.9,31.7,sandy,15.0,0.78,Landslide
6.975,80.175,2025-04,314.4,97.9,25.8,11.7,78.0,16.1,sandy,14.15,0.68,Landslide
7.0,80.1,2024-09,355.8,97.3,25.9,16.4,29.7,6.4,loam,10.47,0.65,Warning
7.025,79.85,2024-02,43.2,91.7,27.7,17.6,24.8,3.0,clay,10.01,0.49,No Risk
7.05,80.325,2024-02,25.5,94.2,26.8,14.3,217.1,18.9,sandy,13.79,0.66,No Risk
7.125,80.175,2023-03,147.9,95.8,26.2,12.9,116.2,10.0,loam,3.92,0.78,Warning
7.0,79.95,2025-05,258.8,96.9,27.2,15.9,31.8,5.9,clay,1.11,0.64,Flood
7.05,79.925,2025-04,221.9,96.0,27.0,14.7,35.5,6.6,clay,6.77,0.62,Warning
6.925,80.2,2023-04,173.9,96.5,26.5,11.0,95.2,12.3,loam,15.0,0.74,Warning
7.05,80.05,2025-04,257.3,98.1,26.5,12.6,22.4,3.7,loam,3.33,0.6,Flood
6.9,80.2,2023-09,737.1,95.9,25.1,15.6,74.7,8.5,sandy,15.0,0.73,Warning
7.05,80.0,2023-09,551.0,96.5,25.6,17.2,74.6,7.6,clay,2.22,0.71,Warning
7.0,80.3,2025-03,168.2,98.9,25.5,10.6,223.5,30.2,loam,15.0,0.79,Landslide
7.125,80.175,2024-03,71.6,93.8,28.1,15.9,116.2,10.0,loam,3.92,0.76,Warning
7.05,79.85,2024-07,271.7,93.5,27.2,20.0,7.3,1.1,clay,11.8,0.56,Warning
7.125,80.35,2023-12,341.0,97.0,24.7,12.7,158.1,30.1,loam,9.82,0.84,Landslide
6.95,80.0,2024-08,369.5,96.2,26.3,16.6,15.8,1.9,clay,7.11,0.55,Warning
6.95,80.2,2025-05,299.0,98.2,26.1,12.9,66.3,6.2,loam,15.0,0.69,Warning
7.0,79.925,2024-11,381.6,96.9,25.7,14.9,3.0,2.2,clay,2.29,0.59,Flood
7.025,79.85,2024-02,43.2,91.8,27.6,17.5,24.8,3.0,clay,10.01,0.49,No Risk
6.975,80.15,2023-10,637.6,97.2,25.2,13.1,94.7,8.2,loam,14.94,0.77,Warning
6.95,80.1,2024-06,403.3,96.8,26.0,17.1,68.6,15.4,clay,14.21,0.7,Landslide
6.95,79.95,2024-09,383.1,96.3,26.5,17.5,10.8,0.5,clay,4.0,0.62,Warning
7.15,80.025,2023-05,231.4,96.8,26.8,14.6,44.0,2.2,loam,8.25,0.65,Warning
7.025,80.225,2025-03,170.4,98.5,25.9,11.5,137.7,19.0,sandy,8.78,0.82,Landslide
6.95,80.225,2023-12,481.4,98.3,25.4,11.4,67.0,14.3,loam,15.0,0.7,Warning
7.125,80.025,2023-01,112.9,90.5,25.1,16.8,86.7,12.3,loam,5.71,0.73,Warning
7.1,79.95,2025-02,36.3,95.6,27.1,14.9,26.6,4.4,sandy,9.55,0.44,Warning
6.95,80.025,2025-05,319.7,98.6,26.5,16.0,88.4,10.8,loam,8.69,0.7,Warning
7.0,79.9,2024-01,121.8,93.6,26.0,15.0,22.7,1.5,clay,4.0,0.63,Warning
7.1,80.175,2025-01,274.9,97.5,24.8,14.8,146.2,35.3,loam,2.78,0.8,Landslide
7.075,80.35,2024-02,27.9,94.5,25.6,12.7,222.8,24.9,loam,13.74,0.57,No Risk
6.95,79.875,2024-05,656.3,95.1,27.7,20.1,39.8,2.5,loam,2.78,0.64,Flood
6.925,80.025,2023-02,124.2,98.1,25.3,12.8,52.5,3.1,clay,11.02,0.6,Warning
6.925,80.275,2024-04,239.7,96.0,27.6,11.6,193.9,32.8,loam,15.0,0.85,Landslide
7.1,80.3,2023-02,112.4,96.0,24.2,12.3,227.7,27.9,loam,8.0,0.77,Landslide
7.15,80.0,2025-02,42.9,95.3,27.0,15.6,84.9,11.8,sandy,9.55,0.54,No Risk
6.9,80.225,2025-05,299.0,98.2,26.1,12.9,111.9,8.1,sandy,15.0,0.79,Warning
6.95,80.25,2024-03,95.3,93.0,27.2,14.6,182.1,27.5,sandy,15.0,0.78,Landslide
7.0,80.15,2024-11,499.0,98.3,25.1,14.1,147.0,20.3,sandy,12.41,0.77,Landslide
7.025,80.35,2025-02,49.7,96.2,24.8,11.6,168.9,24.2,sandy,15.0,0.65,Warning
7.125,80.15,2024-02,19.7,91.9,27.4,16.4,153.9,18.9,loam,2.99,0.58,No Risk
6.925,79.875,2024-12,118.6,94.2,26.6,13.6,16.7,1.3,loam,0.78,0.56,Flood
7.05,79.975,2023-07,254.6,95.5,26.6,18.0,7.1,1.2,clay,3.72,0.57,Warning
7.1,80.325,2024-06,405.7,95.7,25.8,16.6,154.6,24.9,loam,9.82,0.79,Landslide
6.9,80.175,2023-02,114.0,97.6,25.2,11.6,105.0,17.4,loam,15.0,0.79,Landslide
7.1,80.05,2025-04,261.9,98.0,26.6,12.4,41.6,6.9,loam,2.22,0.62,Flood
6.95,79.9,2023-02,67.3,95.1,25.6,15.8,20.5,4.8,loam,0.0,0.48,Warning
6.925,80.35,2023-06,401.0,95.7,24.6,11.3,196.5,16.3,sandy,15.0,0.78,Landslide
7.025,79.95,2023-11,482.4,99.8,25.4,10.2,14.2,1.5,clay,2.99,0.59,Flood
7.0,79.975,2024-08,308.4,96.0,26.4,16.8,9.0,0.5,clay,1.67,0.53,Flood
7.0,79.975,2024-03,136.8,96.7,28.2,14.9,9.0,0.5,clay,1.67,0.62,Flood
6.95,79.9,2024-05,656.3,95.1,27.7,20.1,20.5,4.8,loam,0.0,0.57,Flood
6.95,79.875,2023-10,550.6,96.8,25.6,14.7,39.8,2.5,loam,2.78,0.62,Flood
6.95,80.3,2024-02,42.6,94.3,26.7,12.2,238.9,30.8,sandy,15.0,0.67,No Risk
6.975,79.925,2023-08,110.9,93.0,27.0,19.9,14.6,0.6,clay,0.78,0.58,Flood
6.95,79.9,2024-06,355.6,93.5,27.1,21.2,20.5,4.8,loam,0.0,0.6,Flood
6.975,79.925,2024-06,330.0,93.5,27.0,21.4,14.6,0.6,clay,0.78,0.6,Flood
6.95,80.375,2023-10,742.6,96.9,22.9,11.8,212.6,38.0,loam,15.0,0.84,Landslide
7.1,80.375,2023-02,110.6,96.6,25.0,10.1,126.9,33.0,sandy,13.74,0.85,Landslide
7.025,80.075,2023-04,204.1,98.1,26.8,11.4,77.9,17.8,loam,6.71,0.67,Landslide
7.0,80.125,2025-05,326.0,98.4,26.2,15.3,32.7,2.6,clay,12.17,0.64,Warning
7.125,79.9,2025-02,34.1,91.8,27.3,17.9,29.0,5.3,clay,15.0,0.4,No Risk
6.95,80.175,2024-02,39.4,96.0,27.1,12.7,117.2,19.0,loam,15.0,0.61,No Risk
7.025,80.15,2024-02,42.8,94.5,27.5,14.3,108.4,8.3,loam,10.01,0.64,No Risk
6.925,80.325,2023-01,222.5,94.5,23.0,9.2,210.0,18.2,sandy,15.0,0.81,Landslide
7.0,80.175,2023-11,601.0,98.5,24.4,10.5,74.0,13.3,sandy,11.44,0.73,Warning
6.925,80.05,2025-05,319.7,98.6,26.5,16.0,82.3,7.8,loam,12.47,0.72,Warning
7.05,79.975,2023-09,551.0,96.5,25.6,17.2,7.1,1.2,clay,3.72,0.58,Warning
7.075,79.9,2024-02,42.3,91.2,27.7,17.8,28.5,5.2,clay,10.66,0.46,No Risk
7.1,80.25,2025-02,42.8,96.8,25.8,13.6,182.6,19.8,loam,4.0,0.69,No Risk
7.025,79.925,2024-11,382.9,96.9,25.7,15.2,7.6,1.0,clay,4.77,0.57,Warning
7.0,80.15,2023-04,218.2,97.2,26.6,11.7,147.0,20.3,sandy,12.41,0.79,Landslide
7.0,80.225,2023-05,234.3,95.5,26.4,12.5,93.3,10.0,sandy,11.44,0.74,Warning
6.975,80.2,2024-01,189.7,96.6,25.6,11.1,118.9,8.0,sandy,13.88,0.76,Warning
7.0,80.175,2024-04,200.0,96.4,27.2,12.8,74.0,13.3,sandy,11.44,0.72,Warning
6.975,80.15,2023-01,160.0,92.7,24.7,14.4,94.7,8.2,loam,14.94,0.76,Warning
7.125,79.925,2023-01,122.5,90.8,25.1,16.6,3.0,1.9,clay,13.44,0.55,Warning
7.1,79.975,2024-03,83.2,96.9,28.2,15.1,4.1,2.0,clay,7.47,0.51,Warning
7.0,79.875,2024-03,93.8,95.0,28.0,16.4,36.2,4.8,loam,6.21,0.6,Warning
7.125,80.225,2024-10,454.0,96.0,24.3,13.7,101.5,18.6,clay,0.78,0.69,Landslide
6.925,80.175,2024-04,193.3,96.3,27.9,13.3,65.1,18.1,loam,15.0,0.67,Landslide
7.075,80.3,2025-02,60.2,97.2,25.8,12.7,99.1,6.7,loam,9.88,0.62,Warning
7.05,79.9,2024-02,42.6,91.3,27.6,17.7,18.4,1.2,clay,8.45,0.42,No Risk
7.1,80.0,2024-03,83.2,96.9,28.2,15.1,72.7,8.6,loam,5.98,0.68,Warning
7.075,80.1,2025-03,178.8,97.8,26.2,12.1,32.2,3.5,clay,3.55,0.62,Warning
7.075,80.225,2025-05,303.7,98.0,25.1,13.5,87.8,9.6,sandy,3.92,0.72,Warning
6.95,80.25,2024-04,239.7,96.0,27.0,11.6,182.1,27.5,sandy,15.0,0.82,Landslide
7.0,80.325,2025-05,347.8,98.9,24.7,11.9,237.4,27.0,sandy,15.0,0.81,Landslide
6.9,80.025,2025-05,319.7,98.6,26.5,16.0,77.1,15.8,sandy,13.24,0.67,Landslide
7.15,80.0,2024-04,210.0,98.4,28.1,12.8,84.9,11.8,sandy,9.55,0.71,Warning
7.0,80.3,2023-07,401.1,94.6,25.5,14.0,223.5,30.2,loam,15.0,0.81,Landslide
7.125,80.05,2023-10,597.0,98.2,25.3,12.8,50.3,6.3,loam,4.33,0.61,Warning
7.05,80.1,2024-02,26.5,91.3,27.7,16.2,43.6,5.2,clay,5.98,0.44,No Risk
6.975,80.075,2024-02,36.5,93.8,27.7,15.0,57.2,4.9,clay,10.32,0.53,No Risk
6.9,80.2,2024-02,39.3,96.2,27.1,12.7,74.7,8.5,sandy,15.0,0.57,No Risk
7.125,80.125,2025-02,35.6,95.1,26.5,15.7,79.8,17.8,sandy,1.76,0.56,No Risk
6.975,80.175,2025-03,170.4,98.5,25.9,11.5,78.0,16.1,sandy,14.15,0.73,Landslide
6.925,79.85,2024-06,354.5,93.5,26.9,21.2,24.7,3.2,clay,2.29,0.58,Flood
6.95,80.05,2023-08,160.2,96.9,26.4,17.2,79.7,18.7,loam,10.23,0.69,Landslide
6.9,80.025,2024-02,38.5,96.1,27.3,13.1,77.1,15.8,sandy,13.24,0.6,No Risk
7.125,80.225,2024-02,22.2,92.4,26.1,15.9,101.5,18.6,clay,0.78,0.63,No Risk
6.975,80.15,2023-02,120.6,97.0,25.4,12.3,94.7,8.2,loam,14.94,0.78,Warning
7.075,80.325,2024-02,27.5,94.5,25.7,12.9,99.7,18.4,sandy,11.88,0.53,No Risk
7.125,79.85,2023-02,96.0,94.3,25.7,16.7,6.1,0.5,clay,15.0,0.51,Warning
6.925,79.9,2025-05,276.4,94.1,27.7,18.1,11.6,0.4,clay,2.78,0.54,Flood
6.925,80.05,2024-12,199.0,98.2,25.6,12.5,82.3,7.8,loam,12.47,0.67,Warning
6.9,80.3,2024-02,42.8,94.1,25.7,12.0,186.2,18.2,sandy,15.0,0.59,No Risk
6.95,80.325,2024-12,177.7,98.1,24.7,11.0,174.0,30.3,sandy,15.0,0.83,Landslide
7.075,79.85,2023-01,101.0,90.3,25.2,18.3,25.8,2.4,loam,13.79,0.63,Warning
7.05,79.9,2024-08,275.8,92.6,26.7,20.0,18.4,1.2,clay,8.45,0.57,Warning
6.9,80.125,2023-06,341.0,97.5,25.8,14.8,76.5,15.5,sandy,15.0,0.71,Landslide
6.925,80.325,2025-03,204.4,98.3,24.4,9.8,210.0,18.2,sandy,15.0,0.78,Landslide
6.95,80.3,2024-02,42.0,94.4,26.6,12.2,238.9,30.8,sandy,15.0,0.67,No Risk
6.9,79.85,2024-01,139.0,94.3,26.0,14.3,8.8,0.6,clay,3.14,0.54,Flood
7.1,80.025,2023-04,195.4,97.9,27.0,12.1,59.1,4.2,loam,3.55,0.64,Warning
6.925,80.25,2025-04,378.4,99.1,25.5,10.6,228.8,33.0,sandy,15.0,0.83,Landslide
7.125,80.05,2024-02,29.1,91.2,28.1,17.1,50.3,6.3,loam,4.33,0.47,No Risk
7.0,80.0,2024-02,31.9,93.4,27.8,15.6,74.6,6.2,clay,2.48,0.54,No Risk
7.025,80.15,2024-02,42.8,94.5,27.6,14.3,108.4,8.3,loam,10.01,0.64,No Risk
7.0,79.95,2023-03,166.0,97.7,26.3,11.5,31.8,5.9,clay,1.11,0.57,Flood
6.9,80.025,2023-06,360.3,98.4,25.9,15.7,77.1,15.8,sandy,13.24,0.68,Landslide
7.0,80.05,2023-12,447.4,98.2,25.7,12.8,33.9,6.9,sandy,6.47,0.6,Warning
7.0,80.1,2025-02,45.7,96.4,26.3,14.2,29.7,6.4,loam,10.47,0.52,Warning
6.925,79.975,2024-04,224.9,98.5,27.9,12.7,9.3,0.8,clay,7.89,0.64,Warning
7.125,80.175,2025-02,42.3,96.0,26.0,14.6,116.2,10.0,loam,3.92,0.59,No Risk
6.925,79.925,2023-10,564.4,96.6,25.6,14.8,31.7,5.7,loam,3.92,0.59,Warning
7.125,79.975,2023-02,112.1,94.2,25.8,14.0,15.6,2.2,loam,9.71,0.6,Warning
7.025,79.95,2023-12,415.3,98.2,25.8,13.5,14.2,1.5,clay,2.99,0.56,Flood
6.925,80.3,2024-03,95.3,93.0,27.9,14.6,197.1,18.5,loam,15.0,0.74,Landslide
7.05,80.3,2024-12,148.6,97.6,25.0,11.2,128.7,31.4,loam,11.8,0.8,Landslide
7.075,80.325,2023-11,776.4,98.5,24.0,9.8,99.7,18.4,sandy,11.88,0.77,Landslide
6.95,80.325,2023-05,302.9,94.6,25.8,11.8,174.0,30.3,sandy,15.0,0.79,Landslide
6.975,79.95,2023-01,104.8,91.5,25.2,15.1,19.8,1.1,clay,2.29,0.57,Flood
7.1,80.275,2024-12,148.6,97.7,25.7,11.2,138.0,32.2,loam,6.0,0.74,Landslide
6.9,79.85,2023-04,130.3,95.3,27.4,13.6,8.8,0.6,clay,3.14,0.58,Flood
7.025,80.375,2023-01,193.5,94.0,23.0,9.9,119.5,13.0,loam,15.0,0.74,Warning
6.9,80.0,2025-01,322.1,97.8,25.3,12.1,64.3,14.6,loam,11.8,0.69,Warning
7.125,80.075,2025-02,36.3,95.1,26.6,15.7,72.3,12.6,loam,2.83,0.46,No Risk
7.075,80.2,2024-08,344.1,95.2,25.7,15.7,99.7,13.8,loam,2.77,0.72,Warning
6.925,80.225,2025-01,290.5,99.0,24.8,9.7,132.0,36.4,loam,15.0,0.81,Landslide
6.9,80.3,2025-03,163.9,98.9,24.7,10.7,186.2,18.2,sandy,15.0,0.78,Landslide
6.975,79.85,2024-02,43.5,92.0,27.7,17.7,9.5,0.5,clay,6.21,0.38,No Risk
7.025,80.35,2024-01,291.5,95.1,24.3,8.8,168.9,24.2,sandy,15.0,0.83,Landslide
7.125,80.375,2025-02,27.7,96.7,25.4,13.1,175.1,24.7,sandy,11.88,0.64,No Risk
6.9,79.85,2024-01,145.2,94.3,26.0,13.9,8.8,0.6,clay,3.14,0.54,Flood
6.9,79.875,2023-03,151.3,95.9,26.4,13.0,17.2,0.3,clay,2.29,0.61,Flood
6.975,80.175,2024-12,155.3,97.8,25.3,12.2,78.0,16.1,sandy,14.15,0.63,Landslide
6.9,80.275,2024-02,42.9,94.3,26.7,12.0,132.8,33.3,sandy,15.0,0.59,No Risk
7.125,80.0,2023-12,396.8,97.1,25.8,14.6,61.0,15.4,loam,7.47,0.64,Landslide
7.125,80.275,2024-01,182.0,95.5,25.3,12.6,199.1,34.9,sandy,4.23,0.78,Landslide
7.125,80.05,2024-02,29.5,91.3,28.2,17.0,50.3,6.3,loam,4.33,0.47,No Risk
7.15,79.9,2024-02,26.4,90.4,27.8,18.1,7.8,0.8,clay,15.0,0.41,No Risk
6.95,79.875,2023-08,138.9,92.7,27.1,20.0,39.8,2.5,loam,2.78,0.65,Flood
6.975,79.975,2023-10,633.0,98.3,25.4,13.0,17.0,0.8,loam,3.24,0.6,Flood
6.9,80.375,2023-08,188.7,93.9,24.9,13.8,172.8,22.7,sandy,15.0,0.81,Landslide
6.925,80.25,2024-05,858.9,96.7,26.5,13.5,228.8,33.0,sandy,15.0,0.78,Landslide
6.925,80.1,2023-10,624.0,97.0,25.1,13.2,54.2,8.0,loam,15.0,0.66,Warning
7.1,80.35,2023-01,98.9,92.4,24.6,13.3,104.3,12.9,sandy,12.01,0.79,Warning
7.0,79.85,2024-09,304.0,93.0,27.1,20.5,13.7,1.6,loam,7.85,0.64,Warning
6.9,80.375,2024-02,61.8,92.0,25.2,10.8,172.8,22.7,sandy,15.0,0.71,Landslide
6.95,79.875,2023-08,144.8,92.8,27.0,19.7,39.8,2.5,loam,2.78,0.65,Flood
7.025,79.95,2023-10,631.5,98.3,25.4,12.9,14.2,1.5,clay,2.99,0.59,Flood
7.025,80.175,2023-04,163.6,96.7,26.5,11.1,132.6,16.4,loam,8.78,0.84,Landslide
7.05,80.25,2024-12,148.6,97.7,25.7,11.2,124.2,29.2,loam,7.85,0.82,Landslide
6.95,79.875,2024-04,159.4,95.9,28.1,14.5,39.8,2.5,loam,2.78,0.64,Flood
7.05,80.125,2024-12,142.8,97.5,25.4,13.1,34.8,4.8,clay,7.47,0.62,Warning
7.0,79.95,2024-08,310.7,95.9,26.5,17.1,31.8,5.9,clay,1.11,0.57,Flood
6.9,80.075,2024-02,38.8,96.0,27.3,13.1,48.0,3.8,clay,15.0,0.48,No Risk
7.05,79.9,2025-01,269.5,94.8,25.5,16.5,18.4,1.2,clay,8.45,0.57,Warning
6.975,80.075,2025-03,198.0,98.2,26.4,11.3,57.2,4.9,clay,10.32,0.7,Warning
6.925,80.3,2023-01,187.1,96.1,24.0,10.5,197.1,18.5,loam,15.0,0.76,Landslide
7.075,80.125,2024-06,393.4,96.6,26.1,17.0,86.3,10.8,sandy,5.27,0.75,Warning
6.95,79.9,2023-12,417.6,96.4,25.9,14.8,20.5,4.8,loam,0.0,0.63,Flood
7.15,79.9,2024-02,26.6,90.4,27.8,18.0,7.8,0.8,clay,15.0,0.41,No Risk
7.1,80.075,2024-02,27.6,91.4,28.1,16.6,92.3,13.0,clay,0.55,0.58,No Risk
7.125,79.975,2024-02,23.8,92.3,28.0,16.4,15.6,2.2,loam,9.71,0.41,Warning
6.9,80.25,2024-03,95.3,93.0,27.9,14.6,113.0,8.2,sandy,15.0,0.82,Warning
6.95,79.9,2024-07,316.0,93.6,27.2,19.0,20.5,4.8,loam,0.0,0.62,Flood
7.15,79.875,2024-07,257.9,93.1,27.1,20.2,5.4,2.0,loam,15.0,0.59,Warning
7.075,80.2,2025-03,205.9,97.8,25.9,11.6,99.7,13.8,loam,2.77,0.73,Warning
7.0,79.925,2023-09,545.4,95.2,26.0,19.9,3.0,2.2,clay,2.29,0.58,Flood
7.025,80.0,2024-02,32.5,93.5,27.7,15.6,75.1,17.7,clay,1.24,0.56,No Risk
7.15,79.85,2023-10,431.7,96.5,25.6,14.7,3.2,1.5,clay,15.0,0.54,Warning
7.1,80.1,2024-02,25.4,90.9,27.8,17.2,75.3,10.7,loam,2.22,0.5,No Risk
7.05,80.325,2025-05,303.7,98.0,25.6,13.5,217.1,18.9,sandy,13.79,0.8,Landslide
6.9,80.125,2024-02,39.1,96.5,27.1,12.9,76.5,15.5,sandy,15.0,0.62,No Risk
6.925,80.175,2024-07,353.9,96.5,26.1,14.3,65.1,18.1,loam,15.0,0.64,Landslide
7.15,79.85,2023-12,312.3,95.5,26.0,16.8,3.2,1.5,clay,15.0,0.55,Warning
7.05,80.25,2023-11,614.2,98.9,25.4,10.5,124.2,29.2,loam,7.85,0.78,Landslide
7.0,79.875,2024-06,326.9,93.5,27.0,21.4,36.2,4.8,loam,6.21,0.61,Warning
7.125,80.225,2024-03,91.3,94.5,27.0,15.7,101.5,18.6,clay,0.78,0.7,Landslide
6.975,80.1,2024-02,42.6,94.3,27.6,14.1,59.2,7.7,sandy,12.17,0.53,No Risk
7.025,80.175,2023-07,344.0,95.8,25.7,15.3,132.6,16.4,loam,8.78,0.78,Landslide
7.05,80.05,2025-05,299.7,97.6,26.8,15.7,22.4,3.7,loam,3.33,0.57,Flood
6.975,79.925,2023-07,213.7,92.7,26.9,21.3,14.6,0.6,clay,0.78,0.6,Flood
7.125,80.15,2024-02,19.0,92.0,27.4,16.3,153.9,18.9,loam,2.99,0.58,No Risk
7.075,80.375,2024-11,606.1,98.6,21.9,9.6,115.1,6.0,sandy,15.0,0.8,Warning
6.95,79.975,2023-05,276.4,96.9,26.8,14.6,33.0,1.8,clay,5.79,0.64,Warning
7.0,80.225,2023-11,601.0,98.6,25.1,10.5,93.3,10.0,sandy,11.44,0.76,Warning
6.95,80.35,2024-04,341.0,95.2,26.3,9.5,144.3,16.2,loam,15.0,0.74,Landslide
6.9,80.25,2024-05,858.9,96.7,26.5,13.5,113.0,8.2,sandy,15.0,0.8,Warning
7.025,79.9,2024-02,43.1,91.8,27.6,17.7,21.7,7.3,loam,6.0,0.47,No Risk
7.0,80.125,2024-06,417.7,96.6,26.1,16.7,32.7,2.6,clay,12.17,0.6,Warning
7.125,80.125,2024-09,284.1,97.4,25.8,17.6,79.8,17.8,sandy,1.76,0.72,Landslide
6.9,80.3,2023-06,463.6,94.8,24.7,12.1,186.2,18.2,sandy,15.0,0.83,Landslide
6.925,79.9,2025-03,124.6,94.8,27.3,11.6,11.6,0.4,clay,2.78,0.59,Flood
7.05,80.05,2024-09,348.6,97.3,26.3,17.2,22.4,3.7,loam,3.33,0.6,Flood
7.025,80.275,2025-04,365.3,98.9,25.4,11.2,190.6,30.0,sandy,11.77,0.78,Landslide
6.9,80.025,2024-06,391.0,97.2,26.3,17.3,77.1,15.8,sandy,13.24,0.77,Landslide
7.125,79.9,2025-02,34.5,91.7,27.3,17.8,29.0,5.3,clay,15.0,0.4,No Risk
7.1,80.025,2025-02,43.4,95.4,27.0,15.5,59.1,4.2,loam,3.55,0.49,No Risk
6.9,80.125,2025-02,74.5,97.5,26.1,13.4,76.5,15.5,sandy,15.0,0.65,Warning
7.025,80.15,2024-02,42.8,94.4,27.5,14.3,108.4,8.3,loam,10.01,0.64,No Risk
7.025,79.9,2023-10,504.7,96.8,25.6,15.1,21.7,7.3,loam,6.0,0.56,Warning
7.075,80.3,2024-07,397.7,95.1,25.7,14.2,99.1,6.7,loam,9.88,0.76,Warning
7.1,80.05,2024-07,332.5,96.9,26.5,16.0,41.6,6.9,loam,2.22,0.62,Flood
7.1,80.0,2023-04,177.6,97.8,27.0,12.4,72.7,8.6,loam,5.98,0.7,Warning
7.125,80.025,2024-08,276.9,96.2,26.1,16.7,86.7,12.3,loam,5.71,0.68,Warning
7.025,79.95,2023-01,117.6,91.5,25.2,15.3,14.2,1.5,clay,2.99,0.61,Flood
7.125,80.1,2025-01,263.6,97.1,25.1,16.4,39.1,1.8,loam,1.24,0.6,Flood
7.1,79.925,2024-09,309.9,96.3,26.6,18.2,4.3,0.6,clay,11.44,0.55,Warning
6.975,80.25,2024-02,46.5,94.6,26.7,12.3,209.1,35.5,loam,14.94,0.63,Warning
7.025,80.0,2024-02,32.2,93.4,27.8,15.5,75.1,17.7,clay,1.24,0.56,No Risk
7.1,80.225,2024-02,33.8,93.7,27.3,15.5,125.1,18.9,loam,2.77,0.68,No Risk
6.975,79.9,2023-12,362.7,96.3,25.9,15.5,18.4,0.3,clay,2.77,0.58,Flood
6.925,79.85,2023-05,233.9,94.7,27.2,17.0,24.7,3.2,clay,2.29,0.63,Flood
6.95,80.075,2024-06,391.0,97.2,26.3,17.3,54.5,2.1,loam,12.22,0.65,Warning
7.075,80.025,2024-02,26.7,91.5,28.1,16.5,86.0,16.6,loam,2.83,0.52,No Risk
7.025,80.1,2023-01,160.0,92.7,24.7,14.4,79.7,8.2,loam,8.25,0.75,Warning
7.05,80.375,2025-02,44.6,98.9,20.6,11.0,212.7,17.2,sandy,15.0,0.69,No Risk
7.1,80.15,2024-10,438.3,96.9,25.5,13.5,109.5,13.6,sandy,4.96,0.73,Warning
7.0,80.225,2025-01,339.0,98.4,24.9,10.6,93.3,10.0,sandy,11.44,0.71,Warning
7.0,80.125,2023-11,597.3,98.5,25.2,10.2,32.7,2.6,clay,12.17,0.57,Warning
6.95,80.175,2025-01,290.5,99.0,24.8,9.7,117.2,19.0,loam,15.0,0.73,Landslide
7.075,79.9,2023-10,478.9,96.7,25.6,14.9,28.5,5.2,clay,10.66,0.57,Warning
7.025,80.075,2024-03,121.6,96.0,28.2,15.4,77.9,17.8,loam,6.71,0.7,Landslide
6.925,80.075,2023-03,182.7,98.6,25.9,9.9,23.4,3.6,clay,14.15,0.62,Warning
7.125,80.175,2024-11,565.6,98.7,24.8,12.7,116.2,10.0,loam,3.92,0.79,Warning
6.975,80.175,2023-06,342.8,95.8,25.9,13.3,78.0,16.1,sandy,14.15,0.67,Landslide
7.05,80.275,2025-04,300.0,98.5,25.4,11.9,201.8,19.8,loam,10.01,0.84,Landslide
6.9,80.1,2023-07,364.4,97.5,25.7,16.7,75.8,7.3,loam,15.0,0.74,Warning
7.05,79.9,2024-02,42.7,91.0,27.7,17.8,18.4,1.2,clay,8.45,0.42,No Risk
6.9,79.875,2025-05,274.2,94.1,27.8,18.1,17.2,0.3,clay,2.29,0.61,Flood
6.95,79.9,2023-10,572.9,96.8,25.6,14.8,20.5,4.8,loam,0.0,0.56,Flood
6.925,79.85,2023-03,147.8,95.8,26.3,13.1,24.7,3.2,clay,2.29,0.6,Flood
7.125,80.375,2024-02,27.4,91.7,26.3,15.9,175.1,24.7,sandy,11.88,0.58,No Risk
7.125,79.85,2023-08,105.1,92.4,27.0,19.9,6.1,0.5,clay,15.0,0.56,Warning
7.0,79.95,2023-09,576.6,96.6,25.6,16.9,31.8,5.9,clay,1.11,0.55,Flood
6.975,79.925,2024-07,307.6,93.5,27.1,19.5,14.6,0.6,clay,0.78,0.57,Flood
6.925,79.875,2025-04,183.0,95.0,27.4,13.3,16.7,1.3,loam,0.78,0.66,Flood
7.0,80.2,2025-01,339.0,98.4,24.9,10.6,62.8,13.7,sandy,11.1,0.64,Warning
7.15,80.025,2024-03,102.7,95.3,28.4,16.2,44.0,2.2,loam,8.25,0.64,Warning
6.9,80.1,2023-06,341.0,97.5,25.8,14.8,75.8,7.3,loam,15.0,0.69,Warning
7.0,79.85,2025-05,278.6,94.1,27.9,19.2,13.7,1.6,loam,7.85,0.5,Warning
7.1,80.2,2024-08,344.1,95.2,25.7,15.7,88.8,13.2,loam,0.0,0.71,Warning
7.025,80.225,2025-05,309.7,98.0,26.1,13.4,137.7,19.0,sandy,8.78,0.77,Landslide
6.925,79.85,2023-11,488.6,97.5,25.5,12.0,24.7,3.2,clay,2.29,0.57,Flood
6.95,79.925,2023-08,149.6,92.8,27.0,19.7,29.7,6.4,clay,2.77,0.57,Flood
6.95,80.05,2024-02,38.5,96.1,27.4,13.0,79.7,18.7,loam,10.23,0.57,No Risk
7.125,80.075,2024-08,279.8,95.8,25.8,17.1,72.3,12.6,loam,2.83,0.72,Warning
7.05,80.375,2023-03,176.6,97.2,20.5,8.5,212.7,17.2,sandy,15.0,0.79,Landslide
7.125,80.35,2023-01,98.9,92.4,23.5,13.3,158.1,30.1,loam,9.82,0.83,Landslide
7.05,80.375,2025-04,232.5,98.5,20.8,10.4,212.7,17.2,sandy,15.0,0.79,Landslide
7.025,80.325,2024-03,86.9,93.5,27.5,14.1,167.2,17.8,sandy,15.0,0.73,Landslide
6.925,79.875,2024-03,79.9,94.9,28.1,16.7,16.7,1.3,loam,0.78,0.49,Warning
6.9,80.2,2025-05,299.0,98.2,26.1,12.9,74.7,8.5,sandy,15.0,0.68,Warning
7.075,80.15,2023-12,434.2,97.2,25.5,13.6,81.5,10.9,loam,6.21,0.73,Warning
7.125,80.35,2025-02,27.5,96.6,25.4,12.9,158.1,30.1,loam,9.82,0.62,No Risk
6.95,80.025,2023-11,584.2,99.3,25.2,10.6,88.4,10.8,loam,8.69,0.72,Warning
6.925,80.0,2023-01,120.8,93.3,25.0,14.3,60.1,18.3,loam,9.44,0.68,Landslide
6.95,80.35,2025-03,204.4,98.3,24.4,9.8,144.3,16.2,loam,15.0,0.81,Landslide
7.075,80.1,2024-02,26.5,91.5,27.8,16.3,32.2,3.5,clay,3.55,0.41,No Risk
7.05,80.2,2023-02,99.6,96.4,24.1,12.1,99.8,17.4,sandy,5.55,0.73,Landslide
7.025,79.95,2025-04,226.5,97.7,26.9,12.3,14.2,1.5,clay,2.99,0.57,Flood
6.975,79.85,2025-03,137.8,95.4,27.3,12.0,9.5,0.5,clay,6.21,0.54,Warning
7.025,80.075,2023-07,281.7,96.5,26.2,16.6,77.9,17.8,loam,6.71,0.69,Landslide
7.05,79.85,2024-05,599.9,95.1,27.8,19.8,7.3,1.1,clay,11.8,0.55,Warning
6.95,80.125,2024-06,403.3,96.8,26.0,17.1,28.9,5.4,clay,15.0,0.62,Warning
6.925,80.3,2024-10,612.3,95.4,25.3,11.8,197.1,18.5,loam,15.0,0.81,Landslide
6.95,79.925,2024-01,138.1,94.3,26.0,14.2,29.7,6.4,clay,2.77,0.69,Flood
7.025,79.975,2024-08,315.5,96.0,26.4,16.8,18.0,0.9,loam,1.76,0.55,Flood
7.125,80.05,2023-09,544.0,97.4,25.3,17.5,50.3,6.3,loam,4.33,0.6,Warning
6.9,80.375,2024-06,410.8,96.4,24.8,14.3,172.8,22.7,sandy,15.0,0.79,Landslide
7.025,80.125,2023-11,597.3,98.5,25.2,10.2,60.4,12.0,clay,9.71,0.67,Warning
6.95,80.175,2024-05,800.1,96.8,26.8,14.9,117.2,19.0,loam,15.0,0.78,Landslide
6.975,80.0,2025-01,343.7,97.1,25.4,13.1,74.9,18.6,loam,5.12,0.69,Landslide
6.925,79.85,2023-07,252.8,92.9,26.9,21.1,24.7,3.2,clay,2.29,0.64,Flood
7.0,80.225,2023-09,667.4,96.1,25.0,16.0,93.3,10.0,sandy,11.44,0.74,Warning
7.1,80.025,2025-02,42.8,95.3,27.1,15.6,59.1,4.2,loam,3.55,0.49,No Risk
6.975,79.975,2024-08,309.0,96.1,26.4,16.7,17.0,0.8,loam,3.24,0.55,Flood
6.9,79.9,2025-03,124.6,94.8,27.3,11.6,18.9,1.4,clay,4.0,0.55,Warning
6.925,80.2,2024-02,38.7,96.0,27.0,12.7,95.2,12.3,loam,15.0,0.58,No Risk
6.975,79.9,2025-04,165.2,95.4,27.4,14.2,18.4,0.3,clay,2.77,0.59,Flood
6.975,80.15,2024-10,476.9,96.7,25.6,13.5,94.7,8.2,loam,14.94,0.75,Warning
7.0,80.125,2024-05,821.3,97.1,26.8,15.8,32.7,2.6,clay,12.17,0.63,Warning
7.025,79.95,2023-11,479.3,99.6,25.4,10.2,14.2,1.5,clay,2.99,0.59,Flood
7.125,80.0,2024-10,384.5,97.3,25.7,13.5,61.0,15.4,loam,7.47,0.64,Landslide
6.9,80.2,2024-01,185.4,96.9,25.6,10.1,74.7,8.5,sandy,15.0,0.77,Warning
6.95,80.325,2024-02,42.5,94.2,26.2,12.2,174.0,30.3,sandy,15.0,0.57,No Risk
7.05,80.375,2024-05,618.0,98.2,21.7,13.3,212.7,17.2,sandy,15.0,0.79,Landslide
7.0,79.975,2024-01,182.1,95.6,26.0,12.7,9.0,0.5,clay,1.67,0.51,Flood
6.975,80.225,2023-09,667.4,96.1,25.0,16.0,118.1,16.4,sandy,14.15,0.77,Landslide
7.15,79.95,2023-09,519.4,96.6,25.6,17.5,35.5,5.1,loam,13.55,0.65,Warning
6.95,79.925,2023-04,138.2,95.4,27.3,13.7,29.7,6.4,clay,2.77,0.66,Flood
6.9,80.1,2023-04,199.7,97.4,26.5,11.4,75.8,7.3,loam,15.0,0.7,Warning
6.95,79.925,2023-11,479.8,97.6,25.5,12.0,29.7,6.4,clay,2.77,0.65,Flood
7.1,80.175,2025-02,41.6,95.9,26.2,14.5,146.2,35.3,loam,2.78,0.65,No Risk
6.95,80.025,2025-04,295.1,98.6,26.1,12.6,88.4,10.8,loam,8.69,0.74,Warning
7.1,80.225,2024-02,34.5,93.8,27.3,15.5,125.1,18.9,loam,2.77,0.68,No Risk
7.125,80.375,2023-07,286.6,93.2,24.9,16.1,175.1,24.7,sandy,11.88,0.83,Landslide
6.95,80.15,2023-11,568.2,98.5,25.1,10.6,110.9,14.4,sandy,15.0,0.84,Warning
7.15,80.025,2025-02,43.3,95.3,27.0,15.5,44.0,2.2,loam,8.25,0.48,No Risk
6.925,79.9,2025-03,120.8,94.7,27.2,11.8,11.6,0.4,clay,2.78,0.59,Flood
7.1,80.3,2024-10,365.7,96.1,24.5,13.8,227.7,27.9,loam,8.0,0.74,Landslide
7.025,80.3,2023-04,195.6,96.3,26.1,10.7,203.1,17.9,loam,13.87,0.8,Landslide
6.975,79.925,2024-07,307.9,93.3,27.1,19.6,14.6,0.6,clay,0.78,0.57,Flood
6.95,80.075,2025-03,212.2,98.7,26.1,11.2,54.5,2.1,loam,12.22,0.62,Warning
7.075,80.2,2024-07,331.9,96.0,26.0,15.4,99.7,13.8,loam,2.77,0.76,Warning
7.125,80.35,2024-02,26.8,91.7,26.3,15.9,158.1,30.1,loam,9.82,0.6,No Risk
7.1,79.85,2024-04,187.8,95.8,28.1,14.2,19.7,1.6,clay,15.0,0.64,Warning
6.975,79.9,2023-08,131.6,92.9,27.0,19.9,18.4,0.3,clay,2.77,0.61,Flood
6.95,80.35,2025-04,349.6,98.9,24.5,10.8,144.3,16.2,loam,15.0,0.78,Landslide
6.9,80.225,2023-04,173.9,96.5,26.5,11.0,111.9,8.1,sandy,15.0,0.85,Warning
7.05,79.9,2023-02,60.6,93.6,25.7,16.3,18.4,1.2,clay,8.45,0.5,Warning
7.025,80.275,2024-04,203.0,96.8,27.5,11.1,190.6,30.0,sandy,11.77,0.8,Landslide
7.075,80.2,2025-02,32.6,96.6,26.1,14.2,99.7,13.8,loam,2.77,0.62,No Risk
7.05,80.0,2025-05,288.8,97.0,27.3,16.7,74.6,7.6,clay,2.22,0.71,Warning
7.0,80.2,2025-05,309.7,98.0,26.1,13.4,62.8,13.7,sandy,11.1,0.58,Warning
6.925,79.9,2024-09,309.0,92.8,27.0,20.0,11.6,0.4,clay,2.78,0.58,Flood
7.1,80.375,2024-02,28.2,94.5,26.7,12.9,126.9,33.0,sandy,13.74,0.62,No Risk
6.975,80.15,2024-07,306.0,97.0,26.2,15.8,94.7,8.2,loam,14.94,0.72,Warning
7.025,80.15,2023-06,329.5,97.1,25.9,14.6,108.4,8.3,loam,10.01,0.82,Warning
6.925,79.875,2024-09,305.6,92.9,27.0,20.2,16.7,1.3,loam,0.78,0.66,Flood
7.075,80.0,2024-05,637.4,97.3,27.4,16.3,89.4,13.9,loam,3.55,0.73,Warning
6.9,80.15,2025-02,74.5,97.5,26.1,13.4,132.2,24.6,loam,15.0,0.75,Landslide
6.95,80.1,2024-02,39.4,96.4,27.0,12.8,68.6,15.4,clay,14.21,0.55,No Risk
6.975,80.15,2024-02,42.3,94.3,27.5,14.2,94.7,8.2,loam,14.94,0.61,No Risk
7.0,79.875,2023-05,233.6,95.9,27.3,17.4,36.2,4.8,loam,6.21,0.65,Warning
6.95,79.875,2025-04,177.0,95.0,27.4,13.3,39.8,2.5,loam,2.78,0.63,Flood
7.1,80.375,2024-12,163.1,98.1,25.1,10.5,126.9,33.0,sandy,13.74,0.82,Landslide
7.15,79.85,2024-12,112.9,95.0,26.2,15.2,3.2,1.5,clay,15.0,0.59,Warning
7.1,80.05,2023-06,329.2,97.5,26.3,16.2,41.6,6.9,loam,2.22,0.64,Flood
6.95,80.275,2024-04,239.7,96.0,27.6,11.6,186.9,15.9,sandy,15.0,0.81,Landslide
7.1,80.325,2023-11,614.2,98.9,24.9,10.5,154.6,24.9,loam,9.82,0.8,Landslide
7.05,80.375,2024-02,37.0,96.0,21.4,11.2,212.7,17.2,sandy,15.0,0.6,No Risk
7.05,79.875,2023-05,224.2,95.1,27.3,17.6,22.2,6.6,clay,9.88,0.62,Warning
7.025,80.175,2023-11,601.0,98.6,25.1,10.5,132.6,16.4,loam,8.78,0.77,Landslide
7.125,80.35,2023-09,410.3,95.8,24.1,18.6,158.1,30.1,loam,9.82,0.81,Landslide
7.0,80.35,2023-02,114.5,95.4,24.9,9.3,193.9,27.8,loam,15.0,0.8,Landslide
7.0,80.1,2024-07,306.0,97.0,26.2,15.8,29.7,6.4,loam,10.47,0.59,Warning
7.1,79.925,2023-07,244.2,95.2,26.6,18.2,4.3,0.6,clay,11.44,0.56,Warning
7.025,79.875,2025-02,47.3,92.0,27.4,15.4,22.2,5.8,clay,7.89,0.46,Warning
7.0,80.125,2025-03,173.9,98.4,26.1,12.1,32.7,2.6,clay,12.17,0.63,Warning
6.9,80.15,2024-07,303.0,97.5,26.1,15.9,132.2,24.6,loam,15.0,0.82,Landslide
7.125,80.05,2024-02,29.8,91.2,28.1,17.1,50.3,6.3,loam,4.33,0.47,No Risk
7.125,80.375,2025-02,27.3,96.4,25.4,13.2,175.1,24.7,sandy,11.88,0.64,No Risk
7.025,80.125,2024-02,42.4,94.3,27.5,14.2,60.4,12.0,clay,9.71,0.49,No Risk
7.025,79.975,2023-03,154.8,97.6,26.3,11.5,18.0,0.9,loam,1.76,0.6,Flood
7.0,79.925,2024-03,93.8,95.0,28.0,16.4,3.0,2.2,clay,2.29,0.55,Flood
7.1,80.125,2025-01,281.8,97.5,25.1,14.9,71.0,11.4,loam,2.78,0.7,Warning
7.1,80.3,2025-05,247.2,97.4,25.1,14.6,227.7,27.9,loam,8.0,0.79,Landslide
6.95,80.075,2023-05,272.0,97.6,26.4,13.6,54.5,2.1,loam,12.22,0.6,Warning
7.05,80.05,2025-05,292.4,97.7,26.8,15.9,22.4,3.7,loam,3.33,0.57,Flood
7.075,80.225,2024-02,25.5,94.6,26.2,14.3,87.8,9.6,sandy,3.92,0.57,No Risk
6.9,80.125,2023-04,199.7,97.4,26.5,11.4,76.5,15.5,sandy,15.0,0.72,Landslide
6.975,79.95,2023-02,85.4,96.6,25.6,13.3,19.8,1.1,clay,2.29,0.55,Warning
6.925,80.15,2023-08,155.9,96.5,26.2,17.3,109.4,14.2,sandy,15.0,0.75,Warning
7.1,79.85,2024-02,26.5,90.3,27.9,18.0,19.7,1.6,clay,15.0,0.35,No Risk
7.075,80.2,2025-02,32.3,96.7,26.1,14.2,99.7,13.8,loam,2.77,0.62,No Risk
7.1,80.375,2024-02,28.2,94.5,26.7,12.9,126.9,33.0,sandy,13.74,0.62,No Risk
7.0,79.975,2024-04,234.8,98.6,28.0,12.9,9.0,0.5,clay,1.67,0.57,Flood
7.025,80.175,2024-12,155.3,97.8,25.3,12.2,132.6,16.4,loam,8.78,0.83,Landslide
7.125,79.975,2023-12,360.2,97.2,25.9,14.8,15.6,2.2,loam,9.71,0.57,Warning
7.075,80.05,2024-07,326.9,96.9,26.5,15.8,38.7,7.9,clay,0.55,0.62,Flood
6.975,80.075,2023-10,589.9,97.9,25.3,12.6,57.2,4.9,clay,10.32,0.71,Warning
6.9,79.925,2024-12,130.0,94.2,26.7,13.7,28.1,3.3,sandy,6.21,0.58,Warning
7.05,80.275,2023-06,327.3,95.0,25.5,13.8,201.8,19.8,loam,10.01,0.77,Landslide
6.95,80.2,2024-02,39.4,96.1,27.1,12.6,66.3,6.2,loam,15.0,0.49,No Risk
6.925,80.225,2023-07,357.0,96.4,25.7,15.3,132.0,36.4,loam,15.0,0.75,Landslide
6.975,80.1,2024-11,499.0,98.3,25.1,14.1,59.2,7.7,sandy,12.17,0.63,Warning
7.05,80.325,2023-09,619.5,96.1,24.6,16.9,217.1,18.9,sandy,13.79,0.78,Landslide
7.075,80.2,2024-02,34.2,93.7,27.4,15.6,99.7,13.8,loam,2.77,0.63,No Risk
7.0,79.975,2023-09,576.6,96.6,25.6,16.9,9.0,0.5,clay,1.67,0.6,Flood
7.05,80.375,2024-02,37.0,96.0,21.4,11.2,212.7,17.2,sandy,15.0,0.6,No Risk
7.025,79.9,2024-01,121.8,93.6,26.0,15.0,21.7,7.3,loam,6.0,0.58,Warning
6.925,80.3,2023-05,302.9,94.6,26.2,11.8,197.1,18.5,loam,15.0,0.77,Landslide
7.125,80.025,2023-09,544.0,97.4,25.3,17.5,86.7,12.3,loam,5.71,0.73,Warning
6.95,80.0,2023-01,120.8,93.3,25.0,14.3,15.8,1.9,clay,7.11,0.57,Warning
6.9,79.85,2023-10,571.0,96.7,25.6,14.9,8.8,0.6,clay,3.14,0.55,Flood
7.1,80.05,2024-02,28.0,91.4,28.2,16.6,41.6,6.9,loam,2.22,0.46,No Risk
7.025,79.95,2023-05,231.5,96.6,26.9,14.9,14.2,1.5,clay,2.99,0.56,Flood
7.1,79.975,2024-05,637.4,97.3,27.4,16.3,4.1,2.0,clay,7.47,0.57,Warning
7.15,79.875,2025-02,34.2,91.6,27.2,17.7,5.4,2.0,loam,15.0,0.43,No Risk
7.125,80.0,2023-09,544.0,97.4,25.3,17.5,61.0,15.4,loam,7.47,0.65,Landslide
7.0,80.2,2025-03,170.4,98.5,25.9,11.5,62.8,13.7,sandy,11.1,0.67,Warning
7.1,80.15,2024-01,188.3,94.5,25.9,13.1,109.5,13.6,sandy,4.96,0.8,Warning
7.05,80.15,2024-07,327.8,96.7,26.2,16.1,133.4,17.5,loam,7.85,0.75,Landslide
7.025,79.975,2024-08,315.4,95.9,26.4,16.8,18.0,0.9,loam,1.76,0.55,Flood
6.925,80.0,2024-02,37.0,95.4,27.6,14.6,60.1,18.3,loam,9.44,0.51,No Risk
7.05,80.05,2023-08,119.1,96.0,26.6,17.1,22.4,3.7,loam,3.33,0.61,Flood
7.1,79.85,2023-11,517.8,97.8,25.5,11.8,19.7,1.6,clay,15.0,0.58,Warning
7.0,80.225,2024-01,189.7,96.6,25.6,11.1,93.3,10.0,sandy,11.44,0.78,Warning
7.125,80.35,2025-02,27.8,96.5,25.3,13.0,158.1,30.1,loam,9.82,0.62,No Risk
7.1,80.3,2025-02,27.8,96.5,25.2,13.2,227.7,27.9,loam,8.0,0.57,No Risk
7.05,80.075,2023-03,183.6,97.2,26.5,11.5,48.9,3.6,loam,4.33,0.68,Warning
6.95,80.05,2023-07,296.9,97.1,26.0,16.8,79.7,18.7,loam,10.23,0.69,Landslide
6.975,80.175,2024-11,502.7,98.4,25.0,12.8,78.0,16.1,sandy,14.15,0.72,Landslide
7.075,79.85,2024-02,42.7,91.2,27.9,17.8,25.8,2.4,loam,13.79,0.46,No Risk
6.95,80.0,2023-02,112.9,97.7,25.5,12.9,15.8,1.9,clay,7.11,0.56,Warning
6.975,79.925,2024-08,309.0,92.7,26.7,19.6,14.6,0.6,clay,0.78,0.6,Flood
7.05,80.375,2023-06,202.0,96.1,20.9,13.0,212.7,17.2,sandy,15.0,0.78,Landslide
7.075,80.225,2024-09,338.8,95.5,24.8,14.8,87.8,9.6,sandy,3.92,0.78,Warning
7.125,80.275,2023-10,494.3,97.6,24.7,13.8,199.1,34.9,sandy,4.23,0.8,Landslide
7.025,80.125,2024-02,42.3,94.2,27.5,14.2,60.4,12.0,clay,9.71,0.49,No Risk
6.925,80.0,2025-03,189.7,98.4,26.7,10.4,60.1,18.3,loam,9.44,0.73,Landslide
7.075,80.3,2024-02,25.4,94.5,26.8,14.3,99.1,6.7,loam,9.88,0.62,No Risk
6.975,80.225,2025-02,55.1,97.2,26.2,14.0,118.1,16.4,sandy,14.15,0.64,Warning
7.05,80.35,2024-01,240.6,96.3,25.0,9.8,132.8,27.5,sandy,15.0,0.83,Landslide
7.025,79.95,2024-08,308.4,96.0,26.4,16.8,14.2,1.5,clay,2.99,0.57,Flood
6.9,79.85,2024-09,325.1,92.9,27.1,20.0,8.8,0.6,clay,3.14,0.6,Flood
7.075,80.15,2023-05,220.9,96.1,26.6,13.6,81.5,10.9,loam,6.21,0.7,Warning
7.0,80.3,2024-02,46.5,94.6,26.7,12.3,223.5,30.2,loam,15.0,0.66,Warning
7.125,80.05,2024-02,29.3,91.2,28.1,17.1,50.3,6.3,loam,4.33,0.47,No Risk
6.9,80.125,2024-02,39.0,96.6,27.2,12.8,76.5,15.5,sandy,15.0,0.62,No Risk
6.9,80.225,2024-04,193.3,96.3,27.9,13.3,111.9,8.1,sandy,15.0,0.77,Warning
7.075,80.1,2023-01,139.2,90.5,24.9,15.9,32.2,3.5,clay,3.55,0.66,Warning
6.95,80.225,2023-04,173.9,96.5,26.5,11.0,67.0,14.3,loam,15.0,0.65,Warning
6.9,79.875,2024-01,151.9,94.3,26.0,14.0,17.2,0.3,clay,2.29,0.61,Flood
7.125,80.375,2024-01,166.9,95.2,24.7,11.7,175.1,24.7,sandy,11.88,0.78,Landslide
6.9,80.125,2024-09,363.1,97.4,25.7,16.7,76.5,15.5,sandy,15.0,0.69,Landslide
7.125,80.1,2023-01,136.1,90.0,24.8,17.3,39.1,1.8,loam,1.24,0.62,Flood
7.1,80.025,2024-03,102.7,95.3,28.4,16.2,59.1,4.2,loam,3.55,0.67,Warning
7.075,80.05,2023-11,557.1,99.3,25.4,10.0,38.7,7.9,clay,0.55,0.61,Flood
7.1,80.35,2025-02,27.7,96.5,26.3,13.2,104.3,12.9,sandy,12.01,0.56,No Risk
7.0,79.95,2023-03,154.8,97.6,26.3,11.5,31.8,5.9,clay,1.11,0.57,Flood
6.95,79.95,2025-04,246.8,97.8,26.7,12.2,10.8,0.5,clay,4.0,0.49,Warning
6.9,79.875,2023-06,379.3,94.7,27.0,19.5,17.2,0.3,clay,2.29,0.61,Flood
7.125,80.1,2024-07,317.3,96.6,26.1,16.8,39.1,1.8,loam,1.24,0.63,Flood
7.025,79.85,2024-02,43.5,91.9,27.7,17.7,24.8,3.0,clay,10.01,0.49,No Risk
7.1,80.15,2024-02,27.3,91.3,27.9,16.2,109.5,13.6,sandy,4.96,0.51,No Risk
7.1,80.25,2024-02,22.2,92.4,26.9,16.0,182.6,19.8,loam,4.0,0.61,No Risk
7.125,80.375,2023-10,466.4,97.4,24.2,13.5,175.1,24.7,sandy,11.88,0.76,Landslide
6.95,79.95,2024-07,363.2,96.3,26.7,16.3,10.8,0.5,clay,4.0,0.55,Warning
7.025,80.35,2024-09,377.7,96.0,24.5,13.2,168.9,24.2,sandy,15.0,0.8,Landslide
6.975,80.05,2025-01,358.9,97.6,25.2,13.5,76.5,13.7,loam,8.33,0.7,Warning
7.05,80.35,2023-11,776.4,98.5,24.6,9.8,132.8,27.5,sandy,15.0,0.79,Landslide
6.925,80.05,2024-08,340.6,97.0,26.0,16.4,82.3,7.8,loam,12.47,0.74,Warning
7.125,79.875,2024-02,27.0,90.4,27.8,18.3,3.0,2.0,clay,15.0,0.36,No Risk
7.025,80.125,2023-10,637.6,97.2,25.2,13.1,60.4,12.0,clay,9.71,0.71,Warning
6.95,79.925,2023-06,374.0,94.7,27.0,19.4,29.7,6.4,clay,2.77,0.62,Flood
7.1,80.125,2024-02,26.4,91.2,27.8,16.3,71.0,11.4,loam,2.78,0.53,No Risk
6.975,80.125,2023-12,475.0,97.8,25.5,12.5,37.5,4.8,clay,14.32,0.66,Warning
7.15,80.0,2024-02,28.7,91.0,28.1,17.1,84.9,11.8,sandy,9.55,0.54,No Risk
7.05,80.075,2023-11,557.1,99.3,25.4,10.0,48.9,3.6,loam,4.33,0.63,Warning
7.15,80.0,2025-04,260.0,98.2,26.4,13.1,84.9,11.8,sandy,9.55,0.69,Warning
7.075,80.0,2024-02,27.2,92.2,28.0,16.3,89.4,13.9,loam,3.55,0.55,No Risk
7.125,80.15,2023-09,531.8,96.5,24.8,17.7,153.9,18.9,loam,2.99,0.81,Landslide
6.9,80.2,2025-03,132.8,98.8,26.0,11.4,74.7,8.5,sandy,15.0,0.7,Warning
6.95,80.175,2023-02,114.0,97.6,25.2,11.6,117.2,19.0,loam,15.0,0.74,Landslide
6.9,80.0,2023-05,276.4,96.9,26.8,14.6,64.3,14.6,loam,11.8,0.64,Warning
7.05,80.275,2023-02,96.5,96.6,24.9,11.3,201.8,19.8,loam,10.01,0.8,Landslide
7.1,80.375,2023-07,313.7,94.5,25.6,14.5,126.9,33.0,sandy,13.74,0.79,Landslide
6.925,80.05,2024-02,39.1,96.1,27.2,13.1,82.3,7.8,loam,12.47,0.56,No Risk
7.025,80.05,2023-03,194.3,98.4,26.2,10.3,34.0,3.7,loam,4.33,0.64,Warning
6.95,80.375,2023-02,146.4,94.5,22.7,9.6,212.6,38.0,loam,15.0,0.81,Landslide
7.1,80.15,2023-01,139.2,90.5,24.9,15.9,109.5,13.6,sandy,4.96,0.76,Warning
6.95,80.275,2024-06,455.6,94.8,25.9,14.4,186.9,15.9,sandy,15.0,0.85,Landslide
6.95,80.1,2025-01,332.0,99.1,24.8,11.3,68.6,15.4,clay,14.21,0.68,Landslide
7.1,80.15,2024-07,327.8,96.7,26.2,16.1,109.5,13.6,sandy,4.96,0.83,Warning
7.05,79.85,2023-07,205.5,92.5,27.0,21.4,7.3,1.1,clay,11.8,0.55,Warning
7.05,80.05,2023-12,400.1,97.7,25.8,13.7,22.4,3.7,loam,3.33,0.57,Flood
6.975,79.9,2024-03,83.2,95.0,28.0,16.3,18.4,0.3,clay,2.77,0.58,Flood
6.975,80.075,2023-07,281.7,96.5,26.2,16.6,57.2,4.9,clay,10.32,0.67,Warning
7.125,79.85,2024-05,574.7,94.9,27.7,19.6,6.1,0.5,clay,15.0,0.58,Warning
7.05,80.175,2024-01,178.8,96.0,25.6,12.4,121.1,17.9,sandy,6.21,0.85,Landslide
6.975,79.975,2023-11,479.3,99.6,25.4,10.2,17.0,0.8,loam,3.24,0.62,Flood
7.125,80.1,2025-03,179.3,97.5,26.2,12.4,39.1,1.8,loam,1.24,0.65,Flood
7.0,79.975,2025-03,185.2,98.5,26.5,11.0,9.0,0.5,clay,1.67,0.61,Flood
6.925,80.25,2024-08,484.2,94.0,25.6,14.1,228.8,33.0,sandy,15.0,0.78,Landslide
6.925,80.05,2023-11,584.2,99.3,25.2,10.6,82.3,7.8,loam,12.47,0.66,Warning
7.05,80.225,2023-09,566.4,96.3,24.9,16.9,90.0,17.9,sandy,6.21,0.7,Landslide
7.05,80.075,2025-01,317.9,96.8,25.4,15.1,48.9,3.6,loam,4.33,0.62,Warning
7.025,80.25,2025-03,168.2,98.9,25.5,10.6,95.1,18.9,sandy,10.01,0.79,Landslide
7.1,80.05,2023-06,326.0,97.4,26.4,16.0,41.6,6.9,loam,2.22,0.64,Flood
7.05,80.35,2023-08,131.8,93.8,25.7,15.8,132.8,27.5,sandy,15.0,0.79,Landslide
6.925,80.325,2024-09,412.8,96.1,24.4,12.3,210.0,18.2,sandy,15.0,0.8,Landslide
7.025,80.1,2023-02,120.6,97.0,25.4,12.3,79.7,8.2,loam,8.25,0.75,Warning
7.0,79.95,2024-11,429.3,98.9,25.4,12.8,31.8,5.9,clay,1.11,0.59,Flood
7.05,79.85,2023-10,478.9,96.7,25.7,14.9,7.3,1.1,clay,11.8,0.5,Warning
6.95,80.2,2025-01,290.5,99.0,24.8,9.7,66.3,6.2,loam,15.0,0.65,Warning
6.925,80.275,2025-04,378.4,99.1,25.5,10.6,193.9,32.8,loam,15.0,0.78,Landslide
6.975,80.175,2024-04,200.0,96.4,27.8,12.8,78.0,16.1,sandy,14.15,0.74,Landslide
6.975,79.975,2023-01,100.4,91.6,25.2,15.2,17.0,0.8,loam,3.24,0.59,Flood
6.9,79.975,2025-03,189.7,98.4,26.7,10.4,23.2,3.9,loam,10.01,0.58,Warning
7.025,79.975,2023-10,621.9,98.3,25.4,12.9,18.0,0.9,loam,1.76,0.62,Flood
7.125,80.225,2024-11,575.0,98.5,23.8,12.4,101.5,18.6,clay,0.78,0.7,Landslide
7.075,80.05,2023-07,283.8,96.1,26.3,16.8,38.7,7.9,clay,0.55,0.64,Flood
7.075,80.25,2023-09,619.5,96.1,25.2,16.9,117.6,18.7,sandy,6.21,0.81,Landslide
6.975,79.925,2024-10,409.3,95.3,26.2,17.0,14.6,0.6,clay,0.78,0.56,Flood
6.975,79.975,2023-07,250.1,95.5,26.6,17.7,17.0,0.8,loam,3.24,0.6,Flood
7.1,80.25,2025-02,42.8,96.8,25.9,13.6,182.6,19.8,loam,4.0,0.69,No Risk
7.075,80.2,2025-02,32.6,96.5,26.1,14.4,99.7,13.8,loam,2.77,0.62,No Risk
6.95,80.075,2025-04,295.1,98.6,26.1,12.6,54.5,2.1,loam,12.22,0.68,Warning
6.95,80.275,2024-02,42.6,94.3,26.7,12.2,186.9,15.9,sandy,15.0,0.68,No Risk
6.925,80.025,2023-03,182.7,98.6,25.9,9.9,52.5,3.1,clay,11.02,0.64,Warning
7.1,79.9,2024-02,42.3,91.2,27.7,17.9,20.9,6.5,clay,12.94,0.51,No Risk
7.025,80.175,2025-03,170.4,98.5,25.9,11.5,132.6,16.4,loam,8.78,0.81,Landslide
6.925,80.075,2023-06,360.3,98.4,25.9,15.7,23.4,3.6,clay,14.15,0.64,Warning
7.15,79.85,2025-02,33.6,91.9,27.3,17.8,3.2,1.5,clay,15.0,0.37,No Risk
6.9,79.85,2023-09,552.1,95.0,26.0,19.3,8.8,0.6,clay,3.14,0.55,Flood
7.05,80.075,2024-02,27.5,91.4,28.0,16.6,48.9,3.6,loam,4.33,0.45,No Risk
7.075,80.175,2023-10,578.0,97.5,24.1,13.3,88.0,17.9,loam,3.92,0.72,Landslide
6.975,79.975,2024-10,444.4,97.3,25.9,14.3,17.0,0.8,loam,3.24,0.6,Flood
6.95,80.075,2025-05,319.7,98.6,26.5,16.0,54.5,2.1,loam,12.22,0.68,Warning
7.1,79.875,2024-07,257.9,93.1,27.1,20.2,24.4,3.5,clay,14.57,0.56,Warning
6.925,80.0,2024-02,37.4,95.2,27.4,14.7,60.1,18.3,loam,9.44,0.51,No Risk
7.1,80.175,2024-12,168.6,97.2,25.2,12.7,146.2,35.3,loam,2.78,0.78,Landslide
7.05,80.0,2025-03,186.2,98.9,26.7,11.8,74.6,7.6,clay,2.22,0.71,Warning
7.1,80.025,2024-10,384.5,97.3,25.7,13.5,59.1,4.2,loam,3.55,0.67,Warning
6.95,79.925,2023-07,238.1,92.9,26.9,21.0,29.7,6.4,clay,2.77,0.64,Flood
7.1,79.975,2025-01,305.5,96.5,25.4,14.5,4.1,2.0,clay,7.47,0.55,Warning
7.15,79.875,2023-10,431.7,96.5,25.6,14.7,5.4,2.0,loam,15.0,0.57,Warning
7.125,80.05,2025-03,180.6,98.3,26.4,12.7,50.3,6.3,loam,4.33,0.68,Warning
6.925,80.25,2023-12,496.2,97.6,25.2,10.8,228.8,33.0,sandy,15.0,0.85,Landslide
7.0,79.925,2023-08,131.6,92.9,27.0,19.9,3.0,2.2,clay,2.29,0.51,Flood
7.1,80.075,2025-03,197.9,98.1,26.5,11.9,92.3,13.0,clay,0.55,0.79,Warning
7.125,80.35,2025-03,188.0,97.4,25.2,10.8,158.1,30.1,loam,9.82,0.76,Landslide
7.05,80.325,2023-07,363.1,94.3,25.5,15.0,217.1,18.9,sandy,13.79,0.8,Landslide
7.0,79.85,2024-02,43.2,91.9,27.7,17.6,13.7,1.6,loam,7.85,0.4,No Risk
6.975,80.175,2023-10,680.7,97.5,25.0,12.8,78.0,16.1,sandy,14.15,0.7,Landslide
7.125,80.1,2023-01,126.6,90.0,24.9,17.2,39.1,1.8,loam,1.24,0.62,Flood
6.9,80.05,2024-11,482.8,98.9,25.2,13.0,22.1,5.5,clay,14.89,0.59,Warning
7.1,79.95,2023-06,314.5,96.6,26.7,17.7,26.6,4.4,sandy,9.55,0.58,Warning
7.0,80.375,2023-01,193.5,94.0,24.0,9.9,175.5,36.1,sandy,15.0,0.79,Landslide
6.95,80.075,2024-02,38.5,96.0,27.3,13.2,54.5,2.1,loam,12.22,0.52,No Risk
7.025,80.35,2023-07,355.6,94.6,24.5,13.2,168.9,24.2,sandy,15.0,0.79,Landslide
6.95,79.9,2025-01,288.6,95.0,25.6,14.3,20.5,4.8,loam,0.0,0.64,Flood
7.125,80.125,2024-01,152.2,94.0,25.8,14.0,79.8,17.8,sandy,1.76,0.71,Landslide
6.975,80.05,2023-10,589.9,97.9,25.3,12.6,76.5,13.7,loam,8.33,0.68,Warning
7.125,80.225,2023-06,280.0,94.3,24.8,15.4,101.5,18.6,clay,0.78,0.74,Landslide
7.125,79.95,2023-10,532.2,98.3,25.4,12.8,22.8,6.1,loam,11.39,0.58,Warning
7.0,79.875,2023-09,545.4,95.2,26.0,19.9,36.2,4.8,loam,6.21,0.63,Warning
7.025,80.175,2023-03,164.0,97.5,25.8,10.3,132.6,16.4,loam,8.78,0.79,Landslide
7.025,80.0,2024-03,111.6,96.8,28.1,15.0,75.1,17.7,clay,1.24,0.74,Landslide
6.9,80.1,2024-02,39.2,96.4,27.1,12.8,75.8,7.3,loam,15.0,0.54,No Risk
7.1,80.075,2023-01,136.8,90.5,25.3,15.7,92.3,13.0,clay,0.55,0.72,Warning
7.075,80.1,2024-02,27.2,91.5,27.8,16.1,32.2,3.5,clay,3.55,0.41,No Risk
7.05,80.075,2024-02,27.6,91.4,28.1,16.7,48.9,3.6,loam,4.33,0.45,No Risk
7.0,80.3,2025-05,375.1,98.9,25.6,12.2,223.5,30.2,loam,15.0,0.83,Landslide
6.925,79.875,2025-01,299.7,95.0,25.7,14.3,16.7,1.3,loam,0.78,0.6,Flood
6.9,80.3,2024-02,42.7,94.2,25.7,12.2,186.2,18.2,sandy,15.0,0.59,No Risk
6.95,79.975,2024-04,224.9,98.5,27.9,12.7,33.0,1.8,clay,5.79,0.59,Warning
7.025,80.075,2024-01,203.6,95.5,26.1,12.4,77.9,17.8,loam,6.71,0.69,Landslide
6.9,79.85,2024-12,130.1,94.2,26.8,13.6,8.8,0.6,clay,3.14,0.6,Flood
6.9,80.15,2025-05,317.5,98.8,26.0,15.3,132.2,24.6,loam,15.0,0.79,Landslide
6.95,80.35,2024-02,61.8,92.0,25.2,10.8,144.3,16.2,loam,15.0,0.71,Warning
6.95,80.15,2024-02,38.8,96.5,27.0,12.7,110.9,14.4,sandy,15.0,0.65,No Risk
7.1,80.25,2024-02,22.0,92.4,26.9,15.8,182.6,19.8,loam,4.0,0.61,No Risk
6.95,80.325,2023-08,190.3,93.4,25.7,14.4,174.0,30.3,sandy,15.0,0.82,Landslide
6.95,80.175,2023-06,381.0,95.8,25.9,13.2,117.2,19.0,loam,15.0,0.81,Landslide
6.925,79.95,2023-02,112.9,97.7,25.5,12.9,7.2,0.3,clay,6.21,0.56,Warning
7.025,79.95,2024-05,683.7,97.3,27.3,16.3,14.2,1.5,clay,2.99,0.62,Flood
7.1,79.85,2025-02,33.7,91.7,27.3,17.8,19.7,1.6,clay,15.0,0.44,No Risk
7.075,79.875,2024-06,301.6,93.6,27.0,21.6,9.5,1.1,clay,12.18,0.57,Warning
6.9,80.1,2023-01,158.0,95.0,24.4,12.9,75.8,7.3,loam,15.0,0.72,Warning
6.975,80.125,2023-04,218.2,97.2,26.6,11.7,37.5,4.8,clay,14.32,0.62,Warning
7.05,80.175,2025-01,291.3,98.2,24.9,12.9,121.1,17.9,sandy,6.21,0.85,Landslide
6.925,79.85,2024-07,309.2,93.7,27.1,18.9,24.7,3.2,clay,2.29,0.65,Flood
7.025,80.25,2024-12,150.5,98.2,25.0,10.9,95.1,18.9,sandy,10.01,0.68,Landslide
6.975,80.025,2023-02,110.2,97.1,25.6,13.2,70.2,12.1,sandy,6.33,0.62,Warning
7.1,80.0,2024-09,325.9,96.2,26.6,17.9,72.7,8.6,loam,5.98,0.67,Warning
6.975,79.875,2024-02,43.4,91.9,27.7,17.6,28.7,5.1,sandy,3.92,0.43,No Risk
6.9,80.275,2023-09,806.9,94.8,24.8,15.1,132.8,33.3,sandy,15.0,0.82,Landslide
7.125,80.0,2024-09,301.4,97.4,26.3,17.4,61.0,15.4,loam,7.47,0.71,Landslide
7.0,79.975,2023-08,132.3,95.8,26.6,17.5,9.0,0.5,clay,1.67,0.53,Flood
7.05,80.225,2023-08,120.1,94.8,26.2,16.7,90.0,17.9,sandy,6.21,0.74,Landslide
6.95,80.075,2023-03,182.7,98.6,25.9,9.9,54.5,2.1,loam,12.22,0.65,Warning
7.1,80.0,2023-11,509.4,99.5,25.4,9.8,72.7,8.6,loam,5.98,0.67,Warning
6.925,80.325,2024-11,636.6,98.2,23.7,10.4,210.0,18.2,sandy,15.0,0.78,Landslide
7.0,80.225,2023-10,680.7,97.5,25.0,12.8,93.3,10.0,sandy,11.44,0.67,Warning
7.0,80.025,2024-02,36.9,93.6,27.7,15.0,80.3,6.7,sandy,4.47,0.54,No Risk
7.1,80.1,2024-02,25.4,91.0,27.7,17.3,75.3,10.7,loam,2.22,0.5,No Risk
6.925,79.875,2023-06,379.3,94.7,27.0,19.5,16.7,1.3,loam,0.78,0.53,Flood
7.125,80.05,2024-02,29.5,91.2,28.0,16.8,50.3,6.3,loam,4.33,0.47,No Risk
7.1,80.2,2024-02,33.8,93.7,27.3,15.5,88.8,13.2,loam,0.0,0.55,No Risk
7.125,79.85,2025-02,34.5,91.7,27.3,17.6,6.1,0.5,clay,15.0,0.45,No Risk
6.975,79.95,2024-04,236.7,98.6,28.0,12.9,19.8,1.1,clay,2.29,0.6,Flood
7.125,79.85,2025-03,152.8,96.4,26.7,12.8,6.1,0.5,clay,15.0,0.55,Warning
7.125,80.35,2024-02,26.4,91.8,26.4,16.0,158.1,30.1,loam,9.82,0.6,No Risk
6.95,80.0,2024-03,117.0,97.1,28.0,14.7,15.8,1.9,clay,7.11,0.59,Warning
7.05,80.325,2024-07,397.7,95.1,25.8,14.2,217.1,18.9,sandy,13.79,0.78,Landslide
7.1,80.025,2024-02,29.0,91.3,28.0,17.1,59.1,4.2,loam,3.55,0.49,No Risk
6.925,80.325,2023-04,282.6,95.3,24.9,9.2,210.0,18.2,sandy,15.0,0.76,Landslide
6.95,79.925,2023-04,131.7,95.3,27.3,13.8,29.7,6.4,clay,2.77,0.66,Flood
7.05,80.3,2023-10,592.3,97.7,24.6,13.1,128.7,31.4,loam,11.8,0.81,Landslide
6.975,80.15,2023-03,188.5,97.7,25.9,10.5,94.7,8.2,loam,14.94,0.74,Warning
7.125,79.875,2024-05,574.7,94.9,27.7,19.6,3.0,2.0,clay,15.0,0.53,Warning
6.9,80.2,2024-04,193.3,96.3,27.9,13.3,74.7,8.5,sandy,15.0,0.69,Warning
6.9,80.275,2024-01,224.1,96.2,25.4,10.2,132.8,33.3,sandy,15.0,0.83,Landslide
6.925,79.875,2024-10,407.5,95.4,26.3,16.9,16.7,1.3,loam,0.78,0.6,Flood
7.0,79.9,2024-02,43.4,91.8,27.6,17.6,22.7,1.5,clay,4.0,0.5,No Risk
7.1,79.9,2023-01,101.0,90.3,25.1,18.3,20.9,6.5,clay,12.94,0.56,Warning
6.95,80.1,2024-05,766.7,97.3,26.7,16.0,68.6,15.4,clay,14.21,0.75,Landslide
6.9,80.275,2024-02,42.6,94.3,26.7,12.2,132.8,33.3,sandy,15.0,0.59,No Risk
6.925,79.85,2023-08,148.3,92.6,27.1,19.6,24.7,3.2,clay,2.29,0.59,Flood
6.975,80.25,2025-04,365.3,98.9,25.4,11.2,209.1,35.5,loam,14.94,0.85,Landslide
7.125,79.85,2025-01,227.4,94.8,25.5,17.8,6.1,0.5,clay,15.0,0.51,Warning
7.05,80.025,2024-10,405.0,97.4,25.8,13.4,87.5,19.3,clay,0.56,0.76,Landslide
7.025,79.95,2024-01,178.3,95.6,26.0,12.7,14.2,1.5,clay,2.99,0.61,Flood
6.9,80.375,2024-01,345.7,94.6,24.3,9.5,172.8,22.7,sandy,15.0,0.78,Landslide
6.975,80.025,2023-10,589.9,97.9,25.3,12.6,70.2,12.1,sandy,6.33,0.71,Warning
7.05,79.85,2023-09,510.3,95.0,26.1,20.2,7.3,1.1,clay,11.8,0.58,Warning
7.05,79.925,2024-08,275.8,92.6,26.7,20.0,35.5,6.6,clay,6.77,0.61,Warning
7.05,80.25,2023-04,188.3,96.8,26.8,11.5,124.2,29.2,loam,7.85,0.81,Landslide
6.95,80.275,2023-05,302.9,94.6,26.2,11.8,186.9,15.9,sandy,15.0,0.83,Landslide
7.025,79.975,2024-09,366.3,96.2,26.6,17.7,18.0,0.9,loam,1.76,0.57,Flood
7.075,80.175,2025-04,299.2,98.3,24.9,12.3,88.0,17.9,loam,3.92,0.76,Landslide
7.1,80.05,2024-07,318.2,97.2,26.6,16.2,41.6,6.9,loam,2.22,0.62,Flood
6.9,80.125,2025-05,317.5,98.8,26.0,15.3,76.5,15.5,sandy,15.0,0.69,Landslide
6.925,79.975,2024-03,117.0,97.1,28.0,14.7,9.3,0.8,clay,7.89,0.6,Warning
7.125,80.025,2024-02,29.0,91.1,28.2,17.3,86.7,12.3,loam,5.71,0.53,No Risk
7.0,80.075,2024-05,772.3,97.6,27.0,15.7,52.6,1.6,sandy,8.25,0.62,Warning
7.05,79.975,2025-05,288.8,97.0,27.3,16.7,7.1,1.2,clay,3.72,0.58,Warning
7.075,80.15,2025-01,281.8,97.5,25.1,14.9,81.5,10.9,loam,6.21,0.66,Warning
6.95,80.025,2023-12,496.5,98.8,25.5,12.2,88.4,10.8,loam,8.69,0.72,Warning
7.1,79.85,2025-02,34.0,91.6,27.3,18.0,19.7,1.6,clay,15.0,0.44,No Risk
6.95,80.2,2024-02,39.3,96.1,27.1,12.8,66.3,6.2,loam,15.0,0.49,No Risk
7.0,80.075,2024-02,36.6,93.6,27.6,15.0,52.6,1.6,sandy,8.25,0.54,No Risk
6.9,80.1,2024-11,507.2,98.4,25.0,13.8,75.8,7.3,loam,15.0,0.73,Warning
7.125,80.3,2023-12,330.7,97.5,25.1,13.0,121.9,24.6,sandy,5.9,0.81,Landslide
6.925,79.925,2024-10,410.6,95.4,26.3,16.9,31.7,5.7,loam,3.92,0.64,Warning
6.925,79.975,2023-08,158.9,95.7,26.7,17.6,9.3,0.8,clay,7.89,0.53,Warning
6.975,80.325,2023-12,540.4,97.5,24.3,9.9,173.5,36.6,sandy,15.0,0.76,Landslide
7.025,79.925,2023-10,504.7,96.8,25.6,15.1,7.6,1.0,clay,4.77,0.56,Warning
6.975,79.925,2024-12,133.7,94.9,26.4,14.1,14.6,0.6,clay,0.78,0.59,Flood
6.95,79.925,2024-06,354.3,93.4,27.1,21.3,29.7,6.4,clay,2.77,0.67,Flood
7.0,79.85,2024-07,302.3,93.6,27.2,19.5,13.7,1.6,loam,7.85,0.64,Warning
7.125,80.2,2023-05,232.4,95.5,26.4,14.7,92.0,7.0,sandy,2.78,0.71,Warning
7.125,80.325,2024-06,313.8,95.5,26.2,18.0,114.8,10.7,loam,8.19,0.75,Warning
6.925,79.875,2023-03,147.0,95.9,26.4,13.2,16.7,1.3,loam,0.78,0.61,Flood
6.95,79.9,2025-05,276.6,94.1,27.8,18.1,20.5,4.8,loam,0.0,0.6,Flood
7.1,80.175,2025-04,274.4,97.7,25.9,12.9,146.2,35.3,loam,2.78,0.78,Landslide
7.125,80.375,2025-01,279.9,97.6,24.2,12.2,175.1,24.7,sandy,11.88,0.79,Landslide
6.9,80.05,2025-04,295.1,98.6,26.1,12.6,22.1,5.5,clay,14.89,0.56,Warning
6.975,80.05,2024-06,391.5,96.7,26.4,17.0,76.5,13.7,loam,8.33,0.71,Warning
7.075,80.075,2024-02,27.2,91.5,28.0,16.6,71.6,10.1,clay,2.83,0.47,No Risk
6.9,80.175,2023-04,173.9,96.5,26.5,11.0,105.0,17.4,loam,15.0,0.73,Landslide
7.1,79.95,2025-01,271.0,96.5,25.5,15.8,26.6,4.4,sandy,9.55,0.61,Warning
6.95,79.85,2024-05,656.3,95.1,27.8,20.1,17.7,1.4,clay,4.0,0.59,Warning
6.95,80.375,2025-04,349.6,98.9,23.4,10.8,212.6,38.0,loam,15.0,0.81,Landslide
7.025,80.375,2023-05,284.0,95.4,25.2,11.3,119.5,13.0,loam,15.0,0.78,Warning
6.9,80.35,2024-08,484.0,95.3,24.5,14.1,121.1,24.6,loam,15.0,0.85,Landslide
6.9,79.875,2024-05,656.3,95.1,27.7,20.1,17.2,0.3,clay,2.29,0.57,Flood
6.95,79.975,2024-12,198.0,97.6,26.1,12.2,33.0,1.8,clay,5.79,0.56,Warning
6.95,80.15,2025-05,317.5,98.8,26.0,15.3,110.9,14.4,sandy,15.0,0.77,Warning
7.0,79.975,2023-03,154.8,97.6,26.3,11.5,9.0,0.5,clay,1.67,0.53,Flood
6.95,80.375,2024-05,851.9,97.2,24.3,13.3,212.6,38.0,loam,15.0,0.81,Landslide
6.95,80.375,2023-09,618.5,96.1,22.8,15.4,212.6,38.0,loam,15.0,0.76,Landslide
6.975,79.875,2023-02,64.1,95.8,25.6,15.9,28.7,5.1,sandy,3.92,0.52,Warning
6.975,80.25,2025-05,375.1,98.9,25.6,12.2,209.1,35.5,loam,14.94,0.85,Landslide
7.1,80.375,2024-01,240.6,96.4,25.4,9.8,126.9,33.0,sandy,13.74,0.81,Landslide
6.95,80.05,2024-02,38.2,96.0,27.3,13.2,79.7,18.7,loam,10.23,0.57,No Risk
7.025,80.35,2023-08,159.9,93.8,25.0,14.5,168.9,24.2,sandy,15.0,0.75,Landslide
6.975,79.875,2024-12,133.7,94.9,26.4,14.1,28.7,5.1,sandy,3.92,0.65,Warning
7.025,80.025,2024-08,284.7,96.4,26.1,16.3,69.5,11.7,loam,2.83,0.69,Warning
6.95,79.875,2025-05,270.8,94.0,27.8,18.1,39.8,2.5,loam,2.78,0.63,Flood
7.05,80.225,2024-10,474.7,96.6,25.3,13.0,90.0,17.9,sandy,6.21,0.71,Landslide
7.125,80.2,2025-02,42.1,96.0,26.1,14.4,92.0,7.0,sandy,2.78,0.59,No Risk
6.95,80.125,2023-06,341.0,97.5,25.8,14.8,28.9,5.4,clay,15.0,0.61,Warning
6.9,79.875,2025-04,177.9,95.1,27.4,13.3,17.2,0.3,clay,2.29,0.61,Flood
6.95,79.95,2023-01,120.8,93.3,25.0,14.3,10.8,0.5,clay,4.0,0.6,Warning
7.075,80.15,2024-02,26.9,91.4,27.8,16.3,81.5,10.9,loam,6.21,0.62,No Risk
7.125,80.075,2025-03,179.3,97.5,26.2,12.4,72.3,12.6,loam,2.83,0.7,Warning
7.05,80.375,2023-02,127.3,97.0,20.0,8.9,212.7,17.2,sandy,15.0,0.85,Landslide
7.075,80.125,2024-02,27.0,91.6,27.8,16.3,86.3,10.8,sandy,5.27,0.54,No Risk
7.1,79.875,2024-09,257.0,92.4,27.1,20.9,24.4,3.5,clay,14.57,0.61,Warning
7.025,79.975,2023-12,415.3,98.2,25.8,13.5,18.0,0.9,loam,1.76,0.55,Flood
6.9,80.2,2024-09,347.8,96.5,25.8,14.7,74.7,8.5,sandy,15.0,0.69,Warning
7.1,80.075,2024-08,265.0,96.4,26.2,16.4,92.3,13.0,clay,0.55,0.67,Warning
7.0,80.1,2023-12,475.0,97.8,25.5,12.5,29.7,6.4,loam,10.47,0.58,Warning
6.9,80.2,2023-05,254.9,95.5,26.4,12.5,74.7,8.5,sandy,15.0,0.7,Warning
7.125,79.9,2024-02,26.6,90.5,27.8,18.2,29.0,5.3,clay,15.0,0.39,No Risk
7.125,80.3,2025-02,43.0,96.6,25.9,13.8,121.9,24.6,sandy,5.9,0.68,No Risk
7.1,79.85,2025-02,34.7,91.8,27.3,17.9,19.7,1.6,clay,15.0,0.44,No Risk
6.975,80.325,2024-10,514.5,96.2,24.3,11.6,173.5,36.6,sandy,15.0,0.82,Landslide
7.1,80.175,2023-05,232.4,95.5,26.4,14.7,146.2,35.3,loam,2.78,0.78,Landslide
6.925,79.95,2025-02,76.5,96.2,27.1,12.8,7.2,0.3,clay,6.21,0.51,Warning
7.075,80.025,2023-04,210.1,97.6,26.9,12.0,86.0,16.6,loam,2.83,0.73,Landslide
7.05,80.275,2023-08,132.2,93.3,26.0,16.3,201.8,19.8,loam,10.01,0.8,Landslide
7.1,80.15,2024-03,93.8,94.3,28.3,16.3,109.5,13.6,sandy,4.96,0.75,Warning
6.9,80.025,2023-08,160.2,96.9,26.4,17.2,77.1,15.8,sandy,13.24,0.72,Landslide
6.975,80.325,2024-11,601.0,98.7,23.8,10.2,173.5,36.6,sandy,15.0,0.84,Landslide
7.15,80.0,2024-06,363.0,96.6,26.4,17.9,84.9,11.8,sandy,9.55,0.73,Warning
7.125,80.35,2024-08,342.0,94.1,24.9,16.8,158.1,30.1,loam,9.82,0.82,Landslide
7.125,80.275,2023-08,97.0,92.4,26.3,17.3,199.1,34.9,sandy,4.23,0.85,Landslide
7.0,80.35,2024-05,749.0,97.4,26.5,13.5,193.9,27.8,loam,15.0,0.82,Landslide
7.025,79.95,2023-12,424.1,98.2,25.8,13.5,14.2,1.5,clay,2.99,0.56,Flood
6.925,80.2,2023-06,381.0,95.8,25.9,13.2,95.2,12.3,loam,15.0,0.75,Warning
7.1,80.075,2024-02,27.0,91.4,28.0,16.6,92.3,13.0,clay,0.55,0.58,No Risk
7.075,79.925,2025-05,288.9,95.1,27.7,20.2,12.8,1.0,loam,9.19,0.59,Warning
6.975,80.05,2024-02,36.1,93.7,27.7,14.8,76.5,13.7,loam,8.33,0.55,No Risk
6.975,79.95,2023-06,368.9,96.8,26.6,17.0,19.8,1.1,clay,2.29,0.57,Flood
7.1,80.35,2024-01,166.9,95.3,25.8,11.7,104.3,12.9,sandy,12.01,0.76,Warning
7.1,80.35,2024-02,27.5,91.7,27.4,16.0,104.3,12.9,sandy,12.01,0.57,No Risk
7.05,80.275,2024-04,194.8,97.1,27.4,11.2,201.8,19.8,loam,10.01,0.78,Landslide
6.975,79.9,2023-01,90.4,91.7,25.2,17.9,18.4,0.3,clay,2.77,0.58,Flood
7.05,80.075,2024-01,192.4,94.4,26.1,13.7,48.9,3.6,loam,4.33,0.62,Warning
6.975,80.0,2023-12,415.3,98.2,25.8,13.5,74.9,18.6,loam,5.12,0.69,Landslide
6.95,80.025,2024-09,378.4,97.8,26.0,16.8,88.4,10.8,loam,8.69,0.71,Warning
6.925,80.25,2023-08,190.3,93.5,26.1,14.4,228.8,33.0,sandy,15.0,0.77,Landslide
7.025,80.05,2023-12,447.4,98.2,25.7,12.8,34.0,3.7,loam,4.33,0.57,Warning
7.05,80.05,2024-04,222.7,98.2,28.2,12.4,22.4,3.7,loam,3.33,0.55,Flood
6.925,79.85,2024-03,79.9,94.9,28.0,16.7,24.7,3.2,clay,2.29,0.51,Warning
7.05,79.95,2023-02,101.8,94.9,25.9,13.4,19.3,2.2,clay,5.55,0.57,Warning
7.0,80.0,2023-07,254.2,95.5,26.6,17.6,74.6,6.2,clay,2.48,0.71,Warning
7.0,80.25,2024-07,387.1,95.2,25.8,13.1,127.9,31.1,loam,12.41,0.81,Landslide
7.1,80.05,2024-03,112.6,95.8,28.3,15.7,41.6,6.9,loam,2.22,0.65,Flood
6.9,80.05,2023-11,584.2,99.3,25.2,10.6,22.1,5.5,clay,14.89,0.63,Warning
6.95,80.275,2025-03,163.9,98.9,25.7,10.7,186.9,15.9,sandy,15.0,0.83,Landslide
6.95,80.2,2024-09,347.8,96.5,25.8,14.7,66.3,6.2,loam,15.0,0.67,Warning
7.025,80.175,2023-12,464.8,98.1,25.3,11.7,132.6,16.4,loam,8.78,0.76,Landslide
7.05,80.25,2023-05,240.2,94.9,26.7,13.0,124.2,29.2,loam,7.85,0.82,Landslide
7.125,80.075,2023-01,126.6,90.0,24.9,17.2,72.3,12.6,loam,2.83,0.76,Warning
7.05,80.35,2024-10,438.3,96.6,24.9,12.5,132.8,27.5,sandy,15.0,0.85,Landslide
7.075,80.275,2023-02,96.5,96.6,24.9,11.3,201.6,18.5,loam,7.89,0.77,Landslide
6.95,80.025,2024-08,340.6,97.0,26.0,16.4,88.4,10.8,loam,8.69,0.75,Warning
7.0,80.025,2023-02,110.2,97.1,25.6,13.2,80.3,6.7,sandy,4.47,0.67,Warning
7.075,80.2,2023-12,416.7,97.7,25.3,12.9,99.7,13.8,loam,2.77,0.72,Warning
7.1,80.3,2023-04,208.8,96.0,25.5,12.3,227.7,27.9,loam,8.0,0.85,Landslide
6.975,80.075,2023-04,204.1,98.1,26.8,11.4,57.2,4.9,clay,10.32,0.67,Warning
7.075,80.025,2024-06,391.2,96.5,26.5,17.1,86.0,16.6,loam,2.83,0.7,Landslide
7.125,79.9,2024-06,290.4,93.5,27.0,21.9,29.0,5.3,clay,15.0,0.65,Warning
6.975,79.975,2024-06,359.3,95.8,26.7,18.1,17.0,0.8,loam,3.24,0.56,Flood
7.1,80.0,2023-07,254.6,95.5,26.6,18.0,72.7,8.6,loam,5.98,0.73,Warning
7.025,80.025,2023-05,234.7,97.2,26.7,13.8,69.5,11.7,loam,2.83,0.74,Warning
7.125,80.35,2025-02,27.2,96.6,25.3,13.0,158.1,30.1,loam,9.82,0.62,No Risk
6.925,79.9,2023-10,564.4,96.6,25.6,14.8,11.6,0.4,clay,2.78,0.59,Flood
6.95,80.35,2024-05,851.9,97.2,25.4,13.3,144.3,16.2,loam,15.0,0.76,Landslide
7.05,80.125,2024-04,224.0,96.8,28.0,12.8,34.8,4.8,clay,7.47,0.62,Warning
7.0,80.375,2024-10,514.5,96.2,25.4,11.6,175.5,36.1,sandy,15.0,0.76,Landslide
7.1,79.925,2025-01,271.0,96.5,25.5,15.8,4.3,0.6,clay,11.44,0.53,Warning
7.075,80.325,2024-05,716.4,97.7,25.5,14.6,99.7,18.4,sandy,11.88,0.71,Landslide
7.1,80.0,2024-02,26.0,92.4,28.1,16.4,72.7,8.6,loam,5.98,0.57,No Risk
7.1,80.375,2024-02,28.4,94.2,26.7,13.1,126.9,33.0,sandy,13.74,0.62,No Risk
7.125,79.95,2025-04,234.9,98.1,26.7,13.5,22.8,6.1,loam,11.39,0.64,Warning
7.075,79.95,2024-04,235.2,98.8,28.0,12.8,17.2,0.3,loam,7.55,0.6,Warning
6.925,79.875,2023-11,480.3,97.6,25.5,12.1,16.7,1.3,loam,0.78,0.56,Flood
7.1,80.025,2025-01,282.0,96.2,25.4,16.2,59.1,4.2,loam,3.55,0.71,Warning
7.0,79.975,2023-01,107.5,91.5,25.2,15.1,9.0,0.5,clay,1.67,0.54,Flood
6.9,80.325,2024-03,139.7,92.4,26.3,12.4,190.9,31.7,sandy,15.0,0.83,Landslide
7.125,80.2,2025-05,253.3,97.5,26.1,15.7,92.0,7.0,sandy,2.78,0.7,Warning
7.125,79.85,2024-02,27.0,90.4,27.8,18.0,6.1,0.5,clay,15.0,0.37,No Risk
6.9,80.25,2024-02,42.6,94.2,26.7,12.4,113.0,8.2,sandy,15.0,0.64,No Risk
7.0,80.225,2023-01,167.6,94.5,24.4,13.1,93.3,10.0,sandy,11.44,0.76,Warning
6.925,79.85,2023-03,141.2,95.9,26.4,13.1,24.7,3.2,clay,2.29,0.6,Flood
6.925,80.375,2024-12,151.0,97.8,25.1,10.6,164.7,30.7,loam,15.0,0.82,Landslide
7.125,80.075,2023-12,387.0,97.0,25.5,15.1,72.3,12.6,loam,2.83,0.67,Warning
7.0,80.025,2024-12,186.0,97.9,25.7,12.3,80.3,6.7,sandy,4.47,0.68,Warning
6.9,80.275,2024-03,95.3,93.0,27.9,14.6,132.8,33.3,sandy,15.0,0.8,Landslide
6.95,80.175,2024-02,39.1,96.0,27.0,12.8,117.2,19.0,loam,15.0,0.61,No Risk
6.975,79.875,2024-10,416.9,95.4,26.2,16.9,28.7,5.1,sandy,3.92,0.62,Warning
6.9,79.85,2025-04,174.2,95.0,27.4,13.6,8.8,0.6,clay,3.14,0.58,Flood
6.95,80.05,2025-03,212.2,98.7,26.1,11.2,79.7,18.7,loam,10.23,0.68,Landslide
6.9,80.125,2023-07,364.4,97.5,25.7,16.7,76.5,15.5,sandy,15.0,0.7,Landslide
7.025,79.9,2025-01,278.2,94.5,25.6,15.2,21.7,7.3,loam,6.0,0.59,Warning
7.1,80.325,2024-02,25.6,94.6,27.0,14.3,154.6,24.9,loam,9.82,0.59,No Risk
6.975,80.2,2024-07,355.1,96.4,26.1,14.5,118.9,8.0,sandy,13.88,0.78,Warning
7.05,79.875,2025-01,269.5,94.8,25.5,16.5,22.2,6.6,clay,9.88,0.64,Warning
7.125,80.0,2023-05,231.4,96.8,26.8,14.6,61.0,15.4,loam,7.47,0.66,Landslide
7.05,80.0,2023-01,114.3,90.9,25.3,16.0,74.6,7.6,clay,2.22,0.71,Warning
6.975,80.125,2023-05,233.9,96.1,26.5,13.2,37.5,4.8,clay,14.32,0.61,Warning
6.975,79.9,2025-05,274.8,94.2,27.8,19.1,18.4,0.3,clay,2.77,0.61,Flood
6.975,79.85,2024-02,43.5,91.8,27.6,17.5,9.5,0.5,clay,6.21,0.38,No Risk
7.1,80.375,2023-04,228.0,96.4,26.1,11.6,126.9,33.0,sandy,13.74,0.79,Landslide
7.05,80.25,2024-02,25.2,94.4,27.5,14.2,124.2,29.2,loam,7.85,0.63,No Risk
7.05,80.15,2024-06,393.4,96.6,26.1,17.0,133.4,17.5,loam,7.85,0.76,Landslide
7.125,80.1,2023-02,95.6,94.5,25.6,14.1,39.1,1.8,loam,1.24,0.6,Flood
7.05,80.05,2023-03,183.6,97.2,26.5,11.5,22.4,3.7,loam,3.33,0.62,Flood
6.925,80.025,2024-12,199.0,98.2,25.6,12.5,52.5,3.1,clay,11.02,0.67,Warning
7.075,80.35,2023-05,236.2,95.5,25.2,12.4,222.8,24.9,loam,13.74,0.81,Landslide
6.9,80.1,2024-02,39.3,96.2,27.1,12.7,75.8,7.3,loam,15.0,0.54,No Risk
7.125,80.05,2025-02,43.7,95.4,26.9,15.5,50.3,6.3,loam,4.33,0.5,No Risk
7.125,80.25,2024-06,323.3,95.3,24.9,17.9,183.4,27.4,sandy,2.29,0.83,Landslide
7.0,80.075,2023-03,194.3,98.4,26.2,10.3,52.6,1.6,sandy,8.25,0.69,Warning
7.075,79.85,2023-02,60.6,93.6,25.8,16.3,25.8,2.4,loam,13.79,0.5,Warning
7.1,80.125,2024-10,438.3,96.9,25.5,13.5,71.0,11.4,loam,2.78,0.69,Warning
6.9,80.15,2024-12,173.2,98.2,25.3,12.4,132.2,24.6,loam,15.0,0.77,Landslide
7.075,80.275,2023-07,363.1,94.3,25.4,15.0,201.6,18.5,loam,7.89,0.83,Landslide
7.075,80.225,2024-07,397.7,95.1,25.2,14.2,87.8,9.6,sandy,3.92,0.71,Warning
7.05,80.025,2023-01,136.8,90.5,25.3,15.7,87.5,19.3,clay,0.56,0.72,Landslide
6.975,80.375,2024-08,425.8,97.4,21.2,13.5,153.1,24.6,sandy,15.0,0.82,Landslide
7.125,80.0,2025-02,43.1,95.3,27.1,15.5,61.0,15.4,loam,7.47,0.56,No Risk
7.075,80.375,2023-02,127.3,97.0,21.9,8.9,115.1,6.0,sandy,15.0,0.74,Warning
6.925,80.025,2024-02,38.7,96.2,27.3,13.0,52.5,3.1,clay,11.02,0.46,No Risk
6.975,79.975,2025-05,275.7,96.8,27.2,15.9,17.0,0.8,loam,3.24,0.55,Flood
7.15,80.0,2025-02,43.1,95.4,27.0,15.7,84.9,11.8,sandy,9.55,0.54,No Risk
7.075,80.225,2024-02,25.3,94.5,26.3,14.2,87.8,9.6,sandy,3.92,0.57,No Risk
6.975,80.225,2024-04,200.0,96.4,27.8,12.8,118.1,16.4,sandy,14.15,0.82,Landslide
7.025,79.85,2024-12,133.7,94.9,26.5,14.1,24.8,3.0,clay,10.01,0.55,Warning
7.125,80.0,2024-08,276.9,96.2,26.1,16.7,61.0,15.4,loam,7.47,0.67,Landslide
6.95,79.9,2025-03,124.6,94.8,27.3,11.6,20.5,4.8,loam,0.0,0.67,Flood
6.925,80.075,2024-01,197.5,96.7,25.9,11.3,23.4,3.6,clay,14.15,0.62,Warning
6.9,80.0,2024-02,37.0,95.1,27.5,14.7,64.3,14.6,loam,11.8,0.52,No Risk
7.1,80.275,2024-01,206.0,96.8,25.9,11.1,138.0,32.2,loam,6.0,0.78,Landslide
7.1,80.275,2024-08,387.8,94.5,26.1,15.6,138.0,32.2,loam,6.0,0.76,Landslide
7.05,80.025,2023-05,233.2,96.7,26.8,14.2,87.5,19.3,clay,0.56,0.66,Landslide
7.025,80.375,2024-09,377.7,96.0,24.5,13.2,119.5,13.0,loam,15.0,0.77,Warning
7.025,80.075,2024-02,36.2,93.6,27.7,14.9,77.9,17.8,loam,6.71,0.55,No Risk
7.1,79.85,2024-02,26.6,90.4,27.8,18.1,19.7,1.6,clay,15.0,0.35,No Risk
6.925,80.125,2023-08,155.9,96.5,26.2,17.3,34.1,5.4,loam,15.0,0.55,Warning
7.05,80.225,2024-05,755.8,97.3,26.6,15.4,90.0,17.9,sandy,6.21,0.71,Landslide
6.95,79.975,2023-03,185.9,98.2,26.2,11.0,33.0,1.8,clay,5.79,0.61,Warning
6.9,79.95,2023-07,292.2,95.6,26.5,17.5,23.8,4.0,clay,7.85,0.61,Warning
6.9,80.25,2024-04,239.7,96.0,27.6,11.6,113.0,8.2,sandy,15.0,0.81,Warning
6.925,79.85,2025-01,278.6,94.9,25.6,14.2,24.7,3.2,clay,2.29,0.62,Flood
7.1,79.975,2024-10,395.3,97.3,25.9,14.3,4.1,2.0,clay,7.47,0.5,Warning
6.925,79.875,2024-11,355.4,96.3,25.7,15.1,16.7,1.3,loam,0.78,0.59,Flood
7.025,80.275,2024-09,383.8,95.3,25.5,13.8,190.6,30.0,sandy,11.77,0.81,Landslide
7.075,80.05,2024-04,229.9,98.3,28.2,12.4,38.7,7.9,clay,0.55,0.63,Flood
7.0,80.225,2023-02,123.9,97.0,25.3,11.6,93.3,10.0,sandy,11.44,0.71,Warning
7.1,79.9,2023-08,109.1,92.5,27.0,19.9,20.9,6.5,clay,12.94,0.56,Warning
7.0,80.025,2024-10,437.2,97.4,25.8,13.6,80.3,6.7,sandy,4.47,0.7,Warning
6.9,80.225,2023-05,254.9,95.5,26.4,12.5,111.9,8.1,sandy,15.0,0.81,Warning
6.95,79.925,2024-05,656.3,95.1,27.7,20.1,29.7,6.4,clay,2.77,0.67,Flood
7.1,79.95,2023-10,532.2,98.3,25.4,12.8,26.6,4.4,sandy,9.55,0.69,Warning
7.1,80.125,2024-04,224.0,96.8,28.0,12.8,71.0,11.4,loam,2.78,0.69,Warning
7.075,80.075,2024-02,27.6,91.4,28.1,16.6,71.6,10.1,clay,2.83,0.47,No Risk
7.0,79.95,2023-09,570.7,96.6,25.6,16.5,31.8,5.9,clay,1.11,0.55,Flood
6.95,79.975,2024-11,411.9,98.9,25.4,12.6,33.0,1.8,clay,5.79,0.58,Warning
7.1,80.375,2023-11,776.4,98.5,25.0,9.8,126.9,33.0,sandy,13.74,0.79,Landslide
7.0,79.95,2024-01,179.2,95.6,26.0,12.7,31.8,5.9,clay,1.11,0.56,Flood
6.95,80.0,2025-04,246.8,97.8,26.7,12.2,15.8,1.9,clay,7.11,0.57,Warning
6.975,79.95,2023-10,631.5,98.3,25.4,12.9,19.8,1.1,clay,2.29,0.63,Flood
6.925,80.3,2024-02,42.6,94.3,26.7,12.2,197.1,18.5,loam,15.0,0.62,No Risk
7.125,80.0,2023-01,112.9,90.5,25.1,16.8,61.0,15.4,loam,7.47,0.64,Landslide
7.15,79.85,2023-07,188.6,92.0,26.9,21.3,3.2,1.5,clay,15.0,0.55,Warning
7.0,80.025,2024-02,36.4,93.7,27.7,15.1,80.3,6.7,sandy,4.47,0.54,No Risk
6.925,79.875,2023-07,250.1,92.9,26.9,21.0,16.7,1.3,loam,0.78,0.55,Flood
6.925,79.85,2023-12,413.3,96.3,25.9,14.7,24.7,3.2,clay,2.29,0.6,Flood
7.125,80.3,2024-02,21.4,92.0,27.1,15.7,121.9,24.6,sandy,5.9,0.56,No Risk
7.0,80.125,2024-11,499.0,98.3,25.1,14.1,32.7,2.6,clay,12.17,0.62,Warning
7.0,79.95,2023-02,85.4,96.6,25.6,13.3,31.8,5.9,clay,1.11,0.6,Warning
7.075,79.875,2024-12,129.1,95.1,26.2,14.6,9.5,1.1,clay,12.18,0.57,Warning
6.9,80.075,2024-07,328.2,97.8,26.3,15.7,48.0,3.8,clay,15.0,0.67,Warning
7.1,80.15,2023-06,323.6,96.8,26.0,15.3,109.5,13.6,sandy,4.96,0.77,Warning
7.125,79.875,2024-08,265.6,92.3,26.7,20.2,3.0,2.0,clay,15.0,0.52,Warning
7.025,80.025,2024-07,324.6,97.3,26.5,15.6,69.5,11.7,loam,2.83,0.71,Warning
7.1,80.125,2023-04,203.6,97.0,26.8,12.4,71.0,11.4,loam,2.78,0.71,Warning
7.1,79.975,2023-09,551.0,96.5,25.6,17.2,4.1,2.0,clay,7.47,0.56,Warning
7.0,79.85,2024-08,309.0,92.7,26.8,19.6,13.7,1.6,loam,7.85,0.6,Warning
7.125,80.1,2024-02,25.4,90.9,27.8,17.2,39.1,1.8,loam,1.24,0.4,No Risk
6.925,80.25,2024-02,42.8,94.1,26.6,12.4,228.8,33.0,sandy,15.0,0.64,No Risk
7.025,79.9,2024-06,326.9,93.5,27.0,21.4,21.7,7.3,loam,6.0,0.64,Warning
6.925,80.225,2025-05,299.0,98.2,26.1,12.9,132.0,36.4,loam,15.0,0.79,Landslide
6.9,80.325,2024-06,410.8,96.4,24.8,14.3,190.9,31.7,sandy,15.0,0.8,Landslide
6.95,80.2,2024-01,185.4,96.9,25.6,10.1,66.3,6.2,loam,15.0,0.69,Warning
6.975,80.05,2024-02,35.9,93.7,27.8,15.1,76.5,13.7,loam,8.33,0.55,No Risk
7.125,80.25,2024-02,21.7,92.4,26.3,15.9,183.4,27.4,sandy,2.29,0.65,No Risk
7.05,80.05,2025-02,50.5,95.7,26.9,14.8,22.4,3.7,loam,3.33,0.49,Warning
7.025,80.075,2025-05,323.7,98.0,26.7,15.5,77.9,17.8,loam,6.71,0.65,Landslide
6.95,80.0,2023-09,573.5,96.9,25.5,16.9,15.8,1.9,clay,7.11,0.56,Warning
7.1,79.85,2025-02,33.9,91.5,27.3,17.8,19.7,1.6,clay,15.0,0.44,No Risk
6.9,80.325,2025-03,204.4,98.3,24.4,9.8,190.9,31.7,sandy,15.0,0.85,Landslide
6.9,79.9,2023-02,67.3,95.1,25.6,15.8,18.9,1.4,clay,4.0,0.5,Warning
7.0,80.325,2023-08,159.9,93.8,25.0,14.5,237.4,27.0,sandy,15.0,0.81,Landslide
6.925,79.975,2023-05,276.4,96.9,26.8,14.6,9.3,0.8,clay,7.89,0.63,Warning
7.075,80.125,2024-04,224.0,96.8,28.0,12.8,86.3,10.8,sandy,5.27,0.71,Warning
7.125,80.225,2023-05,217.0,94.5,25.3,14.5,101.5,18.6,clay,0.78,0.77,Landslide
7.025,80.275,2023-11,620.6,98.7,24.8,10.2,190.6,30.0,sandy,11.77,0.71,Landslide
7.1,80.05,2023-08,112.3,96.1,26.6,16.9,41.6,6.9,loam,2.22,0.59,Flood
7.1,80.3,2023-03,143.5,94.6,25.2,11.4,227.7,27.9,loam,8.0,0.79,Landslide
7.025,79.975,2024-12,196.3,97.8,26.1,12.3,18.0,0.9,loam,1.76,0.6,Flood
7.125,80.25,2023-06,280.0,94.3,24.9,15.4,183.4,27.4,sandy,2.29,0.8,Landslide
7.075,80.225,2023-08,132.2,93.3,25.5,16.3,87.8,9.6,sandy,3.92,0.65,Warning
7.075,80.125,2023-05,220.9,96.1,26.6,13.6,86.3,10.8,sandy,5.27,0.7,Warning
7.025,80.35,2024-04,254.2,95.8,26.3,9.6,168.9,24.2,sandy,15.0,0.73,Landslide
7.025,80.025,2023-01,129.0,91.8,25.1,14.5,69.5,11.7,loam,2.83,0.75,Warning
7.075,80.35,2023-12,457.8,98.0,24.3,10.4,222.8,24.9,loam,13.74,0.82,Landslide
7.025,79.875,2024-01,121.8,93.6,26.0,15.0,22.2,5.8,clay,7.89,0.6,Warning
6.975,80.1,2023-06,329.5,97.1,25.9,14.6,59.2,7.7,sandy,12.17,0.67,Warning
6.9,80.125,2024-05,766.7,97.3,26.7,16.0,76.5,15.5,sandy,15.0,0.71,Landslide
7.0,79.925,2025-05,280.7,94.2,27.8,19.0,3.0,2.2,clay,2.29,0.56,Flood
6.95,80.1,2024-02,39.6,96.3,27.0,12.7,68.6,15.4,clay,14.21,0.55,No Risk
7.0,79.925,2024-11,381.1,97.1,25.7,15.3,3.0,2.2,clay,2.29,0.59,Flood
7.125,79.925,2024-12,160.5,98.0,25.7,13.1,3.0,1.9,clay,13.44,0.57,Warning
6.9,80.25,2023-04,207.5,95.4,26.1,9.8,113.0,8.2,sandy,15.0,0.78,Warning
6.9,80.0,2023-11,541.1,99.5,25.3,10.6,64.3,14.6,loam,11.8,0.64,Warning
6.9,80.15,2024-02,38.8,96.4,27.1,13.0,132.2,24.6,loam,15.0,0.7,No Risk
7.05,80.125,2024-03,93.8,94.3,28.3,16.3,34.8,4.8,clay,7.47,0.62,Warning
6.9,80.2,2024-03,86.6,94.1,28.3,16.4,74.7,8.5,sandy,15.0,0.66,Warning
6.975,80.225,2023-02,123.9,97.0,25.3,11.6,118.1,16.4,sandy,14.15,0.79,Landslide
6.9,80.325,2023-03,215.5,94.9,24.3,9.2,190.9,31.7,sandy,15.0,0.82,Landslide
6.95,79.95,2023-06,421.5,96.8,26.4,16.7,10.8,0.5,clay,4.0,0.59,Warning
6.95,79.925,2024-10,410.6,95.4,26.3,16.9,29.7,6.4,clay,2.77,0.63,Flood
7.075,80.275,2025-01,298.3,98.5,24.6,10.9,201.6,18.5,loam,7.89,0.8,Landslide
7.05,80.3,2023-01,148.1,93.7,24.0,13.4,128.7,31.4,loam,11.8,0.82,Landslide
6.95,80.25,2024-09,417.6,95.1,24.9,12.8,182.1,27.5,sandy,15.0,0.78,Landslide
7.05,79.975,2024-06,352.7,95.8,26.8,18.3,7.1,1.2,clay,3.72,0.58,Warning
6.9,80.1,2023-08,155.9,96.5,26.2,17.3,75.8,7.3,loam,15.0,0.69,Warning
6.9,80.225,2023-09,737.1,95.9,25.1,15.6,111.9,8.1,sandy,15.0,0.78,Warning
6.925,79.95,2024-12,198.0,97.6,26.1,12.2,7.2,0.3,clay,6.21,0.57,Warning
7.075,80.35,2024-02,27.4,94.5,25.6,12.9,222.8,24.9,loam,13.74,0.57,No Risk
6.925,80.25,2024-06,455.6,94.8,25.9,14.4,228.8,33.0,sandy,15.0,0.76,Landslide
7.15,79.9,2023-03,138.5,96.6,26.6,14.1,7.8,0.8,clay,15.0,0.55,Warning
6.975,79.975,2024-07,361.1,96.3,26.8,16.6,17.0,0.8,loam,3.24,0.59,Flood
7.0,80.0,2024-04,232.2,98.6,28.0,12.9,74.6,6.2,clay,2.48,0.71,Warning
7.05,80.025,2024-12,158.5,98.0,25.7,12.5,87.5,19.3,clay,0.56,0.71,Landslide
6.975,79.85,2023-08,131.6,92.9,27.1,19.9,9.5,0.5,clay,6.21,0.59,Warning
6.925,79.85,2024-06,355.6,93.5,27.0,21.2,24.7,3.2,clay,2.29,0.58,Flood
7.125,80.1,2024-08,278.5,95.7,25.8,17.0,39.1,1.8,loam,1.24,0.58,Flood
6.975,80.1,2025-02,45.7,96.4,26.3,14.2,59.2,7.7,sandy,12.17,0.56,Warning
7.125,80.1,2023-10,541.4,97.7,25.1,13.3,39.1,1.8,loam,1.24,0.61,Flood
7.0,80.1,2023-01,160.0,92.7,24.7,14.4,29.7,6.4,loam,10.47,0.57,Warning
6.975,80.375,2024-03,148.7,94.9,22.5,10.6,153.1,24.6,sandy,15.0,0.79,Landslide
7.075,80.2,2023-10,578.0,97.5,24.9,13.3,99.7,13.8,loam,2.77,0.82,Warning
7.125,80.2,2024-02,19.5,92.0,27.4,16.3,92.0,7.0,sandy,2.78,0.55,No Risk
7.125,80.15,2025-02,42.5,96.1,26.1,14.3,153.9,18.9,loam,2.99,0.7,No Risk
6.975,80.375,2024-06,344.5,98.5,21.5,14.4,153.1,24.6,sandy,15.0,0.79,Landslide
7.1,80.075,2023-05,233.2,96.7,26.8,14.2,92.3,13.0,clay,0.55,0.68,Warning
6.925,80.325,2023-06,401.0,95.7,24.6,11.3,210.0,18.2,sandy,15.0,0.77,Landslide
7.1,80.225,2023-06,324.4,95.9,25.8,14.4,125.1,18.9,loam,2.77,0.81,Landslide
7.025,80.0,2023-04,178.0,97.7,26.9,12.2,75.1,17.7,clay,1.24,0.69,Landslide
6.975,80.3,2024-10,598.7,95.9,25.2,12.0,228.2,18.0,loam,15.0,0.83,Landslide
7.0,79.85,2025-03,137.8,95.4,27.3,12.0,13.7,1.6,loam,7.85,0.56,Warning
7.05,80.05,2024-02,27.9,91.5,28.1,16.8,22.4,3.7,loam,3.33,0.36,No Risk
7.1,80.35,2024-02,27.2,91.7,27.4,15.9,104.3,12.9,sandy,12.01,0.57,No Risk
7.075,80.025,2024-02,28.0,91.6,28.2,16.6,86.0,16.6,loam,2.83,0.52,No Risk
7.0,80.025,2023-04,204.1,98.1,26.8,11.4,80.3,6.7,sandy,4.47,0.7,Warning
6.95,79.9,2025-05,277.5,94.1,27.8,18.2,20.5,4.8,loam,0.0,0.6,Flood
7.1,79.975,2025-05,288.8,97.0,27.3,16.7,4.1,2.0,clay,7.47,0.64,Warning
6.9,80.325,2023-08,188.7,93.9,24.9,13.8,190.9,31.7,sandy,15.0,0.85,Landslide
6.9,80.125,2023-02,114.0,98.1,25.1,11.9,76.5,15.5,sandy,15.0,0.7,Landslide
7.0,80.25,2024-12,150.5,98.2,25.0,10.9,127.9,31.1,loam,12.41,0.75,Landslide
6.95,79.925,2023-09,554.6,95.0,26.0,19.3,29.7,6.4,clay,2.77,0.56,Flood
7.025,79.925,2024-08,309.0,92.7,26.7,19.6,7.6,1.0,clay,4.77,0.54,Warning
7.05,80.35,2024-04,260.2,96.8,27.0,10.6,132.8,27.5,sandy,15.0,0.85,Landslide
6.925,80.075,2023-09,568.4,97.8,25.1,16.8,23.4,3.6,clay,14.15,0.58,Warning
7.1,79.85,2025-04,221.3,95.7,27.0,15.2,19.7,1.6,clay,15.0,0.58,Warning
6.95,79.975,2024-01,168.0,96.8,26.0,12.0,33.0,1.8,clay,5.79,0.59,Warning
7.05,80.0,2023-06,325.2,96.6,26.6,17.5,74.6,7.6,clay,2.22,0.7,Warning
7.125,79.875,2025-02,34.2,91.8,27.3,17.6,3.0,2.0,clay,15.0,0.33,No Risk
6.9,80.025,2024-02,38.6,96.2,27.2,13.1,77.1,15.8,sandy,13.24,0.6,No Risk
7.15,80.0,2024-02,29.2,91.2,28.0,17.0,84.9,11.8,sandy,9.55,0.54,No Risk
7.1,80.3,2024-02,26.5,92.0,26.3,16.0,227.7,27.9,loam,8.0,0.63,No Risk
7.1,79.95,2025-03,163.7,99.0,26.5,12.5,26.6,4.4,sandy,9.55,0.58,Warning
7.0,80.35,2025-04,277.1,98.9,25.6,11.0,193.9,27.8,loam,15.0,0.8,Landslide
7.0,79.925,2024-01,116.7,93.6,26.0,15.2,3.0,2.2,clay,2.29,0.59,Flood
6.925,80.075,2025-04,295.1,98.6,26.1,12.6,23.4,3.6,clay,14.15,0.6,Warning
6.95,80.075,2024-02,37.9,96.1,27.4,13.2,54.5,2.1,loam,12.22,0.52,No Risk
6.975,80.325,2023-06,378.6,95.2,24.7,12.0,173.5,36.6,sandy,15.0,0.82,Landslide
7.125,80.075,2023-07,266.5,96.4,25.9,17.3,72.3,12.6,loam,2.83,0.7,Warning
6.9,79.85,2024-04,177.2,96.1,28.2,14.5,8.8,0.6,clay,3.14,0.6,Flood
6.9,79.95,2025-04,246.8,97.8,26.7,12.2,23.8,4.0,clay,7.85,0.51,Warning
7.075,80.375,2024-02,37.5,96.2,23.3,11.2,115.1,6.0,sandy,15.0,0.59,No Risk
6.975,80.225,2024-03,87.3,94.4,28.2,16.3,118.1,16.4,sandy,14.15,0.75,Landslide
7.1,80.275,2025-03,205.2,98.0,26.3,11.1,138.0,32.2,loam,6.0,0.75,Landslide
6.9,79.85,2024-11,366.6,96.3,25.9,14.9,8.8,0.6,clay,3.14,0.53,Flood
6.925,80.3,2023-02,135.7,95.6,25.0,10.9,197.1,18.5,loam,15.0,0.83,Landslide
7.075,80.35,2023-04,228.0,96.4,25.1,11.6,222.8,24.9,loam,13.74,0.81,Landslide
7.025,80.375,2024-05,749.0,97.3,25.5,13.5,119.5,13.0,loam,15.0,0.78,Warning
7.1,80.225,2024-05,755.8,97.3,26.6,15.4,125.1,18.9,loam,2.77,0.8,Landslide
7.05,79.925,2024-05,599.9,95.1,27.7,19.8,35.5,6.6,clay,6.77,0.62,Warning
6.925,80.325,2024-04,341.0,95.2,26.3,9.5,210.0,18.2,sandy,15.0,0.72,Landslide
7.075,80.275,2024-08,387.8,94.5,25.4,15.6,201.6,18.5,loam,7.89,0.83,Landslide
6.95,79.9,2025-05,274.2,94.1,27.8,18.1,20.5,4.8,loam,0.0,0.6,Flood
7.125,80.35,2024-03,106.1,94.6,27.2,14.7,158.1,30.1,loam,9.82,0.8,Landslide
6.925,80.325,2024-12,151.0,97.7,23.9,10.6,210.0,18.2,sandy,15.0,0.71,Landslide
6.95,80.35,2024-09,412.8,96.1,24.4,12.3,144.3,16.2,loam,15.0,0.8,Landslide
7.025,80.275,2024-10,598.7,95.9,25.2,12.0,190.6,30.0,sandy,11.77,0.83,Landslide
7.05,80.05,2024-04,223.9,98.3,28.1,12.4,22.4,3.7,loam,3.33,0.55,Flood
7.075,79.925,2025-04,221.9,96.0,27.0,14.7,12.8,1.0,loam,9.19,0.58,Warning
6.975,79.85,2024-02,43.1,91.9,27.7,17.6,9.5,0.5,clay,6.21,0.38,No Risk
7.1,80.0,2023-06,325.2,96.6,26.6,17.5,72.7,8.6,loam,5.98,0.68,Warning
7.075,79.95,2025-01,305.5,96.5,25.4,14.5,17.2,0.3,loam,7.55,0.57,Warning
6.925,80.3,2023-11,648.1,98.2,24.9,9.9,197.1,18.5,loam,15.0,0.85,Landslide
6.9,80.325,2025-05,369.2,99.0,24.6,11.4,190.9,31.7,sandy,15.0,0.75,Landslide
6.975,80.075,2023-08,137.4,96.4,26.5,17.0,57.2,4.9,clay,10.32,0.65,Warning
7.0,80.075,2024-02,36.5,93.4,27.7,14.8,52.6,1.6,sandy,8.25,0.54,No Risk
7.025,80.325,2023-06,395.4,94.7,25.3,12.7,167.2,17.8,sandy,15.0,0.77,Landslide
7.05,80.2,2024-09,313.3,96.9,24.4,15.7,99.8,17.4,sandy,5.55,0.73,Landslide
6.95,80.325,2023-07,413.1,94.8,25.2,13.3,174.0,30.3,sandy,15.0,0.74,Landslide
6.925,79.85,2023-07,265.4,92.8,26.9,20.9,24.7,3.2,clay,2.29,0.64,Flood
6.95,80.3,2025-04,378.4,99.1,25.5,10.6,238.9,30.8,sandy,15.0,0.79,Landslide
7.0,79.975,2024-05,699.5,97.2,27.3,16.5,9.0,0.5,clay,1.67,0.51,Flood
6.925,79.9,2025-01,278.4,94.8,25.6,14.3,11.6,0.4,clay,2.78,0.56,Flood
6.95,80.35,2023-04,282.6,95.3,24.9,9.2,144.3,16.2,loam,15.0,0.82,Landslide
7.1,79.875,2025-02,34.4,91.5,27.3,17.7,24.4,3.5,clay,14.57,0.44,No Risk
7.05,80.075,2024-03,112.6,95.8,28.3,15.7,48.9,3.6,loam,4.33,0.63,Warning
7.025,80.25,2023-05,254.7,94.5,26.1,12.0,95.1,18.9,sandy,10.01,0.73,Landslide
7.0,79.95,2024-06,359.3,95.8,26.7,18.1,31.8,5.9,clay,1.11,0.61,Flood
6.975,79.975,2025-03,188.9,98.4,26.7,11.0,17.0,0.8,loam,3.24,0.56,Flood
7.05,80.125,2025-04,283.7,98.4,26.0,12.8,34.8,4.8,clay,7.47,0.6,Warning
7.125,80.35,2025-05,247.2,97.4,25.2,14.6,158.1,30.1,loam,9.82,0.78,Landslide
7.075,80.15,2024-09,350.6,97.6,25.9,16.8,81.5,10.9,loam,6.21,0.73,Warning
7.0,80.325,2024-07,352.7,95.2,24.9,12.9,237.4,27.0,sandy,15.0,0.78,Landslide
6.9,80.175,2023-11,607.9,98.2,25.1,10.1,105.0,17.4,loam,15.0,0.8,Landslide
7.1,80.05,2024-12,162.4,97.9,25.7,12.7,41.6,6.9,loam,2.22,0.65,Flood
6.925,80.175,2024-06,426.5,95.8,26.1,15.7,65.1,18.1,loam,15.0,0.72,Landslide
7.05,80.225,2024-02,33.6,93.8,27.3,15.5,90.0,17.9,sandy,6.21,0.59,No Risk
6.975,80.325,2024-12,148.9,98.3,24.0,10.6,173.5,36.6,sandy,15.0,0.83,Landslide
7.075,80.0,2024-10,395.3,97.3,25.9,14.3,89.4,13.9,loam,3.55,0.73,Warning
6.975,80.15,2025-01,350.2,98.2,25.0,12.7,94.7,8.2,loam,14.94,0.75,Warning
7.0,80.375,2025-03,166.6,98.5,25.6,10.4,175.5,36.1,sandy,15.0,0.85,Landslide
7.0,79.9,2024-08,309.0,92.7,26.7,19.6,22.7,1.5,clay,4.0,0.59,Warning
7.05,80.175,2023-01,136.7,92.2,24.5,14.8,121.1,17.9,sandy,6.21,0.84,Landslide
7.125,79.95,2023-05,248.7,96.1,27.0,15.3,22.8,6.1,loam,11.39,0.68,Warning
7.0,80.275,2024-02,46.5,94.6,26.7,12.3,241.0,35.6,sandy,13.88,0.71,Warning
7.05,79.875,2024-11,386.9,97.2,25.6,15.8,22.2,6.6,clay,9.88,0.64,Warning
6.925,80.1,2023-04,199.7,97.4,26.5,11.4,54.2,8.0,loam,15.0,0.62,Warning
7.1,79.9,2023-12,366.3,95.8,25.9,16.1,20.9,6.5,clay,12.94,0.59,Warning
6.925,79.875,2025-01,278.6,94.9,25.6,14.2,16.7,1.3,loam,0.78,0.6,Flood
7.075,79.925,2023-02,60.6,93.6,25.7,16.3,12.8,1.0,loam,9.19,0.46,Warning
6.95,80.375,2023-07,390.3,94.7,23.4,12.5,212.6,38.0,loam,15.0,0.79,Landslide
6.975,80.15,2023-07,359.7,97.1,25.9,16.2,94.7,8.2,loam,14.94,0.73,Warning
7.1,80.375,2024-06,338.0,96.4,25.8,16.2,126.9,33.0,sandy,13.74,0.77,Landslide
6.925,80.0,2024-06,368.9,96.0,26.7,18.3,60.1,18.3,loam,9.44,0.69,Landslide
7.025,80.1,2024-07,306.0,97.0,26.2,15.8,79.7,8.2,loam,8.25,0.63,Warning
7.075,80.1,2023-07,301.7,96.6,25.9,16.4,32.2,3.5,clay,3.55,0.64,Warning
6.975,79.975,2024-11,426.5,98.9,25.4,12.7,17.0,0.8,loam,3.24,0.55,Flood
7.05,80.1,2024-12,142.8,97.5,25.4,13.1,43.6,5.2,clay,5.98,0.61,Warning
6.975,80.05,2024-02,35.7,93.9,27.6,15.1,76.5,13.7,loam,8.33,0.55,No Risk
6.9,79.875,2024-04,177.2,96.1,28.2,14.5,17.2,0.3,clay,2.29,0.58,Flood
7.0,80.3,2025-04,365.3,98.9,25.4,11.2,223.5,30.2,loam,15.0,0.8,Landslide
7.0,79.925,2025-05,267.5,94.1,27.9,19.1,3.0,2.2,clay,2.29,0.56,Flood
7.0,80.225,2025-02,55.1,97.2,26.2,14.0,93.3,10.0,sandy,11.44,0.59,Warning
7.125,80.0,2023-03,192.6,96.3,26.5,12.6,61.0,15.4,loam,7.47,0.68,Landslide
7.075,80.175,2023-05,221.1,95.4,25.6,13.2,88.0,17.9,loam,3.92,0.73,Landslide
6.9,80.025,2024-09,378.4,97.8,26.0,16.8,77.1,15.8,sandy,13.24,0.69,Landslide
7.0,80.2,2023-08,156.5,95.0,26.2,15.9,62.8,13.7,sandy,11.1,0.7,Warning
6.925,80.3,2025-04,378.4,99.1,25.5,10.6,197.1,18.5,loam,15.0,0.85,Landslide
7.15,79.95,2024-05,606.9,97.2,27.4,16.3,35.5,5.1,loam,13.55,0.57,Warning
6.925,80.0,2025-02,76.5,96.2,27.1,12.8,60.1,18.3,loam,9.44,0.59,Landslide
7.125,80.325,2024-08,342.0,94.1,26.0,16.8,114.8,10.7,loam,8.19,0.75,Warning
6.95,80.2,2023-02,114.0,97.6,25.2,11.6,66.3,6.2,loam,15.0,0.61,Warning
6.925,80.025,2024-02,38.3,96.0,27.3,13.0,52.5,3.1,clay,11.02,0.46,No Risk
7.0,80.275,2024-03,86.9,93.6,27.8,14.1,241.0,35.6,sandy,13.88,0.75,Landslide
7.025,80.0,2024-07,361.1,96.3,26.8,16.6,75.1,17.7,clay,1.24,0.65,Landslide
7.075,80.175,2024-02,33.2,93.7,26.5,15.3,88.0,17.9,loam,3.92,0.54,No Risk
7.025,79.975,2024-08,317.0,96.0,26.4,16.8,18.0,0.9,loam,1.76,0.55,Flood
6.9,79.9,2023-06,379.3,94.7,27.0,19.5,18.9,1.4,clay,4.0,0.67,Warning
7.0,80.3,2024-07,387.1,95.2,25.8,13.1,223.5,30.2,loam,15.0,0.79,Landslide
6.9,80.375,2023-09,618.5,96.2,23.8,15.4,172.8,22.7,sandy,15.0,0.78,Landslide
7.1,80.05,2024-12,158.5,98.0,25.7,12.5,41.6,6.9,loam,2.22,0.65,Flood
7.025,79.975,2024-08,305.7,96.1,26.4,16.9,18.0,0.9,loam,1.76,0.55,Flood
7.025,80.1,2024-11,499.0,98.3,25.1,14.1,79.7,8.2,loam,8.25,0.72,Warning
6.9,80.025,2025-01,376.1,98.7,25.0,12.5,77.1,15.8,sandy,13.24,0.73,Landslide
7.1,80.075,2024-12,158.5,98.0,25.7,12.5,92.3,13.0,clay,0.55,0.66,Warning
7.0,79.925,2023-06,371.6,94.7,27.0,20.1,3.0,2.2,clay,2.29,0.54,Flood
7.0,79.925,2024-05,611.9,95.2,27.8,19.9,3.0,2.2,clay,2.29,0.58,Flood
6.975,79.9,2025-03,129.9,95.4,27.2,12.2,18.4,0.3,clay,2.77,0.59,Flood
7.025,79.85,2023-06,370.5,94.9,27.1,19.9,24.8,3.0,clay,10.01,0.62,Warning
7.025,79.9,2023-04,168.5,98.0,27.0,13.9,21.7,7.3,loam,6.0,0.6,Warning
7.05,80.075,2023-04,210.1,97.6,26.9,12.0,48.9,3.6,loam,4.33,0.67,Warning
7.05,80.35,2023-09,509.0,96.8,24.5,17.1,132.8,27.5,sandy,15.0,0.8,Landslide
6.925,80.125,2024-01,190.0,97.1,25.6,10.3,34.1,5.4,loam,15.0,0.62,Warning
6.95,80.3,2023-08,190.3,93.5,26.1,14.4,238.9,30.8,sandy,15.0,0.81,Landslide
6.975,80.3,2023-12,518.7,98.1,25.1,10.9,228.2,18.0,loam,15.0,0.8,Landslide
7.025,80.3,2024-11,522.4,98.6,24.6,11.6,203.1,17.9,loam,13.87,0.79,Landslide
6.925,80.075,2025-03,212.2,98.7,26.1,11.2,23.4,3.6,clay,14.15,0.58,Warning
7.025,80.275,2023-02,122.7,96.2,25.0,10.9,190.6,30.0,sandy,11.77,0.78,Landslide
7.125,79.9,2024-02,26.8,90.4,27.7,18.1,29.0,5.3,clay,15.0,0.39,No Risk
7.0,79.925,2023-05,243.3,96.0,27.3,17.6,3.0,2.2,clay,2.29,0.54,Flood
7.1,80.225,2024-01,178.8,96.0,25.6,12.4,125.1,18.9,loam,2.77,0.84,Landslide
6.925,79.85,2024-07,315.9,93.6,27.1,18.8,24.7,3.2,clay,2.29,0.65,Flood
6.975,79.95,2023-10,638.6,98.2,25.4,13.1,19.8,1.1,clay,2.29,0.63,Flood
7.0,80.1,2023-10,637.6,97.2,25.2,13.1,29.7,6.4,loam,10.47,0.61,Warning
7.05,80.25,2025-02,60.2,97.2,26.5,12.7,124.2,29.2,loam,7.85,0.65,Landslide
7.125,79.85,2024-02,26.6,90.3,27.7,18.1,6.1,0.5,clay,15.0,0.37,No Risk
6.95,80.35,2023-05,325.7,95.2,25.1,11.0,144.3,16.2,loam,15.0,0.78,Landslide
7.1,80.25,2025-02,42.5,96.7,25.9,13.7,182.6,19.8,loam,4.0,0.69,No Risk
7.05,80.1,2024-02,27.0,91.3,27.8,16.2,43.6,5.2,clay,5.98,0.44,No Risk
6.9,79.875,2024-04,180.7,96.2,28.2,14.8,17.2,0.3,clay,2.29,0.58,Flood
7.125,80.2,2024-02,19.8,91.9,27.5,16.4,92.0,7.0,sandy,2.78,0.55,No Risk
7.075,80.175,2024-12,153.2,97.4,24.5,12.5,88.0,17.9,loam,3.92,0.72,Landslide
6.9,80.05,2024-09,378.4,97.8,26.0,16.8,22.1,5.5,clay,14.89,0.57,Warning
7.05,80.175,2023-12,416.7,97.7,25.3,12.9,121.1,17.9,sandy,6.21,0.76,Landslide
7.075,80.05,2024-10,408.2,97.5,25.8,13.3,38.7,7.9,clay,0.55,0.57,Flood
7.025,80.225,2023-02,123.9,97.0,25.3,11.6,137.7,19.0,sandy,8.78,0.84,Landslide
6.95,80.275,2024-09,417.6,95.1,25.6,12.8,186.9,15.9,sandy,15.0,0.79,Landslide
6.975,79.925,2024-04,173.2,96.5,28.2,14.6,14.6,0.6,clay,0.78,0.58,Flood
6.975,79.975,2023-01,110.3,91.5,25.2,15.1,17.0,0.8,loam,3.24,0.59,Flood
7.125,80.15,2024-10,471.7,96.6,25.3,13.7,153.9,18.9,loam,2.99,0.8,Landslide
7.0,80.275,2023-03,186.2,96.6,25.4,10.0,241.0,35.6,sandy,13.88,0.85,Landslide
7.075,80.3,2025-01,298.3,98.5,24.6,10.9,99.1,6.7,loam,9.88,0.78,Warning
7.125,80.275,2024-02,22.1,92.3,27.0,15.8,199.1,34.9,sandy,4.23,0.59,No Risk
6.95,80.375,2024-06,410.8,96.4,23.7,14.3,212.6,38.0,loam,15.0,0.83,Landslide
7.0,80.0,2025-01,343.7,97.1,25.4,13.1,74.6,6.2,clay,2.48,0.71,Warning
7.025,79.95,2025-05,276.5,96.8,27.2,15.9,14.2,1.5,clay,2.99,0.57,Flood
6.975,80.025,2023-03,194.3,98.4,26.2,10.3,70.2,12.1,sandy,6.33,0.69,Warning
6.925,79.9,2023-05,253.6,94.7,27.2,17.0,11.6,0.4,clay,2.78,0.64,Flood
7.075,80.325,2025-01,330.3,98.8,23.9,9.7,99.7,18.4,sandy,11.88,0.74,Landslide
7.1,79.875,2024-01,139.3,93.0,26.1,16.3,24.4,3.5,clay,14.57,0.56,Warning
6.95,79.9,2025-01,268.7,94.8,25.5,14.2,20.5,4.8,loam,0.0,0.64,Flood
7.0,79.95,2024-10,444.4,97.3,25.9,14.3,31.8,5.9,clay,1.11,0.6,Flood
6.975,79.975,2023-03,138.9,97.6,26.3,11.6,17.0,0.8,loam,3.24,0.57,Flood
7.075,79.925,2024-03,78.7,94.8,28.0,16.3,12.8,1.0,loam,9.19,0.5,Warning
6.975,79.85,2023-10,504.7,96.8,25.6,15.1,9.5,0.5,clay,6.21,0.6,Warning
7.125,80.025,2024-02,29.3,91.2,28.1,17.1,86.7,12.3,loam,5.71,0.53,No Risk
7.025,80.35,2023-02,114.5,95.3,23.9,9.3,168.9,24.2,sandy,15.0,0.81,Landslide
6.9,79.9,2024-06,355.6,93.5,27.1,21.2,18.9,1.4,clay,4.0,0.54,Warning
6.975,80.2,2025-02,55.1,97.2,26.2,14.0,118.9,8.0,sandy,13.88,0.66,Warning
6.975,80.225,2023-03,164.0,97.5,25.8,10.3,118.1,16.4,sandy,14.15,0.77,Landslide
7.075,80.05,2024-09,349.2,97.4,26.3,17.0,38.7,7.9,clay,0.55,0.63,Flood
6.9,80.2,2025-01,290.5,99.0,24.8,9.7,74.7,8.5,sandy,15.0,0.7,Warning
7.025,79.9,2024-02,43.1,91.7,27.6,17.6,21.7,7.3,loam,6.0,0.47,No Risk
7.075,80.025,2024-07,315.7,97.0,26.5,16.0,86.0,16.6,loam,2.83,0.74,Landslide
6.925,80.1,2025-01,332.0,99.1,24.8,11.3,54.2,8.0,loam,15.0,0.69,Warning
6.95,80.025,2024-02,38.1,96.0,27.1,12.9,88.4,10.8,loam,8.69,0.58,No Risk
7.125,80.225,2025-02,42.7,96.6,25.0,13.7,101.5,18.6,clay,0.78,0.59,No Risk
7.05,80.275,2023-12,438.8,98.2,25.0,11.6,201.8,19.8,loam,10.01,0.82,Landslide
7.05,79.975,2024-05,637.4,97.3,27.4,16.3,7.1,1.2,clay,3.72,0.54,Warning
6.925,79.875,2023-06,371.6,94.6,27.0,19.5,16.7,1.3,loam,0.78,0.53,Flood
6.975,79.925,2023-06,367.1,95.0,27.0,20.1,14.6,0.6,clay,0.78,0.58,Flood
7.0,79.975,2024-05,689.9,97.2,27.3,16.3,9.0,0.5,clay,1.67,0.51,Flood
7.15,80.0,2025-03,180.6,98.3,26.4,12.7,84.9,11.8,sandy,9.55,0.75,Warning
6.9,80.05,2023-09,568.4,97.8,25.1,16.8,22.1,5.5,clay,14.89,0.62,Warning
6.925,79.975,2023-01,120.8,93.3,25.0,14.3,9.3,0.8,clay,7.89,0.54,Warning
6.95,79.9,2024-09,310.4,92.9,27.0,20.0,20.5,4.8,loam,0.0,0.57,Flood
7.0,80.275,2024-10,598.7,95.9,25.2,12.0,241.0,35.6,sandy,13.88,0.79,Landslide
7.075,80.225,2023-01,148.1,93.6,23.5,13.4,87.8,9.6,sandy,3.92,0.75,Warning
6.925,80.125,2024-09,363.1,97.4,25.7,16.7,34.1,5.4,loam,15.0,0.63,Warning
6.925,79.975,2025-03,189.7,98.4,26.7,10.4,9.3,0.8,clay,7.89,0.58,Warning
6.975,80.05,2024-11,469.8,98.8,25.3,13.2,76.5,13.7,loam,8.33,0.69,Warning
7.075,79.95,2024-09,325.9,96.2,26.6,17.9,17.2,0.3,loam,7.55,0.6,Warning
7.075,80.25,2023-03,186.9,96.7,26.2,10.7,117.6,18.7,sandy,6.21,0.78,Landslide
6.95,80.125,2023-05,241.1,96.6,26.3,13.2,28.9,5.4,clay,15.0,0.6,Warning
7.0,80.175,2024-01,189.7,96.6,24.9,11.1,74.0,13.3,sandy,11.44,0.75,Warning
7.05,80.025,2023-12,403.4,97.8,25.8,13.6,87.5,19.3,clay,0.56,0.74,Landslide
7.075,79.975,2024-03,83.2,96.9,28.2,15.1,18.3,2.2,loam,5.71,0.58,Warning
6.975,80.375,2025-04,261.7,99.0,21.4,10.0,153.1,24.6,sandy,15.0,0.79,Landslide
6.95,79.925,2023-05,241.2,94.8,27.3,16.9,29.7,6.4,clay,2.77,0.6,Flood
6.925,79.875,2024-06,355.6,93.5,27.1,21.2,16.7,1.3,loam,0.78,0.55,Flood
6.925,80.225,2024-02,39.2,95.9,27.2,12.8,132.0,36.4,loam,15.0,0.65,No Risk
7.15,80.0,2023-09,544.0,97.4,25.3,17.5,84.9,11.8,sandy,9.55,0.67,Warning
6.95,80.125,2025-02,74.5,97.5,26.1,13.4,28.9,5.4,clay,15.0,0.55,Warning
7.05,80.35,2023-10,590.2,97.8,24.6,12.1,132.8,27.5,sandy,15.0,0.83,Landslide
6.95,80.025,2023-04,197.0,98.1,26.5,11.0,88.4,10.8,loam,8.69,0.73,Warning
6.975,80.05,2023-01,129.0,91.8,25.1,14.5,76.5,13.7,loam,8.33,0.71,Warning
6.95,80.3,2023-04,207.5,95.4,26.1,9.8,238.9,30.8,sandy,15.0,0.84,Landslide
7.1,80.15,2024-02,27.1,91.3,27.7,16.3,109.5,13.6,sandy,4.96,0.51,No Risk
6.975,80.0,2023-08,136.4,95.8,26.7,17.6,74.9,18.6,loam,5.12,0.74,Landslide
7.1,79.95,2023-09,519.4,96.6,25.6,17.5,26.6,4.4,sandy,9.55,0.63,Warning
7.075,79.875,2023-12,366.3,95.8,25.9,16.1,9.5,1.1,clay,12.18,0.6,Warning
6.95,79.9,2024-12,130.0,94.2,26.7,13.7,20.5,4.8,loam,0.0,0.56,Flood
7.125,80.225,2025-02,42.9,96.5,25.1,13.5,101.5,18.6,clay,0.78,0.59,No Risk
7.1,79.925,2024-08,268.0,95.6,26.4,17.3,4.3,0.6,clay,11.44,0.52,Warning
7.05,80.25,2023-07,363.1,94.3,26.1,15.0,124.2,29.2,loam,7.85,0.8,Landslide
7.075,80.15,2024-03,93.8,94.3,28.3,16.3,81.5,10.9,loam,6.21,0.75,Warning
6.9,80.35,2025-02,58.2,95.8,24.5,10.9,121.1,24.6,loam,15.0,0.69,Landslide
7.075,80.175,2025-02,33.2,96.6,25.3,14.2,88.0,17.9,loam,3.92,0.57,No Risk
7.0,79.975,2023-01,119.1,91.5,25.1,15.1,9.0,0.5,clay,1.67,0.54,Flood
6.975,79.9,2023-03,104.3,97.4,26.4,13.2,18.4,0.3,clay,2.77,0.61,Flood
7.125,80.325,2024-02,26.9,91.7,27.4,15.8,114.8,10.7,loam,8.19,0.62,No Risk
7.075,80.025,2024-04,223.9,98.3,28.1,12.4,86.0,16.6,loam,2.83,0.71,Landslide
6.95,80.125,2024-03,113.7,95.5,28.0,16.3,28.9,5.4,clay,15.0,0.63,Warning
7.0,80.3,2024-11,522.4,98.6,24.6,11.6,223.5,30.2,loam,15.0,0.74,Landslide
6.9,80.275,2023-02,135.7,95.6,25.0,10.9,132.8,33.3,sandy,15.0,0.81,Landslide
6.975,80.275,2023-09,709.1,95.5,24.7,15.8,191.4,27.2,loam,15.0,0.82,Landslide
7.025,79.95,2024-02,32.2,93.4,27.8,15.5,14.2,1.5,clay,2.99,0.39,Warning
7.05,80.1,2023-10,600.5,97.4,25.1,13.1,43.6,5.2,clay,5.98,0.64,Warning
6.975,79.925,2024-05,607.9,95.2,27.8,19.9,14.6,0.6,clay,0.78,0.63,Flood
7.1,79.9,2024-07,271.7,93.5,27.1,20.0,20.9,6.5,clay,12.94,0.62,Warning
6.975,80.2,2023-09,667.4,96.1,25.0,16.0,118.9,8.0,sandy,13.88,0.81,Warning
6.9,79.875,2023-01,85.9,91.1,25.2,17.3,17.2,0.3,clay,2.29,0.51,Warning
7.125,80.175,2023-07,274.9,95.3,25.7,16.9,116.2,10.0,loam,3.92,0.81,Warning
7.075,79.975,2025-04,230.2,98.1,26.8,12.8,18.3,2.2,loam,5.71,0.59,Warning
7.1,80.35,2024-02,27.2,91.7,27.4,16.0,104.3,12.9,sandy,12.01,0.57,No Risk
7.0,80.325,2024-04,254.2,95.8,26.3,9.6,237.4,27.0,sandy,15.0,0.78,Landslide
6.925,80.225,2024-08,402.8,95.4,25.8,14.8,132.0,36.4,loam,15.0,0.81,Landslide
7.025,79.875,2025-04,164.1,95.3,27.4,14.0,22.2,5.8,clay,7.89,0.6,Warning
6.9,79.95,2023-09,573.5,96.9,25.5,16.9,23.8,4.0,clay,7.85,0.58,Warning
7.1,80.2,2024-12,153.2,97.5,25.3,12.5,88.8,13.2,loam,0.0,0.73,Warning
7.075,79.875,2024-02,42.3,91.2,27.6,17.9,9.5,1.1,clay,12.18,0.47,No Risk
6.975,79.9,2025-01,265.4,94.6,25.5,15.2,18.4,0.3,clay,2.77,0.56,Flood
7.15,79.875,2023-08,105.1,92.4,27.0,19.9,5.4,2.0,loam,15.0,0.55,Warning
7.1,79.875,2025-02,34.5,91.7,27.2,17.7,24.4,3.5,clay,14.57,0.44,No Risk
6.975,80.175,2023-08,156.5,95.0,26.2,15.9,78.0,16.1,sandy,14.15,0.68,Landslide
6.925,79.85,2023-07,272.0,92.9,26.9,21.2,24.7,3.2,clay,2.29,0.64,Flood
6.95,80.075,2024-05,755.7,97.9,26.8,15.7,54.5,2.1,loam,12.22,0.63,Warning
6.9,80.0,2024-02,37.5,95.3,27.5,14.5,64.3,14.6,loam,11.8,0.52,No Risk
7.025,79.975,2023-07,254.2,95.5,26.6,17.6,18.0,0.9,loam,1.76,0.6,Flood
6.9,80.35,2024-07,377.5,95.1,24.9,12.4,121.1,24.6,loam,15.0,0.83,Landslide
6.975,80.025,2023-07,281.7,96.5,26.2,16.6,70.2,12.1,sandy,6.33,0.73,Warning
7.125,80.275,2025-02,41.8,96.6,25.9,13.6,199.1,34.9,sandy,4.23,0.66,No Risk
6.95,79.95,2025-01,322.1,97.8,25.3,12.1,10.8,0.5,clay,4.0,0.59,Warning
7.025,79.95,2024-05,717.6,97.3,27.3,16.5,14.2,1.5,clay,2.99,0.62,Flood
7.075,80.0,2024-06,352.7,95.8,26.8,18.3,89.4,13.9,loam,3.55,0.7,Warning
7.125,80.15,2024-12,168.6,97.2,25.2,12.7,153.9,18.9,loam,2.99,0.81,Landslide
7.1,80.1,2023-09,538.1,97.0,25.0,18.0,75.3,10.7,loam,2.22,0.72,Warning
7.125,80.125,2023-11,608.9,98.5,25.1,10.5,79.8,17.8,sandy,1.76,0.66,Landslide
7.125,80.375,2025-02,28.2,96.4,25.4,13.1,175.1,24.7,sandy,11.88,0.64,No Risk
7.075,80.35,2024-07,348.3,95.2,24.9,14.2,222.8,24.9,loam,13.74,0.79,Landslide
6.975,80.075,2024-11,469.8,98.8,25.3,13.2,57.2,4.9,clay,10.32,0.67,Warning
7.1,79.925,2024-11,444.4,99.1,25.3,13.3,4.3,0.6,clay,11.44,0.51,Warning
7.025,80.2,2023-10,680.7,97.5,24.3,12.8,123.8,29.9,sandy,8.32,0.84,Landslide
7.025,79.975,2025-04,226.5,97.7,26.9,12.3,18.0,0.9,loam,1.76,0.62,Flood
7.125,80.125,2024-12,144.9,97.5,25.4,13.2,79.8,17.8,sandy,1.76,0.66,Landslide
6.95,79.875,2023-06,373.6,94.7,27.0,19.6,39.8,2.5,loam,2.78,0.58,Flood
6.925,79.925,2023-01,85.9,91.1,25.2,17.3,31.7,5.7,loam,3.92,0.5,Warning
7.05,80.175,2025-05,305.5,98.3,25.9,14.4,121.1,17.9,sandy,6.21,0.77,Landslide
6.925,80.125,2024-10,509.7,97.0,25.5,13.9,34.1,5.4,loam,15.0,0.61,Warning
6.925,79.975,2025-02,76.5,96.2,27.1,12.8,9.3,0.8,clay,7.89,0.53,Warning
7.05,80.3,2023-06,327.3,95.0,25.5,13.8,128.7,31.4,loam,11.8,0.79,Landslide
7.0,79.925,2023-10,501.4,96.8,25.6,15.1,3.0,2.2,clay,2.29,0.54,Flood
6.925,80.125,2023-02,114.0,98.1,25.1,11.9,34.1,5.4,loam,15.0,0.63,Warning
7.05,79.975,2023-12,386.0,97.9,25.8,14.1,7.1,1.2,clay,3.72,0.62,Warning
7.1,80.225,2023-11,568.6,98.8,24.9,10.6,125.1,18.9,loam,2.77,0.77,Landslide
7.075,80.3,2023-09,619.5,96.1,24.5,16.9,99.1,6.7,loam,9.88,0.73,Warning
6.925,79.975,2025-04,246.8,97.8,26.7,12.2,9.3,0.8,clay,7.89,0.6,Warning
7.1,79.85,2023-03,138.5,96.6,26.6,14.1,19.7,1.6,clay,15.0,0.57,Warning
6.975,80.025,2024-02,35.7,93.7,27.7,15.0,70.2,12.1,sandy,6.33,0.59,No Risk
6.925,80.0,2024-11,411.9,98.9,25.4,12.6,60.1,18.3,loam,9.44,0.65,Landslide
7.0,79.95,2023-01,108.9,91.5,25.3,15.0,31.8,5.9,clay,1.11,0.57,Flood
6.975,80.275,2024-05,878.4,96.9,26.4,13.9,191.4,27.2,loam,15.0,0.75,Landslide
7.125,80.05,2025-02,43.3,95.4,27.0,15.5,50.3,6.3,loam,4.33,0.5,No Risk
7.05,80.175,2023-06,324.4,95.9,25.8,14.4,121.1,17.9,sandy,6.21,0.83,Landslide
6.925,80.35,2024-06,410.8,96.4,24.8,14.3,196.5,16.3,sandy,15.0,0.83,Landslide
6.925,80.35,2023-08,188.7,93.9,24.9,13.8,196.5,16.3,sandy,15.0,0.82,Landslide
6.925,79.9,2023-05,241.8,94.8,27.3,16.9,11.6,0.4,clay,2.78,0.64,Flood
7.0,79.975,2023-05,228.9,96.7,26.9,14.8,9.0,0.5,clay,1.67,0.52,Flood
7.0,80.075,2024-02,36.4,93.6,27.7,15.0,52.6,1.6,sandy,8.25,0.54,No Risk
7.1,80.35,2024-07,323.5,94.4,26.3,15.9,104.3,12.9,sandy,12.01,0.73,Warning
7.05,80.3,2025-01,298.3,98.5,24.6,10.9,128.7,31.4,loam,11.8,0.81,Landslide
7.125,80.225,2024-02,22.1,92.4,26.2,15.8,101.5,18.6,clay,0.78,0.63,No Risk
7.025,79.85,2025-04,164.1,95.3,27.5,14.0,24.8,3.0,clay,10.01,0.62,Warning
6.975,79.925,2023-07,201.1,92.8,26.9,21.4,14.6,0.6,clay,0.78,0.6,Flood
6.9,80.075,2025-03,212.2,98.7,26.1,11.2,48.0,3.8,clay,15.0,0.63,Warning
7.05,80.25,2024-10,514.5,96.3,25.8,12.7,124.2,29.2,loam,7.85,0.81,Landslide
7.0,80.2,2023-09,667.4,96.1,25.0,16.0,62.8,13.7,sandy,11.1,0.61,Warning
7.0,80.375,2023-04,219.8,95.5,26.1,10.6,175.5,36.1,sandy,15.0,0.79,Landslide
7.15,79.925,2025-05,256.8,97.1,27.3,17.7,12.6,0.5,clay,15.0,0.52,Warning
7.1,80.35,2024-10,365.7,96.2,25.6,13.8,104.3,12.9,sandy,12.01,0.73,Warning
6.975,79.9,2023-04,161.8,97.9,27.0,13.9,18.4,0.3,clay,2.77,0.54,Flood
6.95,80.175,2023-05,254.9,95.5,26.4,12.5,117.2,19.0,loam,15.0,0.78,Landslide
6.975,79.9,2023-04,168.5,98.0,27.0,13.9,18.4,0.3,clay,2.77,0.54,Flood
6.975,80.25,2024-08,456.7,94.2,25.5,14.8,209.1,35.5,loam,14.94,0.81,Landslide
6.9,80.225,2024-06,426.5,95.8,26.1,15.7,111.9,8.1,sandy,15.0,0.78,Warning
6.9,79.875,2024-12,137.7,94.3,26.7,13.8,17.2,0.3,clay,2.29,0.61,Flood
7.125,80.2,2023-09,531.8,96.5,24.8,17.7,92.0,7.0,sandy,2.78,0.74,Warning
7.075,79.85,2024-02,42.2,91.3,27.8,17.8,25.8,2.4,loam,13.79,0.46,No Risk
7.05,79.95,2025-04,230.2,98.1,26.8,12.8,19.3,2.2,clay,5.55,0.58,Warning
7.05,80.05,2024-01,187.5,94.5,26.1,13.8,22.4,3.7,loam,3.33,0.6,Flood
7.0,79.9,2023-10,504.7,96.8,25.6,15.1,22.7,1.5,clay,4.0,0.6,Warning
6.9,80.2,2024-05,800.1,96.8,26.8,14.9,74.7,8.5,sandy,15.0,0.67,Warning
7.1,80.05,2025-05,299.7,97.8,26.8,15.9,41.6,6.9,loam,2.22,0.65,Flood
6.925,80.35,2023-03,215.5,94.9,24.3,9.2,196.5,16.3,sandy,15.0,0.84,Landslide
7.0,80.175,2023-01,167.6,94.4,23.7,13.1,74.0,13.3,sandy,11.44,0.67,Warning
6.925,79.85,2024-08,334.0,92.8,26.7,19.1,24.7,3.2,clay,2.29,0.62,Flood
7.025,79.925,2025-01,278.2,94.5,25.6,15.2,7.6,1.0,clay,4.77,0.54,Warning
7.075,80.325,2023-06,299.7,95.4,24.7,13.5,99.7,18.4,sandy,11.88,0.77,Landslide
7.0,80.1,2023-04,218.2,97.2,26.6,11.7,29.7,6.4,loam,10.47,0.64,Warning
7.0,80.25,2023-08,174.7,93.3,26.0,15.2,127.9,31.1,loam,12.41,0.84,Landslide
7.15,79.9,2023-11,517.8,97.8,25.5,11.8,7.8,0.8,clay,15.0,0.61,Warning
7.0,80.075,2024-02,36.3,93.6,27.7,15.1,52.6,1.6,sandy,8.25,0.54,No Risk
6.925,80.15,2024-04,186.5,96.9,27.7,13.3,109.4,14.2,sandy,15.0,0.71,Warning
6.9,79.925,2024-04,177.2,96.1,28.2,14.5,28.1,3.3,sandy,6.21,0.64,Warning
6.975,80.275,2023-12,518.7,98.1,25.1,10.9,191.4,27.2,loam,15.0,0.81,Landslide
7.15,79.875,2025-03,152.8,96.4,26.7,12.8,5.4,2.0,loam,15.0,0.61,Warning
7.075,79.9,2024-06,301.6,93.6,27.0,21.6,28.5,5.2,clay,10.66,0.61,Warning
7.15,79.975,2025-05,256.8,97.1,27.3,17.7,28.4,6.7,clay,11.39,0.59,Warning
7.05,79.85,2024-08,275.8,92.6,26.8,20.0,7.3,1.1,clay,11.8,0.56,Warning
6.975,80.05,2024-02,36.3,94.0,27.8,15.1,76.5,13.7,loam,8.33,0.55,No Risk
6.95,80.1,2024-03,113.7,95.5,28.0,16.3,68.6,15.4,clay,14.21,0.71,Landslide
6.9,80.0,2024-02,38.1,95.2,27.5,14.7,64.3,14.6,loam,11.8,0.52,No Risk
6.975,80.125,2024-04,197.2,96.8,27.9,12.7,37.5,4.8,clay,14.32,0.65,Warning
6.975,80.1,2023-03,188.5,97.7,25.9,10.5,59.2,7.7,sandy,12.17,0.71,Warning
6.9,79.975,2025-02,76.5,96.2,27.1,12.8,23.2,3.9,loam,10.01,0.51,Warning
6.95,80.075,2024-02,37.5,96.1,27.2,13.0,54.5,2.1,loam,12.22,0.52,No Risk
6.925,79.9,2024-11,355.6,96.6,25.8,15.0,11.6,0.4,clay,2.78,0.65,Flood
6.9,79.95,2024-08,369.5,96.2,26.3,16.6,23.8,4.0,clay,7.85,0.63,Warning
6.925,79.95,2023-04,213.5,97.7,26.8,11.7,7.2,0.3,clay,6.21,0.54,Warning
6.975,79.9,2024-05,604.4,95.2,27.8,20.1,18.4,0.3,clay,2.77,0.59,Flood
6.95,79.875,2023-06,379.3,94.7,27.0,19.5,39.8,2.5,loam,2.78,0.58,Flood
6.925,80.325,2025-05,369.2,99.0,24.6,11.4,210.0,18.2,sandy,15.0,0.76,Landslide
6.975,80.15,2024-11,499.0,98.3,25.1,14.1,94.7,8.2,loam,14.94,0.67,Warning
7.075,80.125,2023-02,109.4,95.8,25.6,12.7,86.3,10.8,sandy,5.27,0.7,Warning
6.9,80.275,2024-02,42.8,94.4,26.7,12.2,132.8,33.3,sandy,15.0,0.59,No Risk
7.0,80.15,2023-06,329.5,97.1,25.9,14.6,147.0,20.3,sandy,12.41,0.77,Landslide
7.05,80.05,2024-06,391.2,96.5,26.5,17.1,22.4,3.7,loam,3.33,0.61,Flood
7.05,80.025,2023-09,563.7,97.1,25.4,17.0,87.5,19.3,clay,0.56,0.75,Landslide
7.1,80.375,2024-02,28.0,94.3,26.8,13.0,126.9,33.0,sandy,13.74,0.62,No Risk
6.975,79.85,2024-10,416.9,95.4,26.3,16.9,9.5,0.5,clay,6.21,0.54,Warning
7.05,80.075,2024-12,158.5,98.0,25.7,12.5,48.9,3.6,loam,4.33,0.66,Warning
6.95,80.25,2023-04,207.5,95.4,25.5,9.8,182.1,27.5,sandy,15.0,0.83,Landslide
7.075,80.05,2024-06,391.2,96.5,26.5,17.1,38.7,7.9,clay,0.55,0.63,Flood
6.925,79.975,2025-01,322.1,97.8,25.3,12.1,9.3,0.8,clay,7.89,0.6,Warning
7.075,80.375,2025-02,45.0,98.7,22.5,11.0,115.1,6.0,sandy,15.0,0.62,No Risk
6.975,79.95,2024-04,232.2,98.6,28.0,12.9,19.8,1.1,clay,2.29,0.6,Flood
7.0,79.95,2025-04,224.3,97.7,26.9,12.4,31.8,5.9,clay,1.11,0.62,Flood
6.9,80.225,2025-04,304.4,98.1,25.9,11.1,111.9,8.1,sandy,15.0,0.73,Warning
7.0,80.15,2025-04,282.7,98.3,25.9,12.8,147.0,20.3,sandy,12.41,0.75,Landslide
6.975,79.875,2024-02,43.4,91.8,27.6,17.6,28.7,5.1,sandy,3.92,0.43,No Risk
6.975,80.3,2023-10,687.8,97.6,24.7,12.1,228.2,18.0,loam,15.0,0.79,Landslide
7.05,80.225,2025-02,33.5,96.5,26.2,14.2,90.0,17.9,sandy,6.21,0.56,No Risk
7.075,80.325,2025-05,311.2,98.5,24.8,13.0,99.7,18.4,sandy,11.88,0.75,Landslide
7.1,80.0,2023-09,551.0,96.5,25.6,17.2,72.7,8.6,loam,5.98,0.69,Warning
7.025,79.875,2024-05,607.9,95.2,27.8,19.9,22.2,5.8,clay,7.89,0.59,Warning
6.925,79.975,2024-05,761.3,97.1,27.2,16.4,9.3,0.8,clay,7.89,0.55,Warning
6.975,80.25,2025-01,364.8,99.2,24.6,9.6,209.1,35.5,loam,14.94,0.74,Landslide
7.075,80.05,2023-02,136.0,95.4,25.9,13.1,38.7,7.9,clay,0.55,0.65,Flood
6.925,80.225,2023-01,129.3,96.5,24.2,11.6,132.0,36.4,loam,15.0,0.81,Landslide
7.075,80.075,2024-11,472.7,98.8,25.3,13.4,71.6,10.1,clay,2.83,0.63,Warning
7.1,80.3,2024-04,240.3,96.6,26.7,12.0,227.7,27.9,loam,8.0,0.81,Landslide
6.9,79.95,2025-05,307.3,96.9,27.1,15.7,23.8,4.0,clay,7.85,0.57,Warning
7.125,80.1,2024-12,145.0,97.6,25.4,13.3,39.1,1.8,loam,1.24,0.6,Flood
6.95,79.9,2023-07,250.1,92.9,26.9,21.0,20.5,4.8,loam,0.0,0.6,Flood
7.05,80.3,2024-11,540.7,98.6,24.5,12.0,128.7,31.4,loam,11.8,0.84,Landslide
7.0,79.95,2024-06,353.9,95.9,26.7,18.2,31.8,5.9,clay,1.11,0.61,Flood
6.975,80.0,2023-04,178.0,97.7,26.9,12.2,74.9,18.6,loam,5.12,0.71,Landslide
7.15,79.95,2025-01,271.0,96.5,25.5,15.8,35.5,5.1,loam,13.55,0.63,Warning
7.075,79.875,2024-02,42.2,91.1,27.7,17.8,9.5,1.1,clay,12.18,0.47,No Risk
7.15,79.85,2025-02,34.7,91.6,27.3,17.9,3.2,1.5,clay,15.0,0.37,No Risk
7.125,80.225,2024-12,158.0,97.3,24.2,11.9,101.5,18.6,clay,0.78,0.76,Landslide
7.1,80.05,2023-11,558.9,99.4,25.4,10.1,41.6,6.9,loam,2.22,0.65,Flood
7.125,80.25,2025-02,42.5,96.6,25.1,13.6,183.4,27.4,sandy,2.29,0.59,No Risk
7.1,80.05,2025-05,294.1,97.8,26.7,15.9,41.6,6.9,loam,2.22,0.65,Flood
7.075,80.05,2024-10,409.4,97.4,25.9,13.6,38.7,7.9,clay,0.55,0.57,Flood
7.075,80.35,2024-10,438.3,96.6,24.2,12.5,222.8,24.9,loam,13.74,0.81,Landslide
7.125,79.95,2025-02,36.3,95.6,27.1,14.9,22.8,6.1,loam,11.39,0.46,Warning
6.925,80.15,2024-06,403.3,96.8,26.0,17.1,109.4,14.2,sandy,15.0,0.74,Warning
7.125,80.225,2025-02,42.1,96.6,25.2,13.5,101.5,18.6,clay,0.78,0.59,No Risk
7.15,80.025,2025-01,282.0,96.2,25.4,16.2,44.0,2.2,loam,8.25,0.66,Warning
7.125,80.275,2024-03,91.3,94.5,27.9,15.7,199.1,34.9,sandy,4.23,0.74,Landslide
7.025,79.95,2023-12,416.2,98.3,25.8,13.8,14.2,1.5,clay,2.99,0.56,Flood
7.025,80.075,2024-08,284.7,96.4,26.1,16.3,77.9,17.8,loam,6.71,0.68,Landslide
7.075,79.925,2023-10,478.9,96.7,25.6,14.9,12.8,1.0,loam,9.19,0.55,Warning
6.9,80.325,2023-05,325.7,95.2,25.1,11.0,190.9,31.7,sandy,15.0,0.81,Landslide
7.15,79.95,2023-06,314.5,96.6,26.7,17.7,35.5,5.1,loam,13.55,0.64,Warning
7.075,79.925,2024-04,180.0,96.2,28.1,14.5,12.8,1.0,loam,9.19,0.62,Warning
7.125,80.075,2024-02,25.5,91.0,27.8,17.1,72.3,12.6,loam,2.83,0.48,No Risk
6.95,80.025,2023-07,296.9,97.1,26.0,16.8,88.4,10.8,loam,8.69,0.72,Warning
7.0,79.95,2025-05,289.5,96.8,27.2,15.8,31.8,5.9,clay,1.11,0.64,Flood
6.925,80.375,2025-02,58.2,95.8,25.7,10.9,164.7,30.7,loam,15.0,0.76,Landslide
6.95,79.9,2025-03,119.7,94.7,27.3,11.4,20.5,4.8,loam,0.0,0.67,Flood
6.95,79.95,2024-08,369.5,96.2,26.3,16.6,10.8,0.5,clay,4.0,0.62,Warning
6.975,79.85,2024-02,42.7,91.9,27.6,17.5,9.5,0.5,clay,6.21,0.38,No Risk
6.925,79.925,2025-05,274.2,94.1,27.8,18.1,31.7,5.7,loam,3.92,0.59,Warning
6.95,80.0,2024-10,460.2,97.1,25.9,14.4,15.8,1.9,clay,7.11,0.55,Warning
7.15,79.975,2025-02,36.3,95.6,27.1,14.9,28.4,6.7,clay,11.39,0.52,Warning
6.925,79.9,2024-02,38.3,92.8,27.6,17.0,11.6,0.4,clay,2.78,0.42,Warning
7.075,80.325,2024-02,27.6,94.4,25.7,12.9,99.7,18.4,sandy,11.88,0.53,No Risk
7.025,79.95,2024-07,350.4,96.3,26.9,16.6,14.2,1.5,clay,2.99,0.59,Flood
6.975,79.975,2023-07,252.9,95.6,26.6,17.7,17.0,0.8,loam,3.24,0.6,Flood
7.0,80.3,2023-03,186.2,96.6,25.4,10.0,223.5,30.2,loam,15.0,0.77,Landslide
7.05,79.9,2023-01,101.0,90.3,25.1,18.3,18.4,1.2,clay,8.45,0.65,Warning
6.925,80.15,2024-02,38.5,96.3,27.2,12.8,109.4,14.2,sandy,15.0,0.57,No Risk
6.975,79.95,2024-09,372.8,96.0,26.6,17.9,19.8,1.1,clay,2.29,0.64,Flood
7.025,79.925,2023-12,362.7,96.3,25.9,15.5,7.6,1.0,clay,4.77,0.55,Warning
7.125,80.05,2024-02,29.2,91.2,28.2,17.0,50.3,6.3,loam,4.33,0.47,No Risk
7.15,79.975,2023-11,513.5,99.6,25.4,10.1,28.4,6.7,clay,11.39,0.55,Warning
7.05,80.35,2023-07,313.7,94.5,25.2,14.5,132.8,27.5,sandy,15.0,0.85,Landslide
6.925,80.125,2025-01,332.0,99.1,24.8,11.3,34.1,5.4,loam,15.0,0.58,Warning
7.025,80.35,2023-11,754.6,98.1,24.0,9.6,168.9,24.2,sandy,15.0,0.84,Landslide
7.125,80.15,2024-02,19.5,91.9,27.4,16.5,153.9,18.9,loam,2.99,0.58,No Risk
7.05,80.325,2024-08,387.8,94.5,25.4,15.6,217.1,18.9,sandy,13.79,0.81,Landslide
7.0,79.975,2025-02,59.4,95.5,27.3,13.9,9.0,0.5,clay,1.67,0.49,Warning
7.125,80.125,2024-02,25.9,91.0,27.8,17.2,79.8,17.8,sandy,1.76,0.51,No Risk
6.925,80.375,2024-10,542.0,96.1,25.4,11.4,164.7,30.7,loam,15.0,0.78,Landslide
6.975,80.3,2025-03,168.2,98.9,25.5,10.6,228.2,18.0,loam,15.0,0.84,Landslide
7.075,80.05,2023-07,278.9,96.1,26.3,16.8,38.7,7.9,clay,0.55,0.64,Flood
6.9,80.075,2023-08,160.2,96.9,26.4,17.2,48.0,3.8,clay,15.0,0.59,Warning
7.1,80.1,2025-02,35.8,95.1,26.6,15.7,75.3,10.7,loam,2.22,0.55,No Risk
7.025,80.175,2024-02,46.0,95.4,27.2,13.3,132.6,16.4,loam,8.78,0.66,Warning
7.075,80.025,2025-04,257.3,98.1,26.5,12.6,86.0,16.6,loam,2.83,0.72,Landslide
6.925,79.85,2024-05,656.3,95.1,27.7,20.1,24.7,3.2,clay,2.29,0.6,Flood
7.125,80.1,2023-06,296.8,96.7,26.0,16.7,39.1,1.8,loam,1.24,0.7,Flood
7.025,80.1,2024-02,42.6,94.2,27.4,14.3,79.7,8.2,loam,8.25,0.61,No Risk
7.075,79.875,2023-09,510.3,95.0,26.0,20.2,9.5,1.1,clay,12.18,0.58,Warning
7.025,80.2,2023-02,123.9,97.0,24.5,11.6,123.8,29.9,sandy,8.32,0.76,Landslide
6.975,80.275,2023-07,401.1,94.6,25.5,14.0,191.4,27.2,loam,15.0,0.76,Landslide
7.15,79.875,2024-09,257.0,92.4,27.1,20.9,5.4,2.0,loam,15.0,0.58,Warning
7.0,80.075,2023-09,562.6,97.2,25.3,16.8,52.6,1.6,sandy,8.25,0.58,Warning
6.9,80.2,2024-11,482.2,98.3,25.0,12.6,74.7,8.5,sandy,15.0,0.7,Warning
6.9,80.35,2023-10,742.6,96.9,23.9,11.8,121.1,24.6,loam,15.0,0.83,Landslide
6.9,80.275,2023-03,198.0,95.8,25.5,9.9,132.8,33.3,sandy,15.0,0.8,Landslide
7.05,80.275,2024-03,87.6,95.2,27.6,14.9,201.8,19.8,loam,10.01,0.77,Landslide
7.1,79.875,2023-05,259.2,95.7,27.4,18.0,24.4,3.5,clay,14.57,0.6,Warning
7.1,80.375,2024-09,358.6,96.0,25.5,14.6,126.9,33.0,sandy,13.74,0.77,Landslide
7.1,79.975,2023-05,233.4,96.4,27.0,15.1,4.1,2.0,clay,7.47,0.57,Warning
7.15,80.025,2023-09,544.0,97.4,25.3,17.5,44.0,2.2,loam,8.25,0.62,Warning
7.0,79.925,2024-11,384.0,96.8,25.7,15.3,3.0,2.2,clay,2.29,0.59,Flood
6.9,80.3,2023-07,413.1,94.8,24.5,13.3,186.2,18.2,sandy,15.0,0.82,Landslide
6.95,80.3,2023-11,648.1,98.2,24.9,9.9,238.9,30.8,sandy,15.0,0.79,Landslide
6.925,79.875,2023-11,489.6,97.5,25.5,11.9,16.7,1.3,loam,0.78,0.56,Flood
7.1,79.85,2025-02,34.2,91.7,27.3,17.8,19.7,1.6,clay,15.0,0.44,No Risk
6.975,79.95,2025-02,59.4,95.5,27.3,13.9,19.8,1.1,clay,2.29,0.51,Warning
6.925,80.35,2024-02,61.8,92.0,25.2,10.8,196.5,16.3,sandy,15.0,0.69,Warning
6.975,79.925,2025-04,164.1,95.3,27.4,14.0,14.6,0.6,clay,0.78,0.58,Flood
7.125,79.95,2023-09,519.4,96.6,25.6,17.5,22.8,6.1,loam,11.39,0.63,Warning
6.925,79.875,2023-11,488.6,97.5,25.5,12.0,16.7,1.3,loam,0.78,0.56,Flood
7.05,80.05,2025-04,258.4,98.1,26.5,12.5,22.4,3.7,loam,3.33,0.6,Flood
6.95,79.875,2024-04,182.2,96.1,28.2,14.8,39.8,2.5,loam,2.78,0.64,Flood
7.125,80.175,2023-01,104.2,91.3,24.6,15.9,116.2,10.0,loam,3.92,0.77,Warning
7.15,80.025,2024-02,29.5,91.2,28.1,16.9,44.0,2.2,loam,8.25,0.46,No Risk
7.075,80.025,2024-12,158.5,98.0,25.7,12.5,86.0,16.6,loam,2.83,0.71,Landslide
6.975,80.275,2025-02,51.2,96.7,25.9,12.5,191.4,27.2,loam,15.0,0.69,Warning
7.1,80.125,2024-07,327.8,96.7,26.2,16.1,71.0,11.4,loam,2.78,0.75,Warning
7.1,79.975,2024-09,325.9,96.2,26.6,17.9,4.1,2.0,clay,7.47,0.54,Warning
7.1,80.05,2023-02,115.6,95.3,25.9,13.2,41.6,6.9,loam,2.22,0.66,Flood
6.925,80.05,2025-03,212.2,98.7,26.1,11.2,82.3,7.8,loam,12.47,0.69,Warning
6.95,80.125,2024-05,766.7,97.3,26.7,16.0,28.9,5.4,clay,15.0,0.55,Warning
7.125,80.25,2024-03,91.3,94.5,27.1,15.7,183.4,27.4,sandy,2.29,0.75,Landslide
7.025,80.025,2024-02,36.0,93.7,27.7,15.0,69.5,11.7,loam,2.83,0.52,No Risk
7.025,80.375,2023-08,159.9,93.8,25.0,14.5,119.5,13.0,loam,15.0,0.74,Warning
7.1,80.0,2024-02,26.2,92.2,28.1,16.2,72.7,8.6,loam,5.98,0.57,No Risk
7.075,80.1,2023-11,597.1,98.6,25.2,10.0,32.2,3.5,clay,3.55,0.57,Warning
7.05,79.95,2024-06,352.7,95.8,26.8,18.3,19.3,2.2,clay,5.55,0.59,Warning
7.075,80.0,2024-09,325.9,96.2,26.6,17.9,89.4,13.9,loam,3.55,0.74,Warning
6.925,80.05,2024-09,378.4,97.8,26.0,16.8,82.3,7.8,loam,12.47,0.74,Warning
7.05,80.25,2023-03,186.9,96.7,26.2,10.7,124.2,29.2,loam,7.85,0.77,Landslide
7.15,79.9,2024-06,290.4,93.5,27.0,21.9,7.8,0.8,clay,15.0,0.63,Warning
7.025,79.925,2024-02,43.6,91.9,27.6,17.6,7.6,1.0,clay,4.77,0.42,No Risk
7.05,80.325,2023-01,148.1,93.7,24.1,13.4,217.1,18.9,sandy,13.79,0.79,Landslide
7.125,80.025,2024-11,530.0,98.9,25.2,13.4,86.7,12.3,loam,5.71,0.71,Warning
7.125,79.925,2024-07,299.1,96.1,26.8,17.7,3.0,1.9,clay,13.44,0.57,Warning
7.0,80.05,2024-04,222.8,98.2,28.0,12.4,33.9,6.9,sandy,6.47,0.61,Warning
6.9,80.35,2023-05,325.7,95.2,25.1,11.0,121.1,24.6,loam,15.0,0.77,Landslide
7.025,79.9,2024-09,304.0,93.0,27.0,20.5,21.7,7.3,loam,6.0,0.57,Warning
7.05,79.925,2024-06,301.6,93.6,27.0,21.6,35.5,6.6,clay,6.77,0.59,Warning
6.925,80.375,2024-02,61.8,92.0,26.4,10.8,164.7,30.7,loam,15.0,0.7,Landslide
6.95,80.05,2024-02,38.2,96.0,27.3,13.3,79.7,18.7,loam,10.23,0.57,No Risk
7.1,80.05,2024-10,396.1,97.4,25.8,13.5,41.6,6.9,loam,2.22,0.63,Flood
7.125,80.3,2024-02,21.9,92.3,27.0,15.9,121.9,24.6,sandy,5.9,0.56,No Risk
7.1,80.05,2023-05,233.2,96.7,26.8,14.2,41.6,6.9,loam,2.22,0.61,Flood
7.025,80.35,2024-02,50.0,93.8,25.4,11.1,168.9,24.2,sandy,15.0,0.71,Warning
7.025,79.975,2023-10,632.2,98.2,25.4,12.9,18.0,0.9,loam,1.76,0.62,Flood
6.975,80.075,2023-11,565.1,99.4,25.3,10.0,57.2,4.9,clay,10.32,0.7,Warning
6.925,79.875,2024-08,339.6,92.8,26.8,19.1,16.7,1.3,loam,0.78,0.55,Flood
7.125,80.125,2023-01,126.6,90.0,24.9,17.2,79.8,17.8,sandy,1.76,0.73,Landslide
7.05,80.175,2024-08,344.1,95.2,25.7,15.7,121.1,17.9,sandy,6.21,0.78,Landslide
7.125,80.3,2024-02,22.7,92.3,26.9,15.6,121.9,24.6,sandy,5.9,0.56,No Risk
7.075,80.1,2023-12,434.2,97.2,25.5,13.6,32.2,3.5,clay,3.55,0.56,Warning
7.1,80.225,2025-01,291.3,98.2,24.9,12.9,125.1,18.9,loam,2.77,0.8,Landslide
6.925,80.05,2024-02,39.4,96.2,27.2,13.1,82.3,7.8,loam,12.47,0.56,No Risk
6.9,79.925,2023-04,138.2,95.4,27.3,13.7,28.1,3.3,sandy,6.21,0.66,Warning
7.075,80.25,2024-02,25.4,94.4,27.5,14.2,117.6,18.7,sandy,6.21,0.52,No Risk
7.1,80.2,2024-06,419.1,96.0,25.9,16.9,88.8,13.2,loam,0.0,0.72,Warning
7.075,80.2,2025-02,33.4,96.6,26.0,14.2,99.7,13.8,loam,2.77,0.62,No Risk
6.925,79.9,2023-05,233.8,94.5,27.3,17.0,11.6,0.4,clay,2.78,0.64,Flood
6.975,80.025,2023-01,129.0,91.8,25.1,14.5,70.2,12.1,sandy,6.33,0.72,Warning
7.0,80.175,2023-09,667.4,96.1,24.3,16.0,74.0,13.3,sandy,11.44,0.75,Warning
7.075,80.05,2025-04,258.2,98.0,26.5,12.5,38.7,7.9,clay,0.55,0.65,Flood
6.9,80.3,2024-02,42.7,94.5,25.7,12.2,186.2,18.2,sandy,15.0,0.59,No Risk
7.125,80.05,2024-05,707.0,97.7,27.1,15.6,50.3,6.3,loam,4.33,0.67,Warning
7.05,80.325,2024-02,25.4,94.3,26.7,14.2,217.1,18.9,sandy,13.79,0.66,No Risk
7.0,80.15,2025-02,45.7,96.4,26.3,14.2,147.0,20.3,sandy,12.41,0.66,Warning
7.075,79.975,2024-11,437.4,99.1,25.4,12.9,18.3,2.2,loam,5.71,0.6,Warning
7.025,79.85,2025-01,278.2,94.5,25.7,15.2,24.8,3.0,clay,10.01,0.57,Warning
7.1,80.225,2023-09,566.4,96.3,24.9,16.9,125.1,18.9,loam,2.77,0.78,Landslide
7.075,80.075,2024-09,349.2,97.4,26.3,17.0,71.6,10.1,clay,2.83,0.7,Warning
7.125,80.1,2025-05,270.7,98.5,26.3,16.9,39.1,1.8,loam,1.24,0.63,Flood
7.025,80.1,2024-02,42.9,94.4,27.4,14.2,79.7,8.2,loam,8.25,0.61,No Risk
6.9,80.375,2024-07,377.5,95.1,24.9,12.4,172.8,22.7,sandy,15.0,0.79,Landslide
7.075,80.3,2025-03,205.2,97.9,25.6,11.1,99.1,6.7,loam,9.88,0.78,Warning
6.975,79.925,2024-08,307.4,92.7,26.7,19.7,14.6,0.6,clay,0.78,0.6,Flood
7.025,80.0,2024-02,32.6,93.4,27.8,15.7,75.1,17.7,clay,1.24,0.56,No Risk
7.1,80.05,2024-07,316.1,97.0,26.5,16.0,41.6,6.9,loam,2.22,0.62,Flood
6.95,79.875,2025-04,177.6,94.9,27.3,13.4,39.8,2.5,loam,2.78,0.63,Flood
6.9,79.875,2023-05,254.1,94.5,27.3,17.1,17.2,0.3,clay,2.29,0.54,Flood
7.05,79.875,2024-02,42.1,91.1,27.6,17.7,22.2,6.6,clay,9.88,0.45,No Risk
6.975,80.25,2024-09,383.8,95.3,25.5,13.8,209.1,35.5,loam,14.94,0.85,Landslide
7.125,79.9,2024-02,26.4,90.2,27.8,18.0,29.0,5.3,clay,15.0,0.39,No Risk
6.925,80.3,2025-03,163.9,98.9,25.7,10.7,197.1,18.5,loam,15.0,0.8,Landslide
7.125,80.35,2025-02,27.7,96.5,25.3,13.1,158.1,30.1,loam,9.82,0.62,No Risk
7.05,80.225,2024-02,33.8,93.8,27.2,15.5,90.0,17.9,sandy,6.21,0.59,No Risk
7.1,80.25,2023-09,470.1,95.7,24.6,18.0,182.6,19.8,loam,4.0,0.79,Landslide
6.975,79.9,2024-07,304.1,93.6,27.0,19.2,18.4,0.3,clay,2.77,0.6,Flood
7.025,80.125,2024-02,42.5,94.3,27.5,14.2,60.4,12.0,clay,9.71,0.49,No Risk
7.15,80.025,2024-11,530.0,98.9,25.2,13.4,44.0,2.2,loam,8.25,0.69,Warning
6.925,80.075,2024-05,755.7,97.9,26.8,15.7,23.4,3.6,clay,14.15,0.6,Warning
6.95,79.875,2023-01,85.9,91.1,25.2,17.3,39.8,2.5,loam,2.78,0.61,Warning
7.075,80.025,2025-03,197.9,98.1,26.5,11.9,86.0,16.6,loam,2.83,0.73,Landslide
7.0,80.275,2023-05,254.7,94.5,26.1,12.0,241.0,35.6,sandy,13.88,0.77,Landslide
6.925,80.05,2024-02,38.7,96.3,27.3,13.2,82.3,7.8,loam,12.47,0.56,No Risk
7.075,80.05,2024-05,717.8,97.5,27.2,15.4,38.7,7.9,clay,0.55,0.66,Flood
7.125,80.125,2024-02,25.7,90.9,27.8,17.2,79.8,17.8,sandy,1.76,0.51,No Risk
7.0,80.05,2024-01,203.6,95.5,26.1,12.4,33.9,6.9,sandy,6.47,0.6,Warning
6.95,79.95,2023-07,292.2,95.6,26.5,17.5,10.8,0.5,clay,4.0,0.59,Warning
7.025,79.975,2024-12,191.6,97.8,26.1,12.2,18.0,0.9,loam,1.76,0.6,Flood
6.9,80.0,2023-10,657.4,98.0,25.4,12.9,64.3,14.6,loam,11.8,0.7,Warning
7.05,80.275,2024-11,540.7,98.6,24.5,12.0,201.8,19.8,loam,10.01,0.79,Landslide
7.05,79.9,2024-02,42.5,91.1,27.7,17.8,18.4,1.2,clay,8.45,0.42,No Risk
7.075,79.925,2024-02,42.0,91.2,27.7,17.7,12.8,1.0,loam,9.19,0.4,No Risk
7.125,80.075,2024-03,71.2,93.6,28.3,16.3,72.3,12.6,loam,2.83,0.63,Warning
7.0,79.95,2025-01,333.3,97.2,25.3,12.9,31.8,5.9,clay,1.11,0.64,Flood
7.0,79.925,2024-06,326.9,93.5,27.0,21.4,3.0,2.2,clay,2.29,0.58,Flood
6.9,79.875,2023-06,388.9,94.8,27.0,19.3,17.2,0.3,clay,2.29,0.61,Flood
6.975,79.875,2024-07,302.3,93.5,27.1,19.5,28.7,5.1,sandy,3.92,0.62,Warning
7.1,80.175,2024-08,313.4,95.4,25.7,16.6,146.2,35.3,loam,2.78,0.75,Landslide
7.125,80.025,2024-04,210.0,98.4,28.1,12.8,86.7,12.3,loam,5.71,0.7,Warning
7.1,80.125,2024-02,26.3,91.4,27.8,16.4,71.0,11.4,loam,2.78,0.53,No Risk
6.925,80.375,2023-05,325.7,95.3,26.2,11.0,164.7,30.7,loam,15.0,0.82,Landslide
7.0,80.375,2024-04,254.2,95.8,27.4,9.6,175.5,36.1,sandy,15.0,0.72,Landslide
6.95,79.925,2024-12,147.7,94.3,26.7,13.6,29.7,6.4,clay,2.77,0.58,Flood
7.05,80.25,2024-01,206.0,96.8,25.9,11.1,124.2,29.2,loam,7.85,0.84,Landslide
7.05,80.375,2024-02,37.2,96.0,21.5,11.2,212.7,17.2,sandy,15.0,0.6,No Risk
7.1,80.175,2025-02,42.0,96.0,26.2,14.4,146.2,35.3,loam,2.78,0.65,No Risk
7.025,79.925,2024-01,121.8,93.6,26.0,15.0,7.6,1.0,clay,4.77,0.55,Warning
6.975,79.975,2024-04,220.2,98.7,28.0,12.8,17.0,0.8,loam,3.24,0.59,Flood
7.15,80.0,2023-01,112.9,90.5,25.1,16.8,84.9,11.8,sandy,9.55,0.72,Warning
7.125,80.25,2023-08,97.0,92.3,25.5,17.3,183.4,27.4,sandy,2.29,0.85,Landslide
7.125,80.0,2024-02,29.3,91.2,28.1,17.1,61.0,15.4,loam,7.47,0.39,No Risk
6.925,80.2,2023-08,160.0,95.5,26.2,15.7,95.2,12.3,loam,15.0,0.74,Warning
7.075,80.175,2025-02,33.2,96.5,25.3,14.2,88.0,17.9,loam,3.92,0.57,No Risk
7.0,79.975,2023-10,634.4,98.3,25.4,12.9,9.0,0.5,clay,1.67,0.55,Flood
6.9,80.0,2024-02,37.3,95.4,27.5,14.7,64.3,14.6,loam,11.8,0.52,No Risk
6.9,80.075,2023-12,496.5,98.8,25.5,12.2,48.0,3.8,clay,15.0,0.69,Warning
6.975,79.95,2024-01,182.1,95.6,26.0,12.7,19.8,1.1,clay,2.29,0.58,Flood
6.9,79.85,2025-03,118.8,94.8,27.3,11.8,8.8,0.6,clay,3.14,0.53,Flood
7.075,79.85,2023-04,122.3,96.6,27.2,13.7,25.8,2.4,loam,13.79,0.63,Warning
7.125,80.125,2024-02,26.0,90.7,27.7,17.2,79.8,17.8,sandy,1.76,0.51,No Risk
6.925,80.225,2024-02,39.1,96.1,27.1,12.7,132.0,36.4,loam,15.0,0.65,No Risk
7.075,80.275,2025-02,60.2,97.2,25.8,12.7,201.6,18.5,loam,7.89,0.68,Warning
7.15,79.9,2025-01,227.4,94.8,25.5,17.8,7.8,0.8,clay,15.0,0.51,Warning
7.075,80.05,2023-10,618.4,98.1,25.4,12.5,38.7,7.9,clay,0.55,0.62,Flood
7.125,80.3,2023-08,97.0,92.4,26.3,17.3,121.9,24.6,sandy,5.9,0.79,Landslide
6.9,79.875,2024-07,308.5,93.6,27.2,19.0,17.2,0.3,clay,2.29,0.62,Flood
6.95,79.9,2024-10,409.7,95.5,26.3,17.0,20.5,4.8,loam,0.0,0.6,Flood
7.1,80.075,2024-02,27.8,91.2,28.1,16.9,92.3,13.0,clay,0.55,0.58,No Risk
7.05,80.325,2024-11,540.7,98.6,24.6,12.0,217.1,18.9,sandy,13.79,0.77,Landslide
7.075,80.3,2024-02,25.1,94.4,26.6,14.2,99.1,6.7,loam,9.88,0.62,No Risk
7.125,79.925,2023-07,244.2,95.2,26.6,18.2,3.0,1.9,clay,13.44,0.56,Warning
7.025,80.075,2025-04,289.0,98.0,26.4,12.4,77.9,17.8,loam,6.71,0.71,Landslide
7.125,80.175,2023-10,491.4,97.8,24.9,13.6,116.2,10.0,loam,3.92,0.77,Warning
7.05,79.925,2023-10,478.9,96.7,25.6,14.9,35.5,6.6,clay,6.77,0.64,Warning
6.95,80.25,2023-09,806.9,94.8,24.2,15.1,182.1,27.5,sandy,15.0,0.8,Landslide
6.925,79.925,2023-08,149.6,92.8,27.0,19.7,31.7,5.7,loam,3.92,0.63,Warning
7.125,80.0,2025-02,44.3,95.3,27.0,15.6,61.0,15.4,loam,7.47,0.56,No Risk
7.075,80.05,2023-01,136.8,90.5,25.3,15.7,38.7,7.9,clay,0.55,0.65,Flood
7.05,80.2,2023-12,416.7,97.6,24.0,12.9,99.8,17.4,sandy,5.55,0.76,Landslide
7.0,79.925,2024-12,133.7,94.9,26.4,14.1,3.0,2.2,clay,2.29,0.53,Flood
7.075,80.025,2023-10,618.4,98.1,25.4,12.5,86.0,16.6,loam,2.83,0.68,Landslide
7.075,80.3,2025-04,300.0,98.5,25.4,11.9,99.1,6.7,loam,9.88,0.78,Warning
7.0,80.325,2023-11,754.6,98.1,24.0,9.6,237.4,27.0,sandy,15.0,0.72,Landslide
7.025,79.925,2025-03,137.8,95.4,27.2,12.0,7.6,1.0,clay,4.77,0.6,Warning
6.95,79.9,2023-11,488.6,97.5,25.5,12.0,20.5,4.8,loam,0.0,0.58,Flood
7.1,80.375,2024-02,27.0,94.2,26.8,12.9,126.9,33.0,sandy,13.74,0.62,No Risk
7.075,80.25,2024-10,514.5,96.3,25.7,12.7,117.6,18.7,sandy,6.21,0.84,Landslide
7.1,80.25,2024-11,575.0,98.5,24.6,12.4,182.6,19.8,loam,4.0,0.81,Landslide
7.025,79.95,2023-03,154.8,97.6,26.3,11.5,14.2,1.5,clay,2.99,0.62,Flood
6.95,80.025,2025-02,69.4,97.1,26.3,13.4,88.4,10.8,loam,8.69,0.65,Warning
6.95,80.3,2023-09,806.9,94.8,24.8,15.1,238.9,30.8,sandy,15.0,0.85,Landslide
7.1,80.075,2023-04,210.1,97.6,26.9,12.0,92.3,13.0,clay,0.55,0.73,Warning
7.075,79.975,2023-09,551.0,96.5,25.6,17.2,18.3,2.2,loam,5.71,0.55,Warning
7.025,80.35,2024-10,514.5,96.2,24.3,11.6,168.9,24.2,sandy,15.0,0.79,Landslide
7.15,80.0,2024-02,29.4,91.1,28.0,17.2,84.9,11.8,sandy,9.55,0.54,No Risk
7.125,80.375,2024-10,365.7,96.1,24.5,13.8,175.1,24.7,sandy,11.88,0.83,Landslide
7.1,80.025,2024-05,707.0,97.7,27.1,15.6,59.1,4.2,loam,3.55,0.71,Warning
6.925,79.85,2023-03,124.5,95.9,26.4,12.9,24.7,3.2,clay,2.29,0.6,Flood
7.05,79.85,2024-02,42.6,91.2,27.7,17.7,7.3,1.1,clay,11.8,0.41,No Risk
6.95,80.325,2024-10,612.3,95.4,25.0,11.8,174.0,30.3,sandy,15.0,0.81,Landslide
6.975,80.275,2025-01,364.8,99.2,24.6,9.6,191.4,27.2,loam,15.0,0.81,Landslide
7.125,79.925,2025-05,256.8,97.1,27.3,17.7,3.0,1.9,clay,13.44,0.51,Warning
7.125,80.125,2025-02,35.7,95.1,26.6,15.7,79.8,17.8,sandy,1.76,0.56,No Risk
6.9,79.95,2025-03,189.7,98.4,26.7,10.4,23.8,4.0,clay,7.85,0.56,Warning
7.125,80.35,2024-02,27.2,91.8,26.3,15.9,158.1,30.1,loam,9.82,0.6,No Risk
7.075,80.1,2023-04,203.6,97.0,26.8,12.4,32.2,3.5,clay,3.55,0.64,Warning
7.075,79.875,2025-04,221.9,96.0,27.0,14.7,9.5,1.1,clay,12.18,0.55,Warning
7.025,80.025,2024-05,772.3,97.6,27.0,15.7,69.5,11.7,loam,2.83,0.68,Warning
6.925,80.25,2024-04,239.7,96.0,27.6,11.6,228.8,33.0,sandy,15.0,0.78,Landslide
6.95,80.25,2024-05,858.9,96.6,25.8,13.5,182.1,27.5,sandy,15.0,0.78,Landslide
6.9,80.275,2023-05,302.9,94.6,26.2,11.8,132.8,33.3,sandy,15.0,0.85,Landslide
7.1,80.2,2024-02,33.9,93.9,27.3,15.4,88.8,13.2,loam,0.0,0.55,No Risk
6.925,80.05,2023-01,146.5,93.9,24.8,13.6,82.3,7.8,loam,12.47,0.75,Warning
7.025,79.975,2024-11,426.5,98.9,25.4,12.7,18.0,0.9,loam,1.76,0.62,Flood
6.925,80.075,2024-02,38.5,96.1,27.3,13.1,23.4,3.6,clay,14.15,0.47,Warning
6.925,79.9,2025-02,49.0,92.1,27.4,14.6,11.6,0.4,clay,2.78,0.42,Warning
7.0,80.05,2024-10,437.2,97.4,25.8,13.6,33.9,6.9,sandy,6.47,0.57,Warning
7.1,80.225,2024-02,33.6,93.7,27.3,15.6,125.1,18.9,loam,2.77,0.68,No Risk
7.0,79.975,2025-03,195.9,98.5,26.7,11.1,9.0,0.5,clay,1.67,0.61,Flood
7.05,79.9,2024-02,43.0,91.3,27.7,17.7,18.4,1.2,clay,8.45,0.42,No Risk
7.025,79.975,2025-04,221.0,97.7,26.8,12.2,18.0,0.9,loam,1.76,0.62,Flood
7.125,80.225,2023-02,99.4,96.0,24.2,13.0,101.5,18.6,clay,0.78,0.75,Landslide
6.95,80.05,2024-01,197.5,96.7,25.9,11.3,79.7,18.7,loam,10.23,0.72,Landslide
7.0,80.0,2024-09,366.3,96.2,26.6,17.7,74.6,6.2,clay,2.48,0.72,Warning
7.125,80.0,2025-02,43.2,95.3,27.0,15.7,61.0,15.4,loam,7.47,0.56,No Risk
7.075,80.275,2023-05,240.2,94.9,26.0,13.0,201.6,18.5,loam,7.89,0.83,Landslide
6.9,80.1,2025-01,332.0,99.1,24.8,11.3,75.8,7.3,loam,15.0,0.65,Warning
7.025,79.975,2024-10,444.8,97.4,26.0,14.2,18.0,0.9,loam,1.76,0.59,Flood
6.9,80.125,2023-09,608.4,96.8,25.0,16.9,76.5,15.5,sandy,15.0,0.68,Landslide
7.075,80.325,2024-12,163.1,98.1,24.1,10.5,99.7,18.4,sandy,11.88,0.8,Landslide
7.05,80.15,2025-05,307.2,98.5,26.2,15.7,133.4,17.5,loam,7.85,0.8,Landslide
7.0,80.325,2025-03,166.6,98.5,24.5,10.4,237.4,27.0,sandy,15.0,0.8,Landslide
7.125,79.975,2024-06,335.6,95.9,26.8,18.7,15.6,2.2,loam,9.71,0.6,Warning
7.125,79.875,2025-01,227.4,94.8,25.5,17.8,3.0,2.0,clay,15.0,0.51,Warning
7.05,79.95,2025-01,305.5,96.5,25.4,14.5,19.3,2.2,clay,5.55,0.59,Warning
7.1,80.3,2023-05,213.1,94.9,25.4,14.2,227.7,27.9,loam,8.0,0.81,Landslide
6.975,79.9,2023-02,64.1,95.8,25.6,15.9,18.4,0.3,clay,2.77,0.5,Warning
6.9,80.125,2024-06,403.3,96.8,26.0,17.1,76.5,15.5,sandy,15.0,0.77,Landslide
7.0,80.025,2023-10,589.9,97.9,25.3,12.6,80.3,6.7,sandy,4.47,0.65,Warning
7.15,80.025,2023-12,396.8,97.1,25.8,14.6,44.0,2.2,loam,8.25,0.66,Warning
7.125,80.225,2025-02,42.5,96.6,25.1,13.7,101.5,18.6,clay,0.78,0.59,No Risk
7.0,80.2,2025-04,314.4,97.9,25.8,11.7,62.8,13.7,sandy,11.1,0.67,Warning
7.125,79.85,2024-08,265.6,92.3,26.7,20.2,6.1,0.5,clay,15.0,0.59,Warning
7.025,80.075,2025-03,198.0,98.2,26.4,11.3,77.9,17.8,loam,6.71,0.72,Landslide
7.025,80.15,2024-09,355.8,97.3,25.9,16.4,108.4,8.3,loam,10.01,0.71,Warning
7.0,80.05,2025-02,69.5,96.2,26.6,14.2,33.9,6.9,sandy,6.47,0.53,Warning
7.1,80.325,2024-01,206.0,96.8,25.4,11.1,154.6,24.9,loam,9.82,0.76,Landslide
7.0,79.95,2023-08,129.8,95.8,26.7,17.7,31.8,5.9,clay,1.11,0.6,Flood
6.9,80.1,2024-06,403.3,96.8,26.0,17.1,75.8,7.3,loam,15.0,0.74,Warning
7.05,79.9,2024-11,386.9,97.2,25.6,15.8,18.4,1.2,clay,8.45,0.56,Warning
6.9,80.15,2023-01,158.0,95.0,24.4,12.9,132.2,24.6,loam,15.0,0.84,Landslide
7.125,80.125,2025-02,35.8,94.9,26.6,15.7,79.8,17.8,sandy,1.76,0.56,No Risk
6.9,80.125,2024-02,39.4,96.4,27.1,12.8,76.5,15.5,sandy,15.0,0.62,No Risk
6.925,80.05,2024-02,38.6,96.0,27.3,13.1,82.3,7.8,loam,12.47,0.56,No Risk
7.025,80.25,2025-05,375.1,98.9,25.6,12.2,95.1,18.9,sandy,10.01,0.71,Landslide
7.125,79.975,2025-01,271.0,96.5,25.5,15.8,15.6,2.2,loam,9.71,0.55,Warning
7.0,79.95,2023-01,117.7,91.6,25.2,15.1,31.8,5.9,clay,1.11,0.57,Flood
6.975,79.95,2024-12,191.6,97.8,26.1,12.2,19.8,1.1,clay,2.29,0.58,Flood
6.9,79.9,2024-02,38.3,92.8,27.6,17.0,18.9,1.4,clay,4.0,0.44,Warning
7.075,80.2,2024-11,508.6,98.5,24.8,12.8,99.7,13.8,loam,2.77,0.69,Warning
7.025,80.1,2024-02,42.4,94.5,27.4,14.2,79.7,8.2,loam,8.25,0.61,No Risk
7.1,80.1,2023-11,608.9,98.5,25.1,10.5,75.3,10.7,loam,2.22,0.73,Warning
6.95,79.925,2023-11,483.6,97.5,25.5,12.0,29.7,6.4,clay,2.77,0.65,Flood
6.95,80.175,2024-02,39.1,96.1,27.1,12.7,117.2,19.0,loam,15.0,0.61,No Risk
7.1,80.025,2024-06,363.0,96.6,26.4,17.9,59.1,4.2,loam,3.55,0.66,Warning
7.1,80.225,2025-02,33.2,96.6,26.1,14.2,125.1,18.9,loam,2.77,0.63,No Risk
7.075,79.975,2023-07,254.6,95.5,26.6,18.0,18.3,2.2,loam,5.71,0.58,Warning
6.95,79.975,2025-01,322.1,97.8,25.3,12.1,33.0,1.8,clay,5.79,0.59,Warning
7.075,79.95,2023-07,254.6,95.5,26.6,18.0,17.2,0.3,loam,7.55,0.62,Warning
7.075,80.15,2024-07,327.8,96.7,26.2,16.1,81.5,10.9,loam,6.21,0.73,Warning
6.95,80.2,2024-02,39.1,96.1,27.1,12.7,66.3,6.2,loam,15.0,0.49,No Risk
7.0,80.125,2024-10,476.9,96.7,25.6,13.5,32.7,2.6,clay,12.17,0.6,Warning
7.125,80.1,2024-02,25.3,91.1,27.8,17.2,39.1,1.8,loam,1.24,0.4,No Risk
7.025,79.85,2024-02,43.4,91.8,27.7,17.6,24.8,3.0,clay,10.01,0.49,No Risk
6.95,80.15,2023-07,364.4,97.5,25.7,16.7,110.9,14.4,sandy,15.0,0.72,Warning
7.15,79.875,2024-06,290.4,93.5,27.0,21.9,5.4,2.0,loam,15.0,0.57,Warning
6.95,80.35,2025-02,58.2,95.8,24.5,10.9,144.3,16.2,loam,15.0,0.69,Warning
7.05,80.05,2023-07,283.4,96.1,26.2,17.0,22.4,3.7,loam,3.33,0.6,Flood
7.0,79.925,2024-08,298.4,92.7,26.7,19.6,3.0,2.2,clay,2.29,0.55,Flood
6.925,80.025,2023-08,160.2,96.9,26.4,17.2,52.5,3.1,clay,11.02,0.69,Warning
7.15,80.0,2024-02,29.2,91.2,28.1,17.2,84.9,11.8,sandy,9.55,0.54,No Risk
6.975,79.925,2024-06,330.3,93.5,27.0,21.4,14.6,0.6,clay,0.78,0.6,Flood
7.125,80.375,2025-03,188.0,97.4,25.2,10.8,175.1,24.7,sandy,11.88,0.78,Landslide
7.0,80.125,2023-07,359.7,97.1,25.9,16.2,32.7,2.6,clay,12.17,0.6,Warning
6.9,80.0,2024-01,168.0,96.8,26.0,12.0,64.3,14.6,loam,11.8,0.69,Warning
7.025,80.35,2023-10,660.6,97.3,24.0,11.6,168.9,24.2,sandy,15.0,0.8,Landslide
6.95,80.325,2023-04,207.5,95.4,25.8,9.8,174.0,30.3,sandy,15.0,0.82,Landslide
7.125,80.125,2025-02,35.6,95.1,26.7,15.7,79.8,17.8,sandy,1.76,0.56,No Risk
7.125,80.225,2024-02,22.3,92.3,26.2,15.7,101.5,18.6,clay,0.78,0.63,No Risk
7.1,80.175,2024-05,711.3,97.5,26.6,16.0,146.2,35.3,loam,2.78,0.8,Landslide
6.925,80.35,2024-05,851.9,97.2,25.4,13.3,196.5,16.3,sandy,15.0,0.81,Landslide
7.15,79.9,2025-02,34.3,91.7,27.3,18.0,7.8,0.8,clay,15.0,0.43,No Risk
7.05,79.925,2023-01,101.0,90.3,25.1,18.3,35.5,6.6,clay,6.77,0.63,Warning
6.9,80.225,2023-12,481.4,98.3,25.4,11.4,111.9,8.1,sandy,15.0,0.75,Warning
6.925,80.025,2023-04,197.0,98.1,26.5,11.0,52.5,3.1,clay,11.02,0.62,Warning
7.075,80.275,2023-03,186.9,96.7,25.5,10.7,201.6,18.5,loam,7.89,0.8,Landslide
6.975,79.95,2023-07,259.9,95.4,26.6,17.5,19.8,1.1,clay,2.29,0.6,Flood
6.975,80.3,2023-05,254.7,94.5,26.1,12.0,228.2,18.0,loam,15.0,0.78,Landslide
7.0,80.325,2023-01,193.5,94.0,23.0,9.9,237.4,27.0,sandy,15.0,0.75,Landslide
7.15,80.0,2024-02,29.3,90.9,28.2,17.3,84.9,11.8,sandy,9.55,0.54,No Risk
7.075,80.175,2024-07,331.9,96.0,25.2,15.4,88.0,17.9,loam,3.92,0.73,Landslide
6.95,79.85,2024-07,316.0,93.6,27.2,19.0,17.7,1.4,clay,4.0,0.61,Warning
7.125,80.175,2023-09,531.8,96.5,24.8,17.7,116.2,10.0,loam,3.92,0.71,Warning
7.025,80.05,2024-09,370.1,97.6,26.2,16.7,34.0,3.7,loam,4.33,0.64,Warning
6.925,79.875,2023-08,147.7,92.9,27.0,19.6,16.7,1.3,loam,0.78,0.56,Flood
6.9,79.85,2025-04,171.1,95.2,27.4,13.7,8.8,0.6,clay,3.14,0.58,Flood
7.1,80.0,2025-02,58.8,96.1,27.1,14.3,72.7,8.6,loam,5.98,0.6,Warning
6.925,79.95,2024-11,411.9,98.9,25.4,12.6,7.2,0.3,clay,6.21,0.64,Warning
7.125,80.0,2025-02,43.2,95.2,27.0,15.6,61.0,15.4,loam,7.47,0.56,No Risk
6.975,80.05,2023-08,137.4,96.4,26.5,17.0,76.5,13.7,loam,8.33,0.66,Warning
7.075,79.95,2025-05,288.8,97.0,27.3,16.7,17.2,0.3,loam,7.55,0.63,Warning
7.1,80.35,2025-02,28.1,96.6,26.3,13.3,104.3,12.9,sandy,12.01,0.56,No Risk
6.95,79.925,2024-05,644.5,95.1,27.7,20.0,29.7,6.4,clay,2.77,0.67,Flood
7.125,80.1,2024-08,279.8,95.8,25.8,17.1,39.1,1.8,loam,1.24,0.58,Flood
7.05,80.175,2024-02,34.2,93.6,27.3,15.6,121.1,17.9,sandy,6.21,0.6,No Risk
7.0,80.375,2024-11,601.0,98.7,24.8,10.2,175.5,36.1,sandy,15.0,0.78,Landslide
7.125,79.925,2024-01,163.8,94.8,26.1,14.7,3.0,1.9,clay,13.44,0.56,Warning
7.025,79.85,2023-10,504.7,96.8,25.6,15.1,24.8,3.0,clay,10.01,0.61,Warning
7.125,80.1,2024-05,687.7,97.4,26.8,16.0,39.1,1.8,loam,1.24,0.6,Flood
6.95,79.85,2024-02,38.3,92.8,27.6,17.0,17.7,1.4,clay,4.0,0.41,Warning
7.125,80.1,2023-01,131.8,90.2,24.9,17.1,39.1,1.8,loam,1.24,0.62,Flood
7.075,80.2,2025-02,33.3,96.8,26.1,14.2,99.7,13.8,loam,2.77,0.62,No Risk
7.125,80.2,2023-10,491.4,97.8,24.9,13.6,92.0,7.0,sandy,2.78,0.75,Warning
7.125,79.9,2025-05,252.1,95.0,27.7,20.8,29.0,5.3,clay,15.0,0.64,Warning
7.05,80.075,2024-06,391.2,96.5,26.5,17.1,48.9,3.6,loam,4.33,0.63,Warning
7.05,80.1,2023-09,592.1,96.8,25.1,17.4,43.6,5.2,clay,5.98,0.65,Warning
7.0,79.95,2025-04,214.0,97.9,26.9,12.4,31.8,5.9,clay,1.11,0.62,Flood
7.05,79.95,2024-11,437.4,99.1,25.4,12.9,19.3,2.2,clay,5.55,0.6,Warning
6.95,80.35,2024-12,151.0,97.7,23.9,10.6,144.3,16.2,loam,15.0,0.79,Landslide
6.975,79.975,2025-04,220.1,97.7,26.9,12.1,17.0,0.8,loam,3.24,0.62,Flood
7.125,80.1,2024-02,25.5,91.0,27.8,17.1,39.1,1.8,loam,1.24,0.4,No Risk
7.1,80.2,2024-02,34.0,93.8,27.3,15.6,88.8,13.2,loam,0.0,0.55,No Risk
6.9,80.2,2024-02,38.9,96.2,27.2,12.7,74.7,8.5,sandy,15.0,0.57,No Risk
7.15,79.85,2025-04,221.3,95.7,27.0,15.2,3.2,1.5,clay,15.0,0.6,Warning
6.975,79.975,2023-03,159.3,97.8,26.3,11.5,17.0,0.8,loam,3.24,0.57,Flood
6.975,79.9,2023-07,202.6,92.8,26.9,21.4,18.4,0.3,clay,2.77,0.62,Flood
7.0,80.025,2024-02,35.8,93.7,27.7,15.0,80.3,6.7,sandy,4.47,0.54,No Risk
6.925,80.175,2024-10,570.2,96.0,25.5,12.8,65.1,18.1,loam,15.0,0.67,Landslide
6.9,80.375,2025-04,349.6,98.9,24.5,10.8,172.8,22.7,sandy,15.0,0.75,Landslide
7.125,80.175,2025-04,274.4,97.7,25.9,12.9,116.2,10.0,loam,3.92,0.74,Warning
7.05,80.1,2024-05,773.7,97.2,26.8,15.6,43.6,5.2,clay,5.98,0.72,Warning
7.1,80.1,2024-06,334.7,96.7,26.1,18.3,75.3,10.7,loam,2.22,0.7,Warning
6.925,80.225,2023-11,607.9,98.2,25.1,10.1,132.0,36.4,loam,15.0,0.82,Landslide
6.925,80.025,2024-09,378.4,97.8,26.0,16.8,52.5,3.1,clay,11.02,0.65,Warning
6.925,80.075,2023-05,272.0,97.6,26.4,13.6,23.4,3.6,clay,14.15,0.61,Warning
6.9,80.0,2024-06,368.9,96.0,26.7,18.3,64.3,14.6,loam,11.8,0.74,Warning
6.9,79.925,2024-11,354.2,96.4,25.8,15.1,28.1,3.3,sandy,6.21,0.67,Warning
6.975,79.85,2025-05,278.6,94.1,27.9,19.2,9.5,0.5,clay,6.21,0.53,Warning
7.05,80.15,2024-02,26.9,91.2,27.7,16.4,133.4,17.5,loam,7.85,0.6,No Risk
7.05,80.275,2023-11,614.2,98.9,24.6,10.5,201.8,19.8,loam,10.01,0.78,Landslide
7.025,79.95,2024-03,113.4,96.8,28.0,14.9,14.2,1.5,clay,2.99,0.59,Flood
6.9,80.025,2024-02,38.6,96.2,27.3,13.1,77.1,15.8,sandy,13.24,0.6,No Risk
7.125,80.325,2024-02,26.9,91.8,27.4,15.9,114.8,10.7,loam,8.19,0.62,No Risk
7.125,79.975,2023-10,532.2,98.3,25.4,12.8,15.6,2.2,loam,9.71,0.61,Warning
7.0,80.025,2024-09,370.1,97.6,26.2,16.7,80.3,6.7,sandy,4.47,0.72,Warning
6.925,79.9,2023-04,134.3,95.2,27.3,13.8,11.6,0.4,clay,2.78,0.54,Flood
6.975,80.2,2023-04,163.6,96.7,26.5,11.1,118.9,8.0,sandy,13.88,0.81,Warning
7.1,80.3,2025-02,27.9,96.6,25.1,13.1,227.7,27.9,loam,8.0,0.57,No Risk
7.0,79.9,2023-08,131.6,92.9,27.0,19.9,22.7,1.5,clay,4.0,0.58,Warning
7.0,79.9,2024-02,43.2,91.9,27.6,17.6,22.7,1.5,clay,4.0,0.5,No Risk
6.925,80.225,2024-10,570.2,96.0,25.5,12.8,132.0,36.4,loam,15.0,0.84,Landslide
7.1,80.025,2023-07,241.7,95.9,26.3,17.2,59.1,4.2,loam,3.55,0.66,Warning
7.075,80.125,2024-12,142.8,97.5,25.4,13.1,86.3,10.8,sandy,5.27,0.71,Warning
7.0,80.35,2023-04,219.8,95.5,26.0,10.6,193.9,27.8,loam,15.0,0.79,Landslide
6.975,79.95,2025-01,340.9,97.0,25.4,12.9,19.8,1.1,clay,2.29,0.59,Flood
7.025,80.375,2023-07,355.6,94.6,24.5,13.2,119.5,13.0,loam,15.0,0.77,Warning
6.9,80.225,2024-02,39.4,96.1,27.1,12.7,111.9,8.1,sandy,15.0,0.67,No Risk
7.0,79.925,2024-04,173.6,96.4,28.2,14.5,3.0,2.2,clay,2.29,0.53,Flood
7.05,80.05,2023-09,553.3,97.0,25.4,17.2,22.4,3.7,loam,3.33,0.59,Flood
7.1,80.025,2024-07,329.9,96.7,26.5,16.8,59.1,4.2,loam,3.55,0.66,Warning
7.075,80.05,2023-05,235.1,96.8,26.8,14.4,38.7,7.9,clay,0.55,0.63,Flood
7.125,79.875,2025-05,252.1,95.0,27.7,20.8,3.0,2.0,clay,15.0,0.59,Warning
7.15,80.0,2024-02,29.3,91.2,28.1,17.1,84.9,11.8,sandy,9.55,0.54,No Risk
7.125,80.15,2024-07,312.9,96.0,26.0,16.6,153.9,18.9,loam,2.99,0.76,Landslide
7.125,80.15,2024-02,19.3,92.1,27.5,16.4,153.9,18.9,loam,2.99,0.58,No Risk
7.125,80.25,2024-02,23.0,92.4,26.2,15.9,183.4,27.4,sandy,2.29,0.65,No Risk
6.975,80.075,2025-04,289.0,98.0,26.4,12.4,57.2,4.9,clay,10.32,0.66,Warning
7.1,79.975,2023-11,509.4,99.5,25.4,9.8,4.1,2.0,clay,7.47,0.58,Warning
7.1,79.85,2025-02,34.6,91.8,27.3,17.7,19.7,1.6,clay,15.0,0.44,No Risk
7.075,79.95,2024-01,164.6,95.3,26.1,13.8,17.2,0.3,loam,7.55,0.55,Warning
6.925,80.125,2024-07,303.0,97.5,26.1,15.9,34.1,5.4,loam,15.0,0.61,Warning
7.075,80.3,2024-12,148.6,97.6,25.0,11.2,99.1,6.7,loam,9.88,0.69,Warning
6.925,80.1,2024-02,39.2,96.4,27.1,12.8,54.2,8.0,loam,15.0,0.53,No Risk
6.975,80.25,2023-10,687.8,97.6,24.7,12.1,209.1,35.5,loam,14.94,0.78,Landslide
7.05,80.325,2024-01,206.0,96.7,25.2,11.1,217.1,18.9,sandy,13.79,0.82,Landslide
7.025,79.875,2023-03,112.6,97.4,26.4,13.6,22.2,5.8,clay,7.89,0.64,Warning
7.05,79.875,2025-02,46.2,92.1,27.2,16.5,22.2,6.6,clay,9.88,0.49,Warning
7.1,79.85,2025-02,34.4,91.7,27.3,17.7,19.7,1.6,clay,15.0,0.44,No Risk
7.1,80.35,2024-05,686.7,97.2,26.8,16.2,104.3,12.9,sandy,12.01,0.72,Warning
7.125,80.05,2024-07,329.9,96.7,26.5,16.8,50.3,6.3,loam,4.33,0.64,Warning
7.0,80.05,2023-06,329.7,97.9,26.2,15.7,33.9,6.9,sandy,6.47,0.69,Warning
6.925,80.1,2024-05,766.7,97.3,26.7,16.0,54.2,8.0,loam,15.0,0.67,Warning
7.0,79.9,2024-02,43.3,91.7,27.6,17.6,22.7,1.5,clay,4.0,0.5,No Risk
6.95,80.35,2023-02,146.4,94.5,23.8,9.6,144.3,16.2,loam,15.0,0.77,Landslide
7.125,79.85,2024-02,25.9,90.5,27.8,18.2,6.1,0.5,clay,15.0,0.37,No Risk
7.05,80.075,2024-08,265.0,96.4,26.2,16.4,48.9,3.6,loam,4.33,0.65,Warning
6.9,79.875,2025-04,197.1,95.1,27.4,13.3,17.2,0.3,clay,2.29,0.61,Flood
7.025,79.9,2023-08,131.6,92.9,27.0,19.9,21.7,7.3,loam,6.0,0.61,Warning
7.0,79.95,2024-11,426.5,98.9,25.4,12.7,31.8,5.9,clay,1.11,0.59,Flood
7.125,79.925,2024-05,606.9,97.2,27.4,16.3,3.0,1.9,clay,13.44,0.54,Warning
6.95,79.875,2024-03,79.9,94.9,28.1,16.7,39.8,2.5,loam,2.78,0.61,Warning
7.125,80.075,2024-02,25.0,90.9,27.8,17.3,72.3,12.6,loam,2.83,0.48,No Risk
7.075,80.3,2024-10,514.5,96.2,25.0,12.7,99.1,6.7,loam,9.88,0.73,Warning
7.125,79.925,2024-02,23.8,92.3,28.0,16.4,3.0,1.9,clay,13.44,0.41,Warning
7.125,80.1,2024-07,318.9,96.7,26.1,16.8,39.1,1.8,loam,1.24,0.63,Flood
7.025,80.075,2025-01,358.9,97.6,25.2,13.5,77.9,17.8,loam,6.71,0.71,Landslide
7.025,80.1,2025-02,45.7,96.4,26.3,14.2,79.7,8.2,loam,8.25,0.59,Warning
6.975,80.325,2024-01,291.5,95.1,24.3,8.8,173.5,36.6,sandy,15.0,0.83,Landslide
7.075,80.05,2024-11,472.7,98.8,25.3,13.4,38.7,7.9,clay,0.55,0.65,Flood
7.125,80.225,2025-02,42.3,96.6,25.1,13.6,101.5,18.6,clay,0.78,0.59,No Risk
7.125,80.325,2025-01,279.9,97.6,25.3,12.2,114.8,10.7,loam,8.19,0.73,Warning
7.075,80.3,2024-04,194.8,97.1,27.4,11.2,99.1,6.7,loam,9.88,0.7,Warning
7.075,80.275,2024-02,25.6,94.4,26.7,14.2,201.6,18.5,loam,7.89,0.6,No Risk
6.95,80.35,2024-07,377.5,95.1,24.9,12.4,144.3,16.2,loam,15.0,0.81,Landslide
6.975,79.95,2023-06,367.5,96.9,26.5,17.0,19.8,1.1,clay,2.29,0.57,Flood
7.075,79.9,2023-05,224.2,95.1,27.3,17.6,28.5,5.2,clay,10.66,0.6,Warning
7.0,80.15,2023-05,233.9,96.1,26.5,13.2,147.0,20.3,sandy,12.41,0.81,Landslide
6.9,80.325,2024-08,484.0,95.3,24.5,14.1,190.9,31.7,sandy,15.0,0.77,Landslide
6.95,79.975,2025-04,246.8,97.8,26.7,12.2,33.0,1.8,clay,5.79,0.64,Warning
7.1,79.875,2023-01,106.2,91.2,25.1,18.5,24.4,3.5,clay,14.57,0.58,Warning
7.125,80.125,2024-07,318.9,96.7,26.1,16.8,79.8,17.8,sandy,1.76,0.71,Landslide
7.15,79.95,2024-11,444.4,99.1,25.3,13.3,35.5,5.1,loam,13.55,0.62,Warning
7.025,79.9,2024-02,43.1,91.9,27.6,17.6,21.7,7.3,loam,6.0,0.47,No Risk
7.1,80.275,2024-06,405.7,95.7,26.3,16.6,138.0,32.2,loam,6.0,0.79,Landslide
7.025,79.875,2023-08,131.6,92.9,27.0,19.9,22.2,5.8,clay,7.89,0.6,Warning
7.1,80.1,2025-02,35.4,95.1,26.6,15.8,75.3,10.7,loam,2.22,0.55,No Risk
7.05,79.975,2023-06,325.2,96.6,26.6,17.5,7.1,1.2,clay,3.72,0.55,Warning
7.05,80.325,2023-05,240.2,94.9,26.1,13.0,217.1,18.9,sandy,13.79,0.82,Landslide
6.975,80.025,2024-02,36.4,93.8,27.7,15.1,70.2,12.1,sandy,6.33,0.59,No Risk
7.025,80.15,2023-02,120.6,97.0,25.4,12.3,108.4,8.3,loam,10.01,0.73,Warning
7.125,80.1,2024-05,688.8,97.5,26.8,16.0,39.1,1.8,loam,1.24,0.6,Flood
7.0,80.075,2024-03,121.6,96.0,28.2,15.4,52.6,1.6,sandy,8.25,0.63,Warning
7.125,79.875,2025-04,221.3,95.7,27.0,15.2,3.0,2.0,clay,15.0,0.58,Warning
6.95,79.9,2023-05,238.3,94.7,27.3,17.0,20.5,4.8,loam,0.0,0.62,Flood
7.025,79.9,2024-03,93.8,95.0,28.0,16.4,21.7,7.3,loam,6.0,0.56,Warning
7.1,80.175,2024-10,471.7,96.6,25.3,13.7,146.2,35.3,loam,2.78,0.8,Landslide
6.925,79.85,2024-01,138.1,94.3,26.0,14.2,24.7,3.2,clay,2.29,0.61,Flood
7.0,80.15,2023-03,188.5,97.7,25.9,10.5,147.0,20.3,sandy,12.41,0.81,Landslide
6.975,80.125,2025-02,45.7,96.4,26.3,14.2,37.5,4.8,clay,14.32,0.51,Warning
7.125,80.375,2024-02,26.9,91.8,26.3,15.9,175.1,24.7,sandy,11.88,0.58,No Risk
7.025,79.925,2024-02,43.7,91.7,27.6,17.7,7.6,1.0,clay,4.77,0.42,No Risk
7.0,80.0,2023-05,237.5,96.6,26.9,14.8,74.6,6.2,clay,2.48,0.69,Warning
7.125,80.025,2024-02,29.3,91.1,28.1,17.2,86.7,12.3,loam,5.71,0.53,No Risk
7.075,79.85,2024-01,130.5,93.1,26.1,15.6,25.8,2.4,loam,13.79,0.63,Warning
7.025,79.875,2024-02,43.5,91.6,27.6,17.7,22.2,5.8,clay,7.89,0.47,No Risk
7.125,80.125,2025-02,35.8,95.1,26.6,15.7,79.8,17.8,sandy,1.76,0.56,No Risk
7.0,79.875,2023-04,168.5,98.0,27.0,13.9,36.2,4.8,loam,6.21,0.56,Warning
7.075,80.025,2024-02,27.6,91.4,28.1,16.6,86.0,16.6,loam,2.83,0.52,No Risk
7.025,79.85,2023-07,214.2,92.8,26.9,21.3,24.8,3.0,clay,10.01,0.58,Warning
7.1,80.1,2024-02,26.5,91.0,27.7,17.1,75.3,10.7,loam,2.22,0.5,No Risk
7.025,79.975,2024-04,231.8,98.5,28.0,12.7,18.0,0.9,loam,1.76,0.59,Flood
6.925,80.375,2023-12,546.1,96.6,25.4,10.2,164.7,30.7,loam,15.0,0.79,Landslide
7.075,79.9,2023-12,366.3,95.8,25.9,16.1,28.5,5.2,clay,10.66,0.64,Warning
6.925,80.15,2023-06,341.0,97.5,25.8,14.8,109.4,14.2,sandy,15.0,0.77,Warning
7.025,80.1,2025-01,350.2,98.2,25.0,12.7,79.7,8.2,loam,8.25,0.75,Warning
6.9,79.925,2025-03,124.6,94.8,27.3,11.6,28.1,3.3,sandy,6.21,0.59,Warning
6.925,80.075,2024-09,378.4,97.8,26.0,16.8,23.4,3.6,clay,14.15,0.6,Warning
6.975,80.35,2024-04,254.2,95.8,26.3,9.6,187.8,28.4,loam,15.0,0.81,Landslide
6.9,80.125,2024-02,38.9,96.5,27.1,12.8,76.5,15.5,sandy,15.0,0.62,No Risk
6.975,79.975,2023-04,185.1,97.7,26.9,12.2,17.0,0.8,loam,3.24,0.51,Flood
6.95,80.325,2024-02,42.9,94.4,26.3,12.2,174.0,30.3,sandy,15.0,0.57,No Risk
6.925,80.1,2024-10,509.7,97.0,25.5,13.9,54.2,8.0,loam,15.0,0.7,Warning
7.075,80.225,2024-11,540.7,98.6,24.0,12.0,87.8,9.6,sandy,3.92,0.73,Warning
7.025,80.35,2023-01,193.5,94.0,23.0,9.9,168.9,24.2,sandy,15.0,0.77,Landslide
7.1,80.3,2024-02,26.2,91.9,26.2,15.8,227.7,27.9,loam,8.0,0.63,No Risk
7.0,80.1,2023-09,584.4,96.6,25.1,17.0,29.7,6.4,loam,10.47,0.59,Warning
6.975,80.025,2024-02,36.4,93.8,27.8,14.9,70.2,12.1,sandy,6.33,0.59,No Risk
6.975,79.975,2025-04,203.1,97.8,26.9,12.2,17.0,0.8,loam,3.24,0.62,Flood
7.15,79.925,2023-07,244.2,95.2,26.6,18.2,12.6,0.5,clay,15.0,0.57,Warning
7.05,80.375,2023-10,569.3,97.6,20.2,10.7,212.7,17.2,sandy,15.0,0.79,Landslide
7.05,80.375,2024-12,168.8,98.6,20.1,9.8,212.7,17.2,sandy,15.0,0.79,Landslide
7.125,80.275,2023-05,217.0,94.5,26.2,14.5,199.1,34.9,sandy,4.23,0.83,Landslide
6.975,80.35,2023-12,540.4,97.5,24.3,9.9,187.8,28.4,loam,15.0,0.81,Landslide
6.925,80.25,2024-01,224.1,96.2,25.4,10.2,228.8,33.0,sandy,15.0,0.74,Landslide
6.95,79.875,2024-05,645.4,95.1,27.7,20.2,39.8,2.5,loam,2.78,0.64,Flood
6.9,80.1,2023-09,608.4,96.8,25.0,16.9,75.8,7.3,loam,15.0,0.66,Warning
6.95,80.175,2024-11,482.2,98.3,25.0,12.6,117.2,19.0,loam,15.0,0.82,Landslide
7.025,79.975,2024-01,182.1,95.6,26.0,12.7,18.0,0.9,loam,1.76,0.61,Flood
7.0,80.0,2023-10,631.5,98.3,25.4,12.9,74.6,6.2,clay,2.48,0.73,Warning
7.0,79.95,2025-04,228.8,97.6,26.9,12.1,31.8,5.9,clay,1.11,0.62,Flood
7.125,80.175,2024-02,19.5,91.9,27.4,16.5,116.2,10.0,loam,3.92,0.55,No Risk
7.075,80.3,2023-12,438.8,98.2,25.0,11.6,99.1,6.7,loam,9.88,0.74,Warning
7.05,80.275,2023-05,240.2,94.9,26.0,13.0,201.8,19.8,loam,10.01,0.8,Landslide
7.1,79.85,2024-02,26.0,90.3,27.8,18.1,19.7,1.6,clay,15.0,0.35,No Risk
7.1,79.9,2023-09,510.3,95.0,26.0,20.2,20.9,6.5,clay,12.94,0.62,Warning
7.075,79.975,2025-01,305.5,96.5,25.4,14.5,18.3,2.2,loam,5.71,0.58,Warning
6.925,79.875,2023-11,489.3,97.5,25.5,12.1,16.7,1.3,loam,0.78,0.56,Flood
6.975,80.0,2024-04,232.2,98.6,28.0,12.9,74.9,18.6,loam,5.12,0.67,Landslide
7.075,80.3,2023-08,132.2,93.3,26.0,16.3,99.1,6.7,loam,9.88,0.79,Warning
7.125,79.9,2024-04,187.8,95.8,28.1,14.2,29.0,5.3,clay,15.0,0.63,Warning
6.975,79.9,2025-04,175.4,95.4,27.4,14.0,18.4,0.3,clay,2.77,0.59,Flood
6.95,80.325,2023-11,648.1,98.2,24.5,9.9,174.0,30.3,sandy,15.0,0.81,Landslide
7.075,80.175,2025-02,33.2,96.8,25.3,14.1,88.0,17.9,loam,3.92,0.57,No Risk
7.125,80.1,2023-09,546.5,97.2,25.0,18.1,39.1,1.8,loam,1.24,0.65,Flood
6.9,79.875,2024-07,310.0,93.6,27.2,18.8,17.2,0.3,clay,2.29,0.62,Flood
6.9,80.35,2025-04,349.6,98.9,24.5,10.8,121.1,24.6,loam,15.0,0.75,Landslide
7.075,80.375,2025-02,44.9,98.7,22.4,10.9,115.1,6.0,sandy,15.0,0.62,No Risk
6.925,80.225,2024-09,347.8,96.5,25.8,14.7,132.0,36.4,loam,15.0,0.8,Landslide
7.125,80.35,2024-01,166.9,95.2,24.7,11.7,158.1,30.1,loam,9.82,0.8,Landslide
6.9,80.075,2024-02,38.1,96.1,27.3,13.1,48.0,3.8,clay,15.0,0.48,No Risk
6.95,80.15,2024-02,39.0,96.5,27.0,12.8,110.9,14.4,sandy,15.0,0.65,No Risk
7.075,79.85,2024-10,421.1,95.4,26.3,16.8,25.8,2.4,loam,13.79,0.59,Warning
6.9,79.975,2024-04,224.9,98.5,27.9,12.7,23.2,3.9,loam,10.01,0.57,Warning
6.9,80.025,2023-01,146.5,93.9,24.8,13.6,77.1,15.8,sandy,13.24,0.67,Landslide
7.125,80.125,2023-02,100.4,94.5,25.6,13.9,79.8,17.8,sandy,1.76,0.72,Landslide
7.075,80.35,2025-02,53.6,97.4,24.9,11.7,222.8,24.9,loam,13.74,0.71,Warning
7.0,80.175,2023-06,342.8,95.8,25.2,13.3,74.0,13.3,sandy,11.44,0.68,Warning
7.125,80.325,2023-07,286.6,93.3,26.0,16.1,114.8,10.7,loam,8.19,0.8,Warning
6.975,80.275,2025-05,375.1,98.9,25.6,12.2,191.4,27.2,loam,15.0,0.82,Landslide
6.925,80.35,2024-01,345.7,94.6,24.3,9.5,196.5,16.3,sandy,15.0,0.78,Landslide
7.05,79.875,2024-02,42.5,91.1,27.6,17.8,22.2,6.6,clay,9.88,0.45,No Risk
7.125,80.1,2025-01,259.6,97.3,25.1,16.6,39.1,1.8,loam,1.24,0.6,Flood
7.15,79.9,2025-02,34.0,91.7,27.3,17.9,7.8,0.8,clay,15.0,0.43,No Risk
7.075,80.225,2024-08,387.8,94.5,24.9,15.6,87.8,9.6,sandy,3.92,0.72,Warning
7.15,80.025,2024-05,707.0,97.7,27.1,15.6,44.0,2.2,loam,8.25,0.59,Warning
7.1,80.2,2023-09,566.4,96.3,24.9,16.9,88.8,13.2,loam,0.0,0.73,Warning
7.05,80.2,2024-06,419.1,96.0,24.6,16.9,99.8,17.4,sandy,5.55,0.77,Landslide
7.025,79.925,2024-05,607.9,95.2,27.8,19.9,7.6,1.0,clay,4.77,0.59,Warning
7.05,80.025,2023-04,210.1,97.6,26.9,12.0,87.5,19.3,clay,0.56,0.71,Landslide
6.975,79.975,2024-11,433.4,98.9,25.4,12.7,17.0,0.8,loam,3.24,0.55,Flood
7.05,80.225,2025-04,299.2,98.3,25.7,12.3,90.0,17.9,sandy,6.21,0.76,Landslide
7.05,80.275,2024-02,25.4,94.4,26.7,14.2,201.8,19.8,loam,10.01,0.52,No Risk
7.1,80.175,2024-04,218.0,96.7,27.8,12.8,146.2,35.3,loam,2.78,0.83,Landslide
7.05,79.875,2024-09,294.4,92.8,27.0,20.8,22.2,6.6,clay,9.88,0.54,Warning
7.075,80.025,2023-03,183.6,97.2,26.5,11.5,86.0,16.6,loam,2.83,0.69,Landslide
6.925,80.025,2024-05,755.7,97.9,26.8,15.7,52.5,3.1,clay,11.02,0.65,Warning
7.125,80.375,2025-04,216.3,97.8,25.1,12.0,175.1,24.7,sandy,11.88,0.8,Landslide
6.95,79.9,2024-05,662.2,95.1,27.7,19.8,20.5,4.8,loam,0.0,0.57,Flood
7.0,79.85,2023-10,504.7,96.8,25.6,15.1,13.7,1.6,loam,7.85,0.56,Warning
7.025,80.375,2023-03,204.5,95.7,24.4,9.5,119.5,13.0,loam,15.0,0.81,Warning
7.0,79.925,2023-02,64.1,95.8,25.6,15.9,3.0,2.2,clay,2.29,0.46,Warning
7.075,80.15,2023-01,139.2,90.5,24.9,15.9,81.5,10.9,loam,6.21,0.77,Warning
7.075,79.85,2025-01,269.5,94.8,25.6,16.5,25.8,2.4,loam,13.79,0.58,Warning
6.975,80.2,2025-04,314.4,97.9,25.8,11.7,118.9,8.0,sandy,13.88,0.79,Warning
6.975,79.95,2023-09,584.2,96.6,25.6,16.9,19.8,1.1,clay,2.29,0.58,Flood
7.0,80.025,2025-03,198.0,98.2,26.4,11.3,80.3,6.7,sandy,4.47,0.72,Warning
7.075,80.175,2024-09,313.3,96.9,24.8,15.7,88.0,17.9,loam,3.92,0.72,Landslide
7.05,80.3,2024-02,25.3,94.5,26.7,14.3,128.7,31.4,loam,11.8,0.63,No Risk
7.1,80.275,2024-02,24.9,94.5,27.6,14.1,138.0,32.2,loam,6.0,0.59,No Risk
6.9,80.375,2023-07,390.3,94.8,24.5,12.5,172.8,22.7,sandy,15.0,0.8,Landslide
6.975,79.925,2023-11,444.7,97.7,25.4,11.8,14.6,0.6,clay,0.78,0.6,Flood
7.0,79.85,2024-12,133.7,94.9,26.5,14.1,13.7,1.6,loam,7.85,0.58,Warning
7.15,79.9,2024-02,26.5,90.4,27.7,18.3,7.8,0.8,clay,15.0,0.41,No Risk
7.025,79.975,2023-06,368.9,96.8,26.6,17.0,18.0,0.9,loam,1.76,0.61,Flood
6.95,79.9,2023-04,149.4,95.4,27.3,13.9,20.5,4.8,loam,0.0,0.62,Flood
6.95,80.2,2024-12,169.4,98.2,25.4,11.7,66.3,6.2,loam,15.0,0.7,Warning
6.9,79.875,2023-03,143.7,95.9,26.4,12.9,17.2,0.3,clay,2.29,0.61,Flood
7.025,79.95,2024-10,453.6,97.2,25.9,14.3,14.2,1.5,clay,2.99,0.6,Flood
6.95,80.025,2024-03,128.0,97.2,27.9,14.9,88.4,10.8,loam,8.69,0.7,Warning
7.125,80.2,2024-02,19.6,91.9,27.3,16.5,92.0,7.0,sandy,2.78,0.55,No Risk
7.075,80.175,2023-02,99.6,96.4,24.5,12.1,88.0,17.9,loam,3.92,0.73,Landslide
6.925,79.975,2024-09,383.1,96.3,26.5,17.5,9.3,0.8,clay,7.89,0.62,Warning
7.125,80.025,2024-12,154.0,97.9,25.6,12.9,86.7,12.3,loam,5.71,0.74,Warning
7.125,80.175,2023-02,73.0,95.4,25.4,13.6,116.2,10.0,loam,3.92,0.75,Warning
6.925,80.15,2023-05,241.1,96.6,26.3,13.2,109.4,14.2,sandy,15.0,0.76,Warning
7.075,80.175,2025-02,32.9,96.7,25.2,14.3,88.0,17.9,loam,3.92,0.57,No Risk
7.15,79.875,2024-03,57.0,94.3,28.0,16.4,5.4,2.0,loam,15.0,0.48,Warning
7.1,80.2,2024-07,331.9,96.0,26.0,15.4,88.8,13.2,loam,0.0,0.76,Warning
7.025,80.125,2023-05,233.9,96.1,26.5,13.2,60.4,12.0,clay,9.71,0.72,Warning
7.075,80.225,2023-06,327.3,95.0,25.0,13.8,87.8,9.6,sandy,3.92,0.72,Warning
7.025,79.9,2024-02,43.8,91.8,27.6,17.7,21.7,7.3,loam,6.0,0.47,No Risk
6.9,80.025,2024-05,755.7,97.9,26.8,15.7,77.1,15.8,sandy,13.24,0.73,Landslide
7.1,80.15,2024-02,26.5,91.4,27.8,16.4,109.5,13.6,sandy,4.96,0.51,No Risk
6.95,79.85,2024-01,138.1,94.3,26.0,14.2,17.7,1.4,clay,4.0,0.52,Warning
7.0,80.375,2023-03,204.5,95.8,25.4,9.5,175.5,36.1,sandy,15.0,0.82,Landslide
7.0,79.9,2023-09,545.4,95.2,26.0,19.9,22.7,1.5,clay,4.0,0.57,Warning
7.025,80.2,2024-05,817.5,96.9,26.0,15.0,123.8,29.9,sandy,8.32,0.74,Landslide
6.9,79.875,2024-03,79.9,94.9,28.1,16.7,17.2,0.3,clay,2.29,0.56,Warning
7.1,80.275,2024-05,809.0,97.3,27.0,15.0,138.0,32.2,loam,6.0,0.78,Landslide
7.025,80.35,2024-11,601.0,98.7,23.8,10.2,168.9,24.2,sandy,15.0,0.74,Landslide
7.025,80.175,2023-05,234.3,95.5,26.4,12.5,132.6,16.4,loam,8.78,0.76,Landslide
7.0,79.975,2024-05,703.2,97.4,27.3,16.7,9.0,0.5,clay,1.67,0.51,Flood
6.95,80.025,2025-01,376.1,98.7,25.0,12.5,88.4,10.8,loam,8.69,0.77,Warning
7.1,80.05,2023-09,563.7,97.1,25.4,17.0,41.6,6.9,loam,2.22,0.63,Flood
7.025,79.925,2024-02,43.7,92.0,27.6,17.7,7.6,1.0,clay,4.77,0.42,No Risk
7.025,80.05,2024-06,391.5,96.7,26.4,17.0,34.0,3.7,loam,4.33,0.63,Warning
6.95,80.375,2023-08,188.7,93.9,23.8,13.8,212.6,38.0,loam,15.0,0.76,Landslide
7.1,79.875,2025-02,34.4,91.8,27.3,17.7,24.4,3.5,clay,14.57,0.44,No Risk
6.975,79.875,2024-01,121.8,93.6,26.0,15.0,28.7,5.1,sandy,3.92,0.61,Warning
7.125,80.15,2025-05,253.3,97.5,26.1,15.7,153.9,18.9,loam,2.99,0.75,Landslide
6.95,80.025,2025-03,212.2,98.7,26.1,11.2,88.4,10.8,loam,8.69,0.75,Warning
6.925,79.875,2023-04,138.2,95.4,27.3,13.7,16.7,1.3,loam,0.78,0.63,Flood
6.95,80.075,2024-02,38.8,96.1,27.3,13.1,54.5,2.1,loam,12.22,0.52,No Risk
7.125,80.125,2024-04,210.1,97.1,28.0,13.2,79.8,17.8,sandy,1.76,0.75,Landslide
6.925,80.05,2025-04,295.1,98.6,26.1,12.6,82.3,7.8,loam,12.47,0.75,Warning
7.1,80.025,2023-12,396.8,97.1,25.8,14.6,59.1,4.2,loam,3.55,0.65,Warning
7.0,79.925,2025-04,164.1,95.3,27.4,14.0,3.0,2.2,clay,2.29,0.56,Flood
7.025,79.85,2023-04,168.5,98.0,27.1,13.9,24.8,3.0,clay,10.01,0.59,Warning
7.0,80.125,2024-08,330.6,95.8,25.9,16.1,32.7,2.6,clay,12.17,0.58,Warning
7.0,79.9,2023-12,362.7,96.3,25.9,15.5,22.7,1.5,clay,4.0,0.62,Warning
7.1,79.9,2023-10,478.9,96.7,25.6,14.9,20.9,6.5,clay,12.94,0.58,Warning
7.1,80.35,2025-02,27.7,96.3,26.3,13.1,104.3,12.9,sandy,12.01,0.56,No Risk
7.075,80.1,2024-02,26.8,91.5,27.8,16.4,32.2,3.5,clay,3.55,0.41,No Risk
6.975,80.225,2024-10,559.3,96.4,25.5,12.6,118.1,16.4,sandy,14.15,0.83,Landslide
7.025,79.975,2024-10,441.3,97.3,25.9,14.4,18.0,0.9,loam,1.76,0.59,Flood
6.95,80.275,2023-01,187.1,96.1,24.0,10.5,186.9,15.9,sandy,15.0,0.74,Landslide
7.1,79.875,2025-02,34.5,91.5,27.4,17.6,24.4,3.5,clay,14.57,0.44,No Risk
7.1,79.9,2025-01,269.5,94.8,25.5,16.5,20.9,6.5,clay,12.94,0.6,Warning
6.9,80.3,2023-10,694.2,97.0,23.8,11.9,186.2,18.2,sandy,15.0,0.8,Landslide
7.05,80.225,2024-02,33.8,93.8,27.3,15.6,90.0,17.9,sandy,6.21,0.59,No Risk
7.025,79.875,2024-02,43.4,91.8,27.6,17.6,22.2,5.8,clay,7.89,0.47,No Risk
7.1,80.35,2023-05,213.1,94.9,26.5,14.2,104.3,12.9,sandy,12.01,0.74,Warning
7.0,80.325,2024-06,366.8,96.2,24.8,14.9,237.4,27.0,sandy,15.0,0.85,Landslide
7.05,80.15,2024-02,27.5,91.3,27.8,16.3,133.4,17.5,loam,7.85,0.6,No Risk
6.925,79.925,2023-07,250.1,92.9,26.9,21.0,31.7,5.7,loam,3.92,0.62,Warning
7.025,80.025,2024-02,36.2,93.7,27.7,15.0,69.5,11.7,loam,2.83,0.52,No Risk
6.975,80.2,2024-08,391.2,95.2,25.8,15.0,118.9,8.0,sandy,13.88,0.78,Warning
7.1,80.2,2024-02,33.2,93.9,27.3,15.5,88.8,13.2,loam,0.0,0.55,No Risk
6.975,79.9,2024-10,415.6,95.5,26.3,16.7,18.4,0.3,clay,2.77,0.64,Flood
7.0,79.85,2024-02,43.4,91.8,27.7,17.6,13.7,1.6,loam,7.85,0.4,No Risk
6.9,79.85,2024-06,358.1,93.6,27.0,21.3,8.8,0.6,clay,3.14,0.55,Flood
7.125,79.85,2024-02,26.9,90.5,27.8,18.0,6.1,0.5,clay,15.0,0.37,No Risk
7.125,80.175,2024-05,711.3,97.5,26.6,16.0,116.2,10.0,loam,3.92,0.76,Warning
7.125,80.075,2024-11,574.4,98.6,25.0,13.5,72.3,12.6,loam,2.83,0.77,Warning
7.075,80.05,2024-07,315.7,97.0,26.5,16.0,38.7,7.9,clay,0.55,0.62,Flood
7.1,79.875,2023-12,312.3,95.5,26.0,16.8,24.4,3.5,clay,14.57,0.57,Warning
7.125,79.875,2025-02,34.5,91.7,27.2,17.7,3.0,2.0,clay,15.0,0.33,No Risk
6.925,80.375,2023-09,618.5,96.2,25.0,15.4,164.7,30.7,loam,15.0,0.8,Landslide
6.975,80.0,2024-05,695.3,97.3,27.3,16.5,74.9,18.6,loam,5.12,0.71,Landslide
7.125,79.875,2024-11,398.3,97.3,25.6,16.0,3.0,2.0,clay,15.0,0.55,Warning
7.05,80.125,2024-02,26.6,91.5,27.8,16.3,34.8,4.8,clay,7.47,0.45,No Risk
7.1,80.05,2024-11,472.7,98.8,25.3,13.4,41.6,6.9,loam,2.22,0.68,Flood
7.025,79.9,2024-02,44.2,91.9,27.6,17.6,21.7,7.3,loam,6.0,0.47,No Risk
7.1,79.875,2025-02,34.0,91.9,27.3,17.6,24.4,3.5,clay,14.57,0.44,No Risk
7.125,80.125,2023-07,266.5,96.4,25.9,17.3,79.8,17.8,sandy,1.76,0.66,Landslide
7.075,80.325,2023-10,590.2,97.8,23.9,12.1,99.7,18.4,sandy,11.88,0.75,Landslide
7.05,80.35,2025-03,183.0,98.4,25.4,10.0,132.8,27.5,sandy,15.0,0.84,Landslide
7.025,80.1,2023-05,233.9,96.1,26.5,13.2,79.7,8.2,loam,8.25,0.69,Warning
7.15,79.9,2025-02,34.2,91.9,27.3,17.7,7.8,0.8,clay,15.0,0.43,No Risk
7.025,80.375,2024-06,366.8,96.2,24.8,14.9,119.5,13.0,loam,15.0,0.8,Warning
7.075,80.225,2025-01,298.3,98.5,24.1,10.9,87.8,9.6,sandy,3.92,0.74,Warning
7.1,80.05,2025-01,309.9,96.8,25.4,15.1,41.6,6.9,loam,2.22,0.65,Flood
7.05,80.05,2024-03,125.0,95.9,28.4,15.3,22.4,3.7,loam,3.33,0.61,Flood
7.075,80.1,2024-06,393.4,96.6,26.1,17.0,32.2,3.5,clay,3.55,0.62,Warning
6.95,80.125,2025-03,169.4,98.8,25.9,12.0,28.9,5.4,clay,15.0,0.56,Warning
7.075,80.125,2024-02,27.1,91.2,27.8,16.4,86.3,10.8,sandy,5.27,0.54,No Risk
6.95,80.05,2024-02,38.5,96.1,27.3,13.2,79.7,18.7,loam,10.23,0.57,No Risk
7.125,80.325,2024-03,106.1,94.6,28.3,14.7,114.8,10.7,loam,8.19,0.79,Warning
6.975,80.15,2024-02,42.4,94.2,27.5,14.3,94.7,8.2,loam,14.94,0.61,No Risk
6.925,80.225,2024-12,169.4,98.2,25.4,11.7,132.0,36.4,loam,15.0,0.79,Landslide
7.125,80.25,2024-01,182.0,95.5,24.5,12.6,183.4,27.4,sandy,2.29,0.77,Landslide
7.125,80.0,2024-02,29.4,91.2,28.2,17.2,61.0,15.4,loam,7.47,0.39,No Risk
6.975,80.3,2025-04,365.3,98.9,25.4,11.2,228.2,18.0,loam,15.0,0.72,Landslide
7.125,80.2,2023-12,383.0,97.4,25.3,14.2,92.0,7.0,sandy,2.78,0.68,Warning
6.95,80.275,2024-08,484.2,94.0,25.6,14.1,186.9,15.9,sandy,15.0,0.84,Landslide
7.1,80.125,2024-02,27.0,91.5,27.9,16.4,71.0,11.4,loam,2.78,0.53,No Risk
7.125,80.375,2023-08,101.4,92.3,25.5,17.5,175.1,24.7,sandy,11.88,0.85,Landslide
7.15,79.925,2024-09,309.9,96.3,26.6,18.2,12.6,0.5,clay,15.0,0.56,Warning
6.925,79.85,2023-07,254.7,93.0,26.9,21.1,24.7,3.2,clay,2.29,0.64,Flood
6.9,80.0,2024-07,363.2,96.3,26.7,16.3,64.3,14.6,loam,11.8,0.66,Warning
6.925,80.0,2023-09,573.5,96.9,25.5,16.9,60.1,18.3,loam,9.44,0.61,Landslide
7.125,79.9,2024-10,427.8,95.3,26.3,16.8,29.0,5.3,clay,15.0,0.63,Warning
7.075,80.05,2024-04,213.1,98.2,28.1,12.3,38.7,7.9,clay,0.55,0.63,Flood
7.125,80.125,2023-05,229.9,96.1,26.6,14.5,79.8,17.8,sandy,1.76,0.72,Landslide
7.05,80.125,2024-08,298.8,95.7,25.9,16.5,34.8,4.8,clay,7.47,0.66,Warning
7.0,79.95,2024-08,308.4,96.0,26.4,16.8,31.8,5.9,clay,1.11,0.57,Flood
7.0,79.95,2023-08,143.5,95.7,26.8,17.7,31.8,5.9,clay,1.11,0.6,Flood
7.125,80.225,2024-08,377.5,94.0,24.7,16.5,101.5,18.6,clay,0.78,0.76,Landslide
7.1,79.875,2024-02,26.6,90.4,27.8,18.1,24.4,3.5,clay,14.57,0.41,No Risk
7.125,79.875,2024-12,112.9,95.0,26.2,15.2,3.0,2.0,clay,15.0,0.62,Warning
7.0,79.875,2025-03,137.8,95.4,27.2,12.0,36.2,4.8,loam,6.21,0.59,Warning
7.15,79.875,2023-11,517.8,97.8,25.5,11.8,5.4,2.0,loam,15.0,0.57,Warning
6.9,80.05,2023-07,296.9,97.1,26.0,16.8,22.1,5.5,clay,14.89,0.64,Warning
7.05,80.0,2024-02,26.5,92.3,28.0,16.3,74.6,7.6,clay,2.22,0.57,No Risk
7.05,80.25,2024-02,26.2,94.4,27.5,14.3,124.2,29.2,loam,7.85,0.63,No Risk
7.0,80.2,2024-08,391.2,95.2,25.8,15.0,62.8,13.7,sandy,11.1,0.67,Warning
7.1,80.275,2024-02,25.6,94.4,27.4,14.2,138.0,32.2,loam,6.0,0.59,No Risk
7.1,80.3,2023-07,286.6,93.2,24.9,16.1,227.7,27.9,loam,8.0,0.84,Landslide
6.925,80.1,2024-06,403.3,96.8,26.0,17.1,54.2,8.0,loam,15.0,0.74,Warning
7.075,80.05,2024-10,400.3,97.3,25.8,13.6,38.7,7.9,clay,0.55,0.57,Flood
7.05,80.05,2023-08,129.2,95.9,26.6,17.1,22.4,3.7,loam,3.33,0.61,Flood
7.125,79.925,2025-01,271.0,96.5,25.5,15.8,3.0,1.9,clay,13.44,0.55,Warning
7.075,80.325,2023-07,313.7,94.5,24.6,14.5,99.7,18.4,sandy,11.88,0.69,Landslide
7.025,80.15,2024-03,105.1,95.0,28.1,16.4,108.4,8.3,loam,10.01,0.72,Warning
7.15,79.875,2025-02,33.8,91.7,27.3,17.5,5.4,2.0,loam,15.0,0.43,No Risk
7.025,79.975,2025-02,59.4,95.5,27.3,13.9,18.0,0.9,loam,1.76,0.56,Warning
7.125,80.175,2024-04,218.0,96.7,27.8,12.8,116.2,10.0,loam,3.92,0.83,Warning
6.975,80.275,2023-04,195.6,96.3,26.1,10.7,191.4,27.2,loam,15.0,0.81,Landslide
7.075,79.875,2024-01,130.5,93.1,26.0,15.6,9.5,1.1,clay,12.18,0.5,Warning
7.1,80.05,2024-07,304.1,97.0,26.5,15.8,41.6,6.9,loam,2.22,0.62,Flood
7.05,79.975,2023-10,616.8,98.4,25.4,12.6,7.1,1.2,clay,3.72,0.62,Warning
6.9,79.975,2023-02,112.9,97.7,25.5,12.9,23.2,3.9,loam,10.01,0.61,Warning
7.1,80.375,2023-10,590.2,97.8,24.9,12.1,126.9,33.0,sandy,13.74,0.8,Landslide
6.975,80.175,2023-04,163.6,96.7,26.5,11.1,78.0,16.1,sandy,14.15,0.74,Landslide
7.0,79.925,2023-06,382.7,94.8,27.0,20.0,3.0,2.2,clay,2.29,0.54,Flood
7.025,80.2,2024-04,200.0,96.4,27.1,12.8,123.8,29.9,sandy,8.32,0.8,Landslide
6.95,80.225,2025-02,59.6,98.0,26.1,13.2,67.0,14.3,loam,15.0,0.58,Warning
7.15,80.025,2023-11,582.5,99.2,25.3,10.2,44.0,2.2,loam,8.25,0.62,Warning
6.9,79.925,2025-04,177.0,95.0,27.4,13.3,28.1,3.3,sandy,6.21,0.56,Warning
7.075,80.225,2024-02,25.9,94.3,26.2,14.3,87.8,9.6,sandy,3.92,0.57,No Risk
7.075,80.175,2024-06,419.1,96.0,25.1,16.9,88.0,17.9,loam,3.92,0.7,Landslide
6.95,80.25,2024-02,43.1,94.3,26.0,12.2,182.1,27.5,sandy,15.0,0.67,No Risk
6.9,80.275,2023-06,463.6,94.8,25.7,12.1,132.8,33.3,sandy,15.0,0.8,Landslide
7.15,79.9,2024-04,187.8,95.8,28.1,14.2,7.8,0.8,clay,15.0,0.57,Warning
6.925,79.9,2025-01,278.6,94.9,25.6,14.2,11.6,0.4,clay,2.78,0.56,Flood
6.975,79.9,2023-12,370.4,96.1,25.9,15.7,18.4,0.3,clay,2.77,0.58,Flood
7.0,80.3,2024-04,203.0,96.8,27.5,11.1,223.5,30.2,loam,15.0,0.85,Landslide
7.125,80.325,2025-02,27.7,96.5,26.4,13.1,114.8,10.7,loam,8.19,0.59,No Risk
7.125,80.3,2024-11,575.0,98.5,24.6,12.4,121.9,24.6,sandy,5.9,0.77,Landslide
7.1,80.275,2023-01,148.1,93.7,24.8,13.4,138.0,32.2,loam,6.0,0.84,Landslide
6.9,80.35,2024-05,851.9,97.2,25.4,13.3,121.1,24.6,loam,15.0,0.73,Landslide
7.1,80.175,2024-02,18.7,92.0,27.5,16.4,146.2,35.3,loam,2.78,0.62,No Risk
7.125,80.275,2024-04,194.8,96.7,27.5,12.2,199.1,34.9,sandy,4.23,0.81,Landslide
6.95,80.15,2024-12,173.2,98.2,25.3,12.4,110.9,14.4,sandy,15.0,0.8,Warning
6.975,79.95,2024-10,440.8,97.2,25.9,14.3,19.8,1.1,clay,2.29,0.53,Flood
7.125,80.025,2023-12,396.8,97.1,25.8,14.6,86.7,12.3,loam,5.71,0.75,Warning
7.0,79.975,2023-04,178.0,97.7,26.9,12.2,9.0,0.5,clay,1.67,0.52,Flood
7.15,79.85,2023-03,138.5,96.6,26.6,14.1,3.2,1.5,clay,15.0,0.57,Warning
6.95,80.2,2024-07,353.9,96.5,26.1,14.3,66.3,6.2,loam,15.0,0.7,Warning
7.15,80.025,2025-02,42.9,95.3,27.0,15.6,44.0,2.2,loam,8.25,0.48,No Risk
7.125,80.25,2023-11,584.8,98.7,23.9,10.8,183.4,27.4,sandy,2.29,0.8,Landslide
7.075,80.375,2025-05,266.8,98.5,22.8,12.8,115.1,6.0,sandy,15.0,0.8,Warning
7.0,80.175,2024-02,46.0,95.3,26.5,13.3,74.0,13.3,sandy,11.44,0.59,Warning
7.1,80.175,2024-11,565.6,98.7,24.8,12.7,146.2,35.3,loam,2.78,0.79,Landslide
6.9,79.9,2025-05,274.2,94.1,27.8,18.1,18.9,1.4,clay,4.0,0.57,Warning
6.975,80.175,2024-06,470.1,95.8,26.0,16.1,78.0,16.1,sandy,14.15,0.66,Landslide
7.0,79.95,2023-10,631.5,98.3,25.4,12.9,31.8,5.9,clay,1.11,0.63,Flood
7.025,79.975,2023-08,135.4,95.7,26.8,17.5,18.0,0.9,loam,1.76,0.58,Flood
6.925,79.875,2023-05,246.6,94.7,27.4,16.9,16.7,1.3,loam,0.78,0.61,Flood
7.0,79.875,2024-02,43.4,91.8,27.6,17.6,36.2,4.8,loam,6.21,0.49,No Risk
7.075,80.35,2024-05,716.4,97.7,25.5,14.6,222.8,24.9,loam,13.74,0.85,Landslide
6.925,80.175,2024-03,86.6,94.1,28.3,16.4,65.1,18.1,loam,15.0,0.66,Landslide
6.9,79.95,2024-09,383.1,96.3,26.5,17.5,23.8,4.0,clay,7.85,0.59,Warning
7.05,80.075,2024-02,27.6,91.6,28.1,16.7,48.9,3.6,loam,4.33,0.45,No Risk
7.15,79.9,2025-02,34.1,91.7,27.4,17.8,7.8,0.8,clay,15.0,0.43,No Risk
7.0,80.1,2024-01,200.0,95.7,25.8,11.7,29.7,6.4,loam,10.47,0.58,Warning
7.05,80.35,2023-02,110.6,96.6,24.7,10.1,132.8,27.5,sandy,15.0,0.8,Landslide
6.925,80.325,2023-12,546.1,96.5,24.2,10.2,210.0,18.2,sandy,15.0,0.85,Landslide
7.075,80.05,2024-08,265.0,96.4,26.2,16.4,38.7,7.9,clay,0.55,0.64,Flood
7.125,80.2,2025-02,41.5,96.2,26.0,14.4,92.0,7.0,sandy,2.78,0.59,No Risk
7.1,80.325,2024-08,387.8,94.5,25.6,15.6,154.6,24.9,loam,9.82,0.84,Landslide
6.9,80.325,2024-04,341.0,95.2,26.3,9.5,190.9,31.7,sandy,15.0,0.75,Landslide
7.125,80.275,2024-09,275.1,95.3,25.5,16.4,199.1,34.9,sandy,4.23,0.77,Landslide
7.05,79.925,2024-01,130.5,93.1,26.0,15.6,35.5,6.6,clay,6.77,0.61,Warning
7.1,79.925,2024-12,160.5,98.0,25.7,13.1,4.3,0.6,clay,11.44,0.57,Warning
7.15,79.975,2023-10,532.2,98.3,25.4,12.8,28.4,6.7,clay,11.39,0.64,Warning
7.075,80.175,2025-05,305.5,98.3,25.1,14.4,88.0,17.9,loam,3.92,0.73,Landslide
7.0,79.975,2024-06,366.0,95.9,26.7,18.3,9.0,0.5,clay,1.67,0.59,Flood
7.1,80.275,2025-01,298.3,98.6,25.3,10.9,138.0,32.2,loam,6.0,0.83,Landslide
6.975,79.95,2023-05,238.0,96.6,26.8,14.7,19.8,1.1,clay,2.29,0.65,Flood
6.975,80.2,2023-11,601.0,98.6,25.1,10.5,118.9,8.0,sandy,13.88,0.78,Warning
7.025,80.125,2023-07,359.7,97.1,25.9,16.2,60.4,12.0,clay,9.71,0.71,Warning
6.975,80.075,2024-01,203.6,95.5,26.1,12.4,57.2,4.9,clay,10.32,0.69,Warning
6.9,80.0,2024-10,460.2,97.1,25.9,14.4,64.3,14.6,loam,11.8,0.67,Warning
6.975,79.975,2024-08,307.0,96.0,26.4,16.6,17.0,0.8,loam,3.24,0.55,Flood
6.925,79.975,2024-08,369.5,96.2,26.3,16.6,9.3,0.8,clay,7.89,0.59,Warning
7.1,80.15,2025-03,178.8,97.8,26.2,12.1,109.5,13.6,sandy,4.96,0.75,Warning
7.0,79.925,2023-01,99.6,91.8,25.2,18.0,3.0,2.2,clay,2.29,0.56,Flood
6.975,79.975,2023-10,631.5,98.3,25.4,12.9,17.0,0.8,loam,3.24,0.6,Flood
7.1,80.275,2024-02,25.8,94.3,27.5,14.3,138.0,32.2,loam,6.0,0.59,No Risk
7.0,79.9,2024-02,43.7,92.0,27.6,17.5,22.7,1.5,clay,4.0,0.5,No Risk
6.925,79.85,2023-07,250.1,92.9,26.9,21.0,24.7,3.2,clay,2.29,0.64,Flood
6.95,80.075,2024-02,38.1,96.1,27.3,13.1,54.5,2.1,loam,12.22,0.52,No Risk
6.925,79.875,2023-05,235.3,94.8,27.3,16.9,16.7,1.3,loam,0.78,0.61,Flood
6.9,79.95,2023-05,276.4,96.9,26.8,14.6,23.8,4.0,clay,7.85,0.62,Warning
7.0,80.2,2024-12,155.3,97.8,25.3,12.2,62.8,13.7,sandy,11.1,0.67,Warning
7.0,80.3,2023-01,178.5,94.7,24.0,11.3,223.5,30.2,loam,15.0,0.76,Landslide
7.125,80.275,2024-02,22.1,92.2,27.0,16.0,199.1,34.9,sandy,4.23,0.59,No Risk
7.025,79.925,2023-02,64.1,95.8,25.6,15.9,7.6,1.0,clay,4.77,0.47,Warning
6.975,80.025,2024-07,324.6,97.3,26.5,15.6,70.2,12.1,sandy,6.33,0.73,Warning
7.1,80.025,2025-02,43.2,95.3,27.0,15.6,59.1,4.2,loam,3.55,0.49,No Risk
6.9,79.95,2024-07,363.2,96.3,26.7,16.3,23.8,4.0,clay,7.85,0.6,Warning
7.0,79.975,2024-07,353.3,96.3,26.8,16.6,9.0,0.5,clay,1.67,0.52,Flood
7.05,80.375,2025-02,44.8,98.6,20.6,11.0,212.7,17.2,sandy,15.0,0.69,No Risk
7.0,79.85,2023-08,131.6,92.9,27.1,19.9,13.7,1.6,loam,7.85,0.55,Warning
6.9,79.9,2023-05,238.3,94.7,27.3,17.0,18.9,1.4,clay,4.0,0.58,Warning
6.95,79.9,2025-01,278.6,94.9,25.6,14.2,20.5,4.8,loam,0.0,0.64,Flood
7.075,80.3,2024-08,387.8,94.5,25.4,15.6,99.1,6.7,loam,9.88,0.75,Warning
6.975,80.325,2023-03,204.5,95.7,24.4,9.5,173.5,36.6,sandy,15.0,0.78,Landslide
6.925,79.875,2024-01,138.1,94.3,26.0,14.2,16.7,1.3,loam,0.78,0.56,Flood
7.125,79.925,2024-06,335.6,95.9,26.8,18.7,3.0,1.9,clay,13.44,0.56,Warning
6.925,79.925,2024-05,656.3,95.1,27.7,20.1,31.7,5.7,loam,3.92,0.61,Warning
7.125,80.375,2023-11,652.5,98.5,24.2,10.3,175.1,24.7,sandy,11.88,0.84,Landslide
7.025,80.225,2024-05,817.5,97.0,26.7,15.0,137.7,19.0,sandy,8.78,0.82,Landslide
7.125,80.3,2025-02,42.7,96.7,25.8,13.5,121.9,24.6,sandy,5.9,0.68,No Risk
6.925,80.175,2024-02,38.7,96.0,27.1,12.6,65.1,18.1,loam,15.0,0.58,No Risk
7.025,79.9,2023-11,450.5,97.7,25.5,11.9,21.7,7.3,loam,6.0,0.57,Warning
7.075,80.0,2024-12,148.9,98.1,25.8,12.6,89.4,13.9,loam,3.55,0.75,Warning
6.95,80.35,2024-06,410.8,96.4,24.8,14.3,144.3,16.2,loam,15.0,0.81,Landslide
7.1,80.35,2024-02,27.7,91.6,27.4,15.9,104.3,12.9,sandy,12.01,0.57,No Risk
7.0,79.875,2024-04,173.6,96.4,28.2,14.5,36.2,4.8,loam,6.21,0.62,Warning
6.95,80.225,2023-07,357.0,96.4,25.7,15.3,67.0,14.3,loam,15.0,0.69,Warning
7.0,80.15,2024-01,200.0,95.7,25.8,11.7,147.0,20.3,sandy,12.41,0.79,Landslide
7.0,80.1,2023-02,120.6,97.0,25.4,12.3,29.7,6.4,loam,10.47,0.64,Warning
7.05,80.0,2025-02,58.8,96.1,27.1,14.3,74.6,7.6,clay,2.22,0.56,Warning
6.9,80.125,2024-02,38.8,96.2,27.2,12.9,76.5,15.5,sandy,15.0,0.62,No Risk
7.0,79.925,2024-11,370.8,96.8,25.7,15.1,3.0,2.2,clay,2.29,0.59,Flood
6.9,79.85,2024-11,355.3,96.4,25.8,15.3,8.8,0.6,clay,3.14,0.53,Flood
6.9,80.25,2025-02,51.8,97.0,25.9,12.1,113.0,8.2,sandy,15.0,0.61,Warning
6.9,80.275,2023-01,187.1,96.1,24.0,10.5,132.8,33.3,sandy,15.0,0.78,Landslide
6.925,79.875,2024-12,130.0,94.2,26.7,13.7,16.7,1.3,loam,0.78,0.56,Flood
7.025,80.375,2024-11,601.0,98.7,23.8,10.2,119.5,13.0,loam,15.0,0.8,Warning
6.9,80.35,2024-11,636.6,98.2,23.7,10.4,121.1,24.6,loam,15.0,0.78,Landslide
6.95,80.375,2025-03,204.4,98.3,23.4,9.8,212.6,38.0,loam,15.0,0.78,Landslide
6.925,79.9,2024-01,148.0,94.4,26.0,14.1,11.6,0.4,clay,2.78,0.6,Flood
7.15,79.9,2023-07,188.6,92.0,26.9,21.3,7.8,0.8,clay,15.0,0.61,Warning
6.95,79.9,2024-09,318.9,93.0,27.0,19.9,20.5,4.8,loam,0.0,0.57,Flood
7.1,80.0,2023-02,101.8,94.9,25.9,13.4,72.7,8.6,loam,5.98,0.74,Warning
7.025,80.325,2024-05,878.4,96.9,26.1,13.9,167.2,17.8,sandy,15.0,0.79,Landslide
6.975,80.225,2024-06,470.1,95.8,26.0,16.1,118.1,16.4,sandy,14.15,0.78,Landslide
7.05,80.3,2024-09,338.8,95.5,25.3,14.8,128.7,31.4,loam,11.8,0.8,Landslide
7.125,80.2,2024-03,71.6,93.8,28.1,15.9,92.0,7.0,sandy,2.78,0.64,Warning
7.125,80.1,2023-08,91.1,95.5,26.4,17.9,39.1,1.8,loam,1.24,0.6,Flood
6.95,79.9,2025-04,177.0,95.0,27.4,13.3,20.5,4.8,loam,0.0,0.6,Flood
7.1,80.225,2024-12,153.2,97.5,25.3,12.5,125.1,18.9,loam,2.77,0.82,Landslide
6.95,80.05,2024-07,328.2,97.8,26.3,15.7,79.7,18.7,loam,10.23,0.73,Landslide
6.925,80.2,2024-02,40.3,95.9,27.1,12.7,95.2,12.3,loam,15.0,0.58,No Risk
6.9,79.875,2025-04,169.2,95.1,27.4,13.1,17.2,0.3,clay,2.29,0.61,Flood
7.125,80.225,2024-07,370.1,94.3,25.0,15.8,101.5,18.6,clay,0.78,0.74,Landslide
6.95,80.075,2024-03,128.0,97.2,27.9,14.9,54.5,2.1,loam,12.22,0.64,Warning
7.1,80.1,2023-04,174.6,97.1,26.9,12.9,75.3,10.7,loam,2.22,0.7,Warning
7.1,80.2,2024-02,33.7,93.8,27.2,15.6,88.8,13.2,loam,0.0,0.55,No Risk
6.95,79.9,2023-04,138.2,95.4,27.3,13.7,20.5,4.8,loam,0.0,0.62,Flood
7.05,79.9,2024-04,180.0,96.2,28.1,14.5,18.4,1.2,clay,8.45,0.62,Warning
7.0,80.225,2024-12,155.3,97.8,25.3,12.2,93.3,10.0,sandy,11.44,0.79,Warning
6.925,80.3,2024-02,42.5,94.3,26.7,12.2,197.1,18.5,loam,15.0,0.62,No Risk
6.975,80.125,2024-06,417.7,96.6,26.1,16.7,37.5,4.8,clay,14.32,0.58,Warning
6.975,80.2,2025-03,170.4,98.5,25.9,11.5,118.9,8.0,sandy,13.88,0.71,Warning
7.075,80.2,2025-02,32.7,96.6,26.1,14.3,99.7,13.8,loam,2.77,0.62,No Risk
7.0,80.05,2023-01,129.0,91.8,25.1,14.5,33.9,6.9,sandy,6.47,0.65,Warning
7.125,79.85,2023-05,259.2,95.7,27.4,18.0,6.1,0.5,clay,15.0,0.53,Warning
6.9,79.975,2023-06,421.5,96.8,26.4,16.7,23.2,3.9,loam,10.01,0.56,Warning
7.0,80.05,2024-09,370.1,97.6,26.2,16.7,33.9,6.9,sandy,6.47,0.6,Warning
7.125,79.9,2024-02,26.6,90.5,27.8,18.1,29.0,5.3,clay,15.0,0.39,No Risk
6.975,79.975,2025-04,226.5,97.7,26.9,12.3,17.0,0.8,loam,3.24,0.62,Flood
7.025,80.325,2023-11,620.6,98.7,24.5,10.2,167.2,17.8,sandy,15.0,0.82,Landslide
6.975,80.125,2025-03,173.9,98.4,26.1,12.1,37.5,4.8,clay,14.32,0.62,Warning
7.05,80.0,2024-04,235.2,98.8,28.0,12.8,74.6,7.6,clay,2.22,0.69,Warning
7.1,79.975,2024-04,235.2,98.8,28.0,12.8,4.1,2.0,clay,7.47,0.53,Warning
7.1,79.925,2025-02,36.3,95.6,27.1,14.9,4.3,0.6,clay,11.44,0.45,Warning
7.1,79.875,2025-02,34.1,91.7,27.3,17.8,24.4,3.5,clay,14.57,0.44,No Risk
7.0,79.975,2024-10,444.6,97.3,26.0,14.2,9.0,0.5,clay,1.67,0.57,Flood
7.05,79.85,2025-05,288.9,95.1,27.8,20.2,7.3,1.1,clay,11.8,0.58,Warning
6.925,80.025,2024-07,328.2,97.8,26.3,15.7,52.5,3.1,clay,11.02,0.63,Warning
7.15,79.975,2023-12,360.2,97.2,25.9,14.8,28.4,6.7,clay,11.39,0.59,Warning
6.975,79.95,2024-03,101.8,96.9,28.1,15.0,19.8,1.1,clay,2.29,0.61,Flood
7.0,79.925,2023-06,377.8,95.0,27.1,19.9,3.0,2.2,clay,2.29,0.54,Flood
7.025,79.975,2024-07,360.8,96.3,26.8,16.5,18.0,0.9,loam,1.76,0.58,Flood
7.075,80.075,2024-01,192.4,94.4,26.1,13.7,71.6,10.1,clay,2.83,0.75,Warning
7.125,80.025,2024-02,29.8,91.2,28.0,17.1,86.7,12.3,loam,5.71,0.53,No Risk
7.05,80.375,2025-02,45.0,98.7,20.6,11.0,212.7,17.2,sandy,15.0,0.69,No Risk
6.95,79.9,2023-03,138.1,96.0,26.4,13.3,20.5,4.8,loam,0.0,0.54,Flood
6.95,80.275,2023-11,648.1,98.2,24.9,9.9,186.9,15.9,sandy,15.0,0.83,Landslide
7.075,80.35,2023-03,217.3,96.2,24.6,9.8,222.8,24.9,loam,13.74,0.84,Landslide
7.075,80.125,2023-01,139.2,90.5,24.9,15.9,86.3,10.8,sandy,5.27,0.72,Warning
7.1,80.15,2023-05,220.9,96.1,26.6,13.6,109.5,13.6,sandy,4.96,0.76,Warning
6.95,80.3,2024-09,417.6,95.1,25.6,12.8,238.9,30.8,sandy,15.0,0.83,Landslide
6.9,79.85,2024-07,306.4,93.6,27.2,19.0,8.8,0.6,clay,3.14,0.62,Flood
7.0,79.975,2023-08,136.4,95.8,26.7,17.6,9.0,0.5,clay,1.67,0.53,Flood
6.9,80.0,2023-02,112.9,97.7,25.5,12.9,64.3,14.6,loam,11.8,0.64,Warning
6.975,79.875,2024-02,43.3,91.9,27.6,17.8,28.7,5.1,sandy,3.92,0.43,No Risk
6.975,80.0,2023-06,368.9,96.8,26.6,17.0,74.9,18.6,loam,5.12,0.69,Landslide
6.975,79.975,2023-05,244.1,96.7,26.9,14.8,17.0,0.8,loam,3.24,0.59,Flood
7.025,80.1,2023-12,475.0,97.8,25.5,12.5,79.7,8.2,loam,8.25,0.7,Warning
6.975,79.85,2023-07,214.2,92.8,26.9,21.3,9.5,0.5,clay,6.21,0.57,Warning
6.9,79.9,2025-01,278.6,94.9,25.6,14.2,18.9,1.4,clay,4.0,0.58,Warning
6.925,80.0,2023-05,276.4,96.9,26.8,14.6,60.1,18.3,loam,9.44,0.67,Landslide
7.125,80.35,2023-02,112.4,96.0,24.3,12.3,158.1,30.1,loam,9.82,0.8,Landslide
7.0,79.95,2024-09,364.3,96.1,26.7,17.8,31.8,5.9,clay,1.11,0.61,Flood
7.125,79.9,2024-09,257.0,92.4,27.1,20.9,29.0,5.3,clay,15.0,0.59,Warning
6.9,80.075,2024-11,482.8,98.9,25.2,13.0,48.0,3.8,clay,15.0,0.63,Warning
7.05,80.1,2023-03,178.2,96.9,26.2,11.6,43.6,5.2,clay,5.98,0.63,Warning
7.15,79.875,2025-01,227.4,94.8,25.5,17.8,5.4,2.0,loam,15.0,0.55,Warning
6.9,80.375,2023-01,222.5,94.5,23.0,9.2,172.8,22.7,sandy,15.0,0.81,Landslide
7.0,80.15,2024-04,197.2,96.8,27.9,12.7,147.0,20.3,sandy,12.41,0.79,Landslide
6.95,80.3,2024-04,239.7,96.0,27.6,11.6,238.9,30.8,sandy,15.0,0.81,Landslide
6.925,80.375,2025-01,322.2,98.7,24.7,8.4,164.7,30.7,loam,15.0,0.79,Landslide
7.075,80.375,2024-12,168.8,98.6,22.0,9.8,115.1,6.0,sandy,15.0,0.75,Warning
7.1,80.025,2025-02,43.2,95.2,26.9,15.6,59.1,4.2,loam,3.55,0.49,No Risk
6.925,80.05,2024-02,38.5,96.1,27.3,13.3,82.3,7.8,loam,12.47,0.56,No Risk
7.15,79.925,2023-06,314.5,96.6,26.7,17.7,12.6,0.5,clay,15.0,0.58,Warning
7.125,79.85,2025-04,221.3,95.7,27.0,15.2,6.1,0.5,clay,15.0,0.58,Warning
7.125,80.35,2023-03,143.5,94.6,25.2,11.4,158.1,30.1,loam,9.82,0.79,Landslide
7.0,79.925,2023-04,168.5,98.0,27.0,13.9,3.0,2.2,clay,2.29,0.55,Flood
7.1,80.3,2023-12,341.0,97.0,24.6,12.7,227.7,27.9,loam,8.0,0.83,Landslide
7.075,79.875,2024-02,42.3,91.2,27.7,17.8,9.5,1.1,clay,12.18,0.47,No Risk
6.975,80.175,2024-03,87.3,94.4,28.2,16.3,78.0,16.1,sandy,14.15,0.66,Landslide
7.1,80.25,2025-02,42.5,96.7,25.9,13.6,182.6,19.8,loam,4.0,0.69,No Risk
7.05,80.15,2024-08,298.8,95.7,25.9,16.5,133.4,17.5,loam,7.85,0.85,Landslide
7.075,80.15,2025-03,178.8,97.8,26.2,12.1,81.5,10.9,loam,6.21,0.75,Warning
7.075,80.0,2024-04,235.2,98.8,28.0,12.8,89.4,13.9,loam,3.55,0.71,Warning
7.075,80.1,2024-02,27.0,91.4,27.8,16.3,32.2,3.5,clay,3.55,0.41,No Risk
7.05,80.125,2024-10,438.3,96.9,25.5,13.5,34.8,4.8,clay,7.47,0.65,Warning
7.05,79.85,2024-10,421.1,95.4,26.3,16.8,7.3,1.1,clay,11.8,0.54,Warning
6.925,80.15,2024-02,39.3,96.6,27.2,12.7,109.4,14.2,sandy,15.0,0.57,No Risk
6.925,79.85,2023-05,241.6,94.8,27.3,16.6,24.7,3.2,clay,2.29,0.63,Flood
6.95,79.925,2023-07,244.1,92.9,26.9,21.0,29.7,6.4,clay,2.77,0.64,Flood
6.975,80.275,2023-08,174.7,93.3,26.0,15.2,191.4,27.2,loam,15.0,0.82,Landslide
7.025,80.15,2024-05,821.3,97.1,26.8,15.8,108.4,8.3,loam,10.01,0.78,Warning
7.075,80.025,2024-11,472.7,98.8,25.3,13.4,86.0,16.6,loam,2.83,0.74,Landslide
7.075,79.875,2023-04,122.3,96.6,27.1,13.7,9.5,1.1,clay,12.18,0.59,Warning
6.975,80.075,2024-09,370.1,97.6,26.2,16.7,57.2,4.9,clay,10.32,0.67,Warning
7.0,79.875,2024-08,309.0,92.7,26.7,19.6,36.2,4.8,loam,6.21,0.61,Warning
7.025,79.95,2025-05,269.4,96.8,27.2,16.1,14.2,1.5,clay,2.99,0.57,Flood
7.075,80.1,2023-09,592.1,96.8,25.1,17.4,32.2,3.5,clay,3.55,0.62,Warning
7.05,80.25,2024-11,540.7,98.6,25.3,12.0,124.2,29.2,loam,7.85,0.85,Landslide
7.025,80.0,2023-03,154.8,97.6,26.3,11.5,75.1,17.7,clay,1.24,0.71,Landslide
7.1,80.2,2023-07,326.1,95.4,25.7,15.8,88.8,13.2,loam,0.0,0.74,Warning
7.1,80.325,2023-09,619.5,96.1,24.8,16.9,154.6,24.9,loam,9.82,0.78,Landslide
7.0,79.9,2024-12,133.7,94.9,26.4,14.1,22.7,1.5,clay,4.0,0.6,Warning
6.95,79.925,2023-04,144.5,95.6,27.3,13.7,29.7,6.4,clay,2.77,0.66,Flood
6.9,80.2,2024-02,39.3,96.2,27.1,12.7,74.7,8.5,sandy,15.0,0.57,No Risk
6.975,80.275,2025-04,365.3,98.9,25.4,11.2,191.4,27.2,loam,15.0,0.82,Landslide
7.075,80.05,2025-04,254.9,98.1,26.5,12.7,38.7,7.9,clay,0.55,0.65,Flood
7.125,79.9,2024-01,139.3,93.0,26.1,16.3,29.0,5.3,clay,15.0,0.59,Warning
7.1,80.35,2023-06,240.5,94.6,26.0,15.3,104.3,12.9,sandy,12.01,0.8,Warning
7.075,79.875,2025-02,46.2,92.1,27.2,16.5,9.5,1.1,clay,12.18,0.49,Warning
7.025,80.15,2023-08,141.7,95.8,26.3,17.0,108.4,8.3,loam,10.01,0.76,Warning
6.9,80.2,2024-02,39.4,96.1,27.2,12.6,74.7,8.5,sandy,15.0,0.57,No Risk
7.1,79.875,2024-11,398.3,97.3,25.6,16.0,24.4,3.5,clay,14.57,0.63,Warning
7.125,80.325,2024-02,26.7,92.0,27.3,15.9,114.8,10.7,loam,8.19,0.62,No Risk
6.9,80.275,2025-01,333.7,99.2,24.6,9.0,132.8,33.3,sandy,15.0,0.8,Landslide
7.1,79.975,2024-02,26.5,92.3,28.0,16.3,4.1,2.0,clay,7.47,0.31,Warning
7.125,79.975,2024-10,413.1,97.1,25.9,14.2,15.6,2.2,loam,9.71,0.59,Warning
6.95,79.95,2024-12,198.0,97.6,26.1,12.2,10.8,0.5,clay,4.0,0.56,Warning
7.075,80.0,2025-01,305.5,96.5,25.4,14.5,89.4,13.9,loam,3.55,0.74,Warning
7.05,80.375,2024-08,295.1,97.0,20.6,14.0,212.7,17.2,sandy,15.0,0.8,Landslide
7.0,80.025,2023-07,281.7,96.5,26.2,16.6,80.3,6.7,sandy,4.47,0.7,Warning
7.075,80.175,2024-01,178.8,96.0,24.7,12.4,88.0,17.9,loam,3.92,0.7,Landslide
6.9,79.95,2023-12,449.5,98.6,25.7,12.9,23.8,4.0,clay,7.85,0.6,Warning
7.025,80.075,2024-12,186.0,97.9,25.7,12.3,77.9,17.8,loam,6.71,0.67,Landslide
6.975,79.975,2023-10,629.7,98.2,25.4,12.7,17.0,0.8,loam,3.24,0.6,Flood
7.05,80.25,2024-07,397.7,95.1,26.5,14.2,124.2,29.2,loam,7.85,0.83,Landslide
6.975,80.3,2023-03,186.2,96.6,25.4,10.0,228.2,18.0,loam,15.0,0.8,Landslide
7.025,80.325,2025-01,364.8,99.2,24.3,9.6,167.2,17.8,sandy,15.0,0.85,Landslide
7.075,80.325,2023-04,228.0,96.4,25.1,11.6,99.7,18.4,sandy,11.88,0.67,Landslide
6.925,80.175,2024-02,39.2,95.8,27.2,12.6,65.1,18.1,loam,15.0,0.58,No Risk
7.075,80.3,2024-02,25.9,94.4,26.6,14.2,99.1,6.7,loam,9.88,0.62,No Risk
6.95,80.0,2024-12,198.0,97.6,26.1,12.2,15.8,1.9,clay,7.11,0.63,Warning
7.075,80.15,2023-08,121.5,95.5,26.4,17.1,81.5,10.9,loam,6.21,0.72,Warning
6.9,80.125,2024-02,39.5,96.6,27.1,12.8,76.5,15.5,sandy,15.0,0.62,No Risk
7.025,80.15,2024-11,499.0,98.3,25.1,14.1,108.4,8.3,loam,10.01,0.74,Warning
7.05,79.95,2023-08,113.9,95.8,26.7,17.7,19.3,2.2,clay,5.55,0.56,Warning
6.9,79.875,2024-09,310.4,92.9,27.0,20.0,17.2,0.3,clay,2.29,0.57,Flood
7.05,79.925,2024-02,42.9,91.2,27.7,17.8,35.5,6.6,clay,6.77,0.51,No Risk
6.925,80.05,2024-06,391.0,97.2,26.3,17.3,82.3,7.8,loam,12.47,0.75,Warning
7.0,79.9,2023-07,214.2,92.8,26.9,21.3,22.7,1.5,clay,4.0,0.55,Warning
6.9,80.275,2024-12,177.7,98.1,25.0,11.0,132.8,33.3,sandy,15.0,0.75,Landslide
7.0,80.375,2023-08,159.9,93.8,26.1,14.5,175.5,36.1,sandy,15.0,0.81,Landslide
7.0,80.175,2024-09,346.2,96.6,25.0,15.0,74.0,13.3,sandy,11.44,0.72,Warning
6.95,79.975,2023-04,213.5,97.7,26.8,11.7,33.0,1.8,clay,5.79,0.64,Warning
6.9,79.95,2024-12,198.0,97.6,26.1,12.2,23.8,4.0,clay,7.85,0.54,Warning
6.975,79.85,2023-11,450.5,97.7,25.6,11.9,9.5,0.5,clay,6.21,0.54,Warning
6.975,80.25,2023-01,178.5,94.7,24.0,11.3,209.1,35.5,loam,14.94,0.79,Landslide
7.025,79.85,2023-08,131.6,92.9,27.1,19.9,24.8,3.0,clay,10.01,0.63,Warning
6.9,79.925,2025-02,49.0,92.1,27.4,14.6,28.1,3.3,sandy,6.21,0.48,Warning
7.075,79.925,2023-07,205.5,92.5,26.9,21.4,12.8,1.0,loam,9.19,0.63,Warning
7.075,79.95,2024-02,26.5,92.3,28.0,16.3,17.2,0.3,loam,7.55,0.41,Warning
7.025,79.9,2023-03,112.6,97.4,26.4,13.6,21.7,7.3,loam,6.0,0.54,Warning
7.075,80.025,2024-10,405.0,97.4,25.8,13.4,86.0,16.6,loam,2.83,0.74,Landslide
7.05,80.375,2025-02,45.6,98.6,20.6,10.9,212.7,17.2,sandy,15.0,0.69,No Risk
7.125,80.1,2023-12,396.0,96.8,25.5,15.1,39.1,1.8,loam,1.24,0.63,Flood
7.075,79.9,2024-11,386.9,97.2,25.6,15.8,28.5,5.2,clay,10.66,0.64,Warning
7.15,79.9,2025-02,33.6,91.8,27.3,17.7,7.8,0.8,clay,15.0,0.43,No Risk
7.025,79.925,2023-01,90.4,91.7,25.2,17.9,7.6,1.0,clay,4.77,0.51,Warning
6.975,79.975,2024-08,302.9,95.8,26.4,17.0,17.0,0.8,loam,3.24,0.55,Flood
7.125,80.125,2024-02,25.5,90.9,27.8,17.4,79.8,17.8,sandy,1.76,0.51,No Risk
7.1,80.25,2024-02,21.7,92.3,27.0,15.8,182.6,19.8,loam,4.0,0.61,No Risk
7.05,80.35,2023-01,147.3,93.8,23.8,11.8,132.8,27.5,sandy,15.0,0.79,Landslide
7.1,80.0,2024-07,313.3,96.2,26.8,17.2,72.7,8.6,loam,5.98,0.73,Warning
7.05,80.175,2024-02,33.8,93.7,27.3,15.5,121.1,17.9,sandy,6.21,0.6,No Risk
7.125,80.35,2025-04,216.3,97.8,25.1,12.0,158.1,30.1,loam,9.82,0.8,Landslide
7.025,79.875,2023-04,168.5,98.0,27.0,13.9,22.2,5.8,clay,7.89,0.61,Warning
7.0,79.975,2023-12,412.3,98.2,25.7,13.3,9.0,0.5,clay,1.67,0.54,Flood
6.9,80.225,2024-05,800.1,96.8,26.8,14.9,111.9,8.1,sandy,15.0,0.82,Warning
7.025,80.3,2024-08,456.7,94.2,25.5,14.8,203.1,17.9,loam,13.87,0.75,Landslide
7.05,80.375,2025-02,44.8,98.7,20.5,11.0,212.7,17.2,sandy,15.0,0.69,No Risk
6.975,79.95,2023-09,579.5,96.8,25.7,17.0,19.8,1.1,clay,2.29,0.58,Flood
7.025,80.25,2023-10,687.8,97.6,24.7,12.1,95.1,18.9,sandy,10.01,0.69,Landslide
7.0,80.025,2023-09,562.6,97.2,25.3,16.8,80.3,6.7,sandy,4.47,0.75,Warning
6.925,79.85,2024-09,310.4,92.9,27.0,20.0,24.7,3.2,clay,2.29,0.56,Flood
6.9,80.125,2024-02,38.9,96.3,27.1,12.8,76.5,15.5,sandy,15.0,0.62,No Risk
7.075,79.975,2023-10,616.8,98.4,25.4,12.6,18.3,2.2,loam,5.71,0.61,Warning
6.925,80.15,2024-02,39.2,96.4,27.1,12.8,109.4,14.2,sandy,15.0,0.57,No Risk
6.9,80.175,2024-01,185.4,96.9,25.6,10.1,105.0,17.4,loam,15.0,0.76,Landslide
7.025,80.025,2024-03,121.6,96.0,28.2,15.4,69.5,11.7,loam,2.83,0.71,Warning
6.95,80.0,2025-03,189.7,98.4,26.7,10.4,15.8,1.9,clay,7.11,0.56,Warning
6.975,80.125,2023-08,141.7,95.8,26.3,17.0,37.5,4.8,clay,14.32,0.57,Warning
6.975,80.25,2023-09,709.1,95.5,24.7,15.8,209.1,35.5,loam,14.94,0.81,Landslide
6.925,80.15,2023-07,364.4,97.5,25.7,16.7,109.4,14.2,sandy,15.0,0.75,Warning
7.075,80.3,2023-10,592.3,97.7,24.6,13.1,99.1,6.7,loam,9.88,0.76,Warning
7.05,79.925,2023-08,109.1,92.5,27.0,19.9,35.5,6.6,clay,6.77,0.67,Warning
7.0,80.2,2024-03,87.3,94.4,28.2,16.3,62.8,13.7,sandy,11.1,0.67,Warning
7.025,80.0,2024-11,426.5,98.9,25.4,12.7,75.1,17.7,clay,1.24,0.7,Landslide
6.95,79.9,2023-06,380.0,94.8,27.0,19.7,20.5,4.8,loam,0.0,0.57,Flood
7.125,80.05,2024-08,276.9,96.2,26.1,16.7,50.3,6.3,loam,4.33,0.72,Warning
7.075,80.1,2024-02,26.9,91.4,27.8,16.3,32.2,3.5,clay,3.55,0.41,No Risk
6.95,79.85,2024-06,355.6,93.5,27.1,21.2,17.7,1.4,clay,4.0,0.56,Warning
6.95,80.3,2025-03,163.9,98.9,25.7,10.7,238.9,30.8,sandy,15.0,0.81,Landslide
7.0,80.125,2023-03,188.5,97.7,25.9,10.5,32.7,2.6,clay,12.17,0.59,Warning
7.05,80.125,2025-03,178.8,97.8,26.2,12.1,34.8,4.8,clay,7.47,0.63,Warning
6.975,80.375,2024-01,348.4,94.6,20.9,8.3,153.1,24.6,sandy,15.0,0.77,Landslide
7.025,80.125,2024-02,42.3,94.4,27.5,14.2,60.4,12.0,clay,9.71,0.49,No Risk
6.95,80.375,2024-11,636.6,98.2,22.6,10.4,212.6,38.0,loam,15.0,0.82,Landslide
6.925,79.875,2023-08,155.4,92.9,27.0,19.5,16.7,1.3,loam,0.78,0.56,Flood
7.05,80.05,2024-02,27.8,91.4,28.1,16.7,22.4,3.7,loam,3.33,0.36,No Risk
6.9,80.15,2024-09,363.1,97.4,25.7,16.7,132.2,24.6,loam,15.0,0.78,Landslide
6.925,80.275,2024-09,417.6,95.1,25.6,12.8,193.9,32.8,loam,15.0,0.8,Landslide
7.075,80.05,2023-07,287.7,96.2,26.3,16.7,38.7,7.9,clay,0.55,0.64,Flood
7.1,80.15,2025-04,283.7,98.4,26.0,12.8,109.5,13.6,sandy,4.96,0.79,Warning
7.1,80.35,2025-02,27.4,96.5,26.3,13.1,104.3,12.9,sandy,12.01,0.56,No Risk
7.125,80.0,2025-02,43.1,95.2,27.0,15.6,61.0,15.4,loam,7.47,0.56,No Risk
7.15,79.925,2023-04,192.0,97.3,27.0,12.3,12.6,0.5,clay,15.0,0.57,Warning
7.05,80.125,2024-02,26.9,91.4,27.8,16.3,34.8,4.8,clay,7.47,0.45,No Risk
7.05,80.225,2025-01,291.3,98.2,24.9,12.9,90.0,17.9,sandy,6.21,0.72,Landslide
7.025,79.95,2024-06,353.2,95.7,26.7,18.0,14.2,1.5,clay,2.99,0.57,Flood
7.125,80.2,2025-03,179.3,97.5,26.0,11.6,92.0,7.0,sandy,2.78,0.71,Warning
6.9,80.0,2023-01,120.8,93.3,25.0,14.3,64.3,14.6,loam,11.8,0.68,Warning
6.95,80.375,2024-07,377.5,95.1,23.8,12.4,212.6,38.0,loam,15.0,0.85,Landslide
6.925,80.225,2025-03,132.8,98.8,26.0,11.4,132.0,36.4,loam,15.0,0.76,Landslide
6.975,79.95,2023-09,583.8,96.6,25.6,17.0,19.8,1.1,clay,2.29,0.58,Flood
7.025,80.025,2024-04,222.8,98.2,28.0,12.4,69.5,11.7,loam,2.83,0.65,Warning
6.95,80.075,2023-02,124.2,98.1,25.3,12.8,54.5,2.1,loam,12.22,0.64,Warning
6.975,80.175,2023-02,123.9,97.0,25.3,11.6,78.0,16.1,sandy,14.15,0.69,Landslide
7.075,80.375,2025-02,44.2,98.8,22.5,11.0,115.1,6.0,sandy,15.0,0.62,No Risk
6.95,79.925,2023-01,85.9,91.1,25.2,17.3,29.7,6.4,clay,2.77,0.61,Warning
7.125,80.275,2025-05,265.6,97.5,25.8,14.8,199.1,34.9,sandy,4.23,0.79,Landslide
7.125,80.175,2025-02,41.4,96.2,26.1,14.5,116.2,10.0,loam,3.92,0.59,No Risk
7.125,79.95,2023-06,314.5,96.6,26.7,17.7,22.8,6.1,loam,11.39,0.65,Warning
6.95,80.275,2024-02,42.4,94.2,26.8,12.2,186.9,15.9,sandy,15.0,0.68,No Risk
6.925,79.875,2024-02,38.3,92.8,27.6,17.0,16.7,1.3,loam,0.78,0.41,Warning
7.075,80.35,2024-02,28.4,94.5,25.8,12.9,222.8,24.9,loam,13.74,0.57,No Risk
7.15,80.025,2023-01,112.9,90.5,25.1,16.8,44.0,2.2,loam,8.25,0.59,Warning
7.025,80.25,2023-11,620.6,98.7,24.8,10.2,95.1,18.9,sandy,10.01,0.66,Landslide
6.95,80.175,2023-09,737.1,95.9,25.1,15.6,117.2,19.0,loam,15.0,0.77,Landslide
6.9,80.275,2024-04,239.7,96.0,27.6,11.6,132.8,33.3,sandy,15.0,0.79,Landslide
6.9,79.975,2024-10,460.2,97.1,25.9,14.4,23.2,3.9,loam,10.01,0.58,Warning
7.0,79.95,2024-04,222.2,98.6,28.0,12.8,31.8,5.9,clay,1.11,0.6,Flood
6.925,80.15,2024-09,363.1,97.4,25.7,16.7,109.4,14.2,sandy,15.0,0.77,Warning
7.0,79.95,2023-07,269.7,95.5,26.7,17.7,31.8,5.9,clay,1.11,0.61,Flood
6.95,79.875,2024-06,360.1,93.4,27.1,21.2,39.8,2.5,loam,2.78,0.65,Flood
7.025,80.1,2024-03,105.1,95.0,28.1,16.4,79.7,8.2,loam,8.25,0.71,Warning
6.9,79.875,2025-03,133.3,94.8,27.3,11.5,17.2,0.3,clay,2.29,0.58,Flood
7.125,79.85,2024-02,25.9,90.4,27.7,18.2,6.1,0.5,clay,15.0,0.37,No Risk
7.075,80.3,2023-03,186.9,96.7,25.5,10.7,99.1,6.7,loam,9.88,0.73,Warning
6.975,80.375,2024-02,110.2,92.6,21.6,9.6,153.1,24.6,sandy,15.0,0.79,Landslide
6.925,80.25,2023-03,198.0,95.8,25.5,9.9,228.8,33.0,sandy,15.0,0.81,Landslide
7.05,79.875,2024-07,271.7,93.5,27.1,20.0,22.2,6.6,clay,9.88,0.56,Warning
7.15,79.925,2023-02,112.1,94.2,25.8,14.0,12.6,0.5,clay,15.0,0.55,Warning
6.95,80.25,2024-01,224.1,96.2,24.7,10.2,182.1,27.5,sandy,15.0,0.8,Landslide
7.075,79.875,2024-02,42.3,91.2,27.7,17.8,9.5,1.1,clay,12.18,0.47,No Risk
7.0,80.15,2024-05,821.3,97.1,26.8,15.8,147.0,20.3,sandy,12.41,0.77,Landslide
6.925,79.875,2023-06,373.0,94.6,27.0,19.6,16.7,1.3,loam,0.78,0.53,Flood
6.9,79.975,2023-08,158.9,95.7,26.7,17.6,23.2,3.9,loam,10.01,0.62,Warning
7.05,79.9,2024-10,421.1,95.4,26.2,16.8,18.4,1.2,clay,8.45,0.57,Warning
7.125,80.225,2025-02,42.7,96.6,25.1,13.6,101.5,18.6,clay,0.78,0.59,No Risk
7.0,79.85,2023-01,90.4,91.7,25.2,17.9,13.7,1.6,loam,7.85,0.55,Warning
7.0,80.025,2024-07,324.6,97.3,26.5,15.6,80.3,6.7,sandy,4.47,0.68,Warning
7.15,80.0,2024-07,329.9,96.7,26.5,16.8,84.9,11.8,sandy,9.55,0.69,Warning
7.025,80.15,2024-02,42.4,94.3,27.5,14.2,108.4,8.3,loam,10.01,0.64,No Risk
7.025,80.3,2023-11,620.6,98.7,24.8,10.2,203.1,17.9,loam,13.87,0.84,Landslide
7.1,80.375,2023-03,217.3,96.2,25.6,9.8,126.9,33.0,sandy,13.74,0.81,Landslide
7.0,79.95,2024-11,428.2,98.9,25.4,12.6,31.8,5.9,clay,1.11,0.59,Flood
6.975,79.95,2025-03,181.8,98.6,26.7,11.1,19.8,1.1,clay,2.29,0.59,Flood
7.075,79.9,2024-03,78.7,94.8,28.0,16.3,28.5,5.2,clay,10.66,0.55,Warning
7.125,79.925,2023-02,112.1,94.2,25.8,14.0,3.0,1.9,clay,13.44,0.54,Warning
6.95,80.3,2025-01,333.7,99.2,24.6,9.0,238.9,30.8,sandy,15.0,0.85,Landslide
7.05,80.05,2025-03,197.9,98.1,26.5,11.9,22.4,3.7,loam,3.33,0.64,Flood
7.1,80.0,2024-05,637.4,97.3,27.4,16.3,72.7,8.6,loam,5.98,0.71,Warning
6.9,80.1,2024-02,39.6,96.4,27.1,12.9,75.8,7.3,loam,15.0,0.54,No Risk
7.05,79.875,2024-02,42.5,91.2,27.7,17.7,22.2,6.6,clay,9.88,0.45,No Risk
7.125,80.275,2024-02,21.9,92.3,27.0,15.8,199.1,34.9,sandy,4.23,0.59,No Risk
6.9,80.1,2024-08,359.2,96.3,25.7,16.3,75.8,7.3,loam,15.0,0.63,Warning
6.95,79.9,2025-04,185.4,95.2,27.4,13.2,20.5,4.8,loam,0.0,0.6,Flood
7.1,80.025,2024-02,29.5,91.2,28.0,17.2,59.1,4.2,loam,3.55,0.49,No Risk
7.025,80.2,2023-04,163.6,96.7,25.7,11.1,123.8,29.9,sandy,8.32,0.75,Landslide
7.025,80.2,2025-03,170.4,98.5,25.2,11.5,123.8,29.9,sandy,8.32,0.8,Landslide
6.925,79.875,2023-12,417.8,96.3,25.8,14.9,16.7,1.3,loam,0.78,0.59,Flood
7.025,80.05,2025-05,323.7,98.0,26.7,15.5,34.0,3.7,loam,4.33,0.62,Warning
7.075,79.95,2023-10,616.8,98.4,25.4,12.6,17.2,0.3,loam,7.55,0.59,Warning
6.9,80.025,2023-03,182.7,98.6,25.9,9.9,77.1,15.8,sandy,13.24,0.71,Landslide
6.925,80.275,2023-05,302.9,94.6,26.2,11.8,193.9,32.8,loam,15.0,0.76,Landslide
7.1,80.225,2025-02,33.5,96.4,26.1,14.1,125.1,18.9,loam,2.77,0.63,No Risk
7.0,80.0,2024-12,191.6,97.8,26.1,12.2,74.6,6.2,clay,2.48,0.67,Warning
7.025,80.2,2024-06,470.1,95.8,25.3,16.1,123.8,29.9,sandy,8.32,0.82,Landslide
6.9,80.1,2024-04,186.5,96.9,27.7,13.3,75.8,7.3,loam,15.0,0.71,Warning
6.95,80.325,2024-11,526.2,98.5,24.4,11.5,174.0,30.3,sandy,15.0,0.82,Landslide
7.125,79.9,2025-03,152.8,96.4,26.7,12.8,29.0,5.3,clay,15.0,0.6,Warning
6.975,79.9,2024-05,607.9,95.2,27.8,19.9,18.4,0.3,clay,2.77,0.59,Flood
7.025,79.875,2024-10,416.9,95.4,26.2,16.9,22.2,5.8,clay,7.89,0.54,Warning
7.0,80.05,2024-03,121.6,96.0,28.2,15.4,33.9,6.9,sandy,6.47,0.62,Warning
7.075,79.875,2024-09,294.4,92.8,27.0,20.8,9.5,1.1,clay,12.18,0.53,Warning
6.95,79.925,2025-03,117.3,95.0,27.3,11.6,29.7,6.4,clay,2.77,0.6,Flood
7.0,80.325,2023-07,355.6,94.6,24.5,13.2,237.4,27.0,sandy,15.0,0.82,Landslide
7.075,80.25,2023-10,592.3,97.7,25.3,13.1,117.6,18.7,sandy,6.21,0.72,Landslide
7.05,80.025,2025-05,299.7,97.8,26.8,15.9,87.5,19.3,clay,0.56,0.75,Landslide
6.975,79.9,2024-04,173.6,96.4,28.2,14.5,18.4,0.3,clay,2.77,0.62,Flood
6.95,79.9,2025-04,187.7,95.1,27.4,13.6,20.5,4.8,loam,0.0,0.6,Flood
6.9,80.175,2023-07,357.0,96.4,25.7,15.3,105.0,17.4,loam,15.0,0.79,Landslide
7.05,80.25,2024-04,194.8,97.2,28.1,11.2,124.2,29.2,loam,7.85,0.8,Landslide
7.025,80.0,2025-01,343.7,97.1,25.4,13.1,75.1,17.7,clay,1.24,0.67,Landslide
7.0,80.35,2025-01,374.0,99.2,24.7,8.6,193.9,27.8,loam,15.0,0.78,Landslide
7.0,80.0,2023-02,85.4,96.6,25.6,13.3,74.6,6.2,clay,2.48,0.69,Warning
6.95,79.925,2024-01,127.6,94.4,26.0,14.5,29.7,6.4,clay,2.77,0.69,Flood
7.0,79.925,2025-03,131.6,95.4,27.2,12.2,3.0,2.2,clay,2.29,0.55,Flood
7.125,80.325,2024-02,27.2,91.7,27.3,15.9,114.8,10.7,loam,8.19,0.62,No Risk
7.1,79.925,2023-08,95.3,95.3,26.8,17.8,4.3,0.6,clay,11.44,0.55,Warning
7.05,79.85,2023-05,224.2,95.1,27.4,17.6,7.3,1.1,clay,11.8,0.56,Warning
7.025,79.9,2024-02,42.6,91.7,27.7,17.7,21.7,7.3,loam,6.0,0.47,No Risk
7.075,80.1,2024-09,350.6,97.6,25.9,16.8,32.2,3.5,clay,3.55,0.63,Warning
7.05,80.225,2024-02,33.8,93.7,27.3,15.5,90.0,17.9,sandy,6.21,0.59,No Risk
6.9,80.05,2024-10,468.1,97.6,25.6,13.8,22.1,5.5,clay,14.89,0.58,Warning
7.1,80.025,2023-06,304.6,97.0,26.3,17.0,59.1,4.2,loam,3.55,0.63,Warning
7.025,80.075,2024-02,36.5,93.6,27.7,15.0,77.9,17.8,loam,6.71,0.55,No Risk
7.125,80.3,2023-11,584.8,98.7,24.7,10.8,121.9,24.6,sandy,5.9,0.81,Landslide
6.9,80.075,2024-06,391.0,97.2,26.3,17.3,48.0,3.8,clay,15.0,0.63,Warning
7.025,79.9,2023-05,233.6,95.9,27.3,17.4,21.7,7.3,loam,6.0,0.56,Warning
6.975,80.325,2024-04,254.2,95.8,26.3,9.6,173.5,36.6,sandy,15.0,0.76,Landslide
6.9,80.075,2025-05,319.7,98.6,26.5,16.0,48.0,3.8,clay,15.0,0.61,Warning
7.1,80.175,2024-02,19.4,91.8,27.4,16.3,146.2,35.3,loam,2.78,0.62,No Risk
7.0,80.3,2023-02,122.7,96.2,25.0,10.9,223.5,30.2,loam,15.0,0.73,Landslide
6.975,79.95,2025-01,364.0,97.2,25.4,13.1,19.8,1.1,clay,2.29,0.59,Flood
7.15,79.975,2024-07,299.1,96.1,26.8,17.7,28.4,6.7,clay,11.39,0.63,Warning
7.125,80.25,2024-04,194.8,96.6,26.7,12.2,183.4,27.4,sandy,2.29,0.85,Landslide
7.05,80.35,2024-02,28.1,94.3,26.3,12.9,132.8,27.5,sandy,15.0,0.6,No Risk
6.975,79.85,2024-02,42.9,92.0,27.7,17.6,9.5,0.5,clay,6.21,0.38,No Risk
7.125,80.275,2025-02,42.5,96.8,25.9,13.6,199.1,34.9,sandy,4.23,0.66,No Risk
6.9,79.875,2023-07,246.2,92.8,27.0,21.1,17.2,0.3,clay,2.29,0.57,Flood
7.1,79.975,2024-11,437.4,99.1,25.4,12.9,4.1,2.0,clay,7.47,0.57,Warning
7.125,80.35,2025-02,27.9,96.6,25.2,13.1,158.1,30.1,loam,9.82,0.62,No Risk
6.9,80.075,2023-10,593.4,97.9,25.2,12.8,48.0,3.8,clay,15.0,0.63,Warning
7.075,79.925,2024-06,301.6,93.6,27.0,21.6,12.8,1.0,loam,9.19,0.57,Warning
6.95,79.875,2023-05,242.3,94.7,27.4,16.7,39.8,2.5,loam,2.78,0.59,Flood
7.0,79.975,2023-11,490.7,99.5,25.5,10.1,9.0,0.5,clay,1.67,0.55,Flood
6.95,79.9,2023-04,138.2,95.3,27.3,13.7,20.5,4.8,loam,0.0,0.62,Flood
6.95,80.3,2024-02,42.5,94.4,26.7,12.1,238.9,30.8,sandy,15.0,0.67,No Risk
7.05,80.175,2023-03,156.8,97.0,25.9,11.4,121.1,17.9,sandy,6.21,0.79,Landslide
7.025,79.85,2025-05,278.6,94.1,27.9,19.2,24.8,3.0,clay,10.01,0.65,Warning
6.95,79.925,2025-05,274.2,94.1,27.8,18.1,29.7,6.4,clay,2.77,0.64,Flood
7.05,79.975,2023-03,179.2,96.6,26.5,11.9,7.1,1.2,clay,3.72,0.57,Warning
7.05,80.25,2025-01,298.3,98.6,25.4,10.9,124.2,29.2,loam,7.85,0.77,Landslide
7.125,79.85,2024-09,257.0,92.4,27.1,20.9,6.1,0.5,clay,15.0,0.53,Warning
7.125,80.375,2025-02,27.4,96.5,25.3,13.2,175.1,24.7,sandy,11.88,0.64,No Risk
6.9,80.175,2024-02,39.7,96.0,27.1,12.8,105.0,17.4,loam,15.0,0.61,No Risk
6.9,79.9,2025-02,49.0,92.1,27.4,14.6,18.9,1.4,clay,4.0,0.49,Warning
6.925,80.05,2023-04,197.0,98.1,26.5,11.0,82.3,7.8,loam,12.47,0.67,Warning
7.1,80.075,2024-02,28.7,91.5,28.0,16.6,92.3,13.0,clay,0.55,0.58,No Risk
7.15,80.0,2024-09,301.4,97.4,26.3,17.4,84.9,11.8,sandy,9.55,0.64,Warning
7.075,79.925,2023-05,224.2,95.1,27.3,17.6,12.8,1.0,loam,9.19,0.5,Warning
7.075,79.875,2023-06,326.9,94.7,27.0,20.1,9.5,1.1,clay,12.18,0.58,Warning
7.075,80.0,2023-08,113.9,95.8,26.7,17.7,89.4,13.9,loam,3.55,0.7,Warning
6.975,79.95,2023-09,576.6,96.6,25.6,16.9,19.8,1.1,clay,2.29,0.58,Flood
7.075,80.1,2024-02,26.7,91.4,27.8,16.2,32.2,3.5,clay,3.55,0.41,No Risk
7.075,80.05,2024-06,397.6,96.5,26.4,17.0,38.7,7.9,clay,0.55,0.63,Flood
6.975,80.3,2024-03,86.9,93.6,27.8,14.1,228.2,18.0,loam,15.0,0.72,Landslide
7.05,79.95,2023-11,509.4,99.5,25.4,9.8,19.3,2.2,clay,5.55,0.6,Warning
6.975,80.2,2023-10,680.7,97.5,25.0,12.8,118.9,8.0,sandy,13.88,0.82,Warning
7.125,80.025,2025-02,43.3,95.3,26.9,15.6,86.7,12.3,loam,5.71,0.55,No Risk
7.125,80.125,2023-06,296.8,96.7,26.0,16.7,79.8,17.8,sandy,1.76,0.7,Landslide
7.075,80.325,2025-02,53.6,97.4,24.9,11.7,99.7,18.4,sandy,11.88,0.65,Warning
6.9,80.1,2024-02,39.7,96.3,27.1,12.7,75.8,7.3,loam,15.0,0.54,No Risk
7.075,80.075,2024-08,265.0,96.4,26.2,16.4,71.6,10.1,clay,2.83,0.69,Warning
7.1,80.1,2024-02,25.7,90.9,27.8,17.2,75.3,10.7,loam,2.22,0.5,No Risk
7.1,80.25,2024-04,194.8,96.7,27.5,12.2,182.6,19.8,loam,4.0,0.79,Landslide
7.1,80.35,2025-05,247.2,97.4,26.3,14.6,104.3,12.9,sandy,12.01,0.8,Warning
7.1,80.25,2024-02,22.6,92.1,27.0,15.8,182.6,19.8,loam,4.0,0.61,No Risk
6.975,79.9,2025-04,166.6,95.2,27.5,14.2,18.4,0.3,clay,2.77,0.59,Flood
6.925,80.325,2025-04,349.6,98.9,24.5,10.8,210.0,18.2,sandy,15.0,0.82,Landslide
7.125,80.325,2024-02,26.6,91.8,27.4,15.9,114.8,10.7,loam,8.19,0.62,No Risk
7.125,79.975,2024-11,444.4,99.1,25.3,13.3,15.6,2.2,loam,9.71,0.62,Warning
6.925,80.2,2024-09,347.8,96.5,25.8,14.7,95.2,12.3,loam,15.0,0.74,Warning
7.025,80.35,2024-05,749.0,97.3,25.5,13.5,168.9,24.2,sandy,15.0,0.78,Landslide
7.05,80.35,2023-03,217.3,96.2,25.3,9.8,132.8,27.5,sandy,15.0,0.83,Landslide
7.125,79.9,2024-03,57.0,94.3,28.0,16.4,29.0,5.3,clay,15.0,0.51,Warning
6.95,80.3,2024-02,42.1,94.4,26.7,12.3,238.9,30.8,sandy,15.0,0.67,No Risk
6.975,80.05,2024-04,222.8,98.2,28.0,12.4,76.5,13.7,loam,8.33,0.72,Warning
7.0,80.225,2024-10,559.3,96.4,25.5,12.6,93.3,10.0,sandy,11.44,0.7,Warning
6.925,80.25,2023-04,207.5,95.4,26.1,9.8,228.8,33.0,sandy,15.0,0.83,Landslide
7.075,80.1,2024-02,27.0,91.5,27.8,16.2,32.2,3.5,clay,3.55,0.41,No Risk
7.0,79.95,2023-08,143.3,95.7,26.6,17.2,31.8,5.9,clay,1.11,0.6,Flood
7.15,79.9,2024-11,398.3,97.3,25.6,16.0,7.8,0.8,clay,15.0,0.57,Warning
7.075,80.25,2025-03,205.2,98.0,26.3,11.1,117.6,18.7,sandy,6.21,0.79,Landslide
7.1,80.325,2024-11,540.7,98.6,24.8,12.0,154.6,24.9,loam,9.82,0.85,Landslide
6.95,79.875,2023-12,407.4,96.3,25.9,14.7,39.8,2.5,loam,2.78,0.64,Flood
7.05,80.3,2024-08,387.8,94.5,25.4,15.6,128.7,31.4,loam,11.8,0.79,Landslide
7.0,80.025,2023-11,565.1,99.4,25.3,10.0,80.3,6.7,sandy,4.47,0.7,Warning
7.05,79.925,2024-03,78.7,94.8,28.0,16.3,35.5,6.6,clay,6.77,0.52,Warning
7.125,80.175,2025-01,274.9,97.5,24.8,14.8,116.2,10.0,loam,3.92,0.75,Warning
6.925,80.25,2024-02,43.2,94.5,26.7,12.3,228.8,33.0,sandy,15.0,0.64,No Risk
7.15,79.925,2023-09,519.4,96.6,25.6,17.5,12.6,0.5,clay,15.0,0.56,Warning
7.1,80.175,2025-05,253.3,97.5,26.1,15.7,146.2,35.3,loam,2.78,0.74,Landslide
7.0,80.075,2024-02,36.8,93.7,27.7,15.0,52.6,1.6,sandy,8.25,0.54,No Risk
6.975,80.3,2024-04,203.0,96.8,27.5,11.1,228.2,18.0,loam,15.0,0.81,Landslide
7.1,80.075,2023-07,278.9,96.1,26.3,16.8,92.3,13.0,clay,0.55,0.73,Warning
7.1,80.325,2023-06,327.3,95.0,25.8,13.8,154.6,24.9,loam,9.82,0.79,Landslide
7.025,80.375,2025-02,49.7,96.2,24.8,11.6,119.5,13.0,loam,15.0,0.65,Warning
7.15,80.0,2024-02,29.9,91.1,28.1,17.0,84.9,11.8,sandy,9.55,0.54,No Risk
7.0,79.925,2024-02,43.4,91.8,27.6,17.6,3.0,2.2,clay,2.29,0.4,Warning
7.0,79.9,2024-02,42.9,91.9,27.6,17.6,22.7,1.5,clay,4.0,0.5,No Risk
7.025,80.325,2023-03,186.2,96.6,25.1,10.0,167.2,17.8,sandy,15.0,0.81,Landslide
6.975,80.075,2023-02,110.2,97.1,25.6,13.2,57.2,4.9,clay,10.32,0.64,Warning
7.0,79.875,2024-02,43.4,92.0,27.6,17.5,36.2,4.8,loam,6.21,0.49,No Risk
7.025,79.95,2024-01,182.1,95.6,26.0,12.7,14.2,1.5,clay,2.99,0.61,Flood
7.1,80.15,2024-02,26.9,91.4,27.8,16.3,109.5,13.6,sandy,4.96,0.51,No Risk
7.0,80.05,2023-04,204.1,98.1,26.8,11.4,33.9,6.9,sandy,6.47,0.67,Warning
7.05,80.075,2024-05,717.2,97.6,27.1,15.5,48.9,3.6,loam,4.33,0.65,Warning
7.125,80.325,2024-04,240.3,96.6,27.9,12.0,114.8,10.7,loam,8.19,0.76,Warning
6.95,80.175,2024-12,169.4,98.2,25.4,11.7,117.2,19.0,loam,15.0,0.82,Landslide
7.05,79.95,2023-04,177.6,97.8,27.0,12.4,19.3,2.2,clay,5.55,0.57,Warning
6.975,79.9,2025-05,278.3,94.2,27.9,19.1,18.4,0.3,clay,2.77,0.61,Flood
6.9,79.875,2024-07,317.1,93.8,27.2,19.0,17.2,0.3,clay,2.29,0.62,Flood
7.125,80.2,2025-02,41.8,96.1,26.1,14.4,92.0,7.0,sandy,2.78,0.59,No Risk
6.925,79.85,2024-09,310.5,92.8,26.9,20.1,24.7,3.2,clay,2.29,0.56,Flood
6.975,79.95,2023-10,624.8,98.3,25.5,12.8,19.8,1.1,clay,2.29,0.63,Flood
6.975,80.35,2023-10,660.6,97.3,24.0,11.6,187.8,28.4,loam,15.0,0.83,Landslide
7.0,79.975,2024-11,423.4,98.8,25.4,12.6,9.0,0.5,clay,1.67,0.54,Flood
6.975,80.225,2024-09,346.2,96.6,25.7,15.0,118.1,16.4,sandy,14.15,0.83,Landslide
7.075,80.275,2023-09,619.5,96.1,24.5,16.9,201.6,18.5,loam,7.89,0.78,Landslide
6.975,80.1,2024-02,42.4,94.3,27.5,14.2,59.2,7.7,sandy,12.17,0.53,No Risk
6.975,80.1,2024-03,105.1,95.0,28.1,16.4,59.2,7.7,sandy,12.17,0.62,Warning
7.025,79.95,2024-09,366.3,96.2,26.6,17.7,14.2,1.5,clay,2.99,0.65,Flood
7.125,79.875,2024-10,427.8,95.3,26.3,16.8,3.0,2.0,clay,15.0,0.49,Warning
7.025,80.175,2024-05,817.5,97.0,26.7,15.0,132.6,16.4,loam,8.78,0.8,Landslide
6.9,80.275,2024-02,42.6,94.1,26.7,12.3,132.8,33.3,sandy,15.0,0.59,No Risk
7.05,79.875,2024-02,43.0,91.1,27.7,17.8,22.2,6.6,clay,9.88,0.45,No Risk
7.0,79.975,2024-05,687.4,97.2,27.3,16.8,9.0,0.5,clay,1.67,0.51,Flood
7.1,80.2,2025-04,299.2,98.3,25.7,12.3,88.8,13.2,loam,0.0,0.77,Warning
7.0,80.325,2024-01,291.5,95.1,24.3,8.8,237.4,27.0,sandy,15.0,0.8,Landslide
6.9,79.9,2025-04,177.0,95.0,27.4,13.3,18.9,1.4,clay,4.0,0.56,Warning
7.0,80.05,2024-06,391.5,96.7,26.4,17.0,33.9,6.9,sandy,6.47,0.64,Warning
7.025,80.25,2024-06,451.6,95.4,25.7,15.3,95.1,18.9,sandy,10.01,0.73,Landslide
7.025,80.25,2024-02,46.5,94.6,26.7,12.3,95.1,18.9,sandy,10.01,0.64,Warning
7.075,79.9,2024-02,42.4,91.3,27.7,17.9,28.5,5.2,clay,10.66,0.46,No Risk
6.925,79.875,2023-11,491.3,97.6,25.4,12.2,16.7,1.3,loam,0.78,0.56,Flood
7.075,79.95,2023-09,551.0,96.5,25.6,17.2,17.2,0.3,loam,7.55,0.58,Warning
6.975,79.925,2024-07,302.3,93.5,27.1,19.5,14.6,0.6,clay,0.78,0.57,Flood
7.025,79.975,2023-10,641.9,98.2,25.4,13.0,18.0,0.9,loam,1.76,0.62,Flood
6.975,80.375,2023-03,222.6,95.7,20.9,7.9,153.1,24.6,sandy,15.0,0.75,Landslide
7.125,80.3,2025-04,269.4,97.9,25.6,12.7,121.9,24.6,sandy,5.9,0.79,Landslide
7.1,80.05,2025-03,197.9,98.1,26.5,11.9,41.6,6.9,loam,2.22,0.65,Flood
7.075,80.15,2024-02,26.1,91.4,27.8,16.3,81.5,10.9,loam,6.21,0.62,No Risk
6.9,79.85,2024-12,117.3,94.3,26.7,13.5,8.8,0.6,clay,3.14,0.6,Flood
7.125,79.9,2024-05,574.7,94.9,27.7,19.6,29.0,5.3,clay,15.0,0.6,Warning
7.0,80.125,2025-01,350.2,98.2,25.0,12.7,32.7,2.6,clay,12.17,0.6,Warning
6.925,80.15,2024-02,39.5,96.4,27.1,12.7,109.4,14.2,sandy,15.0,0.57,No Risk
7.075,80.05,2024-05,717.2,97.6,27.1,15.5,38.7,7.9,clay,0.55,0.66,Flood
7.025,79.85,2024-02,44.0,91.9,27.7,17.7,24.8,3.0,clay,10.01,0.49,No Risk
7.025,80.05,2023-04,204.1,98.1,26.8,11.4,34.0,3.7,loam,4.33,0.63,Warning
7.075,80.15,2024-02,27.0,91.3,27.8,16.4,81.5,10.9,loam,6.21,0.62,No Risk
7.05,80.2,2025-02,32.9,96.8,25.0,14.1,99.8,17.4,sandy,5.55,0.58,No Risk
7.1,80.35,2025-01,279.9,97.6,25.2,12.2,104.3,12.9,sandy,12.01,0.78,Warning
7.1,80.025,2023-11,582.5,99.2,25.3,10.2,59.1,4.2,loam,3.55,0.7,Warning
7.125,80.275,2023-09,470.1,95.7,24.6,18.0,199.1,34.9,sandy,4.23,0.81,Landslide
6.975,79.925,2023-01,90.4,91.7,25.2,17.9,14.6,0.6,clay,0.78,0.55,Flood
7.15,79.85,2025-02,34.3,91.7,27.3,17.6,3.2,1.5,clay,15.0,0.37,No Risk
6.925,80.025,2025-05,319.7,98.6,26.5,16.0,52.5,3.1,clay,11.02,0.68,Warning
6.9,80.15,2023-09,608.4,96.8,25.0,16.9,132.2,24.6,loam,15.0,0.84,Landslide
7.15,79.875,2024-02,26.2,90.4,27.7,18.2,5.4,2.0,loam,15.0,0.32,No Risk
6.95,79.925,2023-08,139.1,92.9,27.0,19.6,29.7,6.4,clay,2.77,0.57,Flood
6.975,79.975,2023-07,253.9,95.4,26.7,17.5,17.0,0.8,loam,3.24,0.6,Flood
6.925,80.375,2025-05,369.2,99.0,25.7,11.4,164.7,30.7,loam,15.0,0.81,Landslide
6.95,80.375,2023-06,401.0,95.6,23.6,11.3,212.6,38.0,loam,15.0,0.76,Landslide
7.125,80.3,2025-02,42.5,96.7,26.0,13.6,121.9,24.6,sandy,5.9,0.68,No Risk
7.1,80.3,2025-03,188.0,97.4,25.1,10.8,227.7,27.9,loam,8.0,0.78,Landslide
7.125,80.025,2024-02,29.4,91.2,28.1,17.2,86.7,12.3,loam,5.71,0.53,No Risk
7.025,80.15,2025-02,45.7,96.4,26.3,14.2,108.4,8.3,loam,10.01,0.58,Warning
7.075,80.25,2025-05,303.7,98.1,26.3,13.5,117.6,18.7,sandy,6.21,0.77,Landslide
7.025,79.95,2024-04,233.0,98.6,28.0,12.8,14.2,1.5,clay,2.99,0.62,Flood
6.975,80.25,2023-03,186.2,96.6,25.4,10.0,209.1,35.5,loam,14.94,0.78,Landslide
7.025,80.375,2025-01,374.0,99.2,23.7,8.6,119.5,13.0,loam,15.0,0.77,Warning
6.9,79.85,2024-08,327.7,92.8,26.8,19.1,8.8,0.6,clay,3.14,0.51,Flood
6.925,79.9,2023-12,395.6,96.4,25.9,14.8,11.6,0.4,clay,2.78,0.6,Flood
7.025,79.95,2023-01,110.3,91.5,25.2,15.1,14.2,1.5,clay,2.99,0.61,Flood
7.15,79.85,2024-02,26.6,90.5,27.8,17.9,3.2,1.5,clay,15.0,0.37,No Risk
7.025,80.1,2024-08,330.6,95.8,25.9,16.1,79.7,8.2,loam,8.25,0.73,Warning
7.1,80.375,2024-11,603.2,98.7,24.8,10.9,126.9,33.0,sandy,13.74,0.76,Landslide
6.925,80.25,2024-03,95.3,93.0,27.9,14.6,228.8,33.0,sandy,15.0,0.76,Landslide
7.075,80.2,2024-02,33.7,93.7,27.3,15.5,99.7,13.8,loam,2.77,0.63,No Risk
7.075,80.25,2024-02,25.8,94.6,27.5,14.3,117.6,18.7,sandy,6.21,0.52,No Risk
7.05,80.025,2024-02,27.6,91.4,28.1,16.7,87.5,19.3,clay,0.56,0.55,No Risk
7.05,80.05,2023-07,273.3,96.2,26.3,16.8,22.4,3.7,loam,3.33,0.6,Flood
7.125,80.1,2023-04,179.9,97.1,26.9,13.0,39.1,1.8,loam,1.24,0.61,Flood
7.125,80.325,2024-02,27.2,91.8,27.3,15.7,114.8,10.7,loam,8.19,0.62,No Risk
7.025,80.225,2024-09,346.2,96.6,25.7,15.0,137.7,19.0,sandy,8.78,0.85,Landslide
6.975,80.35,2023-07,355.6,94.6,24.5,13.2,187.8,28.4,loam,15.0,0.8,Landslide
7.1,79.95,2024-10,413.1,97.1,25.9,14.2,26.6,4.4,sandy,9.55,0.55,Warning
7.1,80.05,2024-02,27.3,91.7,28.1,16.6,41.6,6.9,loam,2.22,0.46,No Risk
7.0,80.025,2025-05,323.7,98.0,26.7,15.5,80.3,6.7,sandy,4.47,0.72,Warning
7.025,80.375,2023-11,754.6,98.1,24.0,9.6,119.5,13.0,loam,15.0,0.76,Warning
7.1,80.35,2023-12,341.0,97.0,25.8,12.7,104.3,12.9,sandy,12.01,0.77,Warning
6.925,80.05,2024-02,39.2,96.3,27.3,13.1,82.3,7.8,loam,12.47,0.56,No Risk
6.975,79.925,2025-03,140.8,95.2,27.2,12.0,14.6,0.6,clay,0.78,0.55,Flood
6.95,80.2,2024-03,86.6,94.1,28.3,16.4,66.3,6.2,loam,15.0,0.66,Warning
7.125,80.225,2023-03,146.7,95.4,25.1,12.1,101.5,18.6,clay,0.78,0.71,Landslide
6.975,79.95,2024-11,426.5,98.9,25.4,12.7,19.8,1.1,clay,2.29,0.57,Flood
6.95,80.275,2023-08,190.3,93.5,26.1,14.4,186.9,15.9,sandy,15.0,0.8,Landslide
7.125,80.25,2025-02,42.4,96.6,25.1,13.5,183.4,27.4,sandy,2.29,0.59,No Risk
7.025,79.95,2023-08,136.4,95.8,26.7,17.6,14.2,1.5,clay,2.99,0.6,Flood
7.075,80.1,2025-02,51.4,95.6,26.4,15.1,32.2,3.5,clay,3.55,0.56,Warning
7.125,80.1,2024-07,330.0,96.7,26.1,16.9,39.1,1.8,loam,1.24,0.63,Flood
7.125,79.925,2023-04,192.0,97.3,27.0,12.3,3.0,1.9,clay,13.44,0.5,Warning
6.95,80.1,2025-03,169.4,98.8,25.9,12.0,68.6,15.4,clay,14.21,0.67,Landslide
6.95,80.225,2024-01,185.4,96.9,25.6,10.1,67.0,14.3,loam,15.0,0.68,Warning
6.9,80.025,2024-01,197.5,96.7,25.9,11.3,77.1,15.8,sandy,13.24,0.68,Landslide
7.0,79.925,2025-03,130.5,95.4,27.2,11.9,3.0,2.2,clay,2.29,0.55,Flood
6.925,79.875,2024-05,657.5,95.2,27.7,20.3,16.7,1.3,loam,0.78,0.54,Flood
6.9,80.25,2025-03,163.9,98.9,25.7,10.7,113.0,8.2,sandy,15.0,0.78,Warning
6.95,80.1,2024-02,38.9,96.4,27.1,12.8,68.6,15.4,clay,14.21,0.55,No Risk
7.025,80.1,2023-04,218.2,97.2,26.6,11.7,79.7,8.2,loam,8.25,0.69,Warning
7.075,80.375,2025-04,232.5,98.5,22.7,10.4,115.1,6.0,sandy,15.0,0.78,Warning
7.1,79.9,2025-02,46.2,92.1,27.2,16.5,20.9,6.5,clay,12.94,0.39,Warning
7.025,80.05,2023-10,589.9,97.9,25.3,12.6,34.0,3.7,loam,4.33,0.6,Warning
7.1,80.1,2025-01,263.6,97.1,25.1,16.4,75.3,10.7,loam,2.22,0.67,Warning
7.075,80.05,2024-09,349.1,97.4,26.3,16.9,38.7,7.9,clay,0.55,0.63,Flood
6.9,79.85,2025-02,49.0,92.1,27.4,14.6,8.8,0.6,clay,3.14,0.43,Warning
7.025,80.125,2023-04,218.2,97.2,26.6,11.7,60.4,12.0,clay,9.71,0.71,Warning
6.975,80.275,2023-03,186.2,96.6,25.4,10.0,191.4,27.2,loam,15.0,0.77,Landslide
7.025,79.9,2024-11,382.9,96.9,25.7,15.2,21.7,7.3,loam,6.0,0.62,Warning
7.1,79.925,2024-07,299.1,96.1,26.8,17.7,4.3,0.6,clay,11.44,0.54,Warning
6.95,80.075,2024-04,227.3,98.2,27.7,12.5,54.5,2.1,loam,12.22,0.69,Warning
7.05,80.35,2024-02,27.1,94.5,26.4,12.9,132.8,27.5,sandy,15.0,0.6,No Risk
7.125,80.025,2025-02,43.3,95.2,26.9,15.5,86.7,12.3,loam,5.71,0.55,No Risk
7.05,79.875,2024-03,78.7,94.8,28.0,16.3,22.2,6.6,clay,9.88,0.6,Warning
7.025,80.025,2023-10,589.9,97.9,25.3,12.6,69.5,11.7,loam,2.83,0.72,Warning
7.075,79.9,2023-06,326.9,94.7,27.0,20.1,28.5,5.2,clay,10.66,0.61,Warning
6.925,80.125,2024-11,507.2,98.4,25.0,13.8,34.1,5.4,loam,15.0,0.66,Warning
7.0,79.925,2024-05,607.9,95.2,27.8,19.9,3.0,2.2,clay,2.29,0.58,Flood
6.95,80.325,2024-09,417.6,95.1,25.2,12.8,174.0,30.3,sandy,15.0,0.77,Landslide
6.9,79.875,2025-03,126.2,94.7,27.3,11.7,17.2,0.3,clay,2.29,0.58,Flood
6.925,79.9,2025-04,185.4,95.1,27.4,13.3,11.6,0.4,clay,2.78,0.57,Flood
7.125,80.2,2023-06,285.7,95.4,25.9,16.1,92.0,7.0,sandy,2.78,0.72,Warning
6.975,79.95,2024-04,229.6,98.4,28.0,12.8,19.8,1.1,clay,2.29,0.6,Flood
7.1,80.275,2024-02,25.7,94.4,27.5,14.1,138.0,32.2,loam,6.0,0.59,No Risk
7.125,80.225,2025-04,269.4,97.9,24.8,12.7,101.5,18.6,clay,0.78,0.71,Landslide
6.975,79.9,2024-12,124.8,94.8,26.4,14.2,18.4,0.3,clay,2.77,0.6,Flood
6.925,80.25,2023-01,187.1,96.1,24.0,10.5,228.8,33.0,sandy,15.0,0.78,Landslide
7.025,79.9,2025-05,278.6,94.1,27.8,19.2,21.7,7.3,loam,6.0,0.58,Warning
7.125,80.25,2023-09,470.1,95.7,23.9,18.0,183.4,27.4,sandy,2.29,0.82,Landslide
7.05,80.075,2024-02,27.7,91.5,28.2,16.7,48.9,3.6,loam,4.33,0.45,No Risk
7.075,80.325,2024-02,27.4,94.3,25.6,12.8,99.7,18.4,sandy,11.88,0.53,No Risk
6.9,79.875,2023-04,140.6,95.4,27.3,13.5,17.2,0.3,clay,2.29,0.55,Flood
7.05,79.975,2024-12,148.9,98.1,25.8,12.6,7.1,1.2,clay,3.72,0.57,Warning
6.9,80.0,2024-09,383.1,96.3,26.5,17.5,64.3,14.6,loam,11.8,0.66,Warning
7.075,80.05,2024-02,27.6,91.4,28.1,16.6,38.7,7.9,clay,0.55,0.44,No Risk
6.925,79.85,2023-06,379.3,94.7,27.0,19.5,24.7,3.2,clay,2.29,0.58,Flood
7.05,80.025,2024-02,27.7,91.3,28.1,16.6,87.5,19.3,clay,0.56,0.55,No Risk
7.025,79.925,2023-09,545.4,95.2,26.0,19.9,7.6,1.0,clay,4.77,0.55,Warning
7.0,80.325,2024-02,50.0,93.8,25.4,11.1,237.4,27.0,sandy,15.0,0.67,Warning
7.025,80.175,2023-09,667.4,96.1,25.0,16.0,132.6,16.4,loam,8.78,0.81,Landslide
7.0,79.875,2024-02,43.6,91.9,27.5,17.6,36.2,4.8,loam,6.21,0.49,No Risk
7.05,80.25,2025-05,303.7,98.1,26.3,13.5,124.2,29.2,loam,7.85,0.82,Landslide
7.05,79.9,2024-02,42.6,91.2,27.7,18.0,18.4,1.2,clay,8.45,0.42,No Risk
6.975,80.1,2023-04,218.2,97.2,26.6,11.7,59.2,7.7,sandy,12.17,0.64,Warning
7.075,79.9,2025-05,288.9,95.1,27.7,20.2,28.5,5.2,clay,10.66,0.63,Warning
7.125,80.175,2025-02,42.4,95.9,26.0,14.4,116.2,10.0,loam,3.92,0.59,No Risk
7.025,80.3,2023-07,401.1,94.6,25.5,14.0,203.1,17.9,loam,13.87,0.77,Landslide
6.925,80.125,2024-04,186.5,96.9,27.7,13.3,34.1,5.4,loam,15.0,0.65,Warning
7.0,80.0,2024-02,32.7,93.5,27.7,15.5,74.6,6.2,clay,2.48,0.54,No Risk
6.925,79.9,2024-12,130.0,94.2,26.7,13.7,11.6,0.4,clay,2.78,0.55,Flood
7.15,79.9,2024-02,26.3,90.4,27.8,18.2,7.8,0.8,clay,15.0,0.41,No Risk
7.05,79.9,2023-11,473.5,97.8,25.5,11.8,18.4,1.2,clay,8.45,0.58,Warning
7.0,80.05,2024-08,284.7,96.4,26.1,16.3,33.9,6.9,sandy,6.47,0.62,Warning
7.0,79.85,2024-03,93.8,95.0,28.0,16.4,13.7,1.6,loam,7.85,0.58,Warning
7.05,80.0,2024-12,148.9,98.1,25.8,12.6,74.6,7.6,clay,2.22,0.72,Warning
6.9,79.875,2023-04,138.2,95.4,27.3,13.7,17.2,0.3,clay,2.29,0.55,Flood
7.1,80.05,2025-04,253.9,98.2,26.5,12.4,41.6,6.9,loam,2.22,0.62,Flood
7.1,80.175,2024-02,19.1,91.9,27.5,16.6,146.2,35.3,loam,2.78,0.62,No Risk
7.05,80.05,2023-04,210.1,97.6,26.9,12.0,22.4,3.7,loam,3.33,0.62,Flood
7.075,80.35,2024-02,28.0,94.5,25.7,13.0,222.8,24.9,loam,13.74,0.57,No Risk
6.95,80.2,2024-04,193.3,96.3,27.9,13.3,66.3,6.2,loam,15.0,0.65,Warning
7.0,80.05,2023-09,562.6,97.2,25.3,16.8,33.9,6.9,sandy,6.47,0.6,Warning
6.975,80.1,2024-07,306.0,97.0,26.2,15.8,59.2,7.7,sandy,12.17,0.63,Warning
7.025,80.325,2024-12,150.5,98.2,24.7,10.9,167.2,17.8,sandy,15.0,0.77,Landslide
7.05,79.875,2023-10,478.9,96.7,25.6,14.9,22.2,6.6,clay,9.88,0.67,Warning
6.95,80.2,2024-02,39.0,96.2,27.1,12.5,66.3,6.2,loam,15.0,0.49,No Risk
7.15,79.9,2025-02,34.4,91.8,27.2,17.9,7.8,0.8,clay,15.0,0.43,No Risk
7.1,80.375,2025-05,311.2,98.6,25.8,13.0,126.9,33.0,sandy,13.74,0.83,Landslide
7.125,80.15,2023-11,562.3,98.9,24.9,10.6,153.9,18.9,loam,2.99,0.8,Landslide
7.025,80.325,2024-06,451.6,95.4,25.4,15.3,167.2,17.8,sandy,15.0,0.83,Landslide
6.975,79.925,2024-04,178.4,96.6,28.2,14.4,14.6,0.6,clay,0.78,0.58,Flood
7.025,79.875,2023-09,545.4,95.2,26.0,19.9,22.2,5.8,clay,7.89,0.64,Warning
6.975,79.925,2024-12,135.3,94.9,26.4,13.9,14.6,0.6,clay,0.78,0.59,Flood
7.025,79.85,2024-02,42.6,91.6,27.8,17.7,24.8,3.0,clay,10.01,0.49,No Risk
7.05,79.9,2024-07,271.7,93.5,27.1,20.0,18.4,1.2,clay,8.45,0.59,Warning
6.975,80.15,2024-04,197.2,96.8,27.9,12.7,94.7,8.2,loam,14.94,0.7,Warning
7.125,79.95,2023-01,122.5,90.8,25.1,16.6,22.8,6.1,loam,11.39,0.61,Warning
6.95,79.95,2023-10,657.4,98.0,25.4,12.9,10.8,0.5,clay,4.0,0.59,Warning
6.925,79.925,2024-03,79.9,94.9,28.1,16.7,31.7,5.7,loam,3.92,0.58,Warning
7.05,80.225,2023-04,160.9,96.7,26.6,11.7,90.0,17.9,sandy,6.21,0.7,Landslide
7.125,80.375,2024-02,26.5,91.8,26.3,15.9,175.1,24.7,sandy,11.88,0.58,No Risk
7.125,80.325,2025-05,247.2,97.4,26.3,14.6,114.8,10.7,loam,8.19,0.77,Warning
7.15,79.875,2024-02,26.6,90.4,27.8,18.1,5.4,2.0,loam,15.0,0.32,No Risk
7.05,79.85,2024-12,129.1,95.1,26.3,14.6,7.3,1.1,clay,11.8,0.54,Warning
7.15,80.025,2025-02,42.5,95.2,27.1,15.6,44.0,2.2,loam,8.25,0.48,No Risk
6.925,79.85,2025-03,119.3,94.8,27.2,11.5,24.7,3.2,clay,2.29,0.62,Flood
7.1,80.25,2025-03,211.9,97.5,25.8,11.6,182.6,19.8,loam,4.0,0.8,Landslide
7.125,79.975,2025-02,36.3,95.6,27.1,14.9,15.6,2.2,loam,9.71,0.45,Warning
6.925,79.875,2023-08,149.6,92.8,27.0,19.7,16.7,1.3,loam,0.78,0.56,Flood
7.125,80.175,2024-02,19.6,91.7,27.3,16.4,116.2,10.0,loam,3.92,0.55,No Risk
7.025,79.95,2025-04,224.5,97.7,26.9,12.4,14.2,1.5,clay,2.99,0.57,Flood
7.05,79.85,2024-02,42.3,91.2,27.8,17.8,7.3,1.1,clay,11.8,0.41,No Risk
6.95,80.3,2024-06,455.6,94.8,25.9,14.4,238.9,30.8,sandy,15.0,0.79,Landslide
7.1,80.05,2024-11,477.5,98.8,25.2,13.4,41.6,6.9,loam,2.22,0.68,Flood
6.95,80.275,2024-02,42.9,94.3,26.7,12.3,186.9,15.9,sandy,15.0,0.68,No Risk
7.125,79.85,2025-02,33.8,91.9,27.3,17.9,6.1,0.5,clay,15.0,0.45,No Risk
7.075,80.0,2024-02,26.5,92.3,28.0,16.3,89.4,13.9,loam,3.55,0.55,No Risk
6.925,80.15,2024-02,39.1,96.5,27.0,12.8,109.4,14.2,sandy,15.0,0.57,No Risk
6.975,80.0,2024-01,182.1,95.6,26.0,12.7,74.9,18.6,loam,5.12,0.77,Landslide
7.1,80.275,2024-02,25.2,94.4,27.5,14.3,138.0,32.2,loam,6.0,0.59,No Risk
6.95,80.175,2024-09,347.8,96.5,25.8,14.7,117.2,19.0,loam,15.0,0.78,Landslide
6.975,80.0,2024-02,32.2,93.4,27.8,15.5,74.9,18.6,loam,5.12,0.54,No Risk
7.05,80.175,2023-09,566.4,96.3,24.9,16.9,121.1,17.9,sandy,6.21,0.8,Landslide
7.125,80.05,2024-06,363.0,96.6,26.4,17.9,50.3,6.3,loam,4.33,0.67,Warning
6.95,80.075,2023-12,496.5,98.8,25.5,12.2,54.5,2.1,loam,12.22,0.66,Warning
7.1,80.2,2023-08,120.1,94.8,26.2,16.7,88.8,13.2,loam,0.0,0.72,Warning
7.025,79.95,2024-06,359.3,95.8,26.7,18.1,14.2,1.5,clay,2.99,0.57,Flood
7.125,80.275,2023-12,330.7,97.5,25.1,13.0,199.1,34.9,sandy,4.23,0.83,Landslide
6.9,80.15,2023-08,155.9,96.5,26.2,17.3,132.2,24.6,loam,15.0,0.78,Landslide
7.1,79.9,2024-11,386.9,97.2,25.6,15.8,20.9,6.5,clay,12.94,0.58,Warning
6.95,80.0,2023-12,449.5,98.6,25.7,12.9,15.8,1.9,clay,7.11,0.57,Warning
7.125,80.15,2025-02,41.8,96.1,26.1,14.6,153.9,18.9,loam,2.99,0.7,No Risk
7.1,80.0,2024-02,26.0,92.3,28.0,16.2,72.7,8.6,loam,5.98,0.57,No Risk
7.025,79.875,2023-02,64.1,95.8,25.6,15.9,22.2,5.8,clay,7.89,0.57,Warning
6.9,79.85,2023-10,569.8,96.5,25.6,14.7,8.8,0.6,clay,3.14,0.55,Flood
7.1,79.875,2024-03,57.0,94.3,28.0,16.4,24.4,3.5,clay,14.57,0.5,Warning
7.125,80.1,2023-02,113.6,94.5,25.6,13.9,39.1,1.8,loam,1.24,0.6,Flood
6.95,80.25,2023-12,496.2,97.6,24.5,10.8,182.1,27.5,sandy,15.0,0.76,Landslide
7.075,80.05,2024-05,719.8,97.5,27.1,15.2,38.7,7.9,clay,0.55,0.66,Flood
6.975,80.1,2024-02,42.2,94.2,27.5,14.3,59.2,7.7,sandy,12.17,0.53,No Risk
6.95,80.275,2023-04,207.5,95.4,26.1,9.8,186.9,15.9,sandy,15.0,0.78,Landslide
6.925,80.325,2023-08,188.7,93.9,24.9,13.8,210.0,18.2,sandy,15.0,0.8,Landslide
6.95,80.35,2024-11,636.6,98.2,23.7,10.4,144.3,16.2,loam,15.0,0.83,Landslide
7.0,79.95,2023-01,110.3,91.5,25.2,15.1,31.8,5.9,clay,1.11,0.57,Flood
7.0,80.375,2023-11,754.6,98.2,25.0,9.6,175.5,36.1,sandy,15.0,0.77,Landslide
6.975,79.925,2024-04,173.6,96.4,28.2,14.5,14.6,0.6,clay,0.78,0.58,Flood
6.975,79.925,2023-05,233.6,95.9,27.3,17.4,14.6,0.6,clay,0.78,0.56,Flood
7.05,80.05,2023-07,290.8,96.0,26.2,16.8,22.4,3.7,loam,3.33,0.6,Flood
7.05,79.9,2023-08,109.1,92.5,27.0,19.9,18.4,1.2,clay,8.45,0.59,Warning
7.025,79.875,2024-07,302.3,93.5,27.1,19.5,22.2,5.8,clay,7.89,0.55,Warning
7.05,80.35,2024-05,716.4,97.8,26.1,14.6,132.8,27.5,sandy,15.0,0.83,Landslide
7.075,80.075,2024-06,391.2,96.5,26.5,17.1,71.6,10.1,clay,2.83,0.7,Warning
6.975,79.975,2024-08,308.4,96.0,26.4,16.8,17.0,0.8,loam,3.24,0.55,Flood
7.1,79.925,2025-05,256.8,97.1,27.3,17.7,4.3,0.6,clay,11.44,0.54,Warning
6.9,80.175,2024-08,402.8,95.4,25.8,14.8,105.0,17.4,loam,15.0,0.76,Landslide
7.0,80.05,2023-05,234.7,97.2,26.7,13.8,33.9,6.9,sandy,6.47,0.61,Warning
7.125,80.2,2023-02,73.0,95.4,25.4,13.6,92.0,7.0,sandy,2.78,0.7,Warning
7.1,80.25,2025-04,269.4,97.9,25.6,12.7,182.6,19.8,loam,4.0,0.81,Landslide
7.05,80.05,2024-01,192.4,94.4,26.1,13.7,22.4,3.7,loam,3.33,0.6,Flood
6.9,79.875,2024-07,313.6,93.6,27.2,18.9,17.2,0.3,clay,2.29,0.62,Flood
7.075,79.875,2024-02,42.7,91.4,27.7,17.7,9.5,1.1,clay,12.18,0.47,No Risk
6.925,79.85,2024-05,657.0,95.1,27.6,20.0,24.7,3.2,clay,2.29,0.6,Flood
6.975,79.925,2024-01,115.0,93.6,25.9,15.0,14.6,0.6,clay,0.78,0.61,Flood
6.95,80.05,2023-12,496.5,98.8,25.5,12.2,79.7,18.7,loam,10.23,0.71,Landslide
6.925,79.9,2023-12,408.1,96.3,25.9,14.7,11.6,0.4,clay,2.78,0.6,Flood
6.95,79.925,2024-04,177.2,96.1,28.2,14.5,29.7,6.4,clay,2.77,0.66,Flood
6.925,80.175,2023-09,737.1,95.9,25.1,15.6,65.1,18.1,loam,15.0,0.66,Landslide
7.0,79.875,2023-07,214.2,92.8,26.9,21.3,36.2,4.8,loam,6.21,0.63,Warning
7.125,80.125,2023-04,174.6,97.1,26.9,12.9,79.8,17.8,sandy,1.76,0.7,Landslide
7.15,80.0,2024-11,530.0,98.9,25.2,13.4,84.9,11.8,sandy,9.55,0.74,Warning
7.075,80.3,2024-09,338.8,95.5,25.3,14.8,99.1,6.7,loam,9.88,0.81,Warning
7.0,80.1,2024-04,197.2,96.8,27.9,12.7,29.7,6.4,loam,10.47,0.62,Warning
7.075,80.05,2023-03,169.3,97.2,26.5,11.5,38.7,7.9,clay,0.55,0.67,Flood
7.125,80.2,2024-02,19.3,91.9,27.4,16.4,92.0,7.0,sandy,2.78,0.55,No Risk
6.95,80.15,2023-06,341.0,97.5,25.8,14.8,110.9,14.4,sandy,15.0,0.77,Warning
7.075,80.2,2024-05,755.8,97.3,26.6,15.4,99.7,13.8,loam,2.77,0.73,Warning
7.075,79.9,2023-03,117.5,95.7,26.5,13.8,28.5,5.2,clay,10.66,0.59,Warning
7.025,80.125,2024-03,105.1,95.0,28.1,16.4,60.4,12.0,clay,9.71,0.71,Warning
6.975,79.925,2024-01,122.7,93.7,26.0,14.9,14.6,0.6,clay,0.78,0.61,Flood
7.025,80.2,2023-12,464.8,98.1,24.6,11.7,123.8,29.9,sandy,8.32,0.82,Landslide
6.9,80.225,2024-02,39.1,96.2,27.1,12.7,111.9,8.1,sandy,15.0,0.67,No Risk
7.1,79.95,2023-01,122.5,90.8,25.1,16.6,26.6,4.4,sandy,9.55,0.6,Warning
6.9,80.05,2023-03,182.7,98.6,25.9,9.9,22.1,5.5,clay,14.89,0.61,Warning
7.0,79.95,2024-05,691.8,97.3,27.2,16.6,31.8,5.9,clay,1.11,0.59,Flood
7.025,80.35,2025-03,166.6,98.5,24.5,10.4,168.9,24.2,sandy,15.0,0.79,Landslide
7.05,80.1,2023-01,139.2,90.5,24.9,15.9,43.6,5.2,clay,5.98,0.6,Warning
7.075,80.3,2024-02,25.4,94.4,26.7,14.2,99.1,6.7,loam,9.88,0.62,No Risk
7.025,80.375,2023-02,114.5,95.3,23.9,9.3,119.5,13.0,loam,15.0,0.78,Warning
6.9,79.875,2023-11,490.9,97.4,25.5,12.0,17.2,0.3,clay,2.29,0.59,Flood
7.1,80.05,2023-11,550.9,99.3,25.5,9.8,41.6,6.9,loam,2.22,0.65,Flood
7.075,80.325,2023-08,131.8,93.8,25.0,15.8,99.7,18.4,sandy,11.88,0.78,Landslide
6.975,79.875,2023-06,370.5,94.9,27.0,19.9,28.7,5.1,sandy,3.92,0.56,Warning
6.9,80.25,2023-07,413.1,94.8,25.5,13.3,113.0,8.2,sandy,15.0,0.79,Warning
7.15,79.95,2023-05,248.7,96.1,27.0,15.3,35.5,5.1,loam,13.55,0.63,Warning
7.025,80.1,2024-01,200.0,95.7,25.8,11.7,79.7,8.2,loam,8.25,0.78,Warning
7.0,79.95,2023-04,178.0,97.7,26.9,12.2,31.8,5.9,clay,1.11,0.62,Flood
7.025,80.075,2024-02,35.9,93.6,27.7,14.9,77.9,17.8,loam,6.71,0.55,No Risk
6.975,80.1,2024-09,355.8,97.3,25.9,16.4,59.2,7.7,sandy,12.17,0.61,Warning
6.925,80.25,2023-05,302.9,94.6,26.2,11.8,228.8,33.0,sandy,15.0,0.82,Landslide
6.975,80.075,2024-02,36.2,93.7,27.7,15.0,57.2,4.9,clay,10.32,0.53,No Risk
6.925,80.0,2023-07,292.2,95.6,26.5,17.5,60.1,18.3,loam,9.44,0.7,Landslide
7.075,79.875,2025-05,288.9,95.1,27.7,20.2,9.5,1.1,clay,12.18,0.53,Warning
7.025,80.1,2024-02,42.2,94.1,27.5,14.0,79.7,8.2,loam,8.25,0.61,No Risk
6.9,80.2,2024-02,39.5,96.3,27.1,12.7,74.7,8.5,sandy,15.0,0.57,No Risk
7.125,80.15,2024-09,290.9,96.8,25.6,16.7,153.9,18.9,loam,2.99,0.83,Landslide
7.05,79.925,2024-02,42.2,91.1,27.7,17.8,35.5,6.6,clay,6.77,0.51,No Risk
6.925,80.15,2024-02,39.1,96.5,27.0,12.8,109.4,14.2,sandy,15.0,0.57,No Risk
6.925,80.05,2024-07,328.2,97.8,26.3,15.7,82.3,7.8,loam,12.47,0.74,Warning
6.975,80.3,2023-02,122.7,96.2,25.0,10.9,228.2,18.0,loam,15.0,0.79,Landslide
6.925,80.0,2023-06,421.5,96.8,26.4,16.7,60.1,18.3,loam,9.44,0.65,Landslide
7.0,79.95,2025-05,295.8,96.8,27.1,15.9,31.8,5.9,clay,1.11,0.64,Flood
7.025,80.025,2024-10,437.2,97.4,25.8,13.6,69.5,11.7,loam,2.83,0.69,Warning
6.975,80.2,2024-10,559.3,96.4,25.5,12.6,118.9,8.0,sandy,13.88,0.8,Warning
7.1,79.85,2024-02,26.6,90.5,27.8,18.2,19.7,1.6,clay,15.0,0.35,No Risk
7.0,80.375,2023-07,355.6,94.6,25.6,13.2,175.5,36.1,sandy,15.0,0.8,Landslide
6.975,79.95,2024-12,187.8,97.9,26.1,12.1,19.8,1.1,clay,2.29,0.58,Flood
6.925,79.9,2023-12,405.6,96.3,26.0,14.6,11.6,0.4,clay,2.78,0.6,Flood
6.925,80.375,2024-06,410.8,96.5,25.9,14.3,164.7,30.7,loam,15.0,0.84,Landslide
7.075,80.375,2023-12,383.4,98.1,22.4,9.2,115.1,6.0,sandy,15.0,0.77,Warning
7.1,79.925,2023-04,192.0,97.3,27.0,12.3,4.3,0.6,clay,11.44,0.54,Warning
7.05,80.375,2024-01,258.4,97.0,20.3,9.0,212.7,17.2,sandy,15.0,0.78,Landslide
7.075,80.25,2024-04,194.8,97.2,28.1,11.2,117.6,18.7,sandy,6.21,0.78,Landslide
7.05,80.025,2024-03,112.6,95.8,28.3,15.7,87.5,19.3,clay,0.56,0.71,Landslide
7.05,80.05,2025-05,294.4,98.0,26.8,15.7,22.4,3.7,loam,3.33,0.57,Flood
6.9,79.875,2025-04,165.8,94.9,27.4,13.4,17.2,0.3,clay,2.29,0.61,Flood
6.925,80.35,2023-11,774.5,97.8,24.0,9.8,196.5,16.3,sandy,15.0,0.84,Landslide
6.9,80.3,2024-02,42.7,94.4,25.7,12.1,186.2,18.2,sandy,15.0,0.59,No Risk
7.025,79.95,2023-11,481.8,99.6,25.4,10.2,14.2,1.5,clay,2.99,0.59,Flood
7.1,79.875,2023-09,519.6,94.7,26.0,20.5,24.4,3.5,clay,14.57,0.63,Warning
6.9,79.875,2024-12,130.0,94.2,26.7,13.7,17.2,0.3,clay,2.29,0.61,Flood
7.15,79.975,2024-03,73.7,96.7,28.2,15.4,28.4,6.7,clay,11.39,0.55,Warning
7.0,79.975,2023-07,250.3,95.3,26.6,17.6,9.0,0.5,clay,1.67,0.59,Flood
6.9,79.975,2024-03,117.0,97.1,28.0,14.7,23.2,3.9,loam,10.01,0.6,Warning
7.15,79.95,2023-02,112.1,94.2,25.8,14.0,35.5,5.1,loam,13.55,0.59,Warning
6.95,80.1,2024-10,509.7,97.0,25.5,13.9,68.6,15.4,clay,14.21,0.68,Landslide
6.95,80.1,2024-12,173.2,98.2,25.3,12.4,68.6,15.4,clay,14.21,0.68,Landslide
7.1,80.0,2024-02,26.7,92.2,28.1,16.3,72.7,8.6,loam,5.98,0.57,No Risk
7.125,80.025,2024-09,301.4,97.4,26.3,17.4,86.7,12.3,loam,5.71,0.77,Warning
7.1,80.325,2024-10,514.5,96.2,25.3,12.7,154.6,24.9,loam,9.82,0.8,Landslide
6.925,79.875,2024-08,332.3,92.7,26.8,19.0,16.7,1.3,loam,0.78,0.55,Flood
7.05,79.875,2023-02,60.6,93.6,25.7,16.3,22.2,6.6,clay,9.88,0.49,Warning
7.1,80.275,2024-02,25.4,94.4,27.5,14.2,138.0,32.2,loam,6.0,0.59,No Risk
7.125,79.85,2024-03,57.0,94.3,28.0,16.4,6.1,0.5,clay,15.0,0.49,Warning
7.0,80.075,2024-04,222.8,98.2,28.0,12.4,52.6,1.6,sandy,8.25,0.69,Warning
6.9,80.225,2023-02,114.0,97.6,25.2,11.6,111.9,8.1,sandy,15.0,0.79,Warning
7.075,80.125,2024-02,27.6,91.3,27.8,16.2,86.3,10.8,sandy,5.27,0.54,No Risk
7.05,79.875,2024-10,421.1,95.4,26.2,16.8,22.2,6.6,clay,9.88,0.59,Warning
6.95,80.1,2024-11,507.2,98.4,25.0,13.8,68.6,15.4,clay,14.21,0.68,Landslide
7.0,80.025,2025-02,69.5,96.2,26.6,14.2,80.3,6.7,sandy,4.47,0.65,Warning
7.125,80.1,2024-02,25.0,91.0,27.8,17.2,39.1,1.8,loam,1.24,0.4,No Risk
7.125,80.1,2023-12,369.4,97.1,25.5,15.1,39.1,1.8,loam,1.24,0.63,Flood
7.025,79.95,2023-05,246.8,96.8,26.9,14.7,14.2,1.5,clay,2.99,0.56,Flood
7.075,80.075,2023-01,136.8,90.5,25.3,15.7,71.6,10.1,clay,2.83,0.63,Warning
6.925,80.125,2024-05,766.7,97.3,26.7,16.0,34.1,5.4,loam,15.0,0.6,Warning
6.925,80.35,2024-09,412.8,96.1,24.4,12.3,196.5,16.3,sandy,15.0,0.77,Landslide
7.0,80.175,2024-11,502.7,98.4,24.3,12.8,74.0,13.3,sandy,11.44,0.71,Warning
6.975,80.2,2024-11,502.7,98.4,25.0,12.8,118.9,8.0,sandy,13.88,0.73,Warning
7.1,80.275,2023-10,592.3,97.7,25.3,13.1,138.0,32.2,loam,6.0,0.84,Landslide
7.125,80.3,2025-03,211.9,97.5,25.8,11.6,121.9,24.6,sandy,5.9,0.8,Landslide
6.975,80.05,2024-01,203.6,95.5,26.1,12.4,76.5,13.7,loam,8.33,0.67,Warning
7.125,80.025,2024-07,329.9,96.7,26.5,16.8,86.7,12.3,loam,5.71,0.76,Warning
6.95,80.025,2024-07,328.2,97.8,26.3,15.7,88.4,10.8,loam,8.69,0.68,Warning
7.075,79.9,2024-10,421.1,95.4,26.2,16.8,28.5,5.2,clay,10.66,0.61,Warning
7.05,80.2,2024-12,153.2,97.4,24.0,12.5,99.8,17.4,sandy,5.55,0.76,Landslide
6.975,80.275,2024-04,203.0,96.8,27.5,11.1,191.4,27.2,loam,15.0,0.81,Landslide
7.1,79.9,2024-12,129.1,95.1,26.2,14.6,20.9,6.5,clay,12.94,0.59,Warning
6.9,80.15,2023-10,624.0,97.0,25.1,13.2,132.2,24.6,loam,15.0,0.81,Landslide
7.1,79.95,2024-11,444.4,99.1,25.3,13.3,26.6,4.4,sandy,9.55,0.58,Warning
6.95,79.875,2025-04,191.3,95.0,27.4,13.4,39.8,2.5,loam,2.78,0.63,Flood
7.075,80.1,2024-02,27.0,91.3,27.9,16.3,32.2,3.5,clay,3.55,0.41,No Risk
6.975,80.0,2023-05,237.5,96.6,26.9,14.8,74.9,18.6,loam,5.12,0.75,Landslide
7.1,80.1,2024-04,210.1,97.1,28.0,13.2,75.3,10.7,loam,2.22,0.72,Warning
6.975,79.925,2024-03,93.8,95.0,28.0,16.4,14.6,0.6,clay,0.78,0.53,Flood
7.0,79.85,2024-02,42.9,91.6,27.7,17.6,13.7,1.6,loam,7.85,0.4,No Risk
6.95,79.875,2024-09,295.4,93.0,27.0,19.8,39.8,2.5,loam,2.78,0.63,Flood
6.9,80.0,2024-02,37.5,95.3,27.5,14.7,64.3,14.6,loam,11.8,0.52,No Risk
6.925,79.875,2025-04,173.3,95.1,27.4,13.4,16.7,1.3,loam,0.78,0.66,Flood
7.025,80.25,2023-02,122.7,96.2,25.0,10.9,95.1,18.9,sandy,10.01,0.74,Landslide
7.025,80.05,2023-05,234.7,97.2,26.7,13.8,34.0,3.7,loam,4.33,0.63,Warning
7.125,80.225,2024-05,713.5,96.8,25.6,16.2,101.5,18.6,clay,0.78,0.76,Landslide
6.95,79.925,2024-07,316.0,93.6,27.2,19.0,29.7,6.4,clay,2.77,0.65,Flood
7.15,79.875,2024-01,139.3,93.0,26.1,16.3,5.4,2.0,loam,15.0,0.58,Warning
6.9,80.2,2023-08,160.0,95.5,26.2,15.7,74.7,8.5,sandy,15.0,0.68,Warning
7.075,80.325,2024-09,358.6,96.0,24.5,14.6,99.7,18.4,sandy,11.88,0.75,Landslide
7.075,80.2,2025-02,33.2,96.6,26.1,14.2,99.7,13.8,loam,2.77,0.62,No Risk
7.025,79.975,2023-02,85.4,96.6,25.6,13.3,18.0,0.9,loam,1.76,0.56,Warning
7.025,80.2,2023-11,601.0,98.5,24.3,10.5,123.8,29.9,sandy,8.32,0.76,Landslide
7.0,80.375,2024-03,91.4,93.0,27.6,12.4,175.5,36.1,sandy,15.0,0.83,Landslide
7.025,79.95,2025-04,232.9,97.8,26.8,12.4,14.2,1.5,clay,2.99,0.57,Flood
6.95,80.325,2024-02,42.5,94.3,26.3,12.2,174.0,30.3,sandy,15.0,0.57,No Risk
7.025,79.95,2024-12,197.3,97.7,26.1,12.4,14.2,1.5,clay,2.99,0.59,Flood
6.9,80.05,2025-01,376.1,98.7,25.0,12.5,22.1,5.5,clay,14.89,0.63,Warning
7.125,80.125,2024-08,279.8,95.8,25.8,17.1,79.8,17.8,sandy,1.76,0.71,Landslide
6.9,80.0,2025-03,189.7,98.4,26.7,10.4,64.3,14.6,loam,11.8,0.7,Warning
6.975,80.125,2023-03,188.5,97.7,25.9,10.5,37.5,4.8,clay,14.32,0.68,Warning
7.075,80.075,2024-05,717.2,97.6,27.1,15.5,71.6,10.1,clay,2.83,0.69,Warning
6.95,80.25,2025-04,378.4,99.1,24.8,10.6,182.1,27.5,sandy,15.0,0.81,Landslide
7.05,80.2,2023-03,156.8,97.0,24.6,11.4,99.8,17.4,sandy,5.55,0.72,Landslide
6.9,80.25,2024-02,42.7,94.5,26.7,12.3,113.0,8.2,sandy,15.0,0.64,No Risk
6.95,80.1,2023-07,364.4,97.5,25.7,16.7,68.6,15.4,clay,14.21,0.68,Landslide
6.9,79.85,2025-01,278.6,94.9,25.7,14.2,8.8,0.6,clay,3.14,0.58,Flood
7.025,79.975,2025-05,276.5,96.8,27.2,15.9,18.0,0.9,loam,1.76,0.58,Flood
6.925,80.225,2024-04,193.3,96.3,27.9,13.3,132.0,36.4,loam,15.0,0.84,Landslide
7.075,80.025,2023-06,324.3,97.4,26.3,16.2,86.0,16.6,loam,2.83,0.79,Landslide
7.0,79.95,2025-03,189.9,98.5,26.7,11.0,31.8,5.9,clay,1.11,0.55,Flood
7.1,80.25,2025-02,42.6,96.8,25.8,13.7,182.6,19.8,loam,4.0,0.69,No Risk
7.025,80.025,2023-06,329.7,97.9,26.2,15.7,69.5,11.7,loam,2.83,0.64,Warning
7.025,80.15,2024-10,476.9,96.7,25.6,13.5,108.4,8.3,loam,10.01,0.8,Warning
7.1,79.875,2024-02,26.7,90.5,27.8,18.0,24.4,3.5,clay,14.57,0.41,No Risk
7.0,80.075,2025-05,323.7,98.0,26.7,15.5,52.6,1.6,sandy,8.25,0.69,Warning
6.975,80.175,2024-09,346.2,96.6,25.7,15.0,78.0,16.1,sandy,14.15,0.72,Landslide
7.075,80.05,2024-01,189.6,94.5,26.2,13.5,38.7,7.9,clay,0.55,0.64,Flood
7.025,79.875,2024-04,173.6,96.4,28.2,14.5,22.2,5.8,clay,7.89,0.56,Warning
7.05,80.125,2023-06,323.6,96.8,26.0,15.3,34.8,4.8,clay,7.47,0.63,Warning
6.95,79.875,2023-05,238.3,94.7,27.3,17.0,39.8,2.5,loam,2.78,0.59,Flood
6.925,79.875,2025-05,274.2,94.1,27.8,18.1,16.7,1.3,loam,0.78,0.58,Flood
7.1,80.375,2025-03,183.0,98.4,25.7,10.0,126.9,33.0,sandy,13.74,0.79,Landslide
7.025,80.325,2023-12,518.7,98.1,24.8,10.9,167.2,17.8,sandy,15.0,0.8,Landslide
6.925,80.35,2023-10,742.6,96.9,23.9,11.8,196.5,16.3,sandy,15.0,0.85,Landslide
6.975,79.9,2025-04,164.1,95.3,27.4,14.0,18.4,0.3,clay,2.77,0.59,Flood
6.9,80.075,2024-04,227.3,98.2,27.7,12.5,48.0,3.8,clay,15.0,0.65,Warning
7.125,79.9,2024-11,398.3,97.3,25.6,16.0,29.0,5.3,clay,15.0,0.63,Warning
7.15,79.85,2024-10,427.8,95.3,26.3,16.8,3.2,1.5,clay,15.0,0.56,Warning
7.0,80.175,2025-01,339.0,98.4,24.2,10.6,74.0,13.3,sandy,11.44,0.63,Warning
7.025,80.225,2024-01,189.7,96.6,25.6,11.1,137.7,19.0,sandy,8.78,0.81,Landslide
6.9,80.15,2024-02,38.5,96.7,27.1,12.9,132.2,24.6,loam,15.0,0.7,No Risk
7.075,80.1,2024-11,518.6,98.5,25.1,13.7,32.2,3.5,clay,3.55,0.67,Warning
7.05,80.05,2024-02,27.7,91.5,28.1,16.5,22.4,3.7,loam,3.33,0.36,No Risk
7.05,80.075,2025-05,299.7,97.8,26.8,15.9,48.9,3.6,loam,4.33,0.59,Warning
7.15,79.9,2024-12,112.9,95.0,26.2,15.2,7.8,0.8,clay,15.0,0.6,Warning
6.925,80.275,2023-07,413.1,94.8,25.5,13.3,193.9,32.8,loam,15.0,0.78,Landslide
7.0,80.025,2024-01,203.6,95.5,26.1,12.4,80.3,6.7,sandy,4.47,0.72,Warning
6.9,79.875,2023-07,257.5,92.9,26.9,20.9,17.2,0.3,clay,2.29,0.57,Flood
7.0,79.95,2023-07,254.9,95.5,26.6,17.5,31.8,5.9,clay,1.11,0.61,Flood
6.925,80.1,2024-03,113.7,95.5,28.0,16.3,54.2,8.0,loam,15.0,0.68,Warning
7.025,79.975,2024-10,442.2,97.3,25.9,14.2,18.0,0.9,loam,1.76,0.59,Flood
6.975,80.325,2025-02,49.7,96.2,24.8,11.6,173.5,36.6,sandy,15.0,0.64,Warning
7.05,80.375,2025-02,45.1,98.8,20.6,10.9,212.7,17.2,sandy,15.0,0.69,No Risk
7.075,80.25,2023-06,327.3,95.0,26.2,13.8,117.6,18.7,sandy,6.21,0.84,Landslide
7.05,79.925,2024-09,294.4,92.8,27.0,20.8,35.5,6.6,clay,6.77,0.58,Warning
7.125,80.075,2025-02,35.6,95.0,26.7,15.8,72.3,12.6,loam,2.83,0.46,No Risk
6.975,80.25,2023-07,401.1,94.6,25.5,14.0,209.1,35.5,loam,14.94,0.81,Landslide
6.9,79.925,2025-05,274.2,94.1,27.8,18.1,28.1,3.3,sandy,6.21,0.61,Warning
7.0,79.95,2023-12,424.8,98.3,25.8,13.3,31.8,5.9,clay,1.11,0.59,Flood
7.125,80.025,2025-02,42.7,95.2,27.1,15.6,86.7,12.3,loam,5.71,0.55,No Risk
7.0,80.325,2024-05,749.0,97.3,25.5,13.5,237.4,27.0,sandy,15.0,0.79,Landslide
7.05,80.2,2025-01,291.3,98.2,23.6,12.9,99.8,17.4,sandy,5.55,0.77,Landslide
7.125,79.85,2025-05,252.1,95.0,27.7,20.8,6.1,0.5,clay,15.0,0.58,Warning
6.975,79.9,2023-10,511.9,96.7,25.6,14.9,18.4,0.3,clay,2.77,0.6,Flood
7.0,80.075,2023-07,281.7,96.5,26.2,16.6,52.6,1.6,sandy,8.25,0.64,Warning
7.025,80.375,2024-12,148.9,98.3,24.0,10.6,119.5,13.0,loam,15.0,0.85,Warning
7.1,80.075,2024-02,27.7,91.5,28.1,16.6,92.3,13.0,clay,0.55,0.58,No Risk
7.075,80.05,2023-02,120.8,95.4,25.9,13.2,38.7,7.9,clay,0.55,0.65,Flood
7.125,80.25,2024-02,21.9,92.5,26.3,15.8,183.4,27.4,sandy,2.29,0.65,No Risk
7.025,80.375,2023-04,219.8,95.4,25.0,10.6,119.5,13.0,loam,15.0,0.78,Warning
7.025,80.125,2025-04,282.7,98.3,25.9,12.8,60.4,12.0,clay,9.71,0.7,Warning
7.025,80.375,2025-03,166.6,98.5,24.5,10.4,119.5,13.0,loam,15.0,0.79,Warning
7.1,80.3,2024-02,26.8,91.9,26.3,15.9,227.7,27.9,loam,8.0,0.63,No Risk
7.075,80.025,2024-02,28.0,91.3,28.1,16.6,86.0,16.6,loam,2.83,0.52,No Risk
7.075,80.125,2025-02,51.4,95.6,26.4,15.1,86.3,10.8,sandy,5.27,0.56,Warning
6.975,79.875,2023-04,168.5,98.0,27.0,13.9,28.7,5.1,sandy,3.92,0.6,Warning
7.025,79.95,2023-11,465.3,99.6,25.4,10.2,14.2,1.5,clay,2.99,0.59,Flood
7.125,80.175,2025-03,179.3,97.5,26.0,11.6,116.2,10.0,loam,3.92,0.77,Warning
7.1,80.025,2025-05,276.9,98.1,26.9,16.9,59.1,4.2,loam,3.55,0.63,Warning
7.025,80.1,2023-09,584.4,96.6,25.1,17.0,79.7,8.2,loam,8.25,0.77,Warning
6.95,80.125,2024-04,186.5,96.9,27.7,13.3,28.9,5.4,clay,15.0,0.59,Warning
7.15,79.875,2023-06,336.4,94.6,27.1,20.5,5.4,2.0,loam,15.0,0.59,Warning
6.925,80.2,2024-02,39.3,96.1,27.1,12.7,95.2,12.3,loam,15.0,0.58,No Risk
7.075,80.025,2023-09,563.7,97.1,25.4,17.0,86.0,16.6,loam,2.83,0.72,Landslide
7.075,80.275,2023-01,148.1,93.7,24.0,13.4,201.6,18.5,loam,7.89,0.77,Landslide
7.025,80.15,2024-02,42.3,94.2,27.5,14.0,108.4,8.3,loam,10.01,0.64,No Risk
7.075,80.1,2023-06,323.6,96.8,26.0,15.3,32.2,3.5,clay,3.55,0.61,Warning
6.975,80.075,2024-08,284.7,96.4,26.1,16.3,57.2,4.9,clay,10.32,0.69,Warning
6.9,80.175,2024-02,39.1,95.9,27.0,12.5,105.0,17.4,loam,15.0,0.61,No Risk
7.1,80.35,2024-06,313.8,95.5,26.1,18.0,104.3,12.9,sandy,12.01,0.77,Warning
7.1,79.85,2023-10,431.7,96.5,25.6,14.7,19.7,1.6,clay,15.0,0.53,Warning
6.9,80.325,2023-07,390.3,94.8,24.5,12.5,190.9,31.7,sandy,15.0,0.81,Landslide
7.075,80.375,2025-02,44.8,98.6,22.5,11.1,115.1,6.0,sandy,15.0,0.62,No Risk
7.0,80.025,2024-02,36.5,93.7,27.6,14.9,80.3,6.7,sandy,4.47,0.54,No Risk
6.925,80.325,2024-07,377.5,95.1,24.9,12.4,210.0,18.2,sandy,15.0,0.77,Landslide
7.125,80.1,2024-12,144.9,97.5,25.4,13.2,39.1,1.8,loam,1.24,0.6,Flood
7.125,80.3,2025-02,42.5,96.7,25.9,13.6,121.9,24.6,sandy,5.9,0.68,No Risk
6.95,80.05,2023-03,182.7,98.6,25.9,9.9,79.7,18.7,loam,10.23,0.67,Landslide
7.05,79.85,2023-02,60.6,93.6,25.8,16.3,7.3,1.1,clay,11.8,0.47,Warning
7.025,80.3,2024-09,383.8,95.3,25.5,13.8,203.1,17.9,loam,13.87,0.79,Landslide
7.125,80.1,2023-03,153.3,95.6,26.5,12.9,39.1,1.8,loam,1.24,0.61,Flood
7.025,79.85,2024-10,416.9,95.4,26.3,16.9,24.8,3.0,clay,10.01,0.57,Warning
7.025,80.225,2023-06,342.8,95.8,25.9,13.3,137.7,19.0,sandy,8.78,0.76,Landslide
7.05,80.3,2024-02,25.4,94.3,26.7,14.3,128.7,31.4,loam,11.8,0.63,No Risk
7.05,80.05,2023-07,276.8,96.2,26.3,16.5,22.4,3.7,loam,3.33,0.6,Flood
6.9,80.075,2023-06,360.3,98.4,25.9,15.7,48.0,3.8,clay,15.0,0.66,Warning
6.925,80.275,2023-10,694.2,97.0,24.8,11.9,193.9,32.8,loam,15.0,0.81,Landslide
7.0,80.375,2023-02,114.5,95.4,25.0,9.3,175.5,36.1,sandy,15.0,0.85,Landslide
6.95,79.875,2025-01,277.7,94.9,25.6,14.1,39.8,2.5,loam,2.78,0.64,Flood
7.025,80.3,2024-07,387.1,95.2,25.8,13.1,203.1,17.9,loam,13.87,0.77,Landslide
6.95,80.375,2025-01,322.2,98.6,22.5,8.4,212.6,38.0,loam,15.0,0.76,Landslide
6.975,80.05,2024-02,35.9,93.7,27.7,15.0,76.5,13.7,loam,8.33,0.55,No Risk
7.0,79.925,2024-10,416.9,95.4,26.2,16.9,3.0,2.2,clay,2.29,0.56,Flood
6.925,79.85,2024-07,316.0,93.6,27.1,19.0,24.7,3.2,clay,2.29,0.65,Flood
6.975,79.9,2023-11,436.5,97.7,25.5,12.0,18.4,0.3,clay,2.77,0.63,Flood
7.075,80.05,2023-01,123.1,90.5,25.3,15.6,38.7,7.9,clay,0.55,0.65,Flood
6.925,80.15,2024-01,190.0,97.1,25.6,10.3,109.4,14.2,sandy,15.0,0.7,Warning
7.15,79.85,2023-08,105.1,92.4,27.0,19.9,3.2,1.5,clay,15.0,0.59,Warning
7.0,80.075,2024-10,437.2,97.4,25.8,13.6,52.6,1.6,sandy,8.25,0.69,Warning
7.0,80.15,2024-02,42.2,94.5,27.5,14.3,147.0,20.3,sandy,12.41,0.62,No Risk
6.925,80.35,2024-08,484.0,95.3,24.5,14.1,196.5,16.3,sandy,15.0,0.85,Landslide
6.975,80.05,2023-06,329.7,97.9,26.2,15.7,76.5,13.7,loam,8.33,0.73,Warning
6.925,79.9,2024-08,324.8,92.9,26.8,18.9,11.6,0.4,clay,2.78,0.56,Flood
6.975,80.025,2024-02,36.1,93.5,27.5,15.0,70.2,12.1,sandy,6.33,0.59,No Risk
7.075,80.375,2024-05,618.0,98.2,23.6,13.3,115.1,6.0,sandy,15.0,0.8,Warning
6.975,80.075,2023-12,447.4,98.2,25.7,12.8,57.2,4.9,clay,10.32,0.63,Warning
6.925,80.275,2023-04,207.5,95.4,26.1,9.8,193.9,32.8,loam,15.0,0.78,Landslide
7.075,80.3,2024-05,809.0,97.3,26.3,15.0,99.1,6.7,loam,9.88,0.72,Warning
6.95,79.85,2025-04,177.0,95.0,27.4,13.3,17.7,1.4,clay,4.0,0.58,Warning
6.95,80.15,2023-04,199.7,97.4,26.5,11.4,110.9,14.4,sandy,15.0,0.8,Warning
7.1,80.05,2025-01,321.4,96.7,25.4,15.0,41.6,6.9,loam,2.22,0.65,Flood
6.95,80.05,2024-03,128.0,97.2,27.9,14.9,79.7,18.7,loam,10.23,0.69,Landslide
7.125,80.15,2024-02,19.2,91.8,27.3,16.3,153.9,18.9,loam,2.99,0.58,No Risk
6.9,80.15,2023-11,568.2,98.5,25.1,10.6,132.2,24.6,loam,15.0,0.84,Landslide
6.9,79.95,2024-11,411.9,98.9,25.4,12.6,23.8,4.0,clay,7.85,0.63,Warning
6.9,80.1,2023-10,624.0,97.0,25.1,13.2,75.8,7.3,loam,15.0,0.65,Warning
6.95,80.075,2024-08,340.6,97.0,26.0,16.4,54.5,2.1,loam,12.22,0.64,Warning
7.075,80.375,2025-01,325.3,99.0,21.9,8.6,115.1,6.0,sandy,15.0,0.78,Warning
6.9,80.175,2023-06,381.0,95.8,25.9,13.2,105.0,17.4,loam,15.0,0.8,Landslide
6.95,79.875,2023-08,138.5,92.8,27.0,19.6,39.8,2.5,loam,2.78,0.65,Flood
7.125,80.05,2023-08,91.8,95.8,26.6,17.5,50.3,6.3,loam,4.33,0.66,Warning
7.075,80.175,2024-03,71.0,94.7,27.2,16.1,88.0,17.9,loam,3.92,0.62,Warning
7.0,80.375,2024-08,387.9,95.2,25.6,14.5,175.5,36.1,sandy,15.0,0.77,Landslide
6.95,80.2,2024-02,39.4,96.1,27.0,12.8,66.3,6.2,loam,15.0,0.49,No Risk
7.125,80.175,2024-12,168.6,97.2,25.2,12.7,116.2,10.0,loam,3.92,0.85,Warning
7.1,80.325,2024-07,397.7,95.1,26.0,14.2,154.6,24.9,loam,9.82,0.84,Landslide
6.925,80.1,2024-07,303.0,97.5,26.1,15.9,54.2,8.0,loam,15.0,0.67,Warning
7.075,80.05,2024-08,265.6,96.4,26.2,16.5,38.7,7.9,clay,0.55,0.64,Flood
7.1,80.175,2024-06,338.8,96.3,25.9,18.2,146.2,35.3,loam,2.78,0.8,Landslide
7.15,80.025,2023-04,195.4,97.9,27.0,12.1,44.0,2.2,loam,8.25,0.63,Warning
7.1,80.1,2024-02,25.7,91.0,27.8,17.3,75.3,10.7,loam,2.22,0.5,No Risk
7.0,79.975,2025-01,343.7,97.1,25.4,13.1,9.0,0.5,clay,1.67,0.59,Flood
6.975,79.85,2024-07,302.3,93.6,27.2,19.5,9.5,0.5,clay,6.21,0.6,Warning
7.15,79.85,2023-01,106.2,91.2,25.1,18.5,3.2,1.5,clay,15.0,0.53,Warning
7.025,79.875,2024-06,326.9,93.5,27.0,21.4,22.2,5.8,clay,7.89,0.58,Warning
7.0,80.35,2023-09,553.4,96.7,24.9,16.0,193.9,27.8,loam,15.0,0.76,Landslide
7.05,80.125,2024-05,773.7,97.2,26.8,15.6,34.8,4.8,clay,7.47,0.62,Warning
7.125,80.25,2025-02,42.0,96.7,25.2,13.7,183.4,27.4,sandy,2.29,0.59,No Risk
7.025,80.375,2023-09,553.4,96.7,23.9,16.0,119.5,13.0,loam,15.0,0.78,Warning
6.925,80.3,2024-02,42.7,94.3,26.7,12.1,197.1,18.5,loam,15.0,0.62,No Risk
7.125,80.075,2023-11,608.9,98.5,25.1,10.5,72.3,12.6,loam,2.83,0.64,Warning
6.95,80.175,2024-02,38.6,96.0,27.1,12.8,117.2,19.0,loam,15.0,0.61,No Risk
7.05,80.125,2023-08,121.5,95.5,26.4,17.1,34.8,4.8,clay,7.47,0.61,Warning
7.05,80.125,2025-02,51.4,95.6,26.4,15.1,34.8,4.8,clay,7.47,0.47,Warning
6.925,79.975,2024-02,37.5,95.3,27.5,14.7,9.3,0.8,clay,7.89,0.41,Warning
6.975,80.275,2023-10,687.8,97.6,24.7,12.1,191.4,27.2,loam,15.0,0.78,Landslide
6.925,79.975,2023-03,185.9,98.2,26.2,11.0,9.3,0.8,clay,7.89,0.58,Warning
7.0,80.35,2025-03,166.6,98.5,25.5,10.4,193.9,27.8,loam,15.0,0.8,Landslide
6.9,79.95,2023-08,158.9,95.7,26.7,17.6,23.8,4.0,clay,7.85,0.58,Warning
7.125,80.025,2025-04,260.0,98.2,26.4,13.1,86.7,12.3,loam,5.71,0.69,Warning
6.975,80.05,2025-03,198.0,98.2,26.4,11.3,76.5,13.7,loam,8.33,0.71,Warning
6.95,79.9,2023-07,236.1,92.9,26.9,21.0,20.5,4.8,loam,0.0,0.6,Flood
6.9,79.85,2023-09,559.7,95.0,26.0,19.3,8.8,0.6,clay,3.14,0.55,Flood
6.9,80.175,2024-02,39.4,96.1,27.1,12.6,105.0,17.4,loam,15.0,0.61,No Risk
7.05,80.275,2024-08,387.8,94.5,25.4,15.6,201.8,19.8,loam,10.01,0.8,Landslide
6.925,80.075,2023-12,496.5,98.8,25.5,12.2,23.4,3.6,clay,14.15,0.62,Warning
6.975,80.175,2024-07,355.1,96.4,26.1,14.5,78.0,16.1,sandy,14.15,0.65,Landslide
7.125,80.2,2024-02,19.3,92.0,27.4,16.4,92.0,7.0,sandy,2.78,0.55,No Risk
7.025,80.225,2023-10,680.7,97.5,25.0,12.8,137.7,19.0,sandy,8.78,0.79,Landslide
6.925,80.375,2023-11,774.5,97.9,25.1,9.8,164.7,30.7,loam,15.0,0.77,Landslide
7.05,80.375,2024-10,385.5,97.6,20.3,11.9,212.7,17.2,sandy,15.0,0.85,Landslide
6.925,80.3,2024-07,404.4,95.2,25.9,12.7,197.1,18.5,loam,15.0,0.8,Landslide
7.075,80.0,2024-01,164.6,95.3,26.1,13.8,89.4,13.9,loam,3.55,0.68,Warning
7.025,80.225,2025-02,55.1,97.2,26.2,14.0,137.7,19.0,sandy,8.78,0.69,Warning
6.9,80.225,2023-08,160.0,95.5,26.2,15.7,111.9,8.1,sandy,15.0,0.73,Warning
7.125,80.3,2024-02,22.2,92.5,27.0,15.7,121.9,24.6,sandy,5.9,0.56,No Risk
6.95,79.95,2023-08,158.9,95.7,26.7,17.6,10.8,0.5,clay,4.0,0.54,Warning
6.95,80.0,2023-08,158.9,95.7,26.7,17.6,15.8,1.9,clay,7.11,0.59,Warning
7.025,79.85,2024-02,44.1,91.8,27.7,17.5,24.8,3.0,clay,10.01,0.49,No Risk
7.125,79.85,2023-03,138.5,96.6,26.6,14.1,6.1,0.5,clay,15.0,0.58,Warning
6.925,80.2,2023-11,607.9,98.2,25.1,10.1,95.2,12.3,loam,15.0,0.74,Warning
7.125,79.925,2023-06,314.5,96.6,26.7,17.7,3.0,1.9,clay,13.44,0.53,Warning
7.025,79.9,2025-04,164.1,95.3,27.4,14.0,21.7,7.3,loam,6.0,0.62,Warning
7.1,79.9,2024-02,42.4,91.2,27.6,18.0,20.9,6.5,clay,12.94,0.51,No Risk
7.025,80.275,2024-05,878.4,96.9,26.4,13.9,190.6,30.0,sandy,11.77,0.78,Landslide
7.025,80.325,2024-07,387.1,95.2,25.5,13.1,167.2,17.8,sandy,15.0,0.79,Landslide
6.925,80.1,2023-02,114.0,98.1,25.1,11.9,54.2,8.0,loam,15.0,0.63,Warning
7.1,80.05,2023-11,554.3,99.4,25.4,9.8,41.6,6.9,loam,2.22,0.65,Flood
6.925,79.9,2025-01,278.3,94.9,25.6,14.1,11.6,0.4,clay,2.78,0.56,Flood
6.95,80.325,2023-03,198.0,95.8,25.2,9.9,174.0,30.3,sandy,15.0,0.77,Landslide
7.0,80.15,2025-05,326.0,98.4,26.2,15.3,147.0,20.3,sandy,12.41,0.78,Landslide
7.125,80.05,2024-11,530.0,98.9,25.2,13.4,50.3,6.3,loam,4.33,0.68,Warning
7.05,80.175,2024-05,755.8,97.3,26.6,15.4,121.1,17.9,sandy,6.21,0.83,Landslide
7.025,80.15,2023-09,584.4,96.6,25.1,17.0,108.4,8.3,loam,10.01,0.76,Warning
7.1,80.275,2023-02,96.5,96.6,25.6,11.3,138.0,32.2,loam,6.0,0.71,Landslide
7.075,80.175,2024-02,33.5,93.6,26.5,15.4,88.0,17.9,loam,3.92,0.54,No Risk
7.125,80.325,2023-04,208.8,96.1,26.7,12.3,114.8,10.7,loam,8.19,0.75,Warning
7.1,80.05,2023-11,541.7,99.2,25.4,10.1,41.6,6.9,loam,2.22,0.65,Flood
6.975,79.925,2023-11,450.5,97.7,25.5,11.9,14.6,0.6,clay,0.78,0.6,Flood
7.125,80.125,2024-02,25.1,90.9,27.8,17.2,79.8,17.8,sandy,1.76,0.51,No Risk
7.025,79.95,2023-10,632.9,98.4,25.4,12.8,14.2,1.5,clay,2.99,0.59,Flood
7.025,79.875,2023-01,90.4,91.7,25.2,17.9,22.2,5.8,clay,7.89,0.55,Warning
7.0,79.875,2025-02,47.3,92.0,27.4,15.4,36.2,4.8,loam,6.21,0.51,Warning
7.025,79.9,2024-05,607.9,95.2,27.8,19.9,21.7,7.3,loam,6.0,0.53,Warning
7.075,80.225,2025-04,300.0,98.5,24.9,11.9,87.8,9.6,sandy,3.92,0.75,Warning
7.0,79.85,2024-02,43.2,91.8,27.7,17.7,13.7,1.6,loam,7.85,0.4,No Risk
7.0,79.975,2025-05,276.6,96.8,27.2,16.0,9.0,0.5,clay,1.67,0.59,Flood
6.9,79.85,2023-07,250.1,92.9,26.9,21.0,8.8,0.6,clay,3.14,0.56,Flood
7.0,80.2,2024-11,502.7,98.4,25.0,12.8,62.8,13.7,sandy,11.1,0.69,Warning
7.025,79.975,2025-03,189.9,98.5,26.7,11.0,18.0,0.9,loam,1.76,0.59,Flood
7.075,80.1,2024-07,327.8,96.7,26.2,16.1,32.2,3.5,clay,3.55,0.6,Warning
6.975,79.875,2023-01,90.4,91.7,25.2,17.9,28.7,5.1,sandy,3.92,0.61,Warning
7.15,79.85,2025-02,34.2,91.7,27.3,17.8,3.2,1.5,clay,15.0,0.37,No Risk
7.1,80.175,2024-07,312.9,96.0,26.0,16.6,146.2,35.3,loam,2.78,0.85,Landslide
6.95,80.15,2023-12,462.6,98.5,25.3,12.0,110.9,14.4,sandy,15.0,0.73,Warning
6.925,80.275,2023-11,648.1,98.2,24.9,9.9,193.9,32.8,loam,15.0,0.83,Landslide
7.025,79.925,2024-02,43.6,91.8,27.6,17.5,7.6,1.0,clay,4.77,0.42,No Risk
7.1,80.05,2025-01,316.0,96.6,25.4,15.2,41.6,6.9,loam,2.22,0.65,Flood
6.975,79.975,2023-12,415.3,98.2,25.8,13.5,17.0,0.8,loam,3.24,0.53,Flood
7.0,80.35,2023-03,204.5,95.8,25.4,9.5,193.9,27.8,loam,15.0,0.82,Landslide
7.1,79.875,2025-04,221.3,95.7,27.0,15.2,24.4,3.5,clay,14.57,0.63,Warning
7.1,80.05,2024-04,218.1,98.3,28.1,12.4,41.6,6.9,loam,2.22,0.62,Flood
7.125,80.1,2023-11,614.3,98.3,25.1,10.3,39.1,1.8,loam,1.24,0.65,Flood
6.975,80.125,2023-10,637.6,97.2,25.2,13.1,37.5,4.8,clay,14.32,0.65,Warning
6.95,80.0,2025-01,322.1,97.8,25.3,12.1,15.8,1.9,clay,7.11,0.57,Warning
7.075,79.925,2024-02,42.1,91.3,27.6,17.8,12.8,1.0,loam,9.19,0.4,No Risk
6.95,80.375,2023-05,325.7,95.2,24.0,11.0,212.6,38.0,loam,15.0,0.8,Landslide
7.025,80.05,2024-02,36.2,93.7,27.7,15.0,34.0,3.7,loam,4.33,0.47,Warning
7.15,79.975,2024-02,23.8,92.3,28.0,16.4,28.4,6.7,clay,11.39,0.4,Warning
6.925,79.9,2023-05,239.6,94.7,27.3,16.9,11.6,0.4,clay,2.78,0.64,Flood
7.025,80.275,2024-11,522.4,98.6,24.6,11.6,190.6,30.0,sandy,11.77,0.79,Landslide
6.975,79.925,2024-09,304.0,93.0,27.0,20.5,14.6,0.6,clay,0.78,0.54,Flood
7.05,80.0,2024-07,313.3,96.2,26.8,17.2,74.6,7.6,clay,2.22,0.68,Warning
7.025,80.1,2024-02,42.5,94.3,27.5,14.1,79.7,8.2,loam,8.25,0.61,No Risk
7.0,79.9,2024-02,42.9,92.0,27.6,17.5,22.7,1.5,clay,4.0,0.5,No Risk
7.1,79.85,2025-02,33.9,91.7,27.3,17.8,19.7,1.6,clay,15.0,0.44,No Risk
7.0,79.925,2024-08,309.0,92.7,26.7,19.6,3.0,2.2,clay,2.29,0.55,Flood
7.125,80.0,2024-03,102.7,95.3,28.4,16.2,61.0,15.4,loam,7.47,0.66,Landslide
6.925,80.25,2025-05,411.5,98.9,25.6,11.3,228.8,33.0,sandy,15.0,0.78,Landslide
7.1,80.225,2024-07,331.9,96.0,26.0,15.4,125.1,18.9,loam,2.77,0.79,Landslide
7.125,80.35,2023-05,213.1,94.9,25.5,14.2,158.1,30.1,loam,9.82,0.74,Landslide
6.95,80.3,2024-10,612.3,95.4,25.3,11.8,238.9,30.8,sandy,15.0,0.81,Landslide
7.15,79.925,2024-05,606.9,97.2,27.4,16.3,12.6,0.5,clay,15.0,0.55,Warning
7.15,79.875,2025-04,221.3,95.7,27.0,15.2,5.4,2.0,loam,15.0,0.58,Warning
7.05,80.25,2025-03,205.2,98.0,26.3,11.1,124.2,29.2,loam,7.85,0.83,Landslide
7.025,80.075,2024-02,36.0,93.9,27.7,15.0,77.9,17.8,loam,6.71,0.55,No Risk
7.05,80.1,2025-03,178.8,97.8,26.2,12.1,43.6,5.2,clay,5.98,0.62,Warning
7.075,80.025,2023-01,136.8,90.5,25.3,15.7,86.0,16.6,loam,2.83,0.74,Landslide
6.925,80.35,2024-07,377.5,95.1,24.9,12.4,196.5,16.3,sandy,15.0,0.82,Landslide
7.1,80.15,2025-01,281.8,97.5,25.1,14.9,109.5,13.6,sandy,4.96,0.8,Warning
7.05,80.1,2024-02,26.8,91.5,27.8,16.4,43.6,5.2,clay,5.98,0.44,No Risk
6.95,80.35,2023-01,222.5,94.5,23.0,9.2,144.3,16.2,loam,15.0,0.77,Landslide
6.975,80.15,2024-09,355.8,97.3,25.9,16.4,94.7,8.2,loam,14.94,0.73,Warning
7.05,80.05,2024-11,474.1,98.9,25.3,13.5,22.4,3.7,loam,3.33,0.62,Flood
7.125,80.025,2025-02,43.2,95.3,27.0,15.7,86.7,12.3,loam,5.71,0.55,No Risk
7.05,80.075,2023-05,233.2,96.7,26.8,14.2,48.9,3.6,loam,4.33,0.66,Warning
6.9,79.85,2024-04,184.9,96.0,28.2,14.4,8.8,0.6,clay,3.14,0.6,Flood
7.1,79.925,2023-10,532.2,98.3,25.4,12.8,4.3,0.6,clay,11.44,0.57,Warning
7.025,80.025,2025-05,323.7,98.0,26.7,15.5,69.5,11.7,loam,2.83,0.71,Warning
6.9,80.175,2023-10,693.8,97.0,25.1,12.6,105.0,17.4,loam,15.0,0.71,Landslide
7.025,79.95,2025-01,349.7,97.2,25.3,13.2,14.2,1.5,clay,2.99,0.59,Flood
6.95,80.15,2023-05,241.1,96.6,26.3,13.2,110.9,14.4,sandy,15.0,0.78,Warning
7.025,80.175,2024-07,355.1,96.4,26.1,14.5,132.6,16.4,loam,8.78,0.81,Landslide
7.05,80.3,2024-02,25.6,94.4,26.7,14.2,128.7,31.4,loam,11.8,0.63,No Risk
7.0,79.975,2024-06,359.3,95.8,26.7,18.1,9.0,0.5,clay,1.67,0.59,Flood
7.125,80.2,2025-04,274.4,97.7,25.9,12.9,92.0,7.0,sandy,2.78,0.72,Warning
6.9,79.85,2024-10,412.6,95.5,26.2,17.1,8.8,0.6,clay,3.14,0.59,Flood
7.1,79.875,2025-02,34.7,91.6,27.3,17.8,24.4,3.5,clay,14.57,0.44,No Risk
7.1,80.325,2023-05,240.2,94.9,26.3,13.0,154.6,24.9,loam,9.82,0.85,Landslide
7.0,80.375,2025-05,347.8,99.0,25.8,11.9,175.5,36.1,sandy,15.0,0.76,Landslide
7.05,80.0,2024-02,26.4,92.3,28.0,16.5,74.6,7.6,clay,2.22,0.57,No Risk
7.05,80.25,2024-02,25.4,94.4,27.5,14.2,124.2,29.2,loam,7.85,0.63,No Risk
6.925,80.075,2023-11,584.2,99.3,25.2,10.6,23.4,3.6,clay,14.15,0.61,Warning
7.1,80.075,2024-09,349.2,97.4,26.3,17.0,92.3,13.0,clay,0.55,0.71,Warning
7.05,79.875,2024-02,41.9,91.4,27.7,17.8,22.2,6.6,clay,9.88,0.45,No Risk
6.95,80.35,2023-11,774.5,97.8,24.0,9.8,144.3,16.2,loam,15.0,0.79,Landslide
6.95,80.325,2024-04,239.7,96.0,27.3,11.6,174.0,30.3,sandy,15.0,0.85,Landslide
6.975,80.35,2023-04,219.8,95.4,25.0,10.6,187.8,28.4,loam,15.0,0.79,Landslide
6.9,80.0,2025-04,246.8,97.8,26.7,12.2,64.3,14.6,loam,11.8,0.68,Warning
7.125,80.125,2024-02,25.7,90.8,27.9,17.2,79.8,17.8,sandy,1.76,0.51,No Risk
7.1,80.05,2024-09,341.6,97.4,26.3,17.1,41.6,6.9,loam,2.22,0.67,Flood
7.075,80.35,2023-09,509.0,96.8,23.8,17.1,222.8,24.9,loam,13.74,0.73,Landslide
7.125,79.975,2023-03,160.5,95.9,26.6,12.5,15.6,2.2,loam,9.71,0.56,Warning
7.05,80.0,2023-05,233.4,96.4,27.0,15.1,74.6,7.6,clay,2.22,0.69,Warning
7.0,79.975,2023-06,368.9,96.8,26.6,17.0,9.0,0.5,clay,1.67,0.56,Flood
7.025,80.05,2025-04,289.0,98.0,26.4,12.4,34.0,3.7,loam,4.33,0.63,Warning
6.9,80.125,2024-01,190.0,97.1,25.6,10.3,76.5,15.5,sandy,15.0,0.73,Landslide
7.125,80.175,2025-05,253.3,97.5,26.1,15.7,116.2,10.0,loam,3.92,0.74,Warning
7.125,79.875,2025-02,34.1,91.7,27.3,17.7,3.0,2.0,clay,15.0,0.33,No Risk
6.925,79.85,2025-01,276.4,94.8,25.6,14.2,24.7,3.2,clay,2.29,0.62,Flood
7.125,80.225,2023-04,145.4,96.2,25.7,12.4,101.5,18.6,clay,0.78,0.71,Landslide
6.975,80.3,2024-12,150.5,98.2,25.0,10.9,228.2,18.0,loam,15.0,0.76,Landslide
6.95,80.275,2023-06,463.6,94.8,25.7,12.1,186.9,15.9,sandy,15.0,0.8,Landslide
7.15,79.9,2025-02,34.6,91.7,27.3,17.9,7.8,0.8,clay,15.0,0.43,No Risk
6.9,79.85,2024-10,420.0,95.5,26.3,16.9,8.8,0.6,clay,3.14,0.59,Flood
7.0,79.95,2024-07,361.1,96.3,26.8,16.6,31.8,5.9,clay,1.11,0.62,Flood
6.9,80.075,2024-02,38.4,96.0,27.3,13.0,48.0,3.8,clay,15.0,0.48,No Risk
6.925,80.15,2023-04,199.7,97.4,26.5,11.4,109.4,14.2,sandy,15.0,0.76,Warning
7.125,80.1,2025-02,35.8,95.1,26.6,15.7,39.1,1.8,loam,1.24,0.48,Warning
7.0,79.925,2025-01,280.6,94.4,25.6,15.3,3.0,2.2,clay,2.29,0.58,Flood
6.95,79.875,2023-09,550.4,95.1,26.0,19.5,39.8,2.5,loam,2.78,0.63,Flood
6.95,79.925,2024-11,356.5,96.3,25.8,15.2,29.7,6.4,clay,2.77,0.59,Flood
7.125,80.0,2024-02,29.4,91.1,28.1,17.1,61.0,15.4,loam,7.47,0.39,No Risk
7.15,80.025,2024-02,29.5,91.2,28.1,17.1,44.0,2.2,loam,8.25,0.46,No Risk
7.1,80.25,2025-02,42.2,96.7,25.9,13.6,182.6,19.8,loam,4.0,0.69,No Risk
7.125,80.15,2024-02,19.5,91.9,27.4,16.4,153.9,18.9,loam,2.99,0.58,No Risk
7.05,79.875,2024-02,42.6,91.3,27.7,17.8,22.2,6.6,clay,9.88,0.45,No Risk
7.1,80.15,2023-11,597.1,98.6,25.2,10.0,109.5,13.6,sandy,4.96,0.74,Warning
6.9,79.975,2025-05,307.3,96.9,27.1,15.7,23.2,3.9,loam,10.01,0.6,Warning
6.925,79.875,2024-01,142.4,94.3,25.9,14.3,16.7,1.3,loam,0.78,0.56,Flood
7.075,79.975,2023-05,233.4,96.4,27.0,15.1,18.3,2.2,loam,5.71,0.6,Warning
7.025,79.95,2024-04,232.2,98.6,28.0,12.9,14.2,1.5,clay,2.99,0.62,Flood
7.125,80.125,2025-01,263.6,97.1,25.1,16.4,79.8,17.8,sandy,1.76,0.71,Landslide
7.025,80.0,2023-09,576.6,96.6,25.6,16.9,75.1,17.7,clay,1.24,0.66,Landslide
7.025,79.95,2023-06,368.9,96.8,26.6,17.0,14.2,1.5,clay,2.99,0.61,Flood
7.125,80.3,2024-02,22.1,92.3,27.0,15.8,121.9,24.6,sandy,5.9,0.56,No Risk
7.15,79.975,2023-05,248.7,96.1,27.0,15.3,28.4,6.7,clay,11.39,0.58,Warning
7.075,80.375,2024-02,36.6,96.1,23.4,11.0,115.1,6.0,sandy,15.0,0.59,No Risk
7.1,80.05,2025-01,323.5,96.7,25.4,14.7,41.6,6.9,loam,2.22,0.65,Flood
7.075,80.025,2023-11,557.1,99.3,25.4,10.0,86.0,16.6,loam,2.83,0.67,Landslide
7.025,80.025,2023-11,565.1,99.4,25.3,10.0,69.5,11.7,loam,2.83,0.64,Warning
6.9,79.85,2024-07,316.0,93.6,27.2,19.0,8.8,0.6,clay,3.14,0.62,Flood
7.025,80.275,2023-09,709.1,95.5,24.7,15.8,190.6,30.0,sandy,11.77,0.76,Landslide
7.1,80.0,2024-02,26.7,92.3,27.9,16.2,72.7,8.6,loam,5.98,0.57,No Risk
7.05,80.075,2023-08,119.1,96.0,26.6,17.1,48.9,3.6,loam,4.33,0.65,Warning
7.025,80.225,2023-04,163.6,96.7,26.5,11.1,137.7,19.0,sandy,8.78,0.8,Landslide
7.075,80.25,2024-02,25.9,94.3,27.5,14.2,117.6,18.7,sandy,6.21,0.52,No Risk
6.975,80.05,2025-05,323.7,98.0,26.7,15.5,76.5,13.7,loam,8.33,0.71,Warning
6.95,79.9,2024-11,354.2,96.4,25.8,15.1,20.5,4.8,loam,0.0,0.63,Flood
7.075,80.3,2024-03,87.6,95.2,27.6,14.9,99.1,6.7,loam,9.88,0.74,Warning
7.125,80.375,2023-05,213.1,94.9,25.5,14.2,175.1,24.7,sandy,11.88,0.8,Landslide
7.125,79.9,2024-12,112.9,95.0,26.2,15.2,29.0,5.3,clay,15.0,0.62,Warning
6.975,80.0,2024-02,32.4,93.6,27.9,15.6,74.9,18.6,loam,5.12,0.54,No Risk
7.1,80.325,2024-04,194.8,97.1,27.6,11.2,154.6,24.9,loam,9.82,0.8,Landslide
7.0,80.325,2023-10,660.6,97.3,24.0,11.6,237.4,27.0,sandy,15.0,0.81,Landslide
6.9,80.0,2023-09,573.5,96.9,25.5,16.9,64.3,14.6,loam,11.8,0.63,Warning
7.025,80.225,2024-06,470.1,95.8,26.0,16.1,137.7,19.0,sandy,8.78,0.8,Landslide
7.15,79.875,2024-02,26.5,90.6,27.8,18.2,5.4,2.0,loam,15.0,0.32,No Risk
6.95,80.3,2024-03,95.3,93.0,27.9,14.6,238.9,30.8,sandy,15.0,0.8,Landslide
7.0,79.95,2023-04,180.2,97.6,26.8,12.2,31.8,5.9,clay,1.11,0.62,Flood
7.075,80.05,2023-03,186.9,97.2,26.5,11.5,38.7,7.9,clay,0.55,0.67,Flood
7.075,80.225,2023-12,438.8,98.2,24.5,11.6,87.8,9.6,sandy,3.92,0.67,Warning
7.1,80.325,2024-02,25.4,94.4,27.0,14.2,154.6,24.9,loam,9.82,0.59,No Risk
6.9,79.85,2023-05,235.4,94.9,27.4,17.0,8.8,0.6,clay,3.14,0.54,Flood
6.95,80.3,2023-03,198.0,95.8,25.5,9.9,238.9,30.8,sandy,15.0,0.83,Landslide
6.975,80.275,2024-11,522.4,98.6,24.6,11.6,191.4,27.2,loam,15.0,0.82,Landslide
7.1,80.175,2023-02,73.0,95.4,25.4,13.6,146.2,35.3,loam,2.78,0.71,Landslide
7.125,80.375,2024-02,26.2,91.8,26.4,16.0,175.1,24.7,sandy,11.88,0.58,No Risk
7.15,79.9,2024-09,257.0,92.4,27.1,20.9,7.8,0.8,clay,15.0,0.62,Warning
6.975,79.875,2025-02,47.3,92.0,27.4,15.4,28.7,5.1,sandy,3.92,0.45,Warning
7.1,80.025,2024-02,28.8,91.3,28.1,16.9,59.1,4.2,loam,3.55,0.49,No Risk
7.0,79.975,2024-09,369.9,96.3,26.6,17.8,9.0,0.5,clay,1.67,0.56,Flood
6.925,79.9,2023-06,374.1,94.6,27.0,19.7,11.6,0.4,clay,2.78,0.6,Flood
7.15,79.925,2024-08,268.0,95.6,26.4,17.3,12.6,0.5,clay,15.0,0.63,Warning
7.075,80.275,2025-05,303.7,98.0,25.6,13.5,201.6,18.5,loam,7.89,0.78,Landslide
7.1,79.85,2024-02,26.1,90.5,27.8,17.9,19.7,1.6,clay,15.0,0.35,No Risk
7.075,80.0,2023-11,509.4,99.5,25.4,9.8,89.4,13.9,loam,3.55,0.79,Warning
6.925,80.275,2025-05,411.5,98.9,25.6,11.3,193.9,32.8,loam,15.0,0.84,Landslide
6.925,80.325,2025-01,322.2,98.7,23.5,8.4,210.0,18.2,sandy,15.0,0.81,Landslide
7.125,80.325,2024-07,323.5,94.4,26.4,15.9,114.8,10.7,loam,8.19,0.77,Warning
6.95,79.875,2024-09,310.4,92.9,27.0,20.0,39.8,2.5,loam,2.78,0.63,Flood
7.15,79.9,2024-10,427.8,95.3,26.3,16.8,7.8,0.8,clay,15.0,0.54,Warning
7.075,80.0,2024-02,26.3,92.6,28.0,16.1,89.4,13.9,loam,3.55,0.55,No Risk
7.075,80.125,2023-12,434.2,97.2,25.5,13.6,86.3,10.8,sandy,5.27,0.77,Warning
7.125,79.9,2023-09,519.6,94.7,26.0,20.5,29.0,5.3,clay,15.0,0.6,Warning
6.975,79.975,2025-04,232.8,97.7,26.9,12.5,17.0,0.8,loam,3.24,0.62,Flood
7.15,80.0,2024-02,29.2,91.1,28.1,17.3,84.9,11.8,sandy,9.55,0.54,No Risk
6.95,80.0,2023-06,421.5,96.8,26.4,16.7,15.8,1.9,clay,7.11,0.56,Warning
7.1,80.1,2024-05,687.7,97.4,26.8,16.0,75.3,10.7,loam,2.22,0.7,Warning
7.125,80.1,2023-09,529.3,96.9,25.0,18.1,39.1,1.8,loam,1.24,0.65,Flood
7.125,79.875,2025-02,34.0,91.8,27.3,17.8,3.0,2.0,clay,15.0,0.33,No Risk
7.075,80.275,2023-04,188.3,96.8,26.0,11.5,201.6,18.5,loam,7.89,0.75,Landslide
7.05,80.1,2024-02,26.9,91.4,27.7,16.4,43.6,5.2,clay,5.98,0.44,No Risk
6.95,80.15,2024-09,363.1,97.4,25.7,16.7,110.9,14.4,sandy,15.0,0.76,Warning
6.975,80.025,2024-12,186.0,97.9,25.7,12.3,70.2,12.1,sandy,6.33,0.7,Warning
7.075,79.9,2024-01,130.5,93.1,26.0,15.6,28.5,5.2,clay,10.66,0.64,Warning
7.05,80.375,2024-09,287.0,97.5,20.4,14.2,212.7,17.2,sandy,15.0,0.84,Landslide
7.1,80.0,2024-02,26.7,92.2,28.0,16.2,72.7,8.6,loam,5.98,0.57,No Risk
7.1,80.25,2024-07,370.1,94.3,25.9,15.8,182.6,19.8,loam,4.0,0.78,Landslide
7.05,80.3,2025-05,303.7,98.0,25.6,13.5,128.7,31.4,loam,11.8,0.8,Landslide
6.925,79.925,2023-05,238.3,94.7,27.3,17.0,31.7,5.7,loam,3.92,0.65,Warning
7.05,80.3,2023-08,132.2,93.3,26.0,16.3,128.7,31.4,loam,11.8,0.8,Landslide
6.975,79.9,2023-11,447.1,97.6,25.6,12.0,18.4,0.3,clay,2.77,0.63,Flood
6.975,79.85,2024-11,382.9,96.9,25.8,15.2,9.5,0.5,clay,6.21,0.55,Warning
7.025,80.35,2024-12,148.9,98.3,24.0,10.6,168.9,24.2,sandy,15.0,0.82,Landslide
7.025,80.3,2025-01,364.8,99.2,24.6,9.6,203.1,17.9,loam,13.87,0.81,Landslide
6.975,80.125,2025-05,326.0,98.4,26.2,15.3,37.5,4.8,clay,14.32,0.61,Warning
7.025,79.95,2023-05,236.4,96.6,27.0,14.6,14.2,1.5,clay,2.99,0.56,Flood
6.925,80.25,2023-09,806.9,94.8,24.8,15.1,228.8,33.0,sandy,15.0,0.79,Landslide
6.925,80.2,2024-02,38.8,96.0,27.1,12.6,95.2,12.3,loam,15.0,0.58,No Risk
7.1,80.15,2025-05,307.2,98.5,26.2,15.7,109.5,13.6,sandy,4.96,0.76,Warning
7.0,80.225,2023-12,464.8,98.1,25.3,11.7,93.3,10.0,sandy,11.44,0.69,Warning
6.975,80.25,2024-05,878.4,96.9,26.4,13.9,209.1,35.5,loam,14.94,0.81,Landslide
6.925,80.3,2025-02,51.8,97.0,25.9,12.1,197.1,18.5,loam,15.0,0.6,Warning
6.975,79.925,2023-07,214.2,92.8,26.9,21.3,14.6,0.6,clay,0.78,0.6,Flood
6.9,80.0,2024-08,369.5,96.2,26.3,16.6,64.3,14.6,loam,11.8,0.65,Warning
7.1,80.275,2024-03,87.6,95.2,28.4,14.9,138.0,32.2,loam,6.0,0.76,Landslide
7.0,80.15,2023-02,120.6,97.0,25.4,12.3,147.0,20.3,sandy,12.41,0.83,Landslide
6.9,80.325,2025-04,349.6,98.9,24.5,10.8,190.9,31.7,sandy,15.0,0.79,Landslide
7.1,80.2,2024-04,194.2,96.6,27.7,12.5,88.8,13.2,loam,0.0,0.76,Warning
6.925,79.95,2024-06,368.9,96.0,26.7,18.3,7.2,0.3,clay,6.21,0.58,Warning
6.975,80.25,2024-06,451.6,95.4,25.7,15.3,209.1,35.5,loam,14.94,0.81,Landslide
6.95,80.0,2025-05,307.3,96.9,27.1,15.7,15.8,1.9,clay,7.11,0.56,Warning
6.95,80.325,2024-08,484.2,94.0,25.3,14.1,174.0,30.3,sandy,15.0,0.82,Landslide
6.95,80.325,2024-02,42.4,94.3,26.3,12.2,174.0,30.3,sandy,15.0,0.57,No Risk
7.05,80.225,2023-12,416.7,97.7,25.3,12.9,90.0,17.9,sandy,6.21,0.75,Landslide
7.025,80.3,2025-05,375.1,98.9,25.6,12.2,203.1,17.9,loam,13.87,0.78,Landslide
7.075,79.95,2024-07,313.3,96.2,26.8,17.2,17.2,0.3,loam,7.55,0.63,Warning
6.975,79.925,2023-05,227.6,96.0,27.3,17.5,14.6,0.6,clay,0.78,0.56,Flood
6.975,79.975,2024-01,172.3,95.5,26.0,12.8,17.0,0.8,loam,3.24,0.59,Flood
7.1,80.05,2024-08,251.4,96.5,26.2,16.4,41.6,6.9,loam,2.22,0.64,Flood
7.075,80.225,2024-03,87.6,95.2,27.1,14.9,87.8,9.6,sandy,3.92,0.67,Warning
6.975,79.975,2024-03,111.6,96.8,28.1,15.0,17.0,0.8,loam,3.24,0.58,Flood
7.075,80.075,2025-04,257.3,98.1,26.5,12.6,71.6,10.1,clay,2.83,0.67,Warning
6.95,80.375,2023-12,546.1,96.5,23.1,10.2,212.6,38.0,loam,15.0,0.79,Landslide
6.925,79.85,2024-06,346.3,93.5,27.0,21.5,24.7,3.2,clay,2.29,0.58,Flood
7.025,80.25,2023-06,395.4,94.7,25.6,12.7,95.1,18.9,sandy,10.01,0.7,Landslide
6.975,80.25,2023-02,122.7,96.2,25.0,10.9,209.1,35.5,loam,14.94,0.79,Landslide
6.95,79.975,2025-03,189.7,98.4,26.7,10.4,33.0,1.8,clay,5.79,0.62,Warning
6.9,80.125,2024-12,173.2,98.2,25.3,12.4,76.5,15.5,sandy,15.0,0.68,Landslide
7.1,79.85,2024-12,112.9,95.0,26.2,15.2,19.7,1.6,clay,15.0,0.58,Warning
7.0,80.35,2023-05,284.0,95.5,26.2,11.3,193.9,27.8,loam,15.0,0.8,Landslide
6.975,80.375,2023-05,279.1,96.9,21.8,10.8,153.1,24.6,sandy,15.0,0.79,Landslide
6.925,79.925,2023-03,141.2,95.9,26.4,13.1,31.7,5.7,loam,3.92,0.63,Warning
7.075,79.925,2025-01,269.5,94.8,25.5,16.5,12.8,1.0,loam,9.19,0.58,Warning
6.925,80.125,2024-08,359.2,96.3,25.7,16.3,34.1,5.4,loam,15.0,0.56,Warning
6.95,79.875,2024-06,351.0,93.4,27.1,21.1,39.8,2.5,loam,2.78,0.65,Flood
7.1,80.125,2024-09,350.6,97.6,25.9,16.8,71.0,11.4,loam,2.78,0.76,Warning
6.925,80.2,2024-02,39.2,96.1,27.1,12.9,95.2,12.3,loam,15.0,0.58,No Risk
7.025,80.125,2023-08,141.7,95.8,26.3,17.0,60.4,12.0,clay,9.71,0.66,Warning
7.125,80.225,2025-02,43.3,96.6,25.1,13.5,101.5,18.6,clay,0.78,0.59,No Risk
6.95,80.3,2024-02,42.4,94.4,26.6,12.3,238.9,30.8,sandy,15.0,0.67,No Risk
7.05,79.925,2025-02,46.2,92.1,27.2,16.5,35.5,6.6,clay,6.77,0.47,Warning
6.95,79.85,2024-12,130.0,94.2,26.7,13.7,17.7,1.4,clay,4.0,0.58,Warning
7.1,80.025,2025-02,43.3,95.3,27.0,15.8,59.1,4.2,loam,3.55,0.49,No Risk
6.95,79.9,2024-03,79.9,94.9,28.1,16.7,20.5,4.8,loam,0.0,0.55,Warning
6.925,79.85,2024-11,354.2,96.4,25.8,15.1,24.7,3.2,clay,2.29,0.59,Flood
7.125,79.95,2025-05,256.8,97.1,27.3,17.7,22.8,6.1,loam,11.39,0.58,Warning
6.95,80.025,2024-02,38.5,96.1,27.3,13.1,88.4,10.8,loam,8.69,0.58,No Risk
7.05,80.05,2024-12,148.9,97.9,25.7,12.5,22.4,3.7,loam,3.33,0.56,Flood
7.125,80.125,2024-02,25.2,90.9,27.9,17.1,79.8,17.8,sandy,1.76,0.51,No Risk
6.9,79.85,2024-08,336.5,92.9,26.7,19.2,8.8,0.6,clay,3.14,0.51,Flood
7.1,79.875,2024-10,427.8,95.3,26.3,16.8,24.4,3.5,clay,14.57,0.64,Warning
6.975,80.175,2025-01,339.0,98.4,24.9,10.6,78.0,16.1,sandy,14.15,0.71,Landslide
6.975,80.0,2024-02,32.9,93.3,27.7,15.4,74.9,18.6,loam,5.12,0.54,No Risk
6.975,80.05,2024-02,36.2,93.6,27.6,14.9,76.5,13.7,loam,8.33,0.55,No Risk
6.925,80.225,2024-01,185.4,96.9,25.6,10.1,132.0,36.4,loam,15.0,0.81,Landslide
6.975,80.375,2023-02,146.3,95.0,20.3,9.2,153.1,24.6,sandy,15.0,0.79,Landslide
6.95,79.9,2025-05,272.9,94.0,27.9,18.0,20.5,4.8,loam,0.0,0.6,Flood
7.1,80.075,2023-10,618.4,98.1,25.4,12.5,92.3,13.0,clay,0.55,0.77,Warning
7.025,79.85,2023-09,545.4,95.2,26.1,19.9,24.8,3.0,clay,10.01,0.57,Warning
7.125,79.85,2023-10,431.7,96.5,25.6,14.7,6.1,0.5,clay,15.0,0.57,Warning
7.0,79.95,2023-08,155.8,95.7,26.7,17.7,31.8,5.9,clay,1.11,0.6,Flood
7.1,80.375,2023-05,236.2,95.5,26.2,12.4,126.9,33.0,sandy,13.74,0.81,Landslide
7.075,80.05,2024-09,334.8,97.3,26.3,17.1,38.7,7.9,clay,0.55,0.63,Flood
6.975,79.95,2023-12,434.7,98.2,25.7,14.0,19.8,1.1,clay,2.29,0.62,Flood
6.9,79.9,2023-10,564.4,96.6,25.6,14.8,18.9,1.4,clay,4.0,0.61,Warning
6.95,79.9,2023-11,471.9,97.4,25.5,12.1,20.5,4.8,loam,0.0,0.58,Flood
6.9,79.875,2023-12,410.4,96.3,25.9,14.8,17.2,0.3,clay,2.29,0.6,Flood
6.975,80.15,2023-08,141.7,95.8,26.3,17.0,94.7,8.2,loam,14.94,0.8,Warning
7.075,80.05,2023-05,241.7,96.7,26.8,14.2,38.7,7.9,clay,0.55,0.63,Flood
7.125,80.325,2024-10,365.7,96.2,25.6,13.8,114.8,10.7,loam,8.19,0.83,Warning
7.075,80.0,2024-02,26.6,92.2,27.9,16.2,89.4,13.9,loam,3.55,0.55,No Risk
7.075,80.225,2024-04,194.8,97.1,26.9,11.2,87.8,9.6,sandy,3.92,0.72,Warning
7.1,80.025,2024-04,210.0,98.4,28.1,12.8,59.1,4.2,loam,3.55,0.67,Warning
6.9,79.85,2024-05,672.8,95.1,27.8,20.3,8.8,0.6,clay,3.14,0.56,Flood
7.025,80.05,2025-02,69.5,96.2,26.6,14.2,34.0,3.7,loam,4.33,0.52,Warning
6.975,80.225,2024-07,355.1,96.4,26.1,14.5,118.1,16.4,sandy,14.15,0.85,Landslide
7.125,80.25,2024-09,275.1,95.2,24.7,16.4,183.4,27.4,sandy,2.29,0.8,Landslide
7.025,79.95,2024-10,438.9,97.3,25.9,14.3,14.2,1.5,clay,2.99,0.6,Flood
6.975,80.35,2024-07,352.7,95.2,24.9,12.9,187.8,28.4,loam,15.0,0.79,Landslide
7.0,79.975,2025-03,189.9,98.5,26.7,11.0,9.0,0.5,clay,1.67,0.61,Flood
7.125,80.025,2023-04,195.4,97.9,27.0,12.1,86.7,12.3,loam,5.71,0.74,Warning
7.0,80.0,2024-02,32.2,93.3,28.0,15.8,74.6,6.2,clay,2.48,0.54,No Risk
6.975,79.925,2023-08,127.6,92.9,27.0,20.0,14.6,0.6,clay,0.78,0.58,Flood
6.925,80.275,2024-01,224.1,96.2,25.4,10.2,193.9,32.8,loam,15.0,0.81,Landslide
6.95,80.175,2024-02,39.7,96.3,27.1,12.7,117.2,19.0,loam,15.0,0.61,No Risk
7.125,80.25,2024-02,22.1,92.3,26.2,15.8,183.4,27.4,sandy,2.29,0.65,No Risk
7.025,79.975,2023-04,176.2,97.6,26.9,12.2,18.0,0.9,loam,1.76,0.62,Flood
6.9,80.15,2024-02,39.2,96.6,27.1,12.7,132.2,24.6,loam,15.0,0.7,No Risk
7.075,80.075,2023-02,120.8,95.4,25.9,13.2,71.6,10.1,clay,2.83,0.72,Warning
7.1,80.175,2024-02,19.3,91.9,27.4,16.4,146.2,35.3,loam,2.78,0.62,No Risk
7.125,79.85,2024-02,26.6,90.4,27.8,18.1,6.1,0.5,clay,15.0,0.37,No Risk
7.15,79.95,2023-12,360.2,97.2,25.9,14.8,35.5,5.1,loam,13.55,0.63,Warning
7.025,80.35,2024-08,387.9,95.2,24.6,14.5,168.9,24.2,sandy,15.0,0.82,Landslide
6.975,80.1,2024-05,821.3,97.1,26.8,15.8,59.2,7.7,sandy,12.17,0.7,Warning
7.075,80.375,2023-01,132.4,94.6,20.9,9.9,115.1,6.0,sandy,15.0,0.82,Warning
6.975,80.2,2023-12,464.8,98.1,25.3,11.7,118.9,8.0,sandy,13.88,0.81,Warning
7.1,80.1,2023-01,126.6,90.0,24.9,17.2,75.3,10.7,loam,2.22,0.67,Warning
7.15,79.85,2024-03,57.0,94.3,28.0,16.4,3.2,1.5,clay,15.0,0.46,Warning
6.925,79.85,2025-01,266.9,95.0,25.6,14.1,24.7,3.2,clay,2.29,0.62,Flood
7.05,79.925,2024-02,42.3,91.3,27.6,17.9,35.5,6.6,clay,6.77,0.51,No Risk
7.05,80.05,2025-05,299.7,97.8,26.8,15.9,22.4,3.7,loam,3.33,0.57,Flood
6.975,79.875,2025-01,278.2,94.5,25.6,15.2,28.7,5.1,sandy,3.92,0.58,Warning
7.125,79.9,2025-02,34.3,91.9,27.3,17.9,29.0,5.3,clay,15.0,0.4,No Risk
7.075,80.125,2024-02,27.0,91.5,27.7,16.4,86.3,10.8,sandy,5.27,0.54,No Risk
7.075,80.025,2024-02,27.7,91.5,28.2,16.7,86.0,16.6,loam,2.83,0.52,No Risk
7.05,80.3,2024-04,194.8,97.1,27.4,11.2,128.7,31.4,loam,11.8,0.84,Landslide
6.9,80.2,2024-06,426.5,95.8,26.1,15.7,74.7,8.5,sandy,15.0,0.68,Warning
6.9,80.075,2024-08,340.6,97.0,26.0,16.4,48.0,3.8,clay,15.0,0.64,Warning
6.95,80.375,2024-08,484.0,95.1,23.4,14.1,212.6,38.0,loam,15.0,0.78,Landslide
6.9,80.35,2024-04,341.0,95.2,26.3,9.5,121.1,24.6,loam,15.0,0.75,Landslide
7.1,80.175,2025-02,42.3,96.2,26.2,14.5,146.2,35.3,loam,2.78,0.65,No Risk
7.05,79.925,2023-03,117.5,95.7,26.5,13.8,35.5,6.6,clay,6.77,0.65,Warning
7.1,80.325,2023-07,363.1,94.3,25.7,15.0,154.6,24.9,loam,9.82,0.8,Landslide
7.125,79.875,2023-08,105.1,92.4,27.0,19.9,3.0,2.0,clay,15.0,0.53,Warning
7.025,80.2,2024-11,502.7,98.4,24.2,12.8,123.8,29.9,sandy,8.32,0.83,Landslide
6.925,80.0,2025-04,246.8,97.8,26.7,12.2,60.1,18.3,loam,9.44,0.7,Landslide
7.075,79.95,2024-03,83.2,96.9,28.2,15.1,17.2,0.3,loam,7.55,0.6,Warning
7.15,79.9,2023-10,431.7,96.5,25.6,14.7,7.8,0.8,clay,15.0,0.56,Warning
6.9,79.95,2025-02,76.5,96.2,27.1,12.8,23.8,4.0,clay,7.85,0.51,Warning
7.0,79.875,2024-05,607.9,95.2,27.8,19.9,36.2,4.8,loam,6.21,0.64,Warning
6.95,79.925,2024-03,79.9,94.9,28.1,16.7,29.7,6.4,clay,2.77,0.56,Warning
7.025,80.25,2024-09,383.8,95.3,25.5,13.8,95.1,18.9,sandy,10.01,0.75,Landslide
7.125,80.0,2025-02,43.5,95.0,27.0,15.7,61.0,15.4,loam,7.47,0.56,No Risk
6.925,80.1,2024-02,39.7,96.4,27.1,12.8,54.2,8.0,loam,15.0,0.53,No Risk
7.075,80.075,2024-03,112.6,95.8,28.3,15.7,71.6,10.1,clay,2.83,0.64,Warning
7.025,80.375,2023-10,660.6,97.3,24.0,11.6,119.5,13.0,loam,15.0,0.77,Warning
6.925,80.275,2023-08,190.3,93.5,26.1,14.4,193.9,32.8,loam,15.0,0.81,Landslide
6.975,80.125,2025-01,350.2,98.2,25.0,12.7,37.5,4.8,clay,14.32,0.63,Warning
6.95,80.3,2024-02,42.7,94.4,26.6,12.1,238.9,30.8,sandy,15.0,0.67,No Risk
6.95,80.275,2024-07,404.4,95.2,25.9,12.7,186.9,15.9,sandy,15.0,0.79,Landslide
7.05,79.925,2024-12,129.1,95.1,26.2,14.6,35.5,6.6,clay,6.77,0.58,Warning
7.05,80.05,2025-03,190.1,98.2,26.4,11.9,22.4,3.7,loam,3.33,0.64,Flood
7.075,80.0,2023-07,254.6,95.5,26.6,18.0,89.4,13.9,loam,3.55,0.75,Warning
6.9,80.225,2025-01,290.5,99.0,24.8,9.7,111.9,8.1,sandy,15.0,0.73,Warning
7.125,80.15,2025-02,41.8,96.0,26.1,14.5,153.9,18.9,loam,2.99,0.7,No Risk
7.125,80.05,2025-02,43.3,95.6,27.0,15.5,50.3,6.3,loam,4.33,0.5,No Risk
6.925,80.1,2024-09,363.1,97.4,25.7,16.7,54.2,8.0,loam,15.0,0.65,Warning
7.025,80.275,2024-06,451.6,95.4,25.7,15.3,190.6,30.0,sandy,11.77,0.81,Landslide
6.95,79.9,2023-03,141.2,95.9,26.4,13.1,20.5,4.8,loam,0.0,0.54,Flood
7.075,79.975,2024-06,352.7,95.8,26.8,18.3,18.3,2.2,loam,5.71,0.61,Warning
7.125,80.0,2023-10,597.0,98.2,25.3,12.8,61.0,15.4,loam,7.47,0.67,Landslide
7.125,80.0,2024-07,329.9,96.7,26.5,16.8,61.0,15.4,loam,7.47,0.75,Landslide
7.125,80.1,2023-09,538.1,97.0,25.0,18.0,39.1,1.8,loam,1.24,0.65,Flood
6.9,80.225,2023-07,357.0,96.4,25.7,15.3,111.9,8.1,sandy,15.0,0.75,Warning
6.95,80.125,2023-08,155.9,96.5,26.2,17.3,28.9,5.4,clay,15.0,0.58,Warning
6.975,80.125,2023-06,329.5,97.1,25.9,14.6,37.5,4.8,clay,14.32,0.63,Warning
6.925,79.85,2023-02,67.3,95.1,25.6,15.8,24.7,3.2,clay,2.29,0.51,Warning
7.1,80.025,2025-02,43.1,95.4,27.0,15.7,59.1,4.2,loam,3.55,0.49,No Risk
7.05,79.85,2023-03,117.5,95.7,26.6,13.8,7.3,1.1,clay,11.8,0.57,Warning
7.1,80.225,2024-02,33.9,93.6,27.2,15.5,125.1,18.9,loam,2.77,0.68,No Risk
7.125,80.175,2025-02,41.8,96.0,26.1,14.5,116.2,10.0,loam,3.92,0.59,No Risk
6.95,79.875,2023-10,549.1,96.7,25.6,15.0,39.8,2.5,loam,2.78,0.62,Flood
7.125,80.125,2025-02,35.9,95.3,26.6,15.8,79.8,17.8,sandy,1.76,0.56,No Risk
6.95,79.925,2025-05,282.9,94.2,27.7,18.3,29.7,6.4,clay,2.77,0.64,Flood
6.975,79.875,2024-04,173.6,96.4,28.2,14.5,28.7,5.1,sandy,3.92,0.6,Warning
6.925,80.2,2025-03,132.8,98.8,26.0,11.4,95.2,12.3,loam,15.0,0.7,Warning
6.9,79.975,2023-11,541.1,99.5,25.3,10.6,23.2,3.9,loam,10.01,0.61,Warning
6.975,80.175,2023-05,234.3,95.5,26.4,12.5,78.0,16.1,sandy,14.15,0.73,Landslide
7.125,80.1,2024-07,310.4,96.6,26.1,16.9,39.1,1.8,loam,1.24,0.63,Flood
7.075,79.925,2025-02,46.2,92.1,27.2,16.5,12.8,1.0,loam,9.19,0.46,Warning
6.925,80.225,2024-05,800.1,96.8,26.8,14.9,132.0,36.4,loam,15.0,0.8,Landslide
7.125,80.1,2024-06,334.7,96.7,26.1,18.3,39.1,1.8,loam,1.24,0.61,Flood
7.0,80.175,2023-12,464.8,98.1,24.6,11.7,74.0,13.3,sandy,11.44,0.65,Warning
6.925,79.9,2025-04,177.0,95.0,27.4,13.3,11.6,0.4,clay,2.78,0.57,Flood
7.05,80.325,2023-06,327.3,95.0,25.6,13.8,217.1,18.9,sandy,13.79,0.82,Landslide
6.925,80.1,2023-03,180.9,98.2,25.7,9.9,54.2,8.0,loam,15.0,0.66,Warning
7.0,80.15,2023-10,637.6,97.2,25.2,13.1,147.0,20.3,sandy,12.41,0.77,Landslide
6.925,79.9,2024-09,318.2,92.9,27.0,20.0,11.6,0.4,clay,2.78,0.58,Flood
6.925,80.05,2025-02,69.4,97.1,26.3,13.4,82.3,7.8,loam,12.47,0.67,Warning
7.025,79.875,2025-05,278.6,94.1,27.8,19.2,22.2,5.8,clay,7.89,0.57,Warning
6.975,80.2,2023-07,344.0,95.8,25.7,15.3,118.9,8.0,sandy,13.88,0.83,Warning
7.075,80.225,2024-02,25.4,94.4,26.2,14.1,87.8,9.6,sandy,3.92,0.57,No Risk
7.15,79.975,2023-02,112.1,94.2,25.8,14.0,28.4,6.7,clay,11.39,0.57,Warning
7.075,80.05,2024-11,468.3,98.9,25.3,13.2,38.7,7.9,clay,0.55,0.65,Flood
7.075,80.325,2024-10,438.3,96.6,24.2,12.5,99.7,18.4,sandy,11.88,0.79,Landslide
7.05,80.1,2024-07,327.8,96.7,26.2,16.1,43.6,5.2,clay,5.98,0.64,Warning
6.9,80.125,2024-02,39.5,96.4,27.0,12.7,76.5,15.5,sandy,15.0,0.62,No Risk
6.95,80.225,2023-05,254.9,95.5,26.4,12.5,67.0,14.3,loam,15.0,0.67,Warning
6.95,80.2,2024-05,800.1,96.8,26.8,14.9,66.3,6.2,loam,15.0,0.62,Warning
6.95,80.25,2024-02,42.4,94.3,26.0,12.2,182.1,27.5,sandy,15.0,0.67,No Risk
7.0,80.0,2024-02,31.6,93.6,27.7,15.5,74.6,6.2,clay,2.48,0.54,No Risk
7.125,80.375,2025-02,27.6,96.5,25.2,13.1,175.1,24.7,sandy,11.88,0.64,No Risk
7.125,80.1,2024-07,308.4,96.7,26.1,16.6,39.1,1.8,loam,1.24,0.63,Flood
7.05,79.85,2023-04,122.3,96.6,27.2,13.7,7.3,1.1,clay,11.8,0.58,Warning
7.025,79.975,2024-02,32.2,93.4,27.8,15.5,18.0,0.9,loam,1.76,0.41,Warning
7.0,80.0,2024-02,32.9,93.4,27.8,15.5,74.6,6.2,clay,2.48,0.54,No Risk
6.925,80.125,2025-05,317.5,98.8,26.0,15.3,34.1,5.4,loam,15.0,0.65,Warning
6.95,80.3,2024-12,177.7,98.1,25.0,11.0,238.9,30.8,sandy,15.0,0.83,Landslide
7.075,79.925,2024-07,271.7,93.5,27.1,20.0,12.8,1.0,loam,9.19,0.61,Warning
6.9,80.35,2023-08,188.7,93.9,24.9,13.8,121.1,24.6,loam,15.0,0.79,Landslide
6.95,80.025,2024-02,38.3,96.1,27.3,13.1,88.4,10.8,loam,8.69,0.58,No Risk
7.075,80.375,2023-03,176.6,97.3,22.4,8.5,115.1,6.0,sandy,15.0,0.81,Warning
7.025,79.95,2024-03,116.4,96.7,28.1,15.1,14.2,1.5,clay,2.99,0.59,Flood
7.1,80.05,2024-10,420.7,97.4,25.7,13.5,41.6,6.9,loam,2.22,0.63,Flood
7.125,80.175,2025-02,41.4,95.9,26.1,14.6,116.2,10.0,loam,3.92,0.59,No Risk
7.1,80.325,2024-02,25.7,94.3,27.0,14.2,154.6,24.9,loam,9.82,0.59,No Risk
7.1,80.175,2023-03,147.9,95.8,26.2,12.9,146.2,35.3,loam,2.78,0.77,Landslide
7.025,79.95,2025-05,281.2,96.8,27.2,15.6,14.2,1.5,clay,2.99,0.57,Flood
7.1,80.05,2023-03,174.2,97.2,26.5,11.5,41.6,6.9,loam,2.22,0.65,Flood
7.1,80.2,2023-05,221.1,95.4,26.4,13.2,88.8,13.2,loam,0.0,0.76,Warning
7.125,79.85,2025-02,34.1,91.7,27.3,17.9,6.1,0.5,clay,15.0,0.45,No Risk
7.1,80.225,2024-03,71.0,94.7,28.0,16.1,125.1,18.9,loam,2.77,0.74,Warning
7.025,80.15,2024-08,330.6,95.8,25.9,16.1,108.4,8.3,loam,10.01,0.75,Warning
6.95,79.95,2023-04,213.5,97.7,26.8,11.7,10.8,0.5,clay,4.0,0.55,Warning
6.9,80.075,2023-04,197.0,98.1,26.5,11.0,48.0,3.8,clay,15.0,0.63,Warning
7.025,80.15,2023-10,637.6,97.2,25.2,13.1,108.4,8.3,loam,10.01,0.72,Warning
7.15,80.0,2024-03,102.7,95.3,28.4,16.2,84.9,11.8,sandy,9.55,0.74,Warning
7.0,80.275,2025-01,364.8,99.2,24.6,9.6,241.0,35.6,sandy,13.88,0.8,Landslide
7.075,80.325,2023-09,509.0,96.8,23.8,17.1,99.7,18.4,sandy,11.88,0.78,Landslide
7.0,79.95,2023-01,116.1,91.7,25.2,15.1,31.8,5.9,clay,1.11,0.57,Flood
7.05,79.875,2023-08,109.1,92.5,27.0,19.9,22.2,6.6,clay,9.88,0.56,Warning
7.0,80.0,2024-02,32.1,93.4,27.8,15.4,74.6,6.2,clay,2.48,0.54,No Risk
6.975,80.25,2024-11,522.4,98.6,24.6,11.6,209.1,35.5,loam,14.94,0.81,Landslide
7.125,80.1,2023-03,162.4,95.4,26.4,12.9,39.1,1.8,loam,1.24,0.61,Flood
7.025,80.275,2025-05,375.1,98.9,25.6,12.2,190.6,30.0,sandy,11.77,0.81,Landslide
6.9,80.05,2024-03,128.0,97.2,27.9,14.9,22.1,5.5,clay,14.89,0.61,Warning
6.95,80.1,2025-05,317.5,98.8,26.0,15.3,68.6,15.4,clay,14.21,0.67,Landslide
7.1,80.3,2024-02,26.5,91.7,26.3,15.8,227.7,27.9,loam,8.0,0.63,No Risk
6.95,80.05,2024-10,468.1,97.6,25.6,13.8,79.7,18.7,loam,10.23,0.67,Landslide
7.0,79.925,2023-09,562.7,95.2,25.9,19.8,3.0,2.2,clay,2.29,0.58,Flood
6.925,80.075,2025-01,376.1,98.7,25.0,12.5,23.4,3.6,clay,14.15,0.61,Warning
7.15,79.95,2023-03,160.5,95.9,26.6,12.5,35.5,5.1,loam,13.55,0.58,Warning
7.05,80.3,2024-03,87.6,95.2,27.6,14.9,128.7,31.4,loam,11.8,0.7,Landslide
6.925,79.875,2023-03,141.2,95.9,26.4,13.1,16.7,1.3,loam,0.78,0.61,Flood
7.025,80.2,2023-09,667.4,96.1,24.2,16.0,123.8,29.9,sandy,8.32,0.81,Landslide
7.1,79.85,2023-05,259.2,95.7,27.4,18.0,19.7,1.6,clay,15.0,0.61,Warning
6.95,80.375,2025-02,58.2,95.8,23.4,10.9,212.6,38.0,loam,15.0,0.74,Landslide
6.95,79.875,2024-12,123.7,94.1,26.8,13.6,39.8,2.5,loam,2.78,0.6,Flood
7.1,79.95,2025-05,256.8,97.1,27.3,17.7,26.6,4.4,sandy,9.55,0.6,Warning
7.05,79.95,2024-03,83.2,96.9,28.2,15.1,19.3,2.2,clay,5.55,0.6,Warning
7.125,80.075,2024-12,144.9,97.5,25.4,13.2,72.3,12.6,loam,2.83,0.65,Warning
7.1,80.3,2024-06,313.8,95.5,25.0,18.0,227.7,27.9,loam,8.0,0.82,Landslide
7.0,79.95,2025-05,276.5,96.8,27.2,15.9,31.8,5.9,clay,1.11,0.64,Flood
7.0,79.875,2023-11,450.5,97.7,25.5,11.9,36.2,4.8,loam,6.21,0.6,Warning
7.125,79.975,2024-08,268.0,95.6,26.4,17.3,15.6,2.2,loam,9.71,0.57,Warning
6.95,80.275,2024-01,224.1,96.2,25.4,10.2,186.9,15.9,sandy,15.0,0.77,Landslide
7.0,80.225,2025-03,170.4,98.5,25.9,11.5,93.3,10.0,sandy,11.44,0.77,Warning
6.975,80.175,2024-05,817.5,97.0,26.7,15.0,78.0,16.1,sandy,14.15,0.77,Landslide
7.125,80.3,2023-01,106.8,91.8,24.2,14.6,121.9,24.6,sandy,5.9,0.84,Landslide
7.025,80.275,2023-08,174.7,93.3,26.0,15.2,190.6,30.0,sandy,11.77,0.83,Landslide
6.925,79.875,2024-09,310.4,92.9,27.0,20.0,16.7,1.3,loam,0.78,0.66,Flood
7.125,80.075,2023-09,538.1,97.0,25.0,18.0,72.3,12.6,loam,2.83,0.71,Warning
6.9,80.375,2023-04,282.6,95.3,24.9,9.2,172.8,22.7,sandy,15.0,0.82,Landslide
7.1,80.05,2023-03,175.7,97.4,26.5,11.5,41.6,6.9,loam,2.22,0.65,Flood
7.025,79.85,2023-11,450.5,97.7,25.6,11.9,24.8,3.0,clay,10.01,0.53,Warning
6.975,80.15,2023-06,329.5,97.1,25.9,14.6,94.7,8.2,loam,14.94,0.78,Warning
7.1,80.25,2024-02,23.0,92.3,27.0,15.9,182.6,19.8,loam,4.0,0.61,No Risk
7.075,80.05,2024-02,27.2,91.4,28.1,16.5,38.7,7.9,clay,0.55,0.44,No Risk
6.95,80.375,2024-02,61.8,92.0,24.1,10.8,212.6,38.0,loam,15.0,0.69,Landslide
7.1,80.275,2024-02,24.9,94.3,27.4,14.3,138.0,32.2,loam,6.0,0.59,No Risk
6.95,79.875,2024-01,132.0,94.3,26.0,14.3,39.8,2.5,loam,2.78,0.62,Flood
6.9,80.05,2025-03,212.2,98.7,26.1,11.2,22.1,5.5,clay,14.89,0.64,Warning
7.0,80.15,2025-01,350.2,98.2,25.0,12.7,147.0,20.3,sandy,12.41,0.85,Landslide
7.075,80.25,2024-02,25.4,94.4,27.5,14.2,117.6,18.7,sandy,6.21,0.52,No Risk
7.0,80.075,2023-10,589.9,97.9,25.3,12.6,52.6,1.6,sandy,8.25,0.68,Warning
7.025,79.975,2023-05,237.5,96.6,26.9,14.8,18.0,0.9,loam,1.76,0.55,Flood
7.025,80.125,2024-05,821.3,97.1,26.8,15.8,60.4,12.0,clay,9.71,0.65,Warning
7.075,79.925,2023-11,473.5,97.8,25.5,11.8,12.8,1.0,loam,9.19,0.59,Warning
7.1,80.025,2024-11,530.0,98.9,25.2,13.4,59.1,4.2,loam,3.55,0.66,Warning
7.1,79.95,2023-04,192.0,97.3,27.0,12.3,26.6,4.4,sandy,9.55,0.57,Warning
6.975,80.15,2024-12,178.3,97.8,25.4,12.7,94.7,8.2,loam,14.94,0.75,Warning
7.125,80.125,2023-03,151.8,95.6,26.4,13.0,79.8,17.8,sandy,1.76,0.71,Landslide
7.075,80.0,2024-03,83.2,96.9,28.2,15.1,89.4,13.9,loam,3.55,0.67,Warning
7.075,80.3,2024-01,206.0,96.7,25.2,11.1,99.1,6.7,loam,9.88,0.75,Warning
6.9,80.25,2024-09,417.6,95.1,25.6,12.8,113.0,8.2,sandy,15.0,0.79,Warning
6.975,80.1,2023-08,141.7,95.8,26.3,17.0,59.2,7.7,sandy,12.17,0.64,Warning
7.1,80.1,2024-11,574.4,98.6,25.0,13.5,75.3,10.7,loam,2.22,0.72,Warning
7.05,80.175,2024-02,33.7,93.7,27.3,15.4,121.1,17.9,sandy,6.21,0.6,No Risk
7.0,79.85,2023-04,168.5,98.0,27.1,13.9,13.7,1.6,loam,7.85,0.59,Warning
6.9,79.85,2023-08,149.6,92.8,27.1,19.7,8.8,0.6,clay,3.14,0.57,Flood
7.025,80.25,2023-04,195.6,96.3,26.1,10.7,95.1,18.9,sandy,10.01,0.73,Landslide
6.95,80.3,2024-02,43.4,94.3,26.6,12.2,238.9,30.8,sandy,15.0,0.67,No Risk
7.075,80.2,2023-03,156.8,97.0,25.9,11.4,99.7,13.8,loam,2.77,0.76,Warning
7.05,80.325,2024-12,148.6,97.6,25.1,11.2,217.1,18.9,sandy,13.79,0.82,Landslide
7.1,80.225,2023-08,120.1,94.8,26.2,16.7,125.1,18.9,loam,2.77,0.85,Landslide
7.1,80.0,2024-08,263.9,95.8,26.4,17.1,72.7,8.6,loam,5.98,0.67,Warning
6.975,80.275,2024-08,456.7,94.2,25.5,14.8,191.4,27.2,loam,15.0,0.82,Landslide
6.95,80.3,2024-05,858.9,96.7,26.5,13.5,238.9,30.8,sandy,15.0,0.82,Landslide
7.15,80.025,2024-02,29.7,91.2,28.1,17.1,44.0,2.2,loam,8.25,0.46,No Risk
6.975,80.15,2024-01,200.0,95.7,25.8,11.7,94.7,8.2,loam,14.94,0.76,Warning
6.925,80.15,2025-02,74.5,97.5,26.1,13.4,109.4,14.2,sandy,15.0,0.73,Warning
7.025,79.975,2023-07,259.4,95.5,26.6,17.8,18.0,0.9,loam,1.76,0.6,Flood
6.925,80.2,2024-12,169.4,98.2,25.4,11.7,95.2,12.3,loam,15.0,0.7,Warning
6.975,79.9,2024-08,309.0,92.7,26.7,19.6,18.4,0.3,clay,2.77,0.59,Flood
7.05,79.95,2025-03,186.2,98.9,26.7,11.8,19.3,2.2,clay,5.55,0.58,Warning
7.0,80.075,2024-02,36.0,93.6,27.6,15.1,52.6,1.6,sandy,8.25,0.54,No Risk
7.125,79.95,2024-10,413.1,97.1,25.9,14.2,22.8,6.1,loam,11.39,0.58,Warning
6.975,80.025,2024-02,36.1,93.6,27.7,15.0,70.2,12.1,sandy,6.33,0.59,No Risk
7.075,79.9,2024-07,271.7,93.5,27.1,20.0,28.5,5.2,clay,10.66,0.69,Warning
6.9,80.2,2024-02,39.1,96.2,27.0,12.8,74.7,8.5,sandy,15.0,0.57,No Risk
7.05,79.875,2023-11,473.5,97.8,25.5,11.8,22.2,6.6,clay,9.88,0.59,Warning
7.075,80.25,2024-02,24.6,94.4,27.5,13.9,117.6,18.7,sandy,6.21,0.52,No Risk
7.0,80.275,2023-04,195.6,96.3,26.1,10.7,241.0,35.6,sandy,13.88,0.82,Landslide
6.925,79.95,2025-04,246.8,97.8,26.7,12.2,7.2,0.3,clay,6.21,0.56,Warning
7.0,79.95,2023-08,136.4,95.8,26.7,17.6,31.8,5.9,clay,1.11,0.6,Flood
6.95,80.25,2023-10,694.2,97.0,24.2,11.9,182.1,27.5,sandy,15.0,0.82,Landslide
7.05,79.9,2024-02,41.9,91.3,27.7,17.7,18.4,1.2,clay,8.45,0.42,No Risk
7.0,80.05,2023-08,137.4,96.4,26.5,17.0,33.9,6.9,sandy,6.47,0.59,Warning
7.125,79.875,2023-04,168.7,98.0,27.0,13.8,3.0,2.0,clay,15.0,0.58,Warning
7.075,80.275,2024-09,338.8,95.5,25.3,14.8,201.6,18.5,loam,7.89,0.8,Landslide
7.15,79.975,2023-09,519.4,96.6,25.6,17.5,28.4,6.7,clay,11.39,0.63,Warning
6.925,80.225,2024-07,353.9,96.5,26.1,14.3,132.0,36.4,loam,15.0,0.8,Landslide
6.975,79.975,2023-04,172.9,97.8,26.9,12.2,17.0,0.8,loam,3.24,0.51,Flood
7.075,79.975,2024-05,637.4,97.3,27.4,16.3,18.3,2.2,loam,5.71,0.55,Warning
6.975,80.2,2023-05,234.3,95.5,26.4,12.5,118.9,8.0,sandy,13.88,0.82,Warning
7.1,80.075,2024-02,27.7,91.5,28.1,16.6,92.3,13.0,clay,0.55,0.58,No Risk
7.075,80.35,2023-10,590.2,97.8,23.9,12.1,222.8,24.9,loam,13.74,0.83,Landslide
7.0,79.875,2025-04,164.1,95.3,27.4,14.0,36.2,4.8,loam,6.21,0.6,Warning
7.075,79.875,2024-02,42.3,91.2,27.7,17.9,9.5,1.1,clay,12.18,0.47,No Risk
6.975,80.15,2025-05,326.0,98.4,26.2,15.3,94.7,8.2,loam,14.94,0.74,Warning
6.95,80.225,2024-05,800.1,96.8,26.8,14.9,67.0,14.3,loam,15.0,0.67,Warning
6.9,80.375,2023-02,146.4,94.5,23.8,9.6,172.8,22.7,sandy,15.0,0.8,Landslide
7.075,80.0,2025-03,186.2,98.9,26.7,11.8,89.4,13.9,loam,3.55,0.71,Warning
6.925,80.25,2024-02,42.2,94.2,26.7,12.2,228.8,33.0,sandy,15.0,0.64,No Risk
7.125,80.0,2025-02,43.7,95.3,27.0,15.6,61.0,15.4,loam,7.47,0.56,No Risk
6.9,80.125,2025-01,332.0,99.1,24.8,11.3,76.5,15.5,sandy,15.0,0.71,Landslide
7.075,80.05,2023-04,210.9,97.4,26.9,11.8,38.7,7.9,clay,0.55,0.64,Flood
7.05,80.125,2024-02,26.7,91.3,27.9,16.3,34.8,4.8,clay,7.47,0.45,No Risk
7.025,80.325,2023-10,687.8,97.6,24.4,12.1,167.2,17.8,sandy,15.0,0.82,Landslide
7.05,80.05,2025-01,318.9,96.9,25.3,14.9,22.4,3.7,loam,3.33,0.63,Flood
6.975,80.025,2024-02,36.2,93.9,27.6,15.0,70.2,12.1,sandy,6.33,0.59,No Risk
7.125,80.05,2025-02,43.2,95.3,27.0,15.6,50.3,6.3,loam,4.33,0.5,No Risk
7.025,79.85,2025-02,47.3,92.0,27.4,15.4,24.8,3.0,clay,10.01,0.5,Warning
6.9,79.925,2023-11,488.6,97.5,25.5,12.0,28.1,3.3,sandy,6.21,0.68,Warning
6.9,79.875,2024-05,669.6,95.0,27.7,19.9,17.2,0.3,clay,2.29,0.57,Flood
7.1,79.9,2024-03,78.7,94.8,28.0,16.3,20.9,6.5,clay,12.94,0.5,Warning
7.125,80.2,2024-06,338.8,96.3,25.9,18.2,92.0,7.0,sandy,2.78,0.73,Warning
6.95,80.075,2023-01,146.5,93.9,24.8,13.6,54.5,2.1,loam,12.22,0.65,Warning
7.025,80.175,2024-10,559.3,96.4,25.5,12.6,132.6,16.4,loam,8.78,0.79,Landslide
7.05,79.85,2024-02,42.8,91.1,27.8,17.9,7.3,1.1,clay,11.8,0.41,No Risk
7.025,80.225,2024-12,155.3,97.8,25.3,12.2,137.7,19.0,sandy,8.78,0.82,Landslide
7.0,79.925,2024-07,302.3,93.5,27.1,19.5,3.0,2.2,clay,2.29,0.61,Flood
7.15,79.95,2023-04,192.0,97.3,27.0,12.3,35.5,5.1,loam,13.55,0.62,Warning
6.95,80.05,2023-10,593.4,97.9,25.2,12.8,79.7,18.7,loam,10.23,0.68,Landslide
7.075,80.35,2024-04,260.2,96.8,26.4,10.6,222.8,24.9,loam,13.74,0.77,Landslide
7.05,79.875,2024-02,41.5,91.4,27.7,17.9,22.2,6.6,clay,9.88,0.45,No Risk
7.075,79.975,2024-02,26.5,92.3,28.0,16.3,18.3,2.2,loam,5.71,0.39,Warning
7.05,80.225,2023-10,578.0,97.5,24.9,13.3,90.0,17.9,sandy,6.21,0.75,Landslide
7.025,80.25,2024-04,203.0,96.8,27.5,11.1,95.1,18.9,sandy,10.01,0.73,Landslide
7.125,79.9,2023-01,106.2,91.2,25.1,18.5,29.0,5.3,clay,15.0,0.57,Warning
6.975,80.0,2023-03,154.8,97.6,26.3,11.5,74.9,18.6,loam,5.12,0.69,Landslide
7.125,80.2,2024-12,168.6,97.2,25.2,12.7,92.0,7.0,sandy,2.78,0.8,Warning
6.9,80.325,2024-10,542.0,96.0,24.2,11.4,190.9,31.7,sandy,15.0,0.82,Landslide
7.025,80.15,2024-02,42.2,94.4,27.5,14.2,108.4,8.3,loam,10.01,0.64,No Risk
7.1,80.05,2024-02,27.6,91.5,28.1,16.6,41.6,6.9,loam,2.22,0.46,No Risk
6.925,80.025,2024-02,38.5,96.1,27.2,13.0,52.5,3.1,clay,11.02,0.46,No Risk
7.0,80.275,2024-06,451.6,95.4,25.7,15.3,241.0,35.6,sandy,13.88,0.81,Landslide
6.925,79.875,2024-12,140.7,94.2,26.8,13.7,16.7,1.3,loam,0.78,0.56,Flood
6.975,79.925,2025-04,158.5,95.3,27.4,14.2,14.6,0.6,clay,0.78,0.58,Flood
6.95,79.9,2024-11,368.5,96.5,25.8,15.2,20.5,4.8,loam,0.0,0.63,Flood
7.125,80.325,2023-12,341.0,97.0,25.8,12.7,114.8,10.7,loam,8.19,0.77,Warning
7.1,80.35,2025-02,27.9,96.6,26.3,13.0,104.3,12.9,sandy,12.01,0.56,No Risk
6.975,79.9,2025-01,276.7,94.5,25.5,15.4,18.4,0.3,clay,2.77,0.56,Flood
7.075,79.85,2024-02,42.3,91.2,27.8,17.8,25.8,2.4,loam,13.79,0.46,No Risk
7.075,80.25,2024-07,397.7,95.1,26.4,14.2,117.6,18.7,sandy,6.21,0.76,Landslide
7.125,80.05,2023-03,192.6,96.3,26.5,12.6,50.3,6.3,loam,4.33,0.64,Warning
6.9,80.15,2024-11,507.2,98.4,25.0,13.8,132.2,24.6,loam,15.0,0.78,Landslide
6.975,79.85,2025-01,278.2,94.5,25.7,15.2,9.5,0.5,clay,6.21,0.55,Warning
7.0,79.95,2025-01,363.4,97.2,25.4,13.3,31.8,5.9,clay,1.11,0.64,Flood
6.95,80.25,2024-02,42.6,94.3,26.0,12.2,182.1,27.5,sandy,15.0,0.67,No Risk
7.025,80.25,2024-05,878.4,96.9,26.4,13.9,95.1,18.9,sandy,10.01,0.72,Landslide
7.025,80.225,2025-04,314.4,97.9,25.8,11.7,137.7,19.0,sandy,8.78,0.84,Landslide
7.1,79.925,2023-11,513.5,99.6,25.4,10.1,4.3,0.6,clay,11.44,0.54,Warning
7.125,80.1,2023-10,549.1,97.7,25.1,13.3,39.1,1.8,loam,1.24,0.61,Flood
6.975,80.225,2024-01,189.7,96.6,25.6,11.1,118.1,16.4,sandy,14.15,0.77,Landslide
7.05,80.2,2025-03,205.9,97.8,24.7,11.6,99.8,17.4,sandy,5.55,0.78,Landslide
7.1,80.125,2023-10,600.5,97.4,25.1,13.1,71.0,11.4,loam,2.78,0.7,Warning
7.125,80.3,2024-10,454.0,96.0,25.1,13.7,121.9,24.6,sandy,5.9,0.77,Landslide
7.075,80.3,2023-04,188.3,96.8,26.0,11.5,99.1,6.7,loam,9.88,0.77,Warning
7.15,79.975,2024-09,309.9,96.3,26.6,18.2,28.4,6.7,clay,11.39,0.61,Warning
7.1,80.3,2025-02,28.0,96.5,25.2,13.1,227.7,27.9,loam,8.0,0.57,No Risk
7.025,80.3,2025-02,51.2,96.7,25.9,12.5,203.1,17.9,loam,13.87,0.63,Warning
7.15,79.9,2025-05,252.1,95.0,27.7,20.8,7.8,0.8,clay,15.0,0.6,Warning
6.975,79.95,2024-04,240.9,98.6,28.1,13.1,19.8,1.1,clay,2.29,0.6,Flood
6.9,79.875,2023-06,377.2,94.6,27.0,19.4,17.2,0.3,clay,2.29,0.61,Flood
6.975,79.975,2023-07,264.3,95.6,26.6,17.7,17.0,0.8,loam,3.24,0.6,Flood
7.1,80.25,2024-12,158.0,97.4,25.1,11.9,182.6,19.8,loam,4.0,0.76,Landslide
6.925,80.3,2023-12,496.2,97.6,25.2,10.8,197.1,18.5,loam,15.0,0.79,Landslide
7.0,79.975,2025-04,224.5,97.8,26.9,12.4,9.0,0.5,clay,1.67,0.63,Flood
6.95,79.925,2024-04,149.7,96.1,28.2,14.3,29.7,6.4,clay,2.77,0.66,Flood
6.95,79.975,2023-02,112.9,97.7,25.5,12.9,33.0,1.8,clay,5.79,0.53,Warning
7.025,80.15,2024-02,42.3,94.2,27.5,14.2,108.4,8.3,loam,10.01,0.64,No Risk
6.95,79.925,2025-03,121.7,94.8,27.3,11.7,29.7,6.4,clay,2.77,0.6,Flood
7.075,80.125,2024-02,26.6,91.4,27.8,16.2,86.3,10.8,sandy,5.27,0.54,No Risk
7.0,79.925,2024-07,295.8,93.6,27.1,19.4,3.0,2.2,clay,2.29,0.61,Flood
7.125,80.35,2024-06,313.8,95.5,25.0,18.0,158.1,30.1,loam,9.82,0.77,Landslide
6.95,80.25,2024-02,42.1,94.3,26.1,12.3,182.1,27.5,sandy,15.0,0.67,No Risk
6.925,80.05,2023-05,272.0,97.6,26.4,13.6,82.3,7.8,loam,12.47,0.73,Warning
6.975,80.175,2023-07,344.0,95.8,25.7,15.3,78.0,16.1,sandy,14.15,0.71,Landslide
7.0,79.925,2023-05,233.6,95.9,27.3,17.4,3.0,2.2,clay,2.29,0.54,Flood
7.15,79.925,2023-10,532.2,98.3,25.4,12.8,12.6,0.5,clay,15.0,0.52,Warning
6.95,80.225,2023-09,737.1,95.9,25.1,15.6,67.0,14.3,loam,15.0,0.7,Warning
7.1,80.05,2023-12,403.4,97.8,25.8,13.6,41.6,6.9,loam,2.22,0.67,Flood
7.125,80.0,2024-05,707.0,97.7,27.1,15.6,61.0,15.4,loam,7.47,0.62,Landslide
6.925,80.0,2025-05,307.3,96.9,27.1,15.7,60.1,18.3,loam,9.44,0.72,Landslide
6.975,79.875,2024-02,43.6,91.8,27.5,17.5,28.7,5.1,sandy,3.92,0.43,No Risk
6.9,80.35,2023-02,146.4,94.5,23.8,9.6,121.1,24.6,loam,15.0,0.82,Landslide
6.9,80.025,2023-02,124.2,98.1,25.3,12.8,77.1,15.8,sandy,13.24,0.64,Landslide
6.95,80.15,2024-06,403.3,96.8,26.0,17.1,110.9,14.4,sandy,15.0,0.76,Warning
6.975,79.925,2024-02,43.4,91.8,27.6,17.6,14.6,0.6,clay,0.78,0.44,Warning
7.025,79.9,2023-06,370.5,94.9,27.0,19.9,21.7,7.3,loam,6.0,0.62,Warning
7.15,79.925,2024-07,299.1,96.1,26.8,17.7,12.6,0.5,clay,15.0,0.56,Warning
6.925,80.075,2023-07,296.9,97.1,26.0,16.8,23.4,3.6,clay,14.15,0.62,Warning
6.9,80.375,2024-11,636.6,98.2,23.7,10.4,172.8,22.7,sandy,15.0,0.81,Landslide
6.975,79.975,2024-04,235.3,98.6,28.0,12.8,17.0,0.8,loam,3.24,0.59,Flood
7.125,80.125,2024-02,25.0,90.9,27.8,17.1,79.8,17.8,sandy,1.76,0.51,No Risk
6.975,79.9,2023-03,112.6,97.4,26.4,13.6,18.4,0.3,clay,2.77,0.61,Flood
6.9,79.975,2024-06,368.9,96.0,26.7,18.3,23.2,3.9,loam,10.01,0.6,Warning
7.075,80.3,2023-11,614.2,98.9,24.6,10.5,99.1,6.7,loam,9.88,0.81,Warning
7.05,80.05,2023-10,618.0,98.0,25.4,12.5,22.4,3.7,loam,3.33,0.57,Flood
6.925,80.025,2024-02,38.5,95.9,27.2,13.1,52.5,3.1,clay,11.02,0.46,No Risk
6.95,79.9,2024-05,656.0,95.1,27.8,20.2,20.5,4.8,loam,0.0,0.57,Flood
7.075,80.05,2024-04,223.9,98.3,28.1,12.4,38.7,7.9,clay,0.55,0.63,Flood
6.925,80.05,2023-06,360.3,98.4,25.9,15.7,82.3,7.8,loam,12.47,0.67,Warning
6.95,79.975,2023-11,541.1,99.5,25.3,10.6,33.0,1.8,clay,5.79,0.62,Warning
7.075,80.0,2023-04,177.6,97.8,27.0,12.4,89.4,13.9,loam,3.55,0.74,Warning
7.075,80.375,2023-06,202.0,96.2,22.8,13.0,115.1,6.0,sandy,15.0,0.82,Warning
7.125,79.875,2024-01,139.3,93.0,26.1,16.3,3.0,2.0,clay,15.0,0.56,Warning
7.075,80.2,2025-02,33.1,96.6,26.1,14.3,99.7,13.8,loam,2.77,0.62,No Risk
7.15,80.0,2023-05,231.4,96.8,26.8,14.6,84.9,11.8,sandy,9.55,0.67,Warning
7.075,80.05,2024-08,248.9,96.3,26.1,16.5,38.7,7.9,clay,0.55,0.64,Flood
6.975,79.9,2025-04,169.5,95.2,27.4,13.9,18.4,0.3,clay,2.77,0.59,Flood
7.05,80.225,2024-02,33.4,93.6,27.3,15.6,90.0,17.9,sandy,6.21,0.59,No Risk
7.0,80.1,2024-03,105.1,95.0,28.1,16.4,29.7,6.4,loam,10.47,0.61,Warning
6.95,80.35,2023-06,401.0,95.7,24.6,11.3,144.3,16.2,loam,15.0,0.82,Landslide
7.0,79.925,2024-09,304.0,93.0,27.0,20.5,3.0,2.2,clay,2.29,0.58,Flood
7.025,80.0,2024-09,366.3,96.2,26.6,17.7,75.1,17.7,clay,1.24,0.69,Landslide
7.1,80.125,2024-02,27.1,91.3,27.9,16.2,71.0,11.4,loam,2.78,0.53,No Risk
7.075,80.2,2024-02,33.8,93.7,27.3,15.5,99.7,13.8,loam,2.77,0.63,No Risk
7.05,80.05,2024-03,109.7,95.9,28.3,15.7,22.4,3.7,loam,3.33,0.61,Flood
6.925,79.875,2024-10,408.0,95.5,26.2,16.9,16.7,1.3,loam,0.78,0.6,Flood
7.075,80.075,2023-07,278.9,96.1,26.3,16.8,71.6,10.1,clay,2.83,0.66,Warning
7.025,79.95,2025-02,59.4,95.5,27.3,13.9,14.2,1.5,clay,2.99,0.49,Warning
7.125,80.35,2024-02,26.9,91.6,26.3,16.0,158.1,30.1,loam,9.82,0.6,No Risk
7.1,80.2,2024-02,33.8,93.9,27.3,15.7,88.8,13.2,loam,0.0,0.55,No Risk
7.15,79.85,2025-01,227.4,94.8,25.5,17.8,3.2,1.5,clay,15.0,0.57,Warning
6.9,79.85,2023-03,142.8,95.9,26.5,13.3,8.8,0.6,clay,3.14,0.55,Flood
6.975,80.0,2023-09,576.6,96.6,25.6,16.9,74.9,18.6,loam,5.12,0.68,Landslide
6.975,79.925,2023-03,112.6,97.4,26.4,13.6,14.6,0.6,clay,0.78,0.58,Flood
7.05,80.05,2023-03,165.7,97.0,26.5,11.4,22.4,3.7,loam,3.33,0.62,Flood
7.1,80.225,2025-02,33.5,96.7,26.1,14.1,125.1,18.9,loam,2.77,0.63,No Risk
6.975,79.975,2023-12,405.3,98.3,25.9,13.6,17.0,0.8,loam,3.24,0.53,Flood
7.075,80.325,2023-01,147.3,93.8,23.1,11.8,99.7,18.4,sandy,11.88,0.74,Landslide
6.9,80.3,2025-01,333.7,99.2,23.6,9.0,186.2,18.2,sandy,15.0,0.85,Landslide
6.95,79.975,2025-05,307.3,96.9,27.1,15.7,33.0,1.8,clay,5.79,0.62,Warning
6.975,79.975,2023-12,421.3,98.2,25.7,13.6,17.0,0.8,loam,3.24,0.53,Flood
7.0,79.9,2023-01,90.4,91.7,25.2,17.9,22.7,1.5,clay,4.0,0.54,Warning
6.95,80.375,2024-04,341.0,95.2,25.2,9.5,212.6,38.0,loam,15.0,0.79,Landslide
7.05,79.925,2023-06,326.9,94.7,27.0,20.1,35.5,6.6,clay,6.77,0.61,Warning
7.0,80.025,2023-03,194.3,98.4,26.2,10.3,80.3,6.7,sandy,4.47,0.63,Warning
7.125,80.175,2023-06,285.7,95.4,25.9,16.1,116.2,10.0,loam,3.92,0.8,Warning
7.15,79.85,2024-06,290.4,93.5,27.0,21.9,3.2,1.5,clay,15.0,0.54,Warning
6.95,80.375,2023-01,222.5,94.5,21.9,9.2,212.6,38.0,loam,15.0,0.79,Landslide
7.125,80.075,2024-02,25.4,90.9,27.8,17.3,72.3,12.6,loam,2.83,0.48,No Risk
7.1,80.375,2025-02,53.6,97.4,25.9,11.7,126.9,33.0,sandy,13.74,0.73,Warning
6.9,80.075,2024-02,38.5,95.9,27.3,13.2,48.0,3.8,clay,15.0,0.48,No Risk
7.125,79.975,2023-04,192.0,97.3,27.0,12.3,15.6,2.2,loam,9.71,0.58,Warning
6.975,80.0,2023-10,631.5,98.3,25.4,12.9,74.9,18.6,loam,5.12,0.65,Landslide
7.05,80.25,2024-02,25.5,94.3,27.5,14.1,124.2,29.2,loam,7.85,0.63,No Risk
7.1,80.35,2023-09,410.3,95.8,25.2,18.6,104.3,12.9,sandy,12.01,0.68,Warning
6.9,80.275,2023-07,413.1,94.8,25.5,13.3,132.8,33.3,sandy,15.0,0.8,Landslide
7.1,80.275,2025-04,300.0,98.5,26.1,11.9,138.0,32.2,loam,6.0,0.79,Landslide
6.925,80.0,2025-01,322.1,97.8,25.3,12.1,60.1,18.3,loam,9.44,0.73,Landslide
7.025,80.075,2024-09,370.1,97.6,26.2,16.7,77.9,17.8,loam,6.71,0.68,Landslide
7.075,80.025,2025-05,299.7,97.8,26.8,15.9,86.0,16.6,loam,2.83,0.76,Landslide
7.125,80.3,2024-05,713.5,96.9,26.4,16.2,121.9,24.6,sandy,5.9,0.77,Landslide
7.05,80.375,2025-02,45.3,98.7,20.5,11.0,212.7,17.2,sandy,15.0,0.69,No Risk
6.975,80.05,2025-02,69.5,96.2,26.6,14.2,76.5,13.7,loam,8.33,0.59,Warning
7.125,80.0,2025-02,43.4,95.4,27.1,15.4,61.0,15.4,loam,7.47,0.56,No Risk
7.1,80.325,2024-12,148.6,97.6,25.3,11.2,154.6,24.9,loam,9.82,0.82,Landslide
7.1,79.9,2024-02,42.2,91.1,27.7,17.8,20.9,6.5,clay,12.94,0.51,No Risk
6.9,80.175,2024-10,570.2,96.0,25.5,12.8,105.0,17.4,loam,15.0,0.75,Landslide
6.975,79.925,2023-10,504.7,96.8,25.6,15.1,14.6,0.6,clay,0.78,0.55,Flood
7.1,79.9,2023-05,224.2,95.1,27.3,17.6,20.9,6.5,clay,12.94,0.63,Warning
7.125,79.95,2024-02,23.8,92.3,28.0,16.4,22.8,6.1,loam,11.39,0.39,Warning
7.1,80.175,2024-02,19.2,91.9,27.4,16.4,146.2,35.3,loam,2.78,0.62,No Risk
6.95,79.85,2023-08,149.6,92.8,27.1,19.7,17.7,1.4,clay,4.0,0.59,Warning
7.025,79.85,2024-02,43.8,91.9,27.8,17.8,24.8,3.0,clay,10.01,0.49,No Risk
7.1,80.05,2024-04,224.6,98.2,28.1,12.4,41.6,6.9,loam,2.22,0.62,Flood
7.05,80.2,2024-11,508.6,98.5,23.6,12.8,99.8,17.4,sandy,5.55,0.66,Landslide
6.95,80.325,2023-10,694.2,97.0,24.5,11.9,174.0,30.3,sandy,15.0,0.8,Landslide
7.125,80.325,2024-02,26.8,91.9,27.3,15.7,114.8,10.7,loam,8.19,0.62,No Risk
6.925,80.175,2023-05,254.9,95.5,26.4,12.5,65.1,18.1,loam,15.0,0.65,Landslide
7.025,79.975,2023-05,236.1,96.6,26.9,14.9,18.0,0.9,loam,1.76,0.55,Flood
6.95,79.875,2024-10,410.6,95.4,26.3,16.9,39.8,2.5,loam,2.78,0.66,Flood
7.15,79.95,2024-02,23.8,92.3,28.0,16.4,35.5,5.1,loam,13.55,0.46,Warning
6.9,80.25,2023-12,496.2,97.6,25.2,10.8,113.0,8.2,sandy,15.0,0.75,Warning
7.0,80.05,2025-03,198.0,98.2,26.4,11.3,33.9,6.9,sandy,6.47,0.62,Warning
7.05,80.325,2024-02,25.5,94.3,26.8,14.1,217.1,18.9,sandy,13.79,0.66,No Risk
6.95,80.15,2025-04,301.3,98.8,25.8,12.7,110.9,14.4,sandy,15.0,0.8,Warning
6.95,80.05,2024-02,38.7,96.0,27.3,13.1,79.7,18.7,loam,10.23,0.57,No Risk
6.925,80.3,2023-10,694.2,97.0,24.8,11.9,197.1,18.5,loam,15.0,0.8,Landslide
6.975,80.375,2023-06,308.0,97.4,21.4,11.3,153.1,24.6,sandy,15.0,0.79,Landslide
6.925,80.325,2024-06,410.8,96.4,24.8,14.3,210.0,18.2,sandy,15.0,0.79,Landslide
7.125,80.275,2024-10,454.0,96.0,25.1,13.7,199.1,34.9,sandy,4.23,0.82,Landslide
6.95,79.9,2024-09,307.8,92.9,27.0,19.9,20.5,4.8,loam,0.0,0.57,Flood
7.1,80.15,2024-06,393.4,96.6,26.1,17.0,109.5,13.6,sandy,4.96,0.74,Warning
6.925,80.2,2024-02,38.8,96.2,27.1,12.6,95.2,12.3,loam,15.0,0.58,No Risk
7.1,80.35,2025-02,28.1,96.5,26.3,13.3,104.3,12.9,sandy,12.01,0.56,No Risk
7.1,80.05,2023-10,624.1,98.2,25.4,12.7,41.6,6.9,loam,2.22,0.6,Flood
6.925,80.025,2025-03,212.2,98.7,26.1,11.2,52.5,3.1,clay,11.02,0.65,Warning
7.0,80.2,2024-05,817.5,97.0,26.7,15.0,62.8,13.7,sandy,11.1,0.71,Warning
7.1,79.95,2024-05,606.9,97.2,27.4,16.3,26.6,4.4,sandy,9.55,0.62,Warning
7.075,80.375,2024-07,263.0,96.5,22.9,14.3,115.1,6.0,sandy,15.0,0.74,Warning
7.1,80.125,2023-11,597.1,98.6,25.2,10.0,71.0,11.4,loam,2.78,0.69,Warning
6.9,80.3,2024-08,484.2,94.0,24.6,14.1,186.2,18.2,sandy,15.0,0.72,Landslide
7.1,79.925,2023-05,248.7,96.1,27.0,15.3,4.3,0.6,clay,11.44,0.64,Warning
6.925,80.275,2023-02,135.7,95.6,25.0,10.9,193.9,32.8,loam,15.0,0.78,Landslide
7.025,80.025,2024-02,36.8,93.7,27.7,14.9,69.5,11.7,loam,2.83,0.52,No Risk
7.075,79.875,2023-07,205.5,92.5,26.9,21.4,9.5,1.1,clay,12.18,0.55,Warning
7.125,80.375,2023-04,208.8,96.0,25.6,12.3,175.1,24.7,sandy,11.88,0.84,Landslide
6.9,80.15,2024-02,40.2,96.4,27.0,12.6,132.2,24.6,loam,15.0,0.7,No Risk
7.025,80.0,2025-03,189.9,98.5,26.7,11.0,75.1,17.7,clay,1.24,0.68,Landslide
6.975,79.975,2023-11,469.4,99.7,25.4,10.4,17.0,0.8,loam,3.24,0.62,Flood
7.0,80.2,2023-05,234.3,95.5,26.4,12.5,62.8,13.7,sandy,11.1,0.71,Warning
7.05,80.125,2023-09,592.1,96.8,25.1,17.4,34.8,4.8,clay,7.47,0.64,Warning
7.025,79.9,2023-12,362.7,96.3,25.9,15.5,21.7,7.3,loam,6.0,0.57,Warning
7.0,79.95,2024-01,197.0,95.6,26.1,12.8,31.8,5.9,clay,1.11,0.56,Flood
7.125,80.1,2023-03,151.8,95.6,26.4,13.0,39.1,1.8,loam,1.24,0.61,Flood
6.975,79.925,2023-09,543.1,95.2,26.1,19.9,14.6,0.6,clay,0.78,0.54,Flood
7.125,80.125,2025-02,35.9,95.2,26.5,15.7,79.8,17.8,sandy,1.76,0.56,No Risk
7.0,79.875,2023-03,112.6,97.4,26.4,13.6,36.2,4.8,loam,6.21,0.64,Warning
7.0,80.075,2023-01,129.0,91.8,25.1,14.5,52.6,1.6,sandy,8.25,0.68,Warning
7.1,80.3,2025-02,27.7,96.4,25.2,13.1,227.7,27.9,loam,8.0,0.57,No Risk
7.0,80.175,2024-07,355.1,96.4,25.4,14.5,74.0,13.3,sandy,11.44,0.66,Warning
7.1,79.9,2024-01,130.5,93.1,26.0,15.6,20.9,6.5,clay,12.94,0.63,Warning
6.95,80.075,2024-02,38.6,96.1,27.3,13.1,54.5,2.1,loam,12.22,0.52,No Risk
7.025,80.175,2024-08,391.2,95.2,25.8,15.0,132.6,16.4,loam,8.78,0.79,Landslide
7.05,80.3,2024-02,25.3,94.5,26.7,14.2,128.7,31.4,loam,11.8,0.63,No Risk
7.05,80.2,2024-02,33.0,93.7,26.0,15.5,99.8,17.4,sandy,5.55,0.5,No Risk
7.0,79.85,2023-12,362.7,96.3,26.0,15.5,13.7,1.6,loam,7.85,0.58,Warning
7.0,79.9,2024-09,304.0,93.0,27.0,20.5,22.7,1.5,clay,4.0,0.65,Warning
7.025,79.85,2023-01,90.4,91.7,25.2,17.9,24.8,3.0,clay,10.01,0.58,Warning
6.975,79.975,2024-08,301.7,96.1,26.4,16.9,17.0,0.8,loam,3.24,0.55,Flood
7.075,80.325,2024-08,365.2,95.2,24.5,15.4,99.7,18.4,sandy,11.88,0.73,Landslide
6.925,80.225,2023-08,160.0,95.5,26.2,15.7,132.0,36.4,loam,15.0,0.8,Landslide
7.05,80.225,2024-09,313.3,97.0,25.6,15.7,90.0,17.9,sandy,6.21,0.75,Landslide
6.95,79.925,2023-10,562.1,96.6,25.7,14.7,29.7,6.4,clay,2.77,0.56,Flood
6.975,79.975,2025-03,189.9,98.5,26.7,11.0,17.0,0.8,loam,3.24,0.56,Flood
7.125,80.35,2024-12,154.6,97.4,24.4,11.1,158.1,30.1,loam,9.82,0.79,Landslide
6.975,80.3,2024-05,878.4,96.9,26.4,13.9,228.2,18.0,loam,15.0,0.78,Landslide
7.075,80.275,2023-08,132.2,93.3,26.0,16.3,201.6,18.5,loam,7.89,0.78,Landslide
6.975,79.925,2024-11,382.9,96.9,25.7,15.2,14.6,0.6,clay,0.78,0.55,Flood
6.925,80.15,2024-02,39.8,96.4,27.1,12.6,109.4,14.2,sandy,15.0,0.57,No Risk
6.975,80.1,2024-02,42.4,94.4,27.5,14.3,59.2,7.7,sandy,12.17,0.53,No Risk
7.05,80.35,2024-02,27.4,94.4,26.4,12.9,132.8,27.5,sandy,15.0,0.6,No Risk
6.9,80.025,2024-12,199.0,98.2,25.6,12.5,77.1,15.8,sandy,13.24,0.72,Landslide
6.925,80.15,2025-04,301.3,98.8,25.8,12.7,109.4,14.2,sandy,15.0,0.77,Warning
6.975,79.85,2024-04,173.6,96.5,28.2,14.5,9.5,0.5,clay,6.21,0.56,Warning
7.025,79.95,2024-10,452.9,97.4,25.9,14.6,14.2,1.5,clay,2.99,0.6,Flood
7.1,79.975,2023-03,179.2,96.6,26.5,11.9,4.1,2.0,clay,7.47,0.62,Warning
6.95,79.95,2024-01,168.0,96.8,26.0,12.0,10.8,0.5,clay,4.0,0.57,Warning
6.975,80.075,2023-05,234.7,97.2,26.7,13.8,57.2,4.9,clay,10.32,0.67,Warning
6.925,79.9,2023-02,67.3,95.1,25.6,15.8,11.6,0.4,clay,2.78,0.54,Warning
6.925,80.25,2024-11,526.2,98.5,24.7,11.5,228.8,33.0,sandy,15.0,0.78,Landslide
7.05,79.9,2023-10,478.9,96.7,25.6,14.9,18.4,1.2,clay,8.45,0.56,Warning
7.1,80.25,2024-02,22.5,92.2,27.1,15.8,182.6,19.8,loam,4.0,0.61,No Risk
7.1,79.85,2023-07,188.6,92.0,26.9,21.3,19.7,1.6,clay,15.0,0.59,Warning
6.95,80.275,2023-10,694.2,97.0,24.8,11.9,186.9,15.9,sandy,15.0,0.81,Landslide
6.975,79.9,2023-10,511.1,96.8,25.6,15.1,18.4,0.3,clay,2.77,0.6,Flood
7.0,79.9,2025-01,278.2,94.5,25.6,15.2,22.7,1.5,clay,4.0,0.58,Warning
7.025,80.1,2023-10,637.6,97.2,25.2,13.1,79.7,8.2,loam,8.25,0.71,Warning
7.0,79.95,2023-06,364.2,96.7,26.6,17.1,31.8,5.9,clay,1.11,0.63,Flood
6.925,80.175,2024-11,482.2,98.3,25.0,12.6,65.1,18.1,loam,15.0,0.72,Landslide
7.125,80.15,2023-04,152.8,96.4,26.9,12.7,153.9,18.9,loam,2.99,0.82,Landslide
6.975,80.125,2024-12,178.3,97.8,25.4,12.7,37.5,4.8,clay,14.32,0.6,Warning
6.925,79.875,2023-04,149.3,95.3,27.3,13.7,16.7,1.3,loam,0.78,0.63,Flood
7.0,79.9,2023-04,168.5,98.0,27.0,13.9,22.7,1.5,clay,4.0,0.56,Warning
6.9,80.1,2024-12,173.2,98.2,25.3,12.4,75.8,7.3,loam,15.0,0.68,Warning
7.0,79.925,2023-11,450.5,97.7,25.5,11.9,3.0,2.2,clay,2.29,0.52,Flood
6.975,80.15,2024-08,330.6,95.8,25.9,16.1,94.7,8.2,loam,14.94,0.76,Warning
6.925,79.875,2024-05,653.2,94.9,27.7,20.2,16.7,1.3,loam,0.78,0.54,Flood
6.975,80.375,2025-01,327.9,98.9,20.3,7.8,153.1,24.6,sandy,15.0,0.77,Landslide
7.1,80.2,2023-03,156.8,97.0,25.9,11.4,88.8,13.2,loam,0.0,0.72,Warning
7.1,79.85,2025-05,252.1,95.0,27.7,20.8,19.7,1.6,clay,15.0,0.58,Warning
6.975,80.05,2024-02,36.2,93.7,27.7,15.0,76.5,13.7,loam,8.33,0.55,No Risk
7.0,80.35,2023-06,378.6,95.3,25.7,12.0,193.9,27.8,loam,15.0,0.82,Landslide
7.025,79.925,2024-02,43.4,91.7,27.6,17.7,7.6,1.0,clay,4.77,0.42,No Risk
7.125,79.925,2024-10,413.1,97.1,25.9,14.2,3.0,1.9,clay,13.44,0.58,Warning
6.9,80.3,2024-02,42.8,94.4,25.6,12.2,186.2,18.2,sandy,15.0,0.59,No Risk
7.15,79.9,2023-08,105.1,92.4,27.0,19.9,7.8,0.8,clay,15.0,0.59,Warning
7.05,79.95,2024-12,148.9,98.1,25.8,12.6,19.3,2.2,clay,5.55,0.58,Warning
6.95,79.975,2023-08,158.9,95.7,26.7,17.6,33.0,1.8,clay,5.79,0.63,Warning
7.075,80.05,2024-03,119.2,96.0,28.3,15.6,38.7,7.9,clay,0.55,0.6,Flood
6.975,80.35,2025-03,166.6,98.5,24.5,10.4,187.8,28.4,loam,15.0,0.76,Landslide
6.975,79.925,2024-04,172.8,96.2,28.1,14.5,14.6,0.6,clay,0.78,0.58,Flood
7.0,79.925,2024-05,591.4,95.3,27.8,20.0,3.0,2.2,clay,2.29,0.58,Flood
7.125,80.1,2023-12,391.6,97.0,25.5,15.4,39.1,1.8,loam,1.24,0.63,Flood
6.95,80.275,2024-02,43.0,94.3,26.7,12.1,186.9,15.9,sandy,15.0,0.68,No Risk
7.1,80.275,2023-06,327.3,95.0,26.2,13.8,138.0,32.2,loam,6.0,0.84,Landslide
7.0,79.85,2024-02,43.4,91.8,27.8,17.6,13.7,1.6,loam,7.85,0.4,No Risk
6.9,80.225,2024-02,39.1,96.1,27.1,12.7,111.9,8.1,sandy,15.0,0.67,No Risk
6.95,79.925,2025-05,288.9,94.2,27.8,18.0,29.7,6.4,clay,2.77,0.64,Flood
6.95,79.85,2023-09,554.6,95.0,26.0,19.3,17.7,1.4,clay,4.0,0.58,Warning
7.125,80.05,2024-10,384.5,97.3,25.7,13.5,50.3,6.3,loam,4.33,0.69,Warning
7.0,79.925,2023-08,139.2,92.9,27.0,19.9,3.0,2.2,clay,2.29,0.51,Flood
7.025,80.3,2024-04,203.0,96.8,27.5,11.1,203.1,17.9,loam,13.87,0.79,Landslide
6.9,80.15,2024-02,39.2,96.4,27.1,12.8,132.2,24.6,loam,15.0,0.7,No Risk
7.125,80.3,2024-04,194.8,96.7,27.5,12.2,121.9,24.6,sandy,5.9,0.84,Landslide
7.1,79.95,2023-11,513.5,99.6,25.4,10.1,26.6,4.4,sandy,9.55,0.56,Warning
7.1,80.0,2024-02,26.3,92.5,28.1,16.3,72.7,8.6,loam,5.98,0.57,No Risk
7.125,80.225,2025-02,42.8,96.4,25.0,13.6,101.5,18.6,clay,0.78,0.59,No Risk
7.125,80.275,2024-05,713.5,96.9,26.4,16.2,199.1,34.9,sandy,4.23,0.82,Landslide
7.125,80.0,2023-11,582.5,99.2,25.3,10.2,61.0,15.4,loam,7.47,0.67,Landslide
7.1,79.875,2024-05,574.7,94.9,27.7,19.6,24.4,3.5,clay,14.57,0.59,Warning
6.975,80.3,2025-01,364.8,99.2,24.6,9.6,228.2,18.0,loam,15.0,0.76,Landslide
6.9,79.85,2024-11,354.2,96.4,25.8,15.1,8.8,0.6,clay,3.14,0.53,Flood
6.975,79.975,2023-08,136.4,95.8,26.7,17.6,17.0,0.8,loam,3.24,0.62,Flood
6.95,80.175,2023-01,129.3,96.5,24.2,11.6,117.2,19.0,loam,15.0,0.77,Landslide
6.925,79.9,2023-07,250.1,92.9,26.9,21.0,11.6,0.4,clay,2.78,0.56,Flood
6.9,80.0,2024-02,37.3,95.3,27.5,14.6,64.3,14.6,loam,11.8,0.52,No Risk
7.0,80.0,2024-06,359.3,95.8,26.7,18.1,74.6,6.2,clay,2.48,0.69,Warning
6.95,79.925,2024-02,38.3,92.8,27.6,17.0,29.7,6.4,clay,2.77,0.44,Warning
6.95,80.225,2024-02,39.1,96.1,27.1,12.7,67.0,14.3,loam,15.0,0.52,No Risk
6.975,80.325,2023-04,219.8,95.4,25.0,10.6,173.5,36.6,sandy,15.0,0.84,Landslide
7.025,80.325,2024-02,46.5,94.6,26.4,12.3,167.2,17.8,sandy,15.0,0.64,Warning
6.975,80.2,2023-06,342.8,95.8,25.9,13.3,118.9,8.0,sandy,13.88,0.8,Warning
6.9,80.225,2025-02,59.6,98.0,26.1,13.2,111.9,8.1,sandy,15.0,0.7,Warning
7.1,79.9,2023-02,60.6,93.6,25.7,16.3,20.9,6.5,clay,12.94,0.47,Warning
7.05,80.15,2023-08,121.5,95.5,26.4,17.1,133.4,17.5,loam,7.85,0.82,Landslide
7.1,80.2,2024-05,755.8,97.3,26.6,15.4,88.8,13.2,loam,0.0,0.69,Warning
7.05,80.05,2024-11,472.7,98.8,25.3,13.4,22.4,3.7,loam,3.33,0.62,Flood
6.95,80.025,2023-08,160.2,96.9,26.4,17.2,88.4,10.8,loam,8.69,0.72,Warning
7.025,80.25,2025-01,364.8,99.2,24.6,9.6,95.1,18.9,sandy,10.01,0.7,Landslide
6.9,80.075,2024-10,468.1,97.6,25.6,13.8,48.0,3.8,clay,15.0,0.64,Warning
7.15,80.0,2025-02,43.2,95.3,27.0,15.6,84.9,11.8,sandy,9.55,0.54,No Risk
7.075,79.925,2023-06,326.9,94.7,27.0,20.1,12.8,1.0,loam,9.19,0.58,Warning
7.05,80.25,2024-05,809.0,97.3,27.0,15.0,124.2,29.2,loam,7.85,0.75,Landslide
7.075,80.175,2024-11,508.6,98.5,24.0,12.8,88.0,17.9,loam,3.92,0.72,Landslide
7.025,80.125,2025-05,326.0,98.4,26.2,15.3,60.4,12.0,clay,9.71,0.67,Warning
7.125,80.1,2024-01,149.0,93.9,25.8,14.0,39.1,1.8,loam,1.24,0.58,Flood
7.0,79.875,2023-01,90.4,91.7,25.2,17.9,36.2,4.8,loam,6.21,0.6,Warning
6.95,79.925,2023-06,379.3,94.7,27.0,19.5,29.7,6.4,clay,2.77,0.62,Flood
6.975,80.025,2024-02,36.8,93.6,27.7,14.9,70.2,12.1,sandy,6.33,0.59,No Risk
6.95,79.9,2023-11,487.7,97.4,25.5,12.1,20.5,4.8,loam,0.0,0.58,Flood
6.9,80.35,2024-06,410.8,96.4,24.8,14.3,121.1,24.6,loam,15.0,0.78,Landslide
7.05,80.3,2023-02,96.5,96.6,24.9,11.3,128.7,31.4,loam,11.8,0.78,Landslide
7.125,80.35,2025-01,279.9,97.6,24.2,12.2,158.1,30.1,loam,9.82,0.8,Landslide
6.95,80.05,2024-02,38.1,96.1,27.3,13.1,79.7,18.7,loam,10.23,0.57,No Risk
7.125,80.375,2025-05,247.2,97.4,25.2,14.6,175.1,24.7,sandy,11.88,0.81,Landslide
7.075,80.1,2023-03,178.2,96.9,26.2,11.6,32.2,3.5,clay,3.55,0.69,Warning
6.925,79.85,2023-09,554.6,95.0,26.0,19.3,24.7,3.2,clay,2.29,0.61,Flood
7.15,79.85,2023-02,96.0,94.3,25.7,16.7,3.2,1.5,clay,15.0,0.49,Warning
7.025,80.075,2024-02,36.9,93.5,27.7,15.0,77.9,17.8,loam,6.71,0.55,No Risk
7.125,80.075,2024-09,284.1,97.4,25.8,17.6,72.3,12.6,loam,2.83,0.69,Warning
6.95,79.925,2025-05,269.2,94.1,27.8,18.2,29.7,6.4,clay,2.77,0.64,Flood
7.025,80.075,2024-06,391.5,96.7,26.4,17.0,77.9,17.8,loam,6.71,0.7,Landslide
7.025,79.95,2024-07,374.0,96.2,26.8,16.4,14.2,1.5,clay,2.99,0.59,Flood
7.0,80.225,2023-04,163.6,96.7,26.5,11.1,93.3,10.0,sandy,11.44,0.77,Warning
7.125,80.375,2024-02,26.2,91.8,26.3,15.8,175.1,24.7,sandy,11.88,0.58,No Risk
7.075,80.2,2023-04,160.9,96.7,26.6,11.7,99.7,13.8,loam,2.77,0.73,Warning
6.975,80.375,2024-10,425.8,97.6,21.1,11.2,153.1,24.6,sandy,15.0,0.79,Landslide
7.025,79.9,2024-02,43.5,91.6,27.6,17.6,21.7,7.3,loam,6.0,0.47,No Risk
7.1,80.05,2023-06,324.3,97.4,26.3,16.2,41.6,6.9,loam,2.22,0.64,Flood
6.95,79.875,2025-01,295.0,94.9,25.6,14.2,39.8,2.5,loam,2.78,0.64,Flood
7.075,79.925,2024-02,42.7,91.0,27.7,18.0,12.8,1.0,loam,9.19,0.4,No Risk
7.05,80.05,2023-07,278.9,96.1,26.3,16.8,22.4,3.7,loam,3.33,0.6,Flood
7.05,79.975,2024-04,235.2,98.8,28.0,12.8,7.1,1.2,clay,3.72,0.56,Warning
6.975,80.05,2024-03,121.6,96.0,28.2,15.4,76.5,13.7,loam,8.33,0.7,Warning
6.925,79.875,2024-07,316.0,93.6,27.2,19.0,16.7,1.3,loam,0.78,0.62,Flood
6.9,79.875,2023-06,388.1,94.7,27.0,19.4,17.2,0.3,clay,2.29,0.61,Flood
7.025,79.875,2025-01,278.2,94.5,25.6,15.2,22.2,5.8,clay,7.89,0.6,Warning
7.125,80.1,2023-12,371.7,96.9,25.5,15.2,39.1,1.8,loam,1.24,0.63,Flood
7.0,79.925,2024-03,95.8,95.1,28.1,16.5,3.0,2.2,clay,2.29,0.55,Flood
7.125,80.225,2025-02,42.7,96.6,25.1,13.6,101.5,18.6,clay,0.78,0.59,No Risk
7.05,80.05,2024-12,158.5,98.0,25.7,12.5,22.4,3.7,loam,3.33,0.56,Flood
7.0,80.075,2025-01,358.9,97.6,25.2,13.5,52.6,1.6,sandy,8.25,0.62,Warning
7.025,80.275,2024-03,86.9,93.6,27.8,14.1,190.6,30.0,sandy,11.77,0.76,Landslide
7.125,80.3,2023-04,145.4,96.2,26.5,12.4,121.9,24.6,sandy,5.9,0.8,Landslide
7.075,80.25,2023-12,438.8,98.2,25.7,11.6,117.6,18.7,sandy,6.21,0.77,Landslide
7.125,80.025,2023-02,118.6,94.7,25.8,13.7,86.7,12.3,loam,5.71,0.71,Warning
7.075,79.95,2023-02,101.8,94.9,25.9,13.4,17.2,0.3,loam,7.55,0.59,Warning
7.125,79.875,2024-02,26.6,90.4,27.8,18.1,3.0,2.0,clay,15.0,0.36,No Risk
7.05,80.025,2023-10,618.4,98.1,25.4,12.5,87.5,19.3,clay,0.56,0.7,Landslide
6.975,80.1,2025-03,173.9,98.4,26.1,12.1,59.2,7.7,sandy,12.17,0.66,Warning
6.975,79.975,2023-03,155.2,97.6,26.3,11.5,17.0,0.8,loam,3.24,0.57,Flood
6.975,80.2,2023-01,167.6,94.5,24.4,13.1,118.9,8.0,sandy,13.88,0.76,Warning
7.075,80.2,2023-07,326.1,95.4,25.7,15.8,99.7,13.8,loam,2.77,0.8,Warning
6.9,80.275,2025-05,411.5,98.9,25.6,11.3,132.8,33.3,sandy,15.0,0.8,Landslide
6.9,80.3,2023-01,187.1,96.1,23.0,10.5,186.2,18.2,sandy,15.0,0.83,Landslide
7.1,80.05,2023-10,618.4,98.1,25.4,12.5,41.6,6.9,loam,2.22,0.6,Flood
7.025,79.975,2025-01,343.7,97.1,25.4,13.1,18.0,0.9,loam,1.76,0.56,Flood
6.95,79.875,2023-07,250.1,92.9,26.9,21.0,39.8,2.5,loam,2.78,0.57,Flood
7.05,79.975,2023-11,509.4,99.5,25.4,9.8,7.1,1.2,clay,3.72,0.59,Warning
7.15,79.925,2025-04,234.9,98.1,26.7,13.5,12.6,0.5,clay,15.0,0.62,Warning
7.075,80.225,2024-02,25.7,94.4,26.3,14.4,87.8,9.6,sandy,3.92,0.57,No Risk
7.05,79.9,2024-02,42.5,91.5,27.7,17.9,18.4,1.2,clay,8.45,0.42,No Risk
6.925,79.95,2025-03,189.7,98.4,26.7,10.4,7.2,0.3,clay,6.21,0.56,Warning
7.1,79.85,2025-02,34.8,91.8,27.3,17.8,19.7,1.6,clay,15.0,0.44,No Risk
6.975,79.875,2024-02,43.3,91.7,27.6,17.6,28.7,5.1,sandy,3.92,0.43,No Risk
7.1,80.275,2023-11,614.2,98.9,25.4,10.5,138.0,32.2,loam,6.0,0.83,Landslide
7.125,80.05,2023-05,231.4,96.8,26.8,14.6,50.3,6.3,loam,4.33,0.69,Warning
6.925,79.85,2024-02,38.3,92.8,27.5,17.0,24.7,3.2,clay,2.29,0.44,Warning
7.075,80.0,2024-02,26.6,92.4,28.0,16.2,89.4,13.9,loam,3.55,0.55,No Risk
6.975,80.075,2024-10,437.2,97.4,25.8,13.6,57.2,4.9,clay,10.32,0.68,Warning
6.95,79.925,2024-04,175.5,95.9,28.2,14.8,29.7,6.4,clay,2.77,0.66,Flood
6.9,80.15,2024-10,509.7,97.0,25.5,13.9,132.2,24.6,loam,15.0,0.78,Landslide
6.925,79.85,2023-08,159.0,92.9,27.0,19.8,24.7,3.2,clay,2.29,0.59,Flood
7.05,80.175,2023-10,578.0,97.5,24.9,13.3,121.1,17.9,sandy,6.21,0.84,Landslide
6.9,80.175,2023-01,129.3,96.5,24.2,11.6,105.0,17.4,loam,15.0,0.79,Landslide
7.125,80.1,2023-08,87.5,95.4,26.4,17.7,39.1,1.8,loam,1.24,0.6,Flood
6.975,80.1,2024-01,200.0,95.7,25.8,11.7,59.2,7.7,sandy,12.17,0.71,Warning
7.125,80.225,2024-02,22.4,92.2,26.2,15.9,101.5,18.6,clay,0.78,0.63,No Risk
6.95,80.125,2024-07,303.0,97.5,26.1,15.9,28.9,5.4,clay,15.0,0.65,Warning
6.95,80.325,2023-01,187.1,96.1,23.6,10.5,174.0,30.3,sandy,15.0,0.78,Landslide
7.025,80.225,2023-08,156.5,95.0,26.2,15.9,137.7,19.0,sandy,8.78,0.83,Landslide
6.925,80.125,2023-06,341.0,97.5,25.8,14.8,34.1,5.4,loam,15.0,0.61,Warning
7.0,80.225,2023-07,344.0,95.8,25.7,15.3,93.3,10.0,sandy,11.44,0.75,Warning
7.15,80.025,2024-12,154.0,97.9,25.6,12.9,44.0,2.2,loam,8.25,0.64,Warning
7.1,80.025,2024-02,29.4,91.1,28.1,17.2,59.1,4.2,loam,3.55,0.49,No Risk
7.1,80.2,2025-02,34.0,96.7,26.2,14.3,88.8,13.2,loam,0.0,0.53,No Risk
7.125,80.1,2024-02,25.3,91.0,27.8,17.2,39.1,1.8,loam,1.24,0.4,No Risk
6.9,80.15,2023-12,462.6,98.5,25.3,12.0,132.2,24.6,loam,15.0,0.81,Landslide
7.05,79.85,2023-12,366.3,95.8,26.0,16.1,7.3,1.1,clay,11.8,0.59,Warning
6.95,79.9,2024-11,352.5,96.4,25.8,15.1,20.5,4.8,loam,0.0,0.63,Flood
6.925,80.35,2025-05,369.2,99.0,24.6,11.4,196.5,16.3,sandy,15.0,0.79,Landslide
7.075,80.075,2024-02,27.7,91.4,28.1,16.4,71.6,10.1,clay,2.83,0.47,No Risk
7.15,79.95,2024-04,205.5,98.7,28.0,12.8,35.5,5.1,loam,13.55,0.62,Warning
7.075,80.375,2024-01,258.4,97.1,22.1,9.0,115.1,6.0,sandy,15.0,0.82,Warning
7.025,80.275,2023-12,518.7,98.1,25.1,10.9,190.6,30.0,sandy,11.77,0.78,Landslide
6.95,80.1,2023-08,155.9,96.5,26.2,17.3,68.6,15.4,clay,14.21,0.73,Landslide
7.125,80.3,2024-06,323.3,95.3,25.7,17.9,121.9,24.6,sandy,5.9,0.84,Landslide
7.0,79.925,2024-11,387.8,96.9,25.6,15.2,3.0,2.2,clay,2.29,0.59,Flood
7.0,79.85,2024-04,173.6,96.5,28.2,14.5,13.7,1.6,loam,7.85,0.62,Warning
7.025,80.05,2023-02,110.2,97.1,25.6,13.2,34.0,3.7,loam,4.33,0.65,Warning
6.975,79.95,2023-08,136.4,95.8,26.7,17.6,19.8,1.1,clay,2.29,0.54,Flood
7.05,79.85,2024-02,42.5,91.1,27.7,18.1,7.3,1.1,clay,11.8,0.41,No Risk
6.925,79.95,2024-07,363.2,96.3,26.7,16.3,7.2,0.3,clay,6.21,0.6,Warning
7.1,80.075,2024-04,223.9,98.3,28.1,12.4,92.3,13.0,clay,0.55,0.66,Warning
7.05,80.175,2024-02,33.7,93.6,27.4,15.4,121.1,17.9,sandy,6.21,0.6,No Risk
7.025,80.15,2025-01,350.2,98.2,25.0,12.7,108.4,8.3,loam,10.01,0.78,Warning
6.9,80.325,2023-12,546.1,96.5,24.2,10.2,190.9,31.7,sandy,15.0,0.77,Landslide
7.025,79.95,2023-05,247.9,96.5,26.9,15.0,14.2,1.5,clay,2.99,0.56,Flood
6.975,80.375,2024-12,125.4,97.7,20.7,9.7,153.1,24.6,sandy,15.0,0.8,Landslide
7.1,80.2,2023-01,136.7,92.2,24.5,14.8,88.8,13.2,loam,0.0,0.7,Warning
7.1,80.025,2024-12,154.0,97.9,25.6,12.9,59.1,4.2,loam,3.55,0.61,Warning
7.0,79.95,2024-03,122.7,96.8,28.0,14.8,31.8,5.9,clay,1.11,0.64,Flood
7.075,79.9,2023-08,109.1,92.5,27.0,19.9,28.5,5.2,clay,10.66,0.6,Warning
6.95,80.175,2024-10,570.2,96.0,25.5,12.8,117.2,19.0,loam,15.0,0.82,Landslide
6.9,80.15,2024-06,403.3,96.8,26.0,17.1,132.2,24.6,loam,15.0,0.83,Landslide
6.95,79.875,2023-07,259.9,93.0,26.9,21.1,39.8,2.5,loam,2.78,0.57,Flood
7.025,79.975,2024-03,108.0,96.9,28.1,15.2,18.0,0.9,loam,1.76,0.59,Flood
7.05,80.275,2023-07,363.1,94.3,25.4,15.0,201.8,19.8,loam,10.01,0.81,Landslide
7.0,80.075,2024-02,36.7,93.6,27.7,15.1,52.6,1.6,sandy,8.25,0.54,No Risk
6.9,79.975,2023-03,185.9,98.2,26.2,11.0,23.2,3.9,loam,10.01,0.62,Warning
6.95,80.175,2024-04,193.3,96.3,27.9,13.3,117.2,19.0,loam,15.0,0.76,Landslide
7.0,80.3,2024-03,86.9,93.6,27.8,14.1,223.5,30.2,loam,15.0,0.77,Landslide
7.075,80.1,2024-02,26.7,91.3,27.8,16.4,32.2,3.5,clay,3.55,0.41,No Risk
6.9,80.2,2023-02,114.0,97.6,25.2,11.6,74.7,8.5,sandy,15.0,0.73,Warning
7.075,80.25,2024-02,25.2,94.4,27.5,14.1,117.6,18.7,sandy,6.21,0.52,No Risk
7.025,80.075,2023-06,329.7,97.9,26.2,15.7,77.9,17.8,loam,6.71,0.72,Landslide
7.125,80.225,2023-10,494.3,97.6,23.9,13.8,101.5,18.6,clay,0.78,0.7,Landslide
7.05,80.15,2023-07,301.7,96.6,25.9,16.4,133.4,17.5,loam,7.85,0.8,Landslide
7.025,80.175,2023-10,680.7,97.5,25.0,12.8,132.6,16.4,loam,8.78,0.83,Landslide
7.025,79.9,2024-12,133.7,94.9,26.4,14.1,21.7,7.3,loam,6.0,0.59,Warning
7.075,80.25,2023-11,614.2,98.9,25.3,10.5,117.6,18.7,sandy,6.21,0.79,Landslide
6.925,80.175,2024-05,800.1,96.8,26.8,14.9,65.1,18.1,loam,15.0,0.71,Landslide
6.925,79.9,2023-10,561.2,96.6,25.6,14.8,11.6,0.4,clay,2.78,0.59,Flood
7.125,80.25,2025-01,299.1,97.5,23.9,13.1,183.4,27.4,sandy,2.29,0.82,Landslide
7.15,80.025,2023-10,597.0,98.2,25.3,12.8,44.0,2.2,loam,8.25,0.61,Warning
7.1,80.175,2024-02,18.9,91.9,27.4,16.4,146.2,35.3,loam,2.78,0.62,No Risk
6.975,79.925,2024-01,125.3,93.7,26.0,15.0,14.6,0.6,clay,0.78,0.61,Flood
6.925,79.9,2023-09,551.9,95.0,26.0,19.3,11.6,0.4,clay,2.78,0.63,Flood
6.925,80.025,2024-03,128.0,97.2,27.9,14.9,52.5,3.1,clay,11.02,0.7,Warning
7.05,79.925,2023-12,366.3,95.8,25.9,16.1,35.5,6.6,clay,6.77,0.58,Warning
6.9,79.9,2024-09,310.4,92.9,27.0,20.0,18.9,1.4,clay,4.0,0.58,Warning
6.975,80.125,2024-03,105.1,95.0,28.1,16.4,37.5,4.8,clay,14.32,0.6,Warning
6.9,79.875,2024-08,337.8,92.7,26.8,19.2,17.2,0.3,clay,2.29,0.58,Flood
7.125,79.9,2024-02,26.3,90.5,27.7,18.0,29.0,5.3,clay,15.0,0.39,No Risk
6.95,80.325,2024-02,42.4,94.3,26.4,12.3,174.0,30.3,sandy,15.0,0.57,No Risk
7.1,80.05,2024-02,27.5,91.4,28.1,16.6,41.6,6.9,loam,2.22,0.46,No Risk
6.925,79.875,2023-03,145.6,96.0,26.4,13.2,16.7,1.3,loam,0.78,0.61,Flood
6.925,79.975,2023-06,421.5,96.8,26.4,16.7,9.3,0.8,clay,7.89,0.56,Warning
6.975,80.15,2024-06,417.7,96.6,26.1,16.7,94.7,8.2,loam,14.94,0.71,Warning
7.05,80.075,2023-07,278.9,96.1,26.3,16.8,48.9,3.6,loam,4.33,0.61,Warning
7.05,79.9,2023-12,366.3,95.8,25.9,16.1,18.4,1.2,clay,8.45,0.6,Warning
7.05,80.05,2023-10,614.7,98.0,25.4,12.7,22.4,3.7,loam,3.33,0.57,Flood
7.125,80.2,2025-02,42.0,96.0,26.1,14.5,92.0,7.0,sandy,2.78,0.59,No Risk
6.95,80.2,2024-02,39.4,96.1,27.1,12.6,66.3,6.2,loam,15.0,0.49,No Risk
7.025,80.225,2023-07,344.0,95.8,25.7,15.3,137.7,19.0,sandy,8.78,0.81,Landslide
7.0,80.025,2024-02,36.4,94.0,27.7,15.0,80.3,6.7,sandy,4.47,0.54,No Risk
7.125,80.3,2023-09,470.1,95.7,24.6,18.0,121.9,24.6,sandy,5.9,0.8,Landslide
6.9,80.2,2024-07,353.9,96.5,26.1,14.3,74.7,8.5,sandy,15.0,0.69,Warning
6.9,80.175,2024-04,193.3,96.3,27.9,13.3,105.0,17.4,loam,15.0,0.75,Landslide
7.075,80.075,2024-02,27.7,91.2,28.0,16.6,71.6,10.1,clay,2.83,0.47,No Risk
6.9,79.85,2024-05,656.3,95.1,27.8,20.1,8.8,0.6,clay,3.14,0.56,Flood
7.075,80.325,2024-02,27.8,94.4,25.7,12.9,99.7,18.4,sandy,11.88,0.53,No Risk
7.05,80.15,2025-01,281.8,97.5,25.1,14.9,133.4,17.5,loam,7.85,0.82,Landslide
7.0,79.95,2023-05,237.5,96.6,26.9,14.8,31.8,5.9,clay,1.11,0.69,Flood
6.975,80.3,2023-09,709.1,95.5,24.7,15.8,228.2,18.0,loam,15.0,0.79,Landslide
7.025,79.975,2024-07,351.5,96.3,26.8,16.4,18.0,0.9,loam,1.76,0.58,Flood
6.925,79.875,2025-05,285.6,94.1,27.8,18.2,16.7,1.3,loam,0.78,0.58,Flood
6.975,79.925,2024-04,166.5,96.6,28.2,14.3,14.6,0.6,clay,0.78,0.58,Flood
7.025,80.1,2024-02,42.4,94.3,27.5,14.2,79.7,8.2,loam,8.25,0.61,No Risk
7.125,80.1,2024-01,152.2,94.0,25.8,14.0,39.1,1.8,loam,1.24,0.58,Flood
6.95,80.0,2023-10,657.4,98.0,25.4,12.9,15.8,1.9,clay,7.11,0.59,Warning
7.025,79.95,2025-04,216.4,97.8,26.9,12.3,14.2,1.5,clay,2.99,0.57,Flood
7.1,80.05,2024-05,707.3,97.6,27.1,15.5,41.6,6.9,loam,2.22,0.62,Flood
6.975,79.925,2023-11,450.7,97.7,25.6,11.8,14.6,0.6,clay,0.78,0.6,Flood
7.025,79.95,2024-11,429.4,98.9,25.4,12.6,14.2,1.5,clay,2.99,0.58,Flood
7.05,79.85,2023-08,109.1,92.5,27.1,19.9,7.3,1.1,clay,11.8,0.56,Warning
7.125,80.025,2024-02,29.2,91.1,28.1,17.2,86.7,12.3,loam,5.71,0.53,No Risk
7.1,80.325,2025-05,303.7,98.1,25.8,13.5,154.6,24.9,loam,9.82,0.78,Landslide
7.05,80.05,2024-02,27.8,91.2,28.1,16.7,22.4,3.7,loam,3.33,0.36,No Risk
7.125,79.9,2025-04,221.3,95.7,27.0,15.2,29.0,5.3,clay,15.0,0.65,Warning
6.975,79.875,2024-02,43.2,91.9,27.7,17.6,28.7,5.1,sandy,3.92,0.43,No Risk
7.075,80.05,2025-03,197.9,98.1,26.5,11.9,38.7,7.9,clay,0.55,0.66,Flood
7.15,79.875,2024-02,26.8,90.3,27.8,18.0,5.4,2.0,loam,15.0,0.32,No Risk
7.125,79.975,2023-01,122.5,90.8,25.1,16.6,15.6,2.2,loam,9.71,0.6,Warning
6.975,80.225,2023-07,344.0,95.8,25.7,15.3,118.1,16.4,sandy,14.15,0.83,Landslide
7.125,80.1,2023-05,229.9,96.1,26.6,14.5,39.1,1.8,loam,1.24,0.67,Flood
7.075,80.125,2024-02,26.9,91.4,27.8,16.3,86.3,10.8,sandy,5.27,0.54,No Risk
6.975,80.3,2023-07,401.1,94.6,25.5,14.0,228.2,18.0,loam,15.0,0.81,Landslide
7.125,80.275,2025-02,41.8,96.5,25.9,13.5,199.1,34.9,sandy,4.23,0.66,No Risk
7.075,79.95,2023-11,509.4,99.5,25.4,9.8,17.2,0.3,loam,7.55,0.61,Warning
7.1,80.025,2025-02,44.1,95.4,27.1,15.5,59.1,4.2,loam,3.55,0.49,No Risk
6.9,80.25,2023-01,187.1,96.1,24.0,10.5,113.0,8.2,sandy,15.0,0.76,Warning
6.9,79.975,2024-07,363.2,96.3,26.7,16.3,23.2,3.9,loam,10.01,0.59,Warning
7.15,79.875,2025-02,34.1,91.7,27.3,17.8,5.4,2.0,loam,15.0,0.43,No Risk
7.1,80.125,2024-02,26.8,91.5,27.9,16.2,71.0,11.4,loam,2.78,0.53,No Risk
6.9,79.85,2023-03,144.4,96.0,26.5,13.3,8.8,0.6,clay,3.14,0.55,Flood
6.975,79.875,2024-02,43.6,91.9,27.7,17.7,28.7,5.1,sandy,3.92,0.43,No Risk
7.0,79.925,2024-07,310.3,93.6,27.1,19.3,3.0,2.2,clay,2.29,0.61,Flood
6.9,80.05,2023-10,593.4,97.9,25.2,12.8,22.1,5.5,clay,14.89,0.61,Warning
6.975,79.925,2023-09,545.4,95.2,26.0,19.9,14.6,0.6,clay,0.78,0.54,Flood
7.125,80.375,2023-06,240.5,94.6,25.0,15.3,175.1,24.7,sandy,11.88,0.81,Landslide
7.0,80.3,2023-11,620.6,98.7,24.8,10.2,223.5,30.2,loam,15.0,0.75,Landslide
7.125,80.25,2023-03,146.7,95.4,25.1,12.1,183.4,27.4,sandy,2.29,0.8,Landslide
6.925,80.075,2023-02,124.2,98.1,25.3,12.8,23.4,3.6,clay,14.15,0.65,Warning
7.1,80.225,2023-04,160.9,96.7,26.6,11.7,125.1,18.9,loam,2.77,0.82,Landslide
7.075,79.875,2024-02,42.3,91.2,27.8,17.7,9.5,1.1,clay,12.18,0.47,No Risk
7.1,80.05,2023-07,284.8,96.2,26.3,16.9,41.6,6.9,loam,2.22,0.61,Flood
6.9,80.2,2024-02,39.5,96.2,27.1,12.6,74.7,8.5,sandy,15.0,0.57,No Risk
7.075,80.15,2024-12,142.8,97.5,25.4,13.1,81.5,10.9,loam,6.21,0.71,Warning
6.975,80.175,2023-03,164.0,97.5,25.8,10.3,78.0,16.1,sandy,14.15,0.7,Landslide
7.15,79.975,2024-12,160.5,98.0,25.7,13.1,28.4,6.7,clay,11.39,0.55,Warning
6.975,79.95,2023-09,570.7,96.6,25.6,17.0,19.8,1.1,clay,2.29,0.58,Flood
7.075,79.85,2024-04,180.0,96.2,28.2,14.5,25.8,2.4,loam,13.79,0.59,Warning
7.1,80.0,2025-01,305.5,96.5,25.4,14.5,72.7,8.6,loam,5.98,0.67,Warning
7.075,79.95,2024-12,148.9,98.1,25.8,12.6,17.2,0.3,loam,7.55,0.61,Warning
7.025,80.3,2023-05,254.7,94.5,26.1,12.0,203.1,17.9,loam,13.87,0.76,Landslide
7.125,80.025,2025-02,43.1,95.2,27.0,15.6,86.7,12.3,loam,5.71,0.55,No Risk
7.125,80.175,2024-10,471.7,96.6,25.3,13.7,116.2,10.0,loam,3.92,0.81,Warning
6.95,80.25,2025-01,333.7,99.2,24.0,9.0,182.1,27.5,sandy,15.0,0.8,Landslide
7.0,79.925,2024-12,122.8,94.9,26.4,14.2,3.0,2.2,clay,2.29,0.53,Flood
6.95,80.075,2024-01,197.5,96.7,25.9,11.3,54.5,2.1,loam,12.22,0.66,Warning
7.0,80.25,2024-02,46.5,94.6,26.7,12.3,127.9,31.1,loam,12.41,0.64,Warning
6.925,80.0,2024-02,37.8,95.2,27.5,14.8,60.1,18.3,loam,9.44,0.51,No Risk
7.125,80.325,2023-06,240.5,94.6,26.1,15.3,114.8,10.7,loam,8.19,0.77,Warning
6.9,79.875,2024-01,139.8,94.4,26.0,14.1,17.2,0.3,clay,2.29,0.61,Flood
6.95,79.875,2024-01,130.2,94.1,26.0,14.2,39.8,2.5,loam,2.78,0.62,Flood
6.975,79.95,2024-03,111.6,96.8,28.1,15.0,19.8,1.1,clay,2.29,0.61,Flood
6.925,79.95,2024-02,37.5,95.3,27.5,14.7,7.2,0.3,clay,6.21,0.43,Warning
7.1,80.35,2023-10,466.4,97.4,25.3,13.5,104.3,12.9,sandy,12.01,0.73,Warning
6.95,80.05,2023-01,146.5,93.9,24.8,13.6,79.7,18.7,loam,10.23,0.7,Landslide
7.025,79.925,2025-02,47.3,92.0,27.4,15.4,7.6,1.0,clay,4.77,0.46,Warning
7.075,79.875,2024-11,386.9,97.2,25.6,15.8,9.5,1.1,clay,12.18,0.56,Warning
7.05,80.175,2024-03,71.0,94.7,28.0,16.1,121.1,17.9,sandy,6.21,0.7,Warning
7.1,80.075,2024-02,27.6,91.4,28.1,16.7,92.3,13.0,clay,0.55,0.58,No Risk
6.95,79.9,2024-01,134.8,94.3,26.0,13.8,20.5,4.8,loam,0.0,0.6,Flood
7.025,79.925,2024-04,173.6,96.4,28.2,14.5,7.6,1.0,clay,4.77,0.53,Warning
6.925,80.0,2023-08,158.9,95.7,26.7,17.6,60.1,18.3,loam,9.44,0.69,Landslide
6.95,79.95,2023-12,449.5,98.6,25.7,12.9,10.8,0.5,clay,4.0,0.53,Warning
6.95,79.925,2024-08,334.0,92.8,26.8,19.1,29.7,6.4,clay,2.77,0.64,Flood
6.975,80.05,2023-03,194.3,98.4,26.2,10.3,76.5,13.7,loam,8.33,0.69,Warning
7.1,80.325,2024-05,809.0,97.3,26.6,15.0,154.6,24.9,loam,9.82,0.76,Landslide
6.95,80.15,2024-03,113.7,95.5,28.0,16.3,110.9,14.4,sandy,15.0,0.84,Warning
7.125,79.975,2023-05,248.7,96.1,27.0,15.3,15.6,2.2,loam,9.71,0.57,Warning
6.9,80.35,2025-05,369.2,99.0,24.6,11.4,121.1,24.6,loam,15.0,0.85,Landslide
6.9,80.175,2024-11,482.2,98.3,25.0,12.6,105.0,17.4,loam,15.0,0.71,Landslide
7.15,79.85,2025-03,152.8,96.4,26.7,12.8,3.2,1.5,clay,15.0,0.55,Warning
6.925,80.05,2024-01,197.5,96.7,25.9,11.3,82.3,7.8,loam,12.47,0.71,Warning
7.025,80.15,2025-04,282.7,98.3,25.9,12.8,108.4,8.3,loam,10.01,0.75,Warning
7.05,80.225,2024-11,508.6,98.5,24.8,12.8,90.0,17.9,sandy,6.21,0.7,Landslide
6.925,80.3,2024-08,484.2,94.0,25.6,14.1,197.1,18.5,loam,15.0,0.81,Landslide
7.1,80.125,2025-02,51.4,95.6,26.4,15.1,71.0,11.4,loam,2.78,0.6,Warning
7.05,80.2,2023-11,568.6,98.8,23.7,10.6,99.8,17.4,sandy,5.55,0.75,Landslide
7.1,79.925,2025-04,234.9,98.1,26.7,13.5,4.3,0.6,clay,11.44,0.55,Warning
7.1,80.05,2024-10,415.5,97.4,25.8,13.3,41.6,6.9,loam,2.22,0.63,Flood
6.975,80.025,2024-02,36.2,93.7,27.7,15.0,70.2,12.1,sandy,6.33,0.59,No Risk
7.075,80.375,2023-04,211.3,96.5,22.9,10.0,115.1,6.0,sandy,15.0,0.83,Warning
6.9,80.225,2024-10,570.2,96.0,25.5,12.8,111.9,8.1,sandy,15.0,0.74,Warning
7.05,80.325,2024-02,25.7,94.4,26.9,14.2,217.1,18.9,sandy,13.79,0.66,No Risk
7.1,79.9,2024-02,42.3,91.2,27.7,17.8,20.9,6.5,clay,12.94,0.51,No Risk
6.975,79.875,2023-08,131.6,92.9,27.0,19.9,28.7,5.1,sandy,3.92,0.6,Warning
7.1,80.075,2023-08,119.1,96.0,26.6,17.1,92.3,13.0,clay,0.55,0.69,Warning
6.925,79.875,2024-11,354.2,96.4,25.8,15.1,16.7,1.3,loam,0.78,0.59,Flood
7.05,80.1,2024-02,27.7,91.4,27.9,16.4,43.6,5.2,clay,5.98,0.44,No Risk
7.15,79.975,2023-01,122.5,90.8,25.1,16.6,28.4,6.7,clay,11.39,0.62,Warning
6.95,80.075,2024-02,38.3,96.2,27.2,13.1,54.5,2.1,loam,12.22,0.52,No Risk
7.15,79.925,2024-10,413.1,97.1,25.9,14.2,12.6,0.5,clay,15.0,0.55,Warning
6.975,79.875,2023-11,450.5,97.7,25.5,11.9,28.7,5.1,sandy,3.92,0.66,Warning
7.1,80.3,2023-11,652.5,98.5,24.1,10.3,227.7,27.9,loam,8.0,0.81,Landslide
6.925,79.875,2024-04,170.1,96.2,28.2,14.8,16.7,1.3,loam,0.78,0.56,Flood
7.15,80.025,2025-04,260.0,98.2,26.4,13.1,44.0,2.2,loam,8.25,0.7,Warning
7.0,79.975,2024-02,32.2,93.4,27.8,15.5,9.0,0.5,clay,1.67,0.41,Warning
6.9,79.85,2023-05,240.2,94.8,27.4,17.1,8.8,0.6,clay,3.14,0.54,Flood
7.1,80.0,2024-02,26.6,92.1,28.0,16.2,72.7,8.6,loam,5.98,0.57,No Risk
7.05,80.275,2025-05,303.7,98.0,25.6,13.5,201.8,19.8,loam,10.01,0.78,Landslide
7.05,80.1,2024-09,350.6,97.6,25.9,16.8,43.6,5.2,clay,5.98,0.57,Warning
6.95,80.35,2025-05,369.2,99.0,24.6,11.4,144.3,16.2,loam,15.0,0.79,Landslide
7.125,80.375,2024-02,26.6,91.8,26.3,15.8,175.1,24.7,sandy,11.88,0.58,No Risk
7.075,79.85,2024-08,275.8,92.6,26.8,20.0,25.8,2.4,loam,13.79,0.64,Warning
6.975,80.35,2023-01,193.5,94.0,23.0,9.9,187.8,28.4,loam,15.0,0.79,Landslide
6.975,79.925,2023-04,165.6,97.9,27.0,14.2,14.6,0.6,clay,0.78,0.6,Flood
7.0,80.25,2024-09,383.8,95.3,25.5,13.8,127.9,31.1,loam,12.41,0.81,Landslide
7.125,79.875,2023-07,188.6,92.0,26.9,21.3,3.0,2.0,clay,15.0,0.55,Warning
7.025,80.2,2023-08,156.5,95.0,25.5,15.9,123.8,29.9,sandy,8.32,0.76,Landslide
6.925,80.025,2023-05,272.0,97.6,26.4,13.6,52.5,3.1,clay,11.02,0.65,Warning
6.9,80.3,2024-09,417.6,95.1,24.6,12.8,186.2,18.2,sandy,15.0,0.79,Landslide
7.025,80.3,2024-01,236.9,96.2,25.3,9.9,203.1,17.9,loam,13.87,0.85,Landslide
7.05,80.15,2023-12,434.2,97.2,25.5,13.6,133.4,17.5,loam,7.85,0.76,Landslide
7.025,80.25,2025-02,51.2,96.7,25.9,12.5,95.1,18.9,sandy,10.01,0.63,Warning
7.125,80.225,2025-02,42.1,96.5,25.1,13.6,101.5,18.6,clay,0.78,0.59,No Risk
7.125,80.125,2024-03,71.2,93.6,28.3,16.3,79.8,17.8,sandy,1.76,0.65,Warning
6.95,79.875,2025-04,167.3,94.9,27.4,13.3,39.8,2.5,loam,2.78,0.63,Flood
7.125,79.85,2024-02,26.5,90.4,27.8,18.2,6.1,0.5,clay,15.0,0.37,No Risk
7.025,79.975,2023-01,112.7,91.5,25.2,14.8,18.0,0.9,loam,1.76,0.56,Flood
7.0,80.2,2023-07,344.0,95.8,25.7,15.3,62.8,13.7,sandy,11.1,0.71,Warning
6.975,80.375,2023-07,362.0,97.1,21.1,12.6,153.1,24.6,sandy,15.0,0.79,Landslide
7.125,79.875,2023-02,96.0,94.3,25.7,16.7,3.0,2.0,clay,15.0,0.54,Warning
6.925,80.2,2023-05,254.9,95.5,26.4,12.5,95.2,12.3,loam,15.0,0.73,Warning
6.975,79.875,2024-06,326.9,93.5,27.0,21.4,28.7,5.1,sandy,3.92,0.65,Warning
6.975,80.375,2023-08,173.5,96.6,21.4,13.4,153.1,24.6,sandy,15.0,0.8,Landslide
7.15,79.9,2024-02,26.1,90.4,27.8,18.1,7.8,0.8,clay,15.0,0.41,No Risk
7.15,79.95,2025-05,256.8,97.1,27.3,17.7,35.5,5.1,loam,13.55,0.67,Warning
6.9,80.05,2023-06,360.3,98.4,25.9,15.7,22.1,5.5,clay,14.89,0.62,Warning
7.075,80.225,2024-05,809.0,97.3,25.8,15.0,87.8,9.6,sandy,3.92,0.77,Warning
7.15,79.925,2024-01,163.8,94.8,26.1,14.7,12.6,0.5,clay,15.0,0.59,Warning
6.925,80.275,2023-03,198.0,95.8,25.5,9.9,193.9,32.8,loam,15.0,0.77,Landslide
7.125,79.975,2024-03,73.7,96.7,28.2,15.4,15.6,2.2,loam,9.71,0.45,Warning
7.1,80.35,2024-02,27.4,91.8,27.4,15.8,104.3,12.9,sandy,12.01,0.57,No Risk
7.05,80.2,2025-02,33.2,96.6,24.9,14.2,99.8,17.4,sandy,5.55,0.58,No Risk
7.1,80.25,2025-02,42.4,96.8,25.9,13.7,182.6,19.8,loam,4.0,0.69,No Risk
7.15,79.875,2024-02,27.6,90.3,27.8,18.2,5.4,2.0,loam,15.0,0.32,No Risk
7.0,79.95,2023-10,627.0,98.3,25.4,12.7,31.8,5.9,clay,1.11,0.63,Flood
7.1,80.175,2025-02,42.0,96.0,26.1,14.5,146.2,35.3,loam,2.78,0.65,No Risk
7.1,80.325,2023-02,96.5,96.6,25.2,11.3,154.6,24.9,loam,9.82,0.85,Landslide
6.95,80.15,2024-02,38.7,96.3,27.1,12.8,110.9,14.4,sandy,15.0,0.65,No Risk
7.125,80.15,2023-08,94.1,94.5,26.3,17.6,153.9,18.9,loam,2.99,0.78,Landslide
7.125,79.975,2024-09,309.9,96.3,26.6,18.2,15.6,2.2,loam,9.71,0.54,Warning
7.0,80.2,2024-09,346.2,96.6,25.7,15.0,62.8,13.7,sandy,11.1,0.68,Warning
6.95,80.275,2024-02,42.9,94.3,26.7,12.3,186.9,15.9,sandy,15.0,0.68,No Risk
6.925,79.875,2025-05,274.6,94.1,27.8,18.0,16.7,1.3,loam,0.78,0.58,Flood
7.1,80.2,2024-03,71.0,94.7,28.0,16.1,88.8,13.2,loam,0.0,0.68,Warning
6.925,80.25,2024-02,42.4,94.4,26.7,12.2,228.8,33.0,sandy,15.0,0.64,No Risk
6.95,79.9,2023-07,260.7,92.9,26.9,21.0,20.5,4.8,loam,0.0,0.6,Flood
7.125,80.3,2025-02,43.1,96.6,25.9,13.7,121.9,24.6,sandy,5.9,0.68,No Risk
7.05,79.925,2023-05,224.2,95.1,27.3,17.6,35.5,6.6,clay,6.77,0.63,Warning
7.0,80.35,2023-07,355.6,94.6,25.5,13.2,193.9,27.8,loam,15.0,0.79,Landslide
7.05,80.175,2025-02,33.6,96.6,26.0,14.2,121.1,17.9,sandy,6.21,0.62,No Risk
7.125,79.875,2024-07,257.9,93.1,27.1,20.2,3.0,2.0,clay,15.0,0.52,Warning
7.05,80.05,2024-02,27.6,91.4,28.1,16.6,22.4,3.7,loam,3.33,0.36,No Risk
7.025,79.925,2023-11,450.5,97.7,25.5,11.9,7.6,1.0,clay,4.77,0.58,Warning
7.025,79.875,2023-11,450.5,97.7,25.5,11.9,22.2,5.8,clay,7.89,0.56,Warning
6.95,80.3,2025-05,411.5,98.9,25.6,11.3,238.9,30.8,sandy,15.0,0.82,Landslide
7.1,80.225,2023-10,578.0,97.5,24.9,13.3,125.1,18.9,loam,2.77,0.76,Landslide
6.9,80.35,2024-02,61.8,92.0,25.2,10.8,121.1,24.6,loam,15.0,0.66,Landslide
7.0,79.975,2025-05,276.5,96.8,27.2,15.9,9.0,0.5,clay,1.67,0.59,Flood
7.05,80.1,2024-08,298.8,95.7,25.9,16.5,43.6,5.2,clay,5.98,0.6,Warning
6.9,80.325,2023-10,742.6,96.9,23.9,11.8,190.9,31.7,sandy,15.0,0.85,Landslide
7.025,79.875,2024-02,43.5,91.7,27.6,17.6,22.2,5.8,clay,7.89,0.47,No Risk
6.95,79.9,2024-05,657.4,95.1,27.7,20.1,20.5,4.8,loam,0.0,0.57,Flood
6.9,80.05,2023-12,496.5,98.8,25.5,12.2,22.1,5.5,clay,14.89,0.56,Warning
7.1,80.125,2024-01,188.3,94.5,25.9,13.1,71.0,11.4,loam,2.78,0.72,Warning
7.05,80.375,2023-01,132.4,94.5,19.0,9.9,212.7,17.2,sandy,15.0,0.79,Landslide
7.05,80.05,2024-04,224.0,98.2,28.2,12.7,22.4,3.7,loam,3.33,0.55,Flood
6.9,80.175,2025-05,299.0,98.2,26.1,12.9,105.0,17.4,loam,15.0,0.76,Landslide
6.95,79.975,2024-10,460.2,97.1,25.9,14.4,33.0,1.8,clay,5.79,0.62,Warning
6.9,80.075,2023-01,146.5,93.9,24.8,13.6,48.0,3.8,clay,15.0,0.64,Warning
7.025,79.95,2024-07,367.8,96.3,26.8,16.7,14.2,1.5,clay,2.99,0.59,Flood
7.1,80.025,2025-02,43.3,95.3,27.0,15.6,59.1,4.2,loam,3.55,0.49,No Risk
6.95,80.2,2023-08,160.0,95.5,26.2,15.7,66.3,6.2,loam,15.0,0.71,Warning
6.95,80.225,2024-03,86.6,94.1,28.3,16.4,67.0,14.3,loam,15.0,0.65,Warning
7.125,80.025,2025-02,42.9,95.1,27.0,15.6,86.7,12.3,loam,5.71,0.55,No Risk
7.075,80.25,2023-01,148.1,93.7,24.7,13.4,117.6,18.7,sandy,6.21,0.79,Landslide
7.125,80.025,2024-06,363.0,96.6,26.4,17.9,86.7,12.3,loam,5.71,0.63,Warning
6.975,80.35,2023-03,204.5,95.7,24.4,9.5,187.8,28.4,loam,15.0,0.77,Landslide
6.925,79.85,2023-05,244.7,94.6,27.3,16.8,24.7,3.2,clay,2.29,0.63,Flood
7.125,80.15,2024-05,711.3,97.5,26.6,16.0,153.9,18.9,loam,2.99,0.76,Landslide
6.975,79.95,2023-08,145.2,95.7,26.6,17.5,19.8,1.1,clay,2.29,0.54,Flood
6.9,80.125,2024-10,509.7,97.0,25.5,13.9,76.5,15.5,sandy,15.0,0.64,Landslide
6.975,79.95,2024-04,232.0,98.7,28.0,12.9,19.8,1.1,clay,2.29,0.6,Flood
6.95,80.125,2023-07,364.4,97.5,25.7,16.7,28.9,5.4,clay,15.0,0.64,Warning
7.075,80.2,2024-02,33.5,93.7,27.3,15.7,99.7,13.8,loam,2.77,0.63,No Risk
6.975,79.95,2025-04,226.1,97.5,26.9,12.4,19.8,1.1,clay,2.29,0.58,Flood
7.125,79.875,2023-12,312.3,95.5,26.0,16.8,3.0,2.0,clay,15.0,0.56,Warning
7.075,79.925,2024-12,129.1,95.1,26.2,14.6,12.8,1.0,loam,9.19,0.56,Warning
7.025,80.3,2024-02,46.5,94.6,26.7,12.3,203.1,17.9,loam,13.87,0.69,Warning
7.0,79.85,2023-05,233.6,95.9,27.4,17.4,13.7,1.6,loam,7.85,0.58,Warning
7.0,80.05,2023-02,110.2,97.1,25.6,13.2,33.9,6.9,sandy,6.47,0.6,Warning
6.95,80.05,2024-04,227.3,98.2,27.7,12.5,79.7,18.7,loam,10.23,0.72,Landslide
6.9,80.0,2024-02,37.0,95.5,27.5,14.8,64.3,14.6,loam,11.8,0.52,No Risk
7.0,80.075,2024-07,324.6,97.3,26.5,15.6,52.6,1.6,sandy,8.25,0.64,Warning
6.925,80.15,2025-03,169.4,98.8,25.9,12.0,109.4,14.2,sandy,15.0,0.73,Warning
6.925,79.875,2025-04,185.7,95.2,27.3,13.5,16.7,1.3,loam,0.78,0.66,Flood
7.075,80.2,2024-12,153.2,97.5,25.3,12.5,99.7,13.8,loam,2.77,0.7,Warning
6.95,80.25,2025-03,163.9,98.9,25.0,10.7,182.1,27.5,sandy,15.0,0.81,Landslide
7.075,79.9,2025-04,221.9,96.0,27.0,14.7,28.5,5.2,clay,10.66,0.55,Warning
7.15,79.975,2025-01,271.0,96.5,25.5,15.8,28.4,6.7,clay,11.39,0.59,Warning
7.05,80.025,2023-07,278.9,96.1,26.3,16.8,87.5,19.3,clay,0.56,0.69,Landslide
7.075,80.325,2024-02,27.5,94.4,25.7,13.0,99.7,18.4,sandy,11.88,0.53,No Risk
6.9,79.975,2023-04,213.5,97.7,26.8,11.7,23.2,3.9,loam,10.01,0.57,Warning
6.9,80.075,2025-01,376.1,98.7,25.0,12.5,48.0,3.8,clay,15.0,0.68,Warning
7.05,80.15,2024-02,26.9,91.4,27.7,16.2,133.4,17.5,loam,7.85,0.6,No Risk
6.9,80.15,2024-04,186.5,96.9,27.7,13.3,132.2,24.6,loam,15.0,0.8,Landslide
7.1,80.075,2023-03,183.6,97.2,26.5,11.5,92.3,13.0,clay,0.55,0.72,Warning
7.125,80.35,2024-02,27.1,91.7,26.3,15.8,158.1,30.1,loam,9.82,0.6,No Risk
7.05,80.05,2023-08,110.5,96.1,26.6,17.0,22.4,3.7,loam,3.33,0.61,Flood
6.95,80.325,2024-02,42.6,94.2,26.3,12.1,174.0,30.3,sandy,15.0,0.57,No Risk
7.075,80.05,2025-04,257.3,98.1,26.5,12.6,38.7,7.9,clay,0.55,0.65,Flood
7.025,79.975,2024-04,229.0,98.7,28.0,12.9,18.0,0.9,loam,1.76,0.59,Flood
7.05,80.375,2023-07,262.9,96.0,20.5,13.9,212.7,17.2,sandy,15.0,0.8,Landslide
6.9,80.05,2023-05,272.0,97.6,26.4,13.6,22.1,5.5,clay,14.89,0.6,Warning
7.125,80.075,2024-02,25.7,90.8,27.8,17.2,72.3,12.6,loam,2.83,0.48,No Risk
7.0,79.85,2023-11,450.5,97.7,25.6,11.9,13.7,1.6,loam,7.85,0.54,Warning
7.025,79.975,2023-09,583.9,96.5,25.6,16.8,18.0,0.9,loam,1.76,0.6,Flood
7.125,79.85,2024-02,26.8,90.5,27.9,18.1,6.1,0.5,clay,15.0,0.37,No Risk
7.1,80.2,2023-10,578.0,97.5,24.9,13.3,88.8,13.2,loam,0.0,0.7,Warning
7.05,80.2,2025-02,33.1,96.7,24.9,14.2,99.8,17.4,sandy,5.55,0.58,No Risk
7.0,80.3,2023-10,687.8,97.6,24.7,12.1,223.5,30.2,loam,15.0,0.81,Landslide
7.0,80.2,2023-02,123.9,97.0,25.3,11.6,62.8,13.7,sandy,11.1,0.74,Warning
6.975,80.0,2024-03,111.6,96.8,28.1,15.0,74.9,18.6,loam,5.12,0.7,Landslide
6.9,80.375,2024-12,151.0,97.7,23.9,10.6,172.8,22.7,sandy,15.0,0.85,Landslide
6.9,80.275,2024-02,43.0,94.2,26.8,12.3,132.8,33.3,sandy,15.0,0.59,No Risk
6.975,80.325,2025-05,347.8,98.9,24.7,11.9,173.5,36.6,sandy,15.0,0.79,Landslide
7.0,79.925,2025-03,137.8,95.4,27.2,12.0,3.0,2.2,clay,2.29,0.55,Flood
6.95,79.9,2023-12,402.0,96.3,25.9,14.8,20.5,4.8,loam,0.0,0.63,Flood
7.05,80.325,2025-04,300.0,98.5,25.5,11.9,217.1,18.9,sandy,13.79,0.77,Landslide
7.05,80.05,2023-04,203.2,97.7,26.9,11.9,22.4,3.7,loam,3.33,0.62,Flood
7.0,79.975,2023-12,413.9,98.2,25.9,13.5,9.0,0.5,clay,1.67,0.54,Flood
6.975,80.2,2024-03,87.3,94.4,28.2,16.3,118.9,8.0,sandy,13.88,0.77,Warning
7.05,80.2,2025-02,32.9,96.6,24.9,14.2,99.8,17.4,sandy,5.55,0.58,No Risk
7.15,80.025,2024-02,29.3,91.2,28.1,17.1,44.0,2.2,loam,8.25,0.46,No Risk
7.025,80.2,2024-12,155.3,97.8,24.6,12.2,123.8,29.9,sandy,8.32,0.82,Landslide
7.1,80.225,2024-11,508.6,98.5,24.8,12.8,125.1,18.9,loam,2.77,0.8,Landslide
7.05,79.875,2025-03,153.9,96.3,26.8,12.5,22.2,6.6,clay,9.88,0.58,Warning
6.975,79.95,2023-07,249.4,95.4,26.6,17.5,19.8,1.1,clay,2.29,0.6,Flood
7.05,80.175,2023-07,326.1,95.4,25.7,15.8,121.1,17.9,sandy,6.21,0.78,Landslide
6.95,80.275,2024-02,43.3,94.2,26.8,12.0,186.9,15.9,sandy,15.0,0.68,No Risk
6.95,80.025,2024-04,227.3,98.2,27.7,12.5,88.4,10.8,loam,8.69,0.71,Warning
6.975,80.25,2024-12,150.5,98.2,25.0,10.9,209.1,35.5,loam,14.94,0.75,Landslide
7.05,79.875,2024-06,301.6,93.6,27.0,21.6,22.2,6.6,clay,9.88,0.58,Warning
6.925,80.35,2024-03,139.7,92.4,26.3,12.4,196.5,16.3,sandy,15.0,0.78,Landslide
7.0,79.925,2024-11,382.9,96.9,25.7,15.2,3.0,2.2,clay,2.29,0.59,Flood
7.0,80.075,2023-05,234.7,97.2,26.7,13.8,52.6,1.6,sandy,8.25,0.65,Warning
7.025,79.875,2024-02,43.3,91.7,27.6,17.7,22.2,5.8,clay,7.89,0.47,No Risk
7.0,80.025,2024-08,284.7,96.4,26.1,16.3,80.3,6.7,sandy,4.47,0.71,Warning
7.025,79.925,2024-02,43.8,91.7,27.6,17.8,7.6,1.0,clay,4.77,0.42,No Risk
6.9,80.0,2024-02,37.4,95.3,27.5,14.8,64.3,14.6,loam,11.8,0.52,No Risk
7.05,80.125,2023-07,301.7,96.6,25.9,16.4,34.8,4.8,clay,7.47,0.61,Warning
7.05,80.175,2025-02,33.5,96.6,26.1,14.4,121.1,17.9,sandy,6.21,0.62,No Risk
7.0,80.275,2024-05,878.4,96.9,26.4,13.9,241.0,35.6,sandy,13.88,0.76,Landslide
6.9,79.9,2023-09,554.6,95.0,26.0,19.3,18.9,1.4,clay,4.0,0.6,Warning
6.95,80.3,2024-02,42.6,94.4,26.7,12.1,238.9,30.8,sandy,15.0,0.67,No Risk
6.95,80.225,2025-01,290.5,99.0,24.8,9.7,67.0,14.3,loam,15.0,0.7,Warning
7.0,80.075,2023-11,565.1,99.4,25.3,10.0,52.6,1.6,sandy,8.25,0.6,Warning
7.125,80.3,2025-05,265.6,97.5,25.8,14.8,121.9,24.6,sandy,5.9,0.83,Landslide
7.05,80.125,2024-02,27.1,91.2,27.7,16.4,34.8,4.8,clay,7.47,0.45,No Risk
6.975,79.9,2023-04,189.9,98.0,27.0,13.8,18.4,0.3,clay,2.77,0.54,Flood
6.975,80.325,2023-11,754.6,98.1,24.0,9.6,173.5,36.6,sandy,15.0,0.83,Landslide
7.0,79.85,2024-01,121.8,93.6,26.1,15.0,13.7,1.6,loam,7.85,0.58,Warning
7.1,80.15,2024-02,26.8,91.6,27.7,16.4,109.5,13.6,sandy,4.96,0.51,No Risk
7.025,80.3,2023-02,122.7,96.2,25.0,10.9,203.1,17.9,loam,13.87,0.82,Landslide
7.05,79.875,2024-02,42.5,91.0,27.7,17.9,22.2,6.6,clay,9.88,0.45,No Risk
7.1,80.175,2025-02,41.8,95.7,26.1,14.4,146.2,35.3,loam,2.78,0.65,No Risk
7.125,80.275,2024-02,22.6,92.3,27.0,15.9,199.1,34.9,sandy,4.23,0.59,No Risk
6.925,79.9,2023-12,410.4,96.3,25.9,14.8,11.6,0.4,clay,2.78,0.6,Flood
7.0,80.275,2023-02,122.7,96.2,25.0,10.9,241.0,35.6,sandy,13.88,0.78,Landslide
7.15,79.9,2025-02,34.3,91.7,27.4,17.8,7.8,0.8,clay,15.0,0.43,No Risk
7.1,79.9,2025-04,221.9,96.0,27.0,14.7,20.9,6.5,clay,12.94,0.58,Warning
7.075,80.175,2024-02,33.5,93.5,26.5,15.3,88.0,17.9,loam,3.92,0.54,No Risk
7.1,80.15,2024-09,350.6,97.6,25.9,16.8,109.5,13.6,sandy,4.96,0.77,Warning
6.95,79.9,2023-05,259.1,94.7,27.3,17.0,20.5,4.8,loam,0.0,0.62,Flood
6.9,79.9,2024-03,79.9,94.9,28.1,16.7,18.9,1.4,clay,4.0,0.56,Warning
7.125,80.075,2024-04,210.1,97.1,28.0,13.2,72.3,12.6,loam,2.83,0.72,Warning
7.05,80.375,2023-12,383.4,98.1,20.5,9.2,212.7,17.2,sandy,15.0,0.77,Landslide
7.125,79.95,2023-03,160.5,95.9,26.6,12.5,22.8,6.1,loam,11.39,0.57,Warning
7.075,80.15,2025-02,51.4,95.6,26.4,15.1,81.5,10.9,loam,6.21,0.57,Warning
7.05,80.1,2024-02,26.9,91.4,27.8,16.3,43.6,5.2,clay,5.98,0.44,No Risk
7.075,80.375,2025-03,128.8,98.8,22.6,8.7,115.1,6.0,sandy,15.0,0.8,Warning
6.975,79.925,2023-02,81.2,95.8,25.5,16.0,14.6,0.6,clay,0.78,0.49,Flood
6.925,80.325,2023-02,146.4,94.5,23.8,9.6,210.0,18.2,sandy,15.0,0.78,Landslide
7.15,79.875,2024-11,398.3,97.3,25.6,16.0,5.4,2.0,loam,15.0,0.59,Warning
7.0,79.875,2024-09,304.0,93.0,27.0,20.5,36.2,4.8,loam,6.21,0.66,Warning
6.925,80.25,2024-12,177.7,98.1,25.0,11.0,228.8,33.0,sandy,15.0,0.85,Landslide
6.925,80.35,2024-12,151.0,97.7,23.9,10.6,196.5,16.3,sandy,15.0,0.76,Landslide
7.025,80.125,2024-02,42.6,94.1,27.5,14.2,60.4,12.0,clay,9.71,0.49,No Risk
7.025,80.2,2023-07,344.0,95.8,25.0,15.3,123.8,29.9,sandy,8.32,0.76,Landslide
6.975,80.225,2023-01,167.6,94.5,24.4,13.1,118.1,16.4,sandy,14.15,0.78,Landslide
6.9,80.225,2024-02,39.0,96.0,27.1,12.6,111.9,8.1,sandy,15.0,0.67,No Risk
7.025,79.975,2024-05,695.3,97.3,27.3,16.5,18.0,0.9,loam,1.76,0.58,Flood
7.075,80.375,2024-08,295.1,97.0,22.5,14.0,115.1,6.0,sandy,15.0,0.78,Warning
7.15,80.025,2024-08,276.9,96.2,26.1,16.7,44.0,2.2,loam,8.25,0.67,Warning
7.05,80.0,2023-07,254.6,95.5,26.6,18.0,74.6,7.6,clay,2.22,0.71,Warning
7.125,80.1,2023-02,100.7,94.4,25.6,13.9,39.1,1.8,loam,1.24,0.6,Flood
6.95,80.1,2023-12,462.6,98.5,25.3,12.0,68.6,15.4,clay,14.21,0.68,Landslide
7.05,79.9,2024-09,294.4,92.8,27.0,20.8,18.4,1.2,clay,8.45,0.61,Warning
7.025,80.3,2024-06,451.6,95.4,25.7,15.3,203.1,17.9,loam,13.87,0.82,Landslide
7.05,80.3,2023-09,619.5,96.1,24.5,16.9,128.7,31.4,loam,11.8,0.77,Landslide
7.125,80.0,2023-07,241.7,95.9,26.3,17.2,61.0,15.4,loam,7.47,0.7,Landslide
6.95,79.9,2023-10,564.4,96.6,25.6,14.8,20.5,4.8,loam,0.0,0.56,Flood
7.05,79.85,2024-02,42.5,91.2,27.8,17.7,7.3,1.1,clay,11.8,0.41,No Risk
7.075,79.9,2024-02,42.0,91.3,27.7,17.7,28.5,5.2,clay,10.66,0.46,No Risk
6.9,80.225,2023-06,381.0,95.8,25.9,13.2,111.9,8.1,sandy,15.0,0.77,Warning
7.0,79.925,2024-09,300.6,92.9,27.0,20.3,3.0,2.2,clay,2.29,0.58,Flood
6.925,80.225,2025-04,304.4,98.1,25.9,11.1,132.0,36.4,loam,15.0,0.83,Landslide
7.0,79.9,2025-04,164.1,95.3,27.4,14.0,22.7,1.5,clay,4.0,0.64,Warning
6.975,79.9,2024-08,303.8,92.8,26.7,19.6,18.4,0.3,clay,2.77,0.59,Flood
6.925,79.85,2023-12,410.4,96.3,25.9,14.8,24.7,3.2,clay,2.29,0.6,Flood
6.95,80.075,2023-10,593.4,97.9,25.2,12.8,54.5,2.1,loam,12.22,0.66,Warning
7.1,80.275,2024-02,24.9,94.2,27.4,14.1,138.0,32.2,loam,6.0,0.59,No Risk
7.125,80.05,2024-02,29.3,91.2,28.2,17.1,50.3,6.3,loam,4.33,0.47,No Risk
7.0,80.1,2023-11,597.3,98.5,25.2,10.2,29.7,6.4,loam,10.47,0.62,Warning
7.025,80.1,2024-12,178.3,97.8,25.4,12.7,79.7,8.2,loam,8.25,0.72,Warning
6.9,79.85,2024-09,317.2,92.9,27.1,20.2,8.8,0.6,clay,3.14,0.6,Flood
6.975,79.95,2023-10,623.6,98.2,25.4,12.9,19.8,1.1,clay,2.29,0.63,Flood
6.9,80.375,2024-10,542.0,96.0,24.2,11.4,172.8,22.7,sandy,15.0,0.81,Landslide
7.075,80.1,2024-01,188.3,94.5,25.9,13.1,32.2,3.5,clay,3.55,0.61,Warning
6.925,80.375,2023-03,215.5,94.9,25.5,9.2,164.7,30.7,loam,15.0,0.81,Landslide
6.95,79.875,2024-05,660.3,95.2,27.7,20.1,39.8,2.5,loam,2.78,0.64,Flood
6.9,80.25,2024-07,404.4,95.2,25.9,12.7,113.0,8.2,sandy,15.0,0.75,Warning
6.95,80.1,2024-07,303.0,97.5,26.1,15.9,68.6,15.4,clay,14.21,0.75,Landslide
7.025,79.95,2024-12,189.9,97.9,26.1,12.1,14.2,1.5,clay,2.99,0.59,Flood
7.075,80.025,2023-08,119.1,96.0,26.6,17.1,86.0,16.6,loam,2.83,0.74,Landslide
7.15,79.85,2023-06,336.4,94.6,27.1,20.5,3.2,1.5,clay,15.0,0.56,Warning
6.95,80.0,2024-01,168.0,96.8,26.0,12.0,15.8,1.9,clay,7.11,0.54,Warning
7.0,80.25,2025-01,364.8,99.2,24.6,9.6,127.9,31.1,loam,12.41,0.81,Landslide
7.075,80.3,2024-11,540.7,98.6,24.5,12.0,99.1,6.7,loam,9.88,0.75,Warning
7.15,79.875,2024-02,26.3,90.6,27.8,18.4,5.4,2.0,loam,15.0,0.32,No Risk
6.925,79.875,2025-05,282.4,94.1,27.9,18.1,16.7,1.3,loam,0.78,0.58,Flood
7.025,79.9,2025-02,47.3,92.0,27.4,15.4,21.7,7.3,loam,6.0,0.5,Warning
7.025,80.275,2023-01,178.5,94.7,24.0,11.3,190.6,30.0,sandy,11.77,0.83,Landslide
6.975,79.95,2025-05,280.0,96.9,27.2,15.8,19.8,1.1,clay,2.29,0.62,Flood
6.95,79.9,2024-08,339.7,92.9,26.8,19.1,20.5,4.8,loam,0.0,0.62,Flood
7.05,80.1,2025-04,283.7,98.4,26.0,12.8,43.6,5.2,clay,5.98,0.63,Warning
6.9,80.025,2024-02,38.7,96.0,27.4,13.0,77.1,15.8,sandy,13.24,0.6,No Risk
7.1,80.0,2024-02,26.7,92.3,28.0,16.3,72.7,8.6,loam,5.98,0.57,No Risk
7.075,80.25,2025-01,298.3,98.6,25.3,10.9,117.6,18.7,sandy,6.21,0.77,Landslide
7.025,79.875,2023-07,214.2,92.8,26.9,21.3,22.2,5.8,clay,7.89,0.59,Warning
6.925,80.2,2025-05,299.0,98.2,26.1,12.9,95.2,12.3,loam,15.0,0.73,Warning
7.075,80.15,2023-02,109.4,95.8,25.6,12.7,81.5,10.9,loam,6.21,0.69,Warning
6.9,80.275,2024-02,42.4,94.3,26.7,12.2,132.8,33.3,sandy,15.0,0.59,No Risk
7.0,79.9,2024-10,416.9,95.4,26.2,16.9,22.7,1.5,clay,4.0,0.63,Warning
6.925,79.9,2023-05,251.2,94.9,27.3,16.9,11.6,0.4,clay,2.78,0.64,Flood
6.95,80.175,2023-08,160.0,95.5,26.2,15.7,117.2,19.0,loam,15.0,0.81,Landslide
7.125,79.85,2023-11,517.8,97.8,25.5,11.8,6.1,0.5,clay,15.0,0.54,Warning
6.975,80.275,2024-07,387.1,95.2,25.8,13.1,191.4,27.2,loam,15.0,0.79,Landslide
7.075,80.375,2023-05,187.9,96.3,23.2,12.1,115.1,6.0,sandy,15.0,0.83,Warning
6.975,79.875,2024-02,43.6,91.7,27.6,17.6,28.7,5.1,sandy,3.92,0.43,No Risk
7.125,79.975,2024-04,205.5,98.7,28.0,12.8,15.6,2.2,loam,9.71,0.55,Warning
6.925,80.1,2024-02,39.0,96.3,27.1,12.8,54.2,8.0,loam,15.0,0.53,No Risk
7.0,80.3,2024-12,150.5,98.2,25.0,10.9,223.5,30.2,loam,15.0,0.83,Landslide
7.05,79.975,2023-04,177.6,97.8,27.0,12.4,7.1,1.2,clay,3.72,0.58,Warning
6.925,80.35,2025-02,58.2,95.8,24.5,10.9,196.5,16.3,sandy,15.0,0.71,Warning
6.975,79.925,2023-08,134.6,92.8,27.0,19.9,14.6,0.6,clay,0.78,0.58,Flood
6.95,79.85,2025-01,278.6,94.9,25.7,14.2,17.7,1.4,clay,4.0,0.61,Warning
6.95,79.875,2025-05,278.2,94.2,27.7,18.1,39.8,2.5,loam,2.78,0.63,Flood
7.125,80.3,2024-09,275.1,95.3,25.5,16.4,121.9,24.6,sandy,5.9,0.79,Landslide
7.075,80.05,2024-11,469.2,98.8,25.2,13.5,38.7,7.9,clay,0.55,0.65,Flood
6.9,79.875,2024-09,306.7,93.1,27.0,20.0,17.2,0.3,clay,2.29,0.57,Flood
7.1,80.175,2023-01,104.2,91.3,24.6,15.9,146.2,35.3,loam,2.78,0.82,Landslide
6.95,80.2,2025-03,132.8,98.8,26.0,11.4,66.3,6.2,loam,15.0,0.7,Warning
7.1,80.175,2024-03,71.6,93.8,28.1,15.9,146.2,35.3,loam,2.78,0.74,Landslide
7.1,80.0,2024-02,26.5,92.3,28.0,16.3,72.7,8.6,loam,5.98,0.57,No Risk
6.95,79.95,2024-05,761.3,97.1,27.2,16.4,10.8,0.5,clay,4.0,0.57,Warning
6.95,80.325,2024-07,404.4,95.2,25.6,12.7,174.0,30.3,sandy,15.0,0.79,Landslide
6.95,80.3,2023-01,187.1,96.1,24.0,10.5,238.9,30.8,sandy,15.0,0.79,Landslide
7.05,79.95,2024-02,26.5,92.3,28.0,16.3,19.3,2.2,clay,5.55,0.33,Warning
6.95,80.0,2025-02,76.5,96.2,27.1,12.8,15.8,1.9,clay,7.11,0.55,Warning
7.05,80.05,2024-11,475.5,98.8,25.3,13.3,22.4,3.7,loam,3.33,0.62,Flood
6.9,79.875,2023-07,250.1,92.9,26.9,21.0,17.2,0.3,clay,2.29,0.57,Flood
7.125,80.225,2024-02,22.4,92.2,26.2,15.7,101.5,18.6,clay,0.78,0.63,No Risk
7.15,79.9,2023-04,168.7,98.0,27.0,13.8,7.8,0.8,clay,15.0,0.6,Warning
6.9,80.225,2023-10,693.8,97.0,25.1,12.6,111.9,8.1,sandy,15.0,0.75,Warning
6.975,80.225,2023-11,601.0,98.6,25.1,10.5,118.1,16.4,sandy,14.15,0.74,Landslide
7.125,79.9,2025-02,34.1,91.6,27.2,17.9,29.0,5.3,clay,15.0,0.4,No Risk
7.025,80.25,2023-01,178.5,94.7,24.0,11.3,95.1,18.9,sandy,10.01,0.73,Landslide
7.125,80.325,2023-10,466.4,97.4,25.3,13.5,114.8,10.7,loam,8.19,0.76,Warning
7.125,80.1,2023-08,86.2,95.5,26.4,17.9,39.1,1.8,loam,1.24,0.6,Flood
7.1,79.875,2025-02,34.2,91.7,27.3,17.8,24.4,3.5,clay,14.57,0.44,No Risk
7.0,80.375,2024-07,352.7,95.2,26.0,12.9,175.5,36.1,sandy,15.0,0.82,Landslide
6.95,79.85,2023-11,488.6,97.5,25.6,12.0,17.7,1.4,clay,4.0,0.62,Warning
7.075,80.375,2025-02,45.2,98.8,22.5,11.2,115.1,6.0,sandy,15.0,0.62,No Risk
7.05,80.375,2023-09,377.0,97.4,20.1,15.7,212.7,17.2,sandy,15.0,0.81,Landslide
7.025,80.025,2024-12,186.0,97.9,25.7,12.3,69.5,11.7,loam,2.83,0.69,Warning
6.975,80.025,2024-09,370.1,97.6,26.2,16.7,70.2,12.1,sandy,6.33,0.68,Warning
7.0,79.95,2025-05,276.1,96.8,27.2,15.8,31.8,5.9,clay,1.11,0.64,Flood
7.0,79.9,2025-03,137.8,95.4,27.2,12.0,22.7,1.5,clay,4.0,0.56,Warning
7.05,80.0,2024-03,83.2,96.9,28.2,15.1,74.6,7.6,clay,2.22,0.69,Warning
7.05,80.075,2023-09,563.7,97.1,25.4,17.0,48.9,3.6,loam,4.33,0.65,Warning
6.95,80.175,2025-05,299.0,98.2,26.1,12.9,117.2,19.0,loam,15.0,0.8,Landslide
7.025,79.975,2023-03,146.2,97.6,26.3,11.3,18.0,0.9,loam,1.76,0.6,Flood
7.025,79.9,2024-02,43.2,91.9,27.6,17.8,21.7,7.3,loam,6.0,0.47,No Risk
6.9,80.025,2024-02,38.3,96.0,27.3,13.1,77.1,15.8,sandy,13.24,0.6,No Risk
7.125,79.85,2025-02,34.2,91.7,27.3,17.8,6.1,0.5,clay,15.0,0.45,No Risk
6.925,79.9,2024-07,313.9,93.7,27.2,19.2,11.6,0.4,clay,2.78,0.58,Flood
7.1,79.975,2025-03,186.2,98.9,26.7,11.8,4.1,2.0,clay,7.47,0.62,Warning
7.1,80.05,2025-01,325.8,96.8,25.4,15.1,41.6,6.9,loam,2.22,0.65,Flood
6.95,80.2,2023-11,607.9,98.2,25.1,10.1,66.3,6.2,loam,15.0,0.68,Warning
6.925,79.9,2025-05,276.4,93.9,27.8,18.1,11.6,0.4,clay,2.78,0.54,Flood
7.15,79.9,2024-02,26.2,90.6,27.8,18.3,7.8,0.8,clay,15.0,0.41,No Risk
7.025,80.225,2023-11,601.0,98.6,25.1,10.5,137.7,19.0,sandy,8.78,0.85,Landslide
6.9,80.15,2025-01,332.0,99.1,24.8,11.3,132.2,24.6,loam,15.0,0.78,Landslide
6.925,79.9,2023-05,233.2,94.6,27.3,17.0,11.6,0.4,clay,2.78,0.64,Flood
7.125,80.225,2025-02,42.7,96.6,25.1,13.7,101.5,18.6,clay,0.78,0.59,No Risk
7.125,80.075,2023-10,541.4,97.7,25.1,13.3,72.3,12.6,loam,2.83,0.69,Warning
7.1,80.15,2023-02,109.4,95.8,25.6,12.7,109.5,13.6,sandy,4.96,0.74,Warning
7.125,80.0,2023-06,304.6,97.0,26.3,17.0,61.0,15.4,loam,7.47,0.69,Landslide
7.075,80.2,2023-11,568.6,98.8,24.9,10.6,99.7,13.8,loam,2.77,0.76,Warning
7.075,79.925,2024-01,130.5,93.1,26.0,15.6,12.8,1.0,loam,9.19,0.53,Warning
6.9,79.95,2025-01,322.1,97.8,25.3,12.1,23.8,4.0,clay,7.85,0.63,Warning
7.075,80.2,2024-01,178.8,96.0,25.6,12.4,99.7,13.8,loam,2.77,0.72,Warning
7.05,80.35,2023-12,457.8,98.0,25.0,10.4,132.8,27.5,sandy,15.0,0.81,Landslide
7.05,79.9,2024-02,41.8,91.2,27.6,17.8,18.4,1.2,clay,8.45,0.42,No Risk
7.075,80.05,2024-02,27.6,91.6,28.1,16.7,38.7,7.9,clay,0.55,0.44,No Risk
6.925,79.9,2024-07,316.0,93.6,27.2,19.0,11.6,0.4,clay,2.78,0.58,Flood
7.125,80.0,2023-08,91.8,95.8,26.6,17.5,61.0,15.4,loam,7.47,0.63,Landslide
6.975,79.975,2023-01,102.6,91.6,25.2,15.3,17.0,0.8,loam,3.24,0.59,Flood
7.15,79.975,2024-06,335.6,95.9,26.8,18.7,28.4,6.7,clay,11.39,0.59,Warning
7.1,79.95,2024-12,160.5,98.0,25.7,13.1,26.6,4.4,sandy,9.55,0.59,Warning
7.0,80.375,2025-04,277.1,98.9,25.6,11.0,175.5,36.1,sandy,15.0,0.77,Landslide
7.1,80.35,2024-02,27.2,91.7,27.5,15.9,104.3,12.9,sandy,12.01,0.57,No Risk
7.05,80.35,2024-12,163.1,98.1,24.8,10.5,132.8,27.5,sandy,15.0,0.78,Landslide
6.9,79.85,2025-04,164.9,95.0,27.4,13.4,8.8,0.6,clay,3.14,0.58,Flood
6.925,79.9,2024-09,308.7,93.0,27.0,19.9,11.6,0.4,clay,2.78,0.58,Flood
6.9,80.2,2023-01,129.3,96.5,24.2,11.6,74.7,8.5,sandy,15.0,0.67,Warning
6.9,79.85,2024-09,310.4,92.9,27.1,20.0,8.8,0.6,clay,3.14,0.6,Flood
6.925,80.15,2024-07,303.0,97.5,26.1,15.9,109.4,14.2,sandy,15.0,0.77,Warning
7.05,80.05,2024-01,187.7,94.5,26.2,13.8,22.4,3.7,loam,3.33,0.6,Flood
7.075,80.275,2025-04,300.0,98.5,25.4,11.9,201.6,18.5,loam,7.89,0.78,Landslide
6.975,80.275,2023-05,254.7,94.5,26.1,12.0,191.4,27.2,loam,15.0,0.76,Landslide
6.975,80.375,2024-11,618.2,97.9,20.6,9.3,153.1,24.6,sandy,15.0,0.77,Landslide
7.125,80.175,2025-02,42.0,95.9,26.1,14.6,116.2,10.0,loam,3.92,0.59,No Risk
6.975,80.25,2024-01,236.9,96.2,25.3,9.9,209.1,35.5,loam,14.94,0.85,Landslide
7.1,80.125,2024-02,26.9,91.5,27.9,16.4,71.0,11.4,loam,2.78,0.53,No Risk
6.9,79.875,2024-02,38.3,92.8,27.6,17.0,17.2,0.3,clay,2.29,0.46,Warning
7.0,80.075,2024-06,391.5,96.7,26.4,17.0,52.6,1.6,sandy,8.25,0.7,Warning
7.125,79.95,2023-02,112.1,94.2,25.8,14.0,22.8,6.1,loam,11.39,0.61,Warning
7.025,80.0,2023-08,136.4,95.8,26.7,17.6,75.1,17.7,clay,1.24,0.67,Landslide
7.0,80.25,2023-07,401.1,94.6,25.5,14.0,127.9,31.1,loam,12.41,0.83,Landslide
7.025,80.0,2023-01,110.3,91.5,25.2,15.1,75.1,17.7,clay,1.24,0.71,Landslide
7.05,80.325,2024-09,338.8,95.5,25.4,14.8,217.1,18.9,sandy,13.79,0.79,Landslide
7.1,79.975,2023-04,177.6,97.8,27.0,12.4,4.1,2.0,clay,7.47,0.52,Warning
6.9,79.85,2023-12,410.4,96.3,25.9,14.8,8.8,0.6,clay,3.14,0.57,Flood
7.075,80.1,2023-05,220.9,96.1,26.6,13.6,32.2,3.5,clay,3.55,0.61,Warning
6.925,80.3,2024-06,455.6,94.8,25.9,14.4,197.1,18.5,loam,15.0,0.84,Landslide
7.05,80.05,2023-11,548.6,99.5,25.4,9.9,22.4,3.7,loam,3.33,0.59,Flood
6.975,79.875,2023-05,233.6,95.9,27.3,17.4,28.7,5.1,sandy,3.92,0.65,Warning
6.975,80.35,2023-08,159.9,93.8,25.0,14.5,187.8,28.4,loam,15.0,0.76,Landslide
6.9,80.2,2024-02,38.9,96.1,27.2,12.6,74.7,8.5,sandy,15.0,0.57,No Risk
7.0,80.1,2024-10,476.9,96.7,25.6,13.5,29.7,6.4,loam,10.47,0.61,Warning
7.15,80.0,2024-02,29.3,91.0,28.1,17.3,84.9,11.8,sandy,9.55,0.54,No Risk
7.05,79.875,2023-09,510.3,95.0,26.0,20.2,22.2,6.6,clay,9.88,0.58,Warning
7.125,80.25,2024-11,575.0,98.5,23.8,12.4,183.4,27.4,sandy,2.29,0.79,Landslide
6.925,80.175,2023-12,481.4,98.3,25.4,11.4,65.1,18.1,loam,15.0,0.69,Landslide
7.05,79.85,2024-09,294.4,92.8,27.1,20.8,7.3,1.1,clay,11.8,0.6,Warning
7.0,80.225,2023-03,164.0,97.5,25.8,10.3,93.3,10.0,sandy,11.44,0.78,Warning
6.925,80.125,2023-05,241.1,96.6,26.3,13.2,34.1,5.4,loam,15.0,0.62,Warning
7.0,80.125,2024-07,306.0,97.0,26.2,15.8,32.7,2.6,clay,12.17,0.59,Warning
7.0,79.975,2023-09,563.7,96.5,25.5,16.9,9.0,0.5,clay,1.67,0.6,Flood
7.0,80.225,2025-05,309.7,98.0,26.1,13.4,93.3,10.0,sandy,11.44,0.71,Warning
7.025,79.95,2024-11,436.7,98.8,25.4,12.9,14.2,1.5,clay,2.99,0.58,Flood
7.025,79.975,2023-04,178.0,97.7,26.9,12.2,18.0,0.9,loam,1.76,0.62,Flood
7.125,80.15,2024-04,218.0,96.7,27.8,12.8,153.9,18.9,loam,2.99,0.78,Landslide
7.125,80.275,2023-11,584.8,98.7,24.7,10.8,199.1,34.9,sandy,4.23,0.83,Landslide
6.925,79.9,2024-01,139.4,94.2,26.1,14.1,11.6,0.4,clay,2.78,0.6,Flood
7.15,79.875,2025-02,34.2,91.7,27.3,17.8,5.4,2.0,loam,15.0,0.43,No Risk
7.025,79.975,2023-04,178.3,97.7,26.9,12.3,18.0,0.9,loam,1.76,0.62,Flood
6.925,79.925,2023-11,488.6,97.5,25.5,12.0,31.7,5.7,loam,3.92,0.64,Warning
7.05,80.325,2024-10,514.5,96.2,25.1,12.7,217.1,18.9,sandy,13.79,0.84,Landslide
6.95,79.975,2024-08,369.5,96.2,26.3,16.6,33.0,1.8,clay,5.79,0.6,Warning
6.9,80.125,2024-02,39.2,96.4,27.1,12.8,76.5,15.5,sandy,15.0,0.62,No Risk
6.95,80.1,2024-02,38.8,96.5,27.1,12.7,68.6,15.4,clay,14.21,0.55,No Risk
7.0,80.125,2023-05,233.9,96.1,26.5,13.2,32.7,2.6,clay,12.17,0.59,Warning
7.05,79.975,2024-02,26.5,92.3,28.0,16.3,7.1,1.2,clay,3.72,0.38,Warning
6.925,80.075,2024-06,391.0,97.2,26.3,17.3,23.4,3.6,clay,14.15,0.66,Warning
7.15,79.9,2024-02,26.6,90.6,27.8,17.9,7.8,0.8,clay,15.0,0.41,No Risk
7.075,80.25,2024-02,25.3,94.4,27.5,14.2,117.6,18.7,sandy,6.21,0.52,No Risk
7.05,80.075,2023-01,136.8,90.5,25.3,15.7,48.9,3.6,loam,4.33,0.6,Warning
7.1,79.875,2024-02,26.3,90.3,27.9,18.2,24.4,3.5,clay,14.57,0.41,No Risk
7.125,80.1,2023-04,184.2,97.2,26.9,13.1,39.1,1.8,loam,1.24,0.61,Flood
7.025,80.3,2024-03,86.9,93.6,27.8,14.1,203.1,17.9,loam,13.87,0.72,Landslide
7.0,80.025,2024-06,391.5,96.7,26.4,17.0,80.3,6.7,sandy,4.47,0.72,Warning
6.95,80.15,2023-01,158.0,95.0,24.4,12.9,110.9,14.4,sandy,15.0,0.78,Warning
6.9,80.225,2024-08,402.8,95.4,25.8,14.8,111.9,8.1,sandy,15.0,0.82,Warning
6.925,80.0,2023-10,657.4,98.0,25.4,12.9,60.1,18.3,loam,9.44,0.66,Landslide
6.95,79.925,2023-05,238.3,94.7,27.3,17.0,29.7,6.4,clay,2.77,0.6,Flood
7.025,80.3,2023-01,178.5,94.7,24.0,11.3,203.1,17.9,loam,13.87,0.82,Landslide
7.075,80.325,2024-02,27.2,94.4,25.7,13.1,99.7,18.4,sandy,11.88,0.53,No Risk
6.95,79.925,2025-02,49.0,92.1,27.4,14.6,29.7,6.4,clay,2.77,0.48,Warning
6.925,80.025,2023-10,593.4,97.9,25.2,12.8,52.5,3.1,clay,11.02,0.65,Warning
6.925,80.15,2024-03,113.7,95.5,28.0,16.3,109.4,14.2,sandy,15.0,0.78,Warning
7.125,80.05,2024-02,29.4,91.3,28.1,17.2,50.3,6.3,loam,4.33,0.47,No Risk
6.925,80.275,2024-02,42.1,94.2,26.7,12.3,193.9,32.8,loam,15.0,0.69,No Risk
7.05,80.075,2025-02,50.5,95.7,26.9,14.8,48.9,3.6,loam,4.33,0.57,Warning
6.95,80.15,2024-02,39.2,96.4,27.1,12.8,110.9,14.4,sandy,15.0,0.65,No Risk
6.95,80.175,2024-03,86.6,94.1,28.3,16.4,117.2,19.0,loam,15.0,0.68,Landslide
7.075,79.95,2023-08,113.9,95.8,26.7,17.7,17.2,0.3,loam,7.55,0.56,Warning
7.0,80.375,2024-01,291.5,95.2,25.4,8.8,175.5,36.1,sandy,15.0,0.8,Landslide
7.15,80.025,2025-02,43.7,95.2,27.0,15.7,44.0,2.2,loam,8.25,0.48,No Risk
6.95,79.9,2024-02,38.3,92.8,27.6,17.0,20.5,4.8,loam,0.0,0.45,Warning
7.075,80.225,2024-02,25.7,94.3,26.1,14.1,87.8,9.6,sandy,3.92,0.57,No Risk
6.9,80.25,2025-01,333.7,99.2,24.6,9.0,113.0,8.2,sandy,15.0,0.72,Warning
7.025,79.875,2023-12,362.7,96.3,25.9,15.5,22.2,5.8,clay,7.89,0.64,Warning
7.125,80.15,2025-02,41.8,95.9,26.0,14.4,153.9,18.9,loam,2.99,0.7,No Risk
7.125,80.075,2025-02,36.2,95.0,26.6,15.8,72.3,12.6,loam,2.83,0.46,No Risk
7.0,80.025,2024-02,36.0,93.7,27.6,15.0,80.3,6.7,sandy,4.47,0.54,No Risk
7.1,80.3,2025-02,28.1,96.5,25.2,13.3,227.7,27.9,loam,8.0,0.57,No Risk
7.075,80.1,2025-04,283.7,98.4,26.0,12.8,32.2,3.5,clay,3.55,0.64,Warning
7.1,79.925,2024-06,335.6,95.9,26.8,18.7,4.3,0.6,clay,11.44,0.6,Warning
7.025,79.875,2024-02,43.4,91.8,27.6,17.6,22.2,5.8,clay,7.89,0.47,No Risk
7.1,80.35,2024-09,284.9,95.2,25.9,16.5,104.3,12.9,sandy,12.01,0.79,Warning
6.9,80.25,2024-02,42.4,94.2,26.7,12.2,113.0,8.2,sandy,15.0,0.64,No Risk
6.925,79.9,2023-08,149.6,92.8,27.0,19.7,11.6,0.4,clay,2.78,0.58,Flood
7.1,79.85,2023-02,96.0,94.3,25.7,16.7,19.7,1.6,clay,15.0,0.54,Warning
7.15,79.9,2025-02,34.5,91.6,27.4,17.9,7.8,0.8,clay,15.0,0.43,No Risk
7.025,79.925,2024-03,93.8,95.0,28.0,16.4,7.6,1.0,clay,4.77,0.58,Warning
7.025,80.25,2024-08,456.7,94.2,25.5,14.8,95.1,18.9,sandy,10.01,0.74,Landslide
6.975,80.275,2023-02,122.7,96.2,25.0,10.9,191.4,27.2,loam,15.0,0.82,Landslide
7.125,80.1,2024-02,25.5,91.0,27.8,17.2,39.1,1.8,loam,1.24,0.4,No Risk
6.95,79.875,2024-11,354.2,96.4,25.8,15.1,39.8,2.5,loam,2.78,0.65,Flood
7.15,79.875,2025-02,33.6,91.5,27.4,17.7,5.4,2.0,loam,15.0,0.43,No Risk
7.125,79.875,2023-03,138.5,96.6,26.6,14.1,3.0,2.0,clay,15.0,0.56,Warning
7.125,80.15,2023-06,285.7,95.4,25.9,16.1,153.9,18.9,loam,2.99,0.84,Landslide
7.1,80.1,2024-01,152.2,94.0,25.8,14.0,75.3,10.7,loam,2.22,0.73,Warning
6.9,79.875,2023-07,242.2,92.9,26.9,20.8,17.2,0.3,clay,2.29,0.57,Flood
7.125,80.025,2024-02,29.5,91.3,28.1,17.0,86.7,12.3,loam,5.71,0.53,No Risk
7.0,79.925,2024-04,162.4,96.4,28.2,14.9,3.0,2.2,clay,2.29,0.53,Flood
7.125,80.125,2024-11,574.4,98.6,25.0,13.5,79.8,17.8,sandy,1.76,0.71,Landslide
7.075,80.225,2023-09,619.5,96.1,24.0,16.9,87.8,9.6,sandy,3.92,0.69,Warning
7.05,80.375,2023-04,211.3,96.5,21.0,10.0,212.7,17.2,sandy,15.0,0.8,Landslide
6.95,80.35,2023-08,188.7,93.9,24.9,13.8,144.3,16.2,loam,15.0,0.81,Landslide
6.925,80.15,2023-01,158.0,95.0,24.4,12.9,109.4,14.2,sandy,15.0,0.78,Warning
7.075,80.025,2024-03,112.6,95.8,28.3,15.7,86.0,16.6,loam,2.83,0.67,Landslide
7.05,79.95,2023-09,551.0,96.5,25.6,17.2,19.3,2.2,clay,5.55,0.58,Warning
7.025,79.95,2024-07,345.3,96.3,26.9,16.6,14.2,1.5,clay,2.99,0.59,Flood
7.1,80.3,2025-02,27.3,96.7,25.2,13.2,227.7,27.9,loam,8.0,0.57,No Risk
7.125,80.375,2025-02,27.8,96.5,25.3,13.2,175.1,24.7,sandy,11.88,0.64,No Risk
7.125,80.05,2025-02,43.4,95.5,27.0,15.7,50.3,6.3,loam,4.33,0.5,No Risk
7.05,80.025,2024-07,315.7,97.0,26.5,16.0,87.5,19.3,clay,0.56,0.71,Landslide
7.125,80.275,2024-11,575.0,98.5,24.6,12.4,199.1,34.9,sandy,4.23,0.78,Landslide
7.025,80.1,2023-06,329.5,97.1,25.9,14.6,79.7,8.2,loam,8.25,0.74,Warning
7.125,80.125,2025-05,270.7,98.5,26.3,16.9,79.8,17.8,sandy,1.76,0.68,Landslide
6.975,80.325,2023-10,660.6,97.3,24.0,11.6,173.5,36.6,sandy,15.0,0.83,Landslide
7.1,79.95,2024-07,299.1,96.1,26.8,17.7,26.6,4.4,sandy,9.55,0.58,Warning
7.15,79.9,2024-05,574.7,94.9,27.7,19.6,7.8,0.8,clay,15.0,0.62,Warning
7.0,79.925,2025-01,276.1,94.4,25.7,15.2,3.0,2.2,clay,2.29,0.58,Flood
7.05,79.875,2024-05,599.9,95.1,27.7,19.8,22.2,6.6,clay,9.88,0.58,Warning
6.925,80.325,2023-10,742.6,96.9,23.9,11.8,210.0,18.2,sandy,15.0,0.79,Landslide
7.05,80.15,2023-06,323.6,96.8,26.0,15.3,133.4,17.5,loam,7.85,0.79,Landslide
6.95,80.05,2023-11,584.2,99.3,25.2,10.6,79.7,18.7,loam,10.23,0.74,Landslide
6.925,80.225,2024-02,38.8,96.1,27.1,12.8,132.0,36.4,loam,15.0,0.65,No Risk
7.1,80.15,2025-02,51.4,95.6,26.4,15.1,109.5,13.6,sandy,4.96,0.66,Warning
6.95,79.875,2024-01,129.3,94.3,26.0,14.1,39.8,2.5,loam,2.78,0.62,Flood
6.95,80.3,2023-02,135.7,95.6,25.0,10.9,238.9,30.8,sandy,15.0,0.8,Landslide
6.925,80.15,2025-05,317.5,98.8,26.0,15.3,109.4,14.2,sandy,15.0,0.77,Warning
6.9,79.95,2024-01,168.0,96.8,26.0,12.0,23.8,4.0,clay,7.85,0.61,Warning
6.95,79.925,2023-02,67.3,95.1,25.6,15.8,29.7,6.4,clay,2.77,0.55,Warning
7.1,80.1,2025-02,35.9,95.1,26.5,15.6,75.3,10.7,loam,2.22,0.55,No Risk
6.975,79.95,2023-06,377.6,96.8,26.6,17.1,19.8,1.1,clay,2.29,0.57,Flood
7.075,79.85,2023-05,224.2,95.1,27.4,17.6,25.8,2.4,loam,13.79,0.58,Warning
6.925,80.05,2024-10,468.1,97.6,25.6,13.8,82.3,7.8,loam,12.47,0.7,Warning
7.0,80.05,2023-10,589.9,97.9,25.3,12.6,33.9,6.9,sandy,6.47,0.63,Warning
6.975,79.875,2025-03,137.8,95.4,27.2,12.0,28.7,5.1,sandy,3.92,0.57,Warning
7.1,80.15,2023-04,203.6,97.0,26.8,12.4,109.5,13.6,sandy,4.96,0.73,Warning
7.05,80.325,2025-01,298.3,98.5,24.7,10.9,217.1,18.9,sandy,13.79,0.79,Landslide
7.125,79.85,2024-04,187.8,95.8,28.1,14.2,6.1,0.5,clay,15.0,0.49,Warning
7.15,79.975,2023-03,160.5,95.9,26.6,12.5,28.4,6.7,clay,11.39,0.67,Warning
7.125,80.325,2023-02,112.4,96.1,25.4,12.3,114.8,10.7,loam,8.19,0.8,Warning
7.05,79.925,2023-09,510.3,95.0,26.0,20.2,35.5,6.6,clay,6.77,0.64,Warning
7.1,80.1,2024-08,279.8,95.8,25.8,17.1,75.3,10.7,loam,2.22,0.72,Warning
7.1,80.025,2025-02,43.1,95.2,27.0,15.4,59.1,4.2,loam,3.55,0.49,No Risk
7.025,79.9,2023-02,64.1,95.8,25.6,15.9,21.7,7.3,loam,6.0,0.5,Warning
7.15,80.0,2024-05,707.0,97.7,27.1,15.6,84.9,11.8,sandy,9.55,0.72,Warning
6.975,79.95,2023-09,583.0,96.5,25.7,17.0,19.8,1.1,clay,2.29,0.58,Flood
6.925,79.875,2025-04,173.2,94.8,27.4,13.4,16.7,1.3,loam,0.78,0.66,Flood
7.125,80.25,2024-02,21.8,92.3,26.3,15.7,183.4,27.4,sandy,2.29,0.65,No Risk
7.1,80.2,2024-02,33.7,93.9,27.2,15.5,88.8,13.2,loam,0.0,0.55,No Risk
6.925,80.325,2024-08,484.0,95.3,24.5,14.1,210.0,18.2,sandy,15.0,0.82,Landslide
7.05,79.875,2023-12,366.3,95.8,25.9,16.1,22.2,6.6,clay,9.88,0.6,Warning
6.9,80.225,2024-02,38.8,96.1,27.1,12.6,111.9,8.1,sandy,15.0,0.67,No Risk
7.05,80.05,2023-06,324.3,97.4,26.3,16.2,22.4,3.7,loam,3.33,0.59,Flood
7.05,80.275,2024-02,25.0,94.4,26.7,14.2,201.8,19.8,loam,10.01,0.52,No Risk
7.075,80.175,2024-02,33.9,93.6,26.5,15.5,88.0,17.9,loam,3.92,0.54,No Risk
6.925,80.35,2024-10,542.0,96.0,24.2,11.4,196.5,16.3,sandy,15.0,0.81,Landslide
6.975,80.15,2025-04,282.7,98.3,25.9,12.8,94.7,8.2,loam,14.94,0.73,Warning
7.0,80.0,2024-03,111.6,96.8,28.1,15.0,74.6,6.2,clay,2.48,0.71,Warning
6.9,80.075,2024-03,128.0,97.2,27.9,14.9,48.0,3.8,clay,15.0,0.65,Warning
7.075,79.95,2023-04,177.6,97.8,27.0,12.4,17.2,0.3,loam,7.55,0.54,Warning
6.925,80.175,2024-09,347.8,96.5,25.8,14.7,65.1,18.1,loam,15.0,0.7,Landslide
6.925,80.35,2023-12,546.1,96.5,24.2,10.2,196.5,16.3,sandy,15.0,0.78,Landslide
6.95,79.875,2024-07,313.5,93.7,27.2,18.9,39.8,2.5,loam,2.78,0.61,Flood
6.925,80.15,2024-11,507.2,98.4,25.0,13.8,109.4,14.2,sandy,15.0,0.76,Warning
7.1,80.0,2023-03,179.2,96.6,26.5,11.9,72.7,8.6,loam,5.98,0.76,Warning
7.05,80.075,2024-02,27.7,91.5,28.0,16.7,48.9,3.6,loam,4.33,0.45,No Risk
7.1,79.9,2024-05,599.9,95.1,27.7,19.8,20.9,6.5,clay,12.94,0.6,Warning
7.05,79.85,2023-01,101.0,90.3,25.2,18.3,7.3,1.1,clay,11.8,0.64,Warning
6.975,80.375,2023-10,614.3,97.5,20.9,10.6,153.1,24.6,sandy,15.0,0.83,Landslide
7.05,80.25,2023-02,96.5,96.6,25.6,11.3,124.2,29.2,loam,7.85,0.8,Landslide
6.925,80.2,2024-03,86.6,94.1,28.3,16.4,95.2,12.3,loam,15.0,0.66,Warning
7.125,80.275,2025-04,269.4,97.9,25.6,12.7,199.1,34.9,sandy,4.23,0.78,Landslide
7.05,80.05,2024-10,401.7,97.2,25.8,13.4,22.4,3.7,loam,3.33,0.56,Flood
7.125,80.125,2024-02,25.6,91.0,27.8,17.2,79.8,17.8,sandy,1.76,0.51,No Risk
6.9,80.075,2024-09,378.4,97.8,26.0,16.8,48.0,3.8,clay,15.0,0.67,Warning
6.925,80.175,2025-05,299.0,98.2,26.1,12.9,65.1,18.1,loam,15.0,0.64,Landslide
6.95,79.875,2023-12,410.4,96.3,25.9,14.8,39.8,2.5,loam,2.78,0.64,Flood
6.975,79.925,2025-01,281.6,94.4,25.6,15.1,14.6,0.6,clay,0.78,0.6,Flood
6.925,80.125,2023-12,462.6,98.5,25.3,12.0,34.1,5.4,loam,15.0,0.63,Warning
6.975,80.25,2023-04,195.6,96.3,26.1,10.7,209.1,35.5,loam,14.94,0.76,Landslide
7.05,79.95,2023-10,616.8,98.4,25.4,12.6,19.3,2.2,clay,5.55,0.6,Warning
6.975,79.85,2025-02,47.3,92.0,27.4,15.4,9.5,0.5,clay,6.21,0.47,Warning
7.15,79.85,2025-02,34.1,91.6,27.3,17.6,3.2,1.5,clay,15.0,0.37,No Risk
6.925,80.375,2025-04,349.6,99.0,25.7,10.8,164.7,30.7,loam,15.0,0.82,Landslide
6.9,80.375,2023-11,774.5,97.8,24.0,9.8,172.8,22.7,sandy,15.0,0.8,Landslide
7.0,79.95,2023-08,139.2,95.7,26.7,17.8,31.8,5.9,clay,1.11,0.6,Flood
6.95,80.25,2023-03,198.0,95.8,24.8,9.9,182.1,27.5,sandy,15.0,0.79,Landslide
6.95,79.925,2025-04,177.0,95.0,27.4,13.3,29.7,6.4,clay,2.77,0.63,Flood
6.975,80.075,2025-05,323.7,98.0,26.7,15.5,57.2,4.9,clay,10.32,0.66,Warning
7.125,80.0,2025-04,260.0,98.2,26.4,13.1,61.0,15.4,loam,7.47,0.66,Landslide
6.95,80.1,2024-02,39.2,96.4,27.1,12.8,68.6,15.4,clay,14.21,0.55,No Risk
6.95,80.175,2023-03,168.2,97.3,25.8,10.1,117.2,19.0,loam,15.0,0.73,Landslide
7.025,80.175,2023-02,123.9,97.0,25.3,11.6,132.6,16.4,loam,8.78,0.85,Landslide
6.975,80.225,2023-04,163.6,96.7,26.5,11.1,118.1,16.4,sandy,14.15,0.78,Landslide
6.975,80.1,2023-09,584.4,96.6,25.1,17.0,59.2,7.7,sandy,12.17,0.7,Warning
6.9,79.875,2024-10,406.4,95.5,26.3,16.8,17.2,0.3,clay,2.29,0.62,Flood
7.125,80.15,2025-03,179.3,97.5,26.0,11.6,153.9,18.9,loam,2.99,0.76,Landslide
6.9,80.075,2024-02,39.1,96.0,27.3,13.2,48.0,3.8,clay,15.0,0.48,No Risk
7.125,80.1,2024-09,284.1,97.4,25.8,17.6,39.1,1.8,loam,1.24,0.64,Flood
7.0,80.375,2024-06,366.8,96.2,25.9,14.9,175.5,36.1,sandy,15.0,0.8,Landslide
7.025,79.85,2023-03,112.6,97.4,26.5,13.6,24.8,3.0,clay,10.01,0.62,Warning
6.95,79.875,2023-03,141.2,95.9,26.4,13.1,39.8,2.5,loam,2.78,0.62,Flood
7.125,80.15,2023-10,491.4,97.8,24.9,13.6,153.9,18.9,loam,2.99,0.81,Landslide
6.95,79.9,2023-09,548.1,95.0,26.0,19.3,20.5,4.8,loam,0.0,0.6,Flood
6.9,80.325,2025-01,322.2,98.7,23.5,8.4,190.9,31.7,sandy,15.0,0.76,Landslide
6.975,80.225,2023-12,464.8,98.1,25.3,11.7,118.1,16.4,sandy,14.15,0.78,Landslide
7.0,79.95,2024-07,368.7,96.2,26.8,16.4,31.8,5.9,clay,1.11,0.62,Flood
6.9,79.85,2024-04,177.0,96.1,28.2,14.6,8.8,0.6,clay,3.14,0.6,Flood
7.125,79.9,2023-03,138.5,96.6,26.6,14.1,29.0,5.3,clay,15.0,0.59,Warning
7.075,80.2,2025-02,33.7,96.6,26.1,14.2,99.7,13.8,loam,2.77,0.62,No Risk
7.025,79.975,2023-06,365.2,96.8,26.6,17.0,18.0,0.9,loam,1.76,0.61,Flood
7.075,80.3,2024-02,25.7,94.4,26.7,14.4,99.1,6.7,loam,9.88,0.62,No Risk
6.95,79.85,2023-05,238.3,94.7,27.4,17.0,17.7,1.4,clay,4.0,0.6,Warning
6.975,80.025,2024-02,36.2,93.6,27.6,14.9,70.2,12.1,sandy,6.33,0.59,No Risk
7.075,80.25,2025-04,300.0,98.5,26.1,11.9,117.6,18.7,sandy,6.21,0.76,Landslide
7.125,80.375,2025-02,28.2,96.4,25.4,13.2,175.1,24.7,sandy,11.88,0.64,No Risk
7.125,79.975,2023-11,513.5,99.6,25.4,10.1,15.6,2.2,loam,9.71,0.55,Warning
7.1,80.375,2023-12,457.8,98.0,25.3,10.4,126.9,33.0,sandy,13.74,0.77,Landslide
6.975,79.9,2024-10,416.9,95.4,26.2,16.9,18.4,0.3,clay,2.77,0.64,Flood
7.0,79.925,2023-01,90.4,91.7,25.2,17.9,3.0,2.2,clay,2.29,0.56,Flood
6.9,80.075,2023-09,568.4,97.8,25.1,16.8,48.0,3.8,clay,15.0,0.61,Warning
6.9,80.375,2024-09,412.8,96.1,24.4,12.3,172.8,22.7,sandy,15.0,0.77,Landslide
7.075,80.1,2024-02,26.9,91.4,27.7,16.1,32.2,3.5,clay,3.55,0.41,No Risk
7.0,80.3,2023-08,174.7,93.3,26.0,15.2,223.5,30.2,loam,15.0,0.78,Landslide
7.025,80.075,2024-04,222.8,98.2,28.0,12.4,77.9,17.8,loam,6.71,0.71,Landslide
7.15,79.875,2024-10,427.8,95.3,26.3,16.8,5.4,2.0,loam,15.0,0.48,Warning
7.0,79.85,2024-02,42.9,91.9,27.7,17.7,13.7,1.6,loam,7.85,0.4,No Risk
7.0,79.95,2023-05,235.7,96.6,26.9,14.9,31.8,5.9,clay,1.11,0.69,Flood
7.05,80.325,2024-06,405.7,95.6,25.6,16.6,217.1,18.9,sandy,13.79,0.82,Landslide
7.05,80.0,2024-10,395.3,97.3,25.9,14.3,74.6,7.6,clay,2.22,0.65,Warning
7.125,80.1,2024-02,25.1,90.7,27.8,16.9,39.1,1.8,loam,1.24,0.4,No Risk
7.1,80.225,2023-05,221.1,95.4,26.4,13.2,125.1,18.9,loam,2.77,0.75,Landslide
7.1,80.25,2023-01,106.8,91.8,24.2,14.6,182.6,19.8,loam,4.0,0.81,Landslide
6.975,79.95,2024-05,695.3,97.3,27.3,16.5,19.8,1.1,clay,2.29,0.56,Flood
7.05,80.3,2023-07,363.1,94.3,25.4,15.0,128.7,31.4,loam,11.8,0.75,Landslide
6.925,80.0,2024-02,37.3,95.3,27.5,14.6,60.1,18.3,loam,9.44,0.51,No Risk
7.075,80.05,2023-08,118.9,96.0,26.6,16.9,38.7,7.9,clay,0.55,0.66,Flood
6.975,80.0,2025-02,59.4,95.5,27.3,13.9,74.9,18.6,loam,5.12,0.59,Warning
6.9,79.85,2025-04,177.0,95.0,27.4,13.3,8.8,0.6,clay,3.14,0.58,Flood
6.975,79.95,2023-11,479.3,99.6,25.4,10.2,19.8,1.1,clay,2.29,0.53,Flood
7.05,79.925,2024-02,42.3,91.2,27.7,17.8,35.5,6.6,clay,6.77,0.51,No Risk
7.0,80.175,2023-10,680.7,97.5,24.3,12.8,74.0,13.3,sandy,11.44,0.75,Warning
7.025,79.85,2025-03,137.8,95.4,27.3,12.0,24.8,3.0,clay,10.01,0.57,Warning
7.075,80.25,2023-04,188.3,96.8,26.7,11.5,117.6,18.7,sandy,6.21,0.75,Landslide
7.025,80.375,2024-04,254.2,95.8,26.3,9.6,119.5,13.0,loam,15.0,0.84,Warning
6.9,79.95,2024-02,37.5,95.3,27.5,14.7,23.8,4.0,clay,7.85,0.44,Warning
6.925,80.25,2024-02,42.5,94.4,26.7,12.1,228.8,33.0,sandy,15.0,0.64,No Risk
7.125,80.15,2024-03,71.6,93.8,28.1,15.9,153.9,18.9,loam,2.99,0.65,Warning
6.975,80.15,2024-05,821.3,97.1,26.8,15.8,94.7,8.2,loam,14.94,0.78,Warning
7.075,79.95,2024-06,352.7,95.8,26.8,18.3,17.2,0.3,loam,7.55,0.62,Warning
6.9,79.85,2024-02,38.3,92.8,27.6,17.0,8.8,0.6,clay,3.14,0.42,Warning
7.1,79.875,2025-02,34.1,91.7,27.3,17.8,24.4,3.5,clay,14.57,0.44,No Risk
7.075,79.85,2023-11,473.5,97.8,25.6,11.8,25.8,2.4,loam,13.79,0.61,Warning
7.125,80.025,2023-03,192.6,96.3,26.5,12.6,86.7,12.3,loam,5.71,0.73,Warning
6.95,80.05,2024-06,391.0,97.2,26.3,17.3,79.7,18.7,loam,10.23,0.69,Landslide
6.975,80.225,2024-05,817.5,97.0,26.7,15.0,118.1,16.4,sandy,14.15,0.82,Landslide
7.075,80.0,2023-09,551.0,96.5,25.6,17.2,89.4,13.9,loam,3.55,0.75,Warning
7.0,80.275,2023-08,174.7,93.3,26.0,15.2,241.0,35.6,sandy,13.88,0.79,Landslide
7.05,80.0,2023-04,177.6,97.8,27.0,12.4,74.6,7.6,clay,2.22,0.73,Warning
6.9,79.85,2024-04,185.2,96.1,28.2,14.4,8.8,0.6,clay,3.14,0.6,Flood
6.975,80.2,2024-09,346.2,96.6,25.7,15.0,118.9,8.0,sandy,13.88,0.78,Warning
6.9,80.15,2025-03,169.4,98.8,25.9,12.0,132.2,24.6,loam,15.0,0.81,Landslide
7.1,80.1,2024-02,25.1,90.9,27.8,17.2,75.3,10.7,loam,2.22,0.5,No Risk
7.15,79.925,2023-11,513.5,99.6,25.4,10.1,12.6,0.5,clay,15.0,0.57,Warning
6.9,80.3,2023-04,207.5,95.4,25.1,9.8,186.2,18.2,sandy,15.0,0.81,Landslide
6.925,80.1,2023-12,462.6,98.5,25.3,12.0,54.2,8.0,loam,15.0,0.67,Warning
7.025,80.0,2023-06,368.9,96.8,26.6,17.0,75.1,17.7,clay,1.24,0.71,Landslide
7.1,80.375,2023-06,299.7,95.4,25.7,13.5,126.9,33.0,sandy,13.74,0.78,Landslide
7.075,79.925,2024-09,294.4,92.8,27.0,20.8,12.8,1.0,loam,9.19,0.57,Warning
6.9,79.875,2024-04,180.7,96.1,28.2,14.6,17.2,0.3,clay,2.29,0.58,Flood
6.975,80.05,2023-02,110.2,97.1,25.6,13.2,76.5,13.7,loam,8.33,0.67,Warning
7.025,80.175,2025-01,339.0,98.4,24.9,10.6,132.6,16.4,loam,8.78,0.81,Landslide
7.075,80.2,2024-06,419.1,96.0,25.9,16.9,99.7,13.8,loam,2.77,0.74,Warning
7.05,80.025,2024-02,27.8,91.3,28.1,16.7,87.5,19.3,clay,0.56,0.55,No Risk
7.0,80.2,2023-01,167.6,94.5,24.4,13.1,62.8,13.7,sandy,11.1,0.73,Warning
7.125,80.2,2024-05,711.3,97.5,26.6,16.0,92.0,7.0,sandy,2.78,0.77,Warning
7.025,80.2,2025-04,314.4,97.8,25.1,11.7,123.8,29.9,sandy,8.32,0.8,Landslide
6.9,80.3,2023-08,190.3,93.4,25.0,14.4,186.2,18.2,sandy,15.0,0.79,Landslide
7.15,80.025,2024-02,28.7,91.0,28.2,17.1,44.0,2.2,loam,8.25,0.46,No Risk
7.025,80.3,2023-03,186.2,96.6,25.4,10.0,203.1,17.9,loam,13.87,0.82,Landslide
7.1,79.85,2024-02,26.9,90.3,27.8,18.1,19.7,1.6,clay,15.0,0.35,No Risk
7.075,80.075,2023-06,324.3,97.4,26.3,16.2,71.6,10.1,clay,2.83,0.67,Warning
6.925,80.375,2024-11,636.6,98.3,24.9,10.4,164.7,30.7,loam,15.0,0.85,Landslide
7.05,80.225,2024-07,331.9,96.0,26.0,15.4,90.0,17.9,sandy,6.21,0.71,Landslide
6.95,79.95,2023-03,185.9,98.2,26.2,11.0,10.8,0.5,clay,4.0,0.6,Warning
7.075,80.175,2023-08,120.1,94.8,25.4,16.7,88.0,17.9,loam,3.92,0.75,Landslide
7.05,80.0,2023-08,113.9,95.8,26.7,17.7,74.6,7.6,clay,2.22,0.78,Warning
7.05,80.325,2023-12,438.8,98.2,25.1,11.6,217.1,18.9,sandy,13.79,0.78,Landslide
6.95,80.275,2025-05,411.5,98.9,25.6,11.3,186.9,15.9,sandy,15.0,0.81,Landslide
7.0,80.2,2024-10,559.3,96.4,25.5,12.6,62.8,13.7,sandy,11.1,0.67,Warning
6.95,79.975,2024-09,383.1,96.3,26.5,17.5,33.0,1.8,clay,5.79,0.62,Warning
7.075,80.15,2024-02,26.9,91.3,27.8,16.3,81.5,10.9,loam,6.21,0.62,No Risk
7.0,79.9,2024-04,173.6,96.4,28.2,14.5,22.7,1.5,clay,4.0,0.65,Warning
7.025,80.375,2024-01,291.5,95.1,24.3,8.8,119.5,13.0,loam,15.0,0.8,Warning
7.1,80.3,2023-06,240.5,94.6,24.9,15.3,227.7,27.9,loam,8.0,0.8,Landslide
7.075,79.925,2024-02,42.5,91.0,27.7,17.8,12.8,1.0,loam,9.19,0.4,No Risk
7.025,79.95,2024-08,307.0,96.1,26.4,17.0,14.2,1.5,clay,2.99,0.57,Flood
6.925,80.375,2025-03,204.4,98.3,25.6,9.8,164.7,30.7,loam,15.0,0.78,Landslide
7.15,80.0,2023-10,597.0,98.2,25.3,12.8,84.9,11.8,sandy,9.55,0.72,Warning
7.075,80.05,2023-06,324.3,97.4,26.3,16.2,38.7,7.9,clay,0.55,0.65,Flood
7.0,79.975,2024-09,371.6,96.3,26.6,17.5,9.0,0.5,clay,1.67,0.56,Flood
6.95,80.225,2023-02,114.0,97.6,25.2,11.6,67.0,14.3,loam,15.0,0.71,Warning
7.075,79.875,2024-02,42.8,91.1,27.7,17.9,9.5,1.1,clay,12.18,0.47,No Risk
6.925,80.1,2025-04,301.3,98.8,25.8,12.7,54.2,8.0,loam,15.0,0.7,Warning
7.075,80.05,2023-01,142.1,90.5,25.3,15.6,38.7,7.9,clay,0.55,0.65,Flood
7.075,80.3,2024-02,25.3,94.4,26.6,14.2,99.1,6.7,loam,9.88,0.62,No Risk
7.0,79.85,2024-02,43.2,91.8,27.7,17.6,13.7,1.6,loam,7.85,0.4,No Risk
7.15,79.9,2025-02,34.6,91.7,27.4,17.8,7.8,0.8,clay,15.0,0.43,No Risk
6.975,79.875,2024-02,43.4,91.8,27.6,17.7,28.7,5.1,sandy,3.92,0.43,No Risk
7.075,80.2,2025-02,33.1,96.5,26.1,14.2,99.7,13.8,loam,2.77,0.62,No Risk
6.9,80.175,2025-03,132.8,98.8,26.0,11.4,105.0,17.4,loam,15.0,0.72,Landslide
6.975,79.975,2024-01,182.1,95.6,26.0,12.7,17.0,0.8,loam,3.24,0.59,Flood
7.0,80.0,2024-02,32.7,93.3,27.7,15.5,74.6,6.2,clay,2.48,0.54,No Risk
6.975,79.9,2023-06,370.5,94.9,27.0,19.9,18.4,0.3,clay,2.77,0.57,Flood
6.9,79.975,2024-02,37.5,95.3,27.5,14.7,23.2,3.9,loam,10.01,0.4,Warning
7.125,79.925,2024-04,205.5,98.7,28.0,12.8,3.0,1.9,clay,13.44,0.55,Warning
6.975,79.975,2023-09,574.1,96.5,25.7,17.0,17.0,0.8,loam,3.24,0.55,Flood
7.05,79.9,2023-03,117.5,95.7,26.5,13.8,18.4,1.2,clay,8.45,0.57,Warning
7.1,80.125,2025-05,307.2,98.5,26.2,15.7,71.0,11.4,loam,2.78,0.67,Warning
6.925,80.075,2023-04,197.0,98.1,26.5,11.0,23.4,3.6,clay,14.15,0.58,Warning
6.9,80.15,2023-05,241.1,96.6,26.3,13.2,132.2,24.6,loam,15.0,0.76,Landslide
7.1,80.025,2024-08,276.9,96.2,26.1,16.7,59.1,4.2,loam,3.55,0.64,Warning
7.125,80.125,2024-06,334.7,96.7,26.1,18.3,79.8,17.8,sandy,1.76,0.71,Landslide
7.125,80.275,2023-02,99.4,96.0,25.0,13.0,199.1,34.9,sandy,4.23,0.8,Landslide
7.075,79.9,2024-05,599.9,95.1,27.7,19.8,28.5,5.2,clay,10.66,0.62,Warning
7.05,80.1,2024-01,188.3,94.5,25.9,13.1,43.6,5.2,clay,5.98,0.64,Warning
6.925,79.95,2023-01,120.8,93.3,25.0,14.3,7.2,0.3,clay,6.21,0.54,Warning
7.125,79.925,2023-05,248.7,96.1,27.0,15.3,3.0,1.9,clay,13.44,0.56,Warning
7.0,80.2,2024-02,46.0,95.4,27.2,13.3,62.8,13.7,sandy,11.1,0.49,Warning
6.925,80.225,2023-10,693.8,97.0,25.1,12.6,132.0,36.4,loam,15.0,0.77,Landslide
7.0,80.15,2024-09,355.8,97.3,25.9,16.4,147.0,20.3,sandy,12.41,0.84,Landslide
6.9,80.1,2024-10,509.7,97.0,25.5,13.9,75.8,7.3,loam,15.0,0.67,Warning
7.05,80.05,2024-04,223.1,98.1,28.2,12.6,22.4,3.7,loam,3.33,0.55,Flood
7.075,80.0,2023-05,233.4,96.4,27.0,15.1,89.4,13.9,loam,3.55,0.75,Warning
6.925,79.85,2024-12,130.0,94.2,26.6,13.7,24.7,3.2,clay,2.29,0.61,Flood
7.1,80.05,2024-03,112.2,95.7,28.3,15.7,41.6,6.9,loam,2.22,0.65,Flood
6.975,79.9,2024-06,326.9,93.5,27.0,21.4,18.4,0.3,clay,2.77,0.56,Flood
7.025,80.25,2023-12,518.7,98.1,25.1,10.9,95.1,18.9,sandy,10.01,0.76,Landslide
6.9,80.1,2024-05,766.7,97.3,26.7,16.0,75.8,7.3,loam,15.0,0.73,Warning
6.975,80.2,2024-04,200.0,96.4,27.8,12.8,118.9,8.0,sandy,13.88,0.82,Warning
7.075,80.125,2023-06,323.6,96.8,26.0,15.3,86.3,10.8,sandy,5.27,0.79,Warning
6.975,80.225,2023-08,156.5,95.0,26.2,15.9,118.1,16.4,sandy,14.15,0.75,Landslide
7.025,80.275,2024-08,456.7,94.2,25.5,14.8,190.6,30.0,sandy,11.77,0.75,Landslide
7.025,80.375,2023-06,378.6,95.2,24.7,12.0,119.5,13.0,loam,15.0,0.82,Warning
6.975,79.85,2024-02,43.4,91.8,27.7,17.6,9.5,0.5,clay,6.21,0.38,No Risk
7.125,80.325,2025-02,27.4,96.5,26.4,13.0,114.8,10.7,loam,8.19,0.59,No Risk
7.025,80.05,2023-06,329.7,97.9,26.2,15.7,34.0,3.7,loam,4.33,0.62,Warning
6.925,79.925,2025-01,278.6,94.9,25.6,14.2,31.7,5.7,loam,3.92,0.56,Warning
7.025,80.225,2024-02,46.0,95.4,27.2,13.3,137.7,19.0,sandy,8.78,0.62,Warning
6.975,80.0,2024-02,31.2,93.4,27.7,15.6,74.9,18.6,loam,5.12,0.54,No Risk
6.975,79.95,2025-01,341.7,97.0,25.4,13.1,19.8,1.1,clay,2.29,0.59,Flood
6.925,80.375,2024-08,484.0,95.3,25.7,14.1,164.7,30.7,loam,15.0,0.78,Landslide
7.025,79.975,2024-01,185.3,95.7,26.0,12.4,18.0,0.9,loam,1.76,0.61,Flood
7.075,80.25,2024-02,25.8,94.4,27.6,14.2,117.6,18.7,sandy,6.21,0.52,No Risk
7.0,80.175,2025-04,314.4,97.8,25.1,11.7,74.0,13.3,sandy,11.44,0.69,Warning
7.025,80.175,2025-05,309.7,98.0,26.1,13.4,132.6,16.4,loam,8.78,0.85,Landslide
6.975,80.025,2024-06,391.5,96.7,26.4,17.0,70.2,12.1,sandy,6.33,0.7,Warning
6.975,79.95,2025-01,335.1,97.1,25.4,13.1,19.8,1.1,clay,2.29,0.59,Flood
7.05,80.05,2023-09,576.5,97.1,25.4,16.9,22.4,3.7,loam,3.33,0.59,Flood
6.95,79.875,2023-04,136.7,95.3,27.3,13.7,39.8,2.5,loam,2.78,0.61,Flood
7.075,80.35,2024-09,358.6,96.0,24.5,14.6,222.8,24.9,loam,13.74,0.78,Landslide
7.05,80.075,2024-09,349.2,97.4,26.3,17.0,48.9,3.6,loam,4.33,0.7,Warning
7.075,80.275,2023-11,614.2,98.9,24.6,10.5,201.6,18.5,loam,7.89,0.83,Landslide
7.075,80.225,2023-04,188.3,96.8,25.5,11.5,87.8,9.6,sandy,3.92,0.7,Warning
7.0,79.975,2024-09,369.4,96.3,26.6,17.6,9.0,0.5,clay,1.67,0.56,Flood
6.9,80.275,2024-10,612.3,95.4,25.3,11.8,132.8,33.3,sandy,15.0,0.83,Landslide
6.925,80.05,2025-01,376.1,98.7,25.0,12.5,82.3,7.8,loam,12.47,0.71,Warning
6.9,80.2,2023-04,173.9,96.5,26.5,11.0,74.7,8.5,sandy,15.0,0.71,Warning
7.125,80.375,2024-02,27.5,91.8,26.2,15.9,175.1,24.7,sandy,11.88,0.58,No Risk
7.15,80.0,2025-02,43.0,95.3,26.9,15.6,84.9,11.8,sandy,9.55,0.54,No Risk
7.025,80.075,2023-11,565.1,99.4,25.3,10.0,77.9,17.8,loam,6.71,0.74,Landslide
6.925,80.075,2023-01,146.5,93.9,24.8,13.6,23.4,3.6,clay,14.15,0.63,Warning
6.9,80.025,2023-05,272.0,97.6,26.4,13.6,77.1,15.8,sandy,13.24,0.73,Landslide
7.1,79.925,2024-01,163.8,94.8,26.1,14.7,4.3,0.6,clay,11.44,0.55,Warning
6.9,80.225,2024-12,169.4,98.2,25.4,11.7,111.9,8.1,sandy,15.0,0.75,Warning
6.975,79.95,2025-01,343.7,97.1,25.4,13.1,19.8,1.1,clay,2.29,0.59,Flood
6.975,80.275,2024-12,150.5,98.2,25.0,10.9,191.4,27.2,loam,15.0,0.81,Landslide
6.9,80.05,2024-07,328.2,97.8,26.3,15.7,22.1,5.5,clay,14.89,0.61,Warning
7.0,80.15,2024-02,42.4,94.4,27.4,14.1,147.0,20.3,sandy,12.41,0.62,No Risk
7.1,80.125,2024-03,93.8,94.3,28.3,16.3,71.0,11.4,loam,2.78,0.7,Warning
6.925,80.25,2023-06,463.6,94.8,25.7,12.1,228.8,33.0,sandy,15.0,0.78,Landslide
7.025,80.0,2025-02,59.4,95.5,27.3,13.9,75.1,17.7,clay,1.24,0.59,Warning
7.125,80.05,2023-06,304.6,97.0,26.3,17.0,50.3,6.3,loam,4.33,0.63,Warning
6.95,80.225,2023-03,168.2,97.3,25.8,10.1,67.0,14.3,loam,15.0,0.73,Warning
7.05,79.9,2025-02,46.2,92.1,27.2,16.5,18.4,1.2,clay,8.45,0.46,Warning
7.1,80.075,2024-07,315.7,97.0,26.5,16.0,92.3,13.0,clay,0.55,0.73,Warning
6.925,79.9,2024-08,334.0,92.8,26.8,19.1,11.6,0.4,clay,2.78,0.56,Flood
7.075,80.05,2024-03,117.3,95.7,28.3,15.7,38.7,7.9,clay,0.55,0.6,Flood
6.9,80.325,2023-02,146.4,94.5,23.8,9.6,190.9,31.7,sandy,15.0,0.8,Landslide
6.95,79.975,2024-07,363.2,96.3,26.7,16.3,33.0,1.8,clay,5.79,0.66,Warning
6.975,80.15,2023-09,584.4,96.6,25.1,17.0,94.7,8.2,loam,14.94,0.68,Warning
7.125,80.15,2024-02,18.9,92.2,27.3,16.5,153.9,18.9,loam,2.99,0.58,No Risk
7.0,80.35,2024-01,291.5,95.2,25.3,8.8,193.9,27.8,loam,15.0,0.82,Landslide
6.975,79.9,2023-05,224.5,96.0,27.3,17.5,18.4,0.3,clay,2.77,0.57,Flood
6.975,79.95,2025-03,189.9,98.5,26.7,11.0,19.8,1.1,clay,2.29,0.59,Flood
6.975,79.85,2023-12,362.7,96.3,26.0,15.5,9.5,0.5,clay,6.21,0.61,Warning
6.9,80.375,2025-02,58.2,95.8,24.5,10.9,172.8,22.7,sandy,15.0,0.68,Landslide
7.125,80.125,2024-10,393.0,97.0,25.5,13.8,79.8,17.8,sandy,1.76,0.7,Landslide
6.9,80.1,2025-03,169.4,98.8,25.9,12.0,75.8,7.3,loam,15.0,0.66,Warning
7.025,80.025,2024-02,36.8,93.7,27.7,14.9,69.5,11.7,loam,2.83,0.52,No Risk
6.9,80.2,2024-02,39.4,96.1,27.0,12.6,74.7,8.5,sandy,15.0,0.57,No Risk
7.1,80.125,2023-02,109.4,95.8,25.6,12.7,71.0,11.4,loam,2.78,0.69,Warning
6.9,80.2,2024-10,570.2,96.0,25.5,12.8,74.7,8.5,sandy,15.0,0.66,Warning
7.1,80.3,2024-02,26.6,91.6,26.3,16.0,227.7,27.9,loam,8.0,0.63,No Risk
6.9,79.925,2024-07,316.0,93.6,27.2,19.0,28.1,3.3,sandy,6.21,0.58,Warning
7.0,80.25,2025-02,51.2,96.7,25.9,12.5,127.9,31.1,loam,12.41,0.73,Warning
7.05,80.2,2023-05,221.1,95.4,25.1,13.2,99.8,17.4,sandy,5.55,0.75,Landslide
6.975,80.05,2024-12,186.0,97.9,25.7,12.3,76.5,13.7,loam,8.33,0.71,Warning
6.95,80.2,2025-04,304.4,98.1,25.9,11.1,66.3,6.2,loam,15.0,0.61,Warning
6.9,79.925,2023-03,141.2,95.9,26.4,13.1,28.1,3.3,sandy,6.21,0.62,Warning
7.05,80.05,2024-06,397.9,96.6,26.4,17.0,22.4,3.7,loam,3.33,0.61,Flood
7.125,80.1,2025-01,277.7,97.1,25.1,16.5,39.1,1.8,loam,1.24,0.6,Flood
6.975,80.125,2023-09,584.4,96.6,25.1,17.0,37.5,4.8,clay,14.32,0.63,Warning
7.0,80.375,2024-02,50.0,93.8,26.4,11.1,175.5,36.1,sandy,15.0,0.64,Warning
7.05,80.325,2024-02,24.9,94.5,26.9,14.2,217.1,18.9,sandy,13.79,0.66,No Risk
7.125,80.275,2025-01,299.1,97.5,24.7,13.1,199.1,34.9,sandy,4.23,0.75,Landslide
7.0,79.95,2024-07,358.8,96.3,26.8,16.5,31.8,5.9,clay,1.11,0.62,Flood
6.975,79.875,2023-07,214.2,92.8,26.9,21.3,28.7,5.1,sandy,3.92,0.58,Warning
7.05,80.025,2024-02,27.6,91.4,28.1,16.6,87.5,19.3,clay,0.56,0.55,No Risk
7.05,80.175,2025-02,33.3,96.5,26.1,14.2,121.1,17.9,sandy,6.21,0.62,No Risk
7.0,80.1,2023-07,359.7,97.1,25.9,16.2,29.7,6.4,loam,10.47,0.6,Warning
7.125,80.375,2024-06,313.8,95.5,25.0,18.0,175.1,24.7,sandy,11.88,0.8,Landslide
6.9,79.85,2023-02,67.3,95.1,25.6,15.8,8.8,0.6,clay,3.14,0.43,Warning
7.125,80.175,2024-09,290.9,96.8,25.6,16.7,116.2,10.0,loam,3.92,0.8,Warning
7.05,80.275,2024-05,809.0,97.3,26.3,15.0,201.8,19.8,loam,10.01,0.81,Landslide
7.125,80.1,2024-04,210.1,97.1,28.0,13.2,39.1,1.8,loam,1.24,0.66,Flood
6.925,80.1,2023-08,155.9,96.5,26.2,17.3,54.2,8.0,loam,15.0,0.65,Warning
6.925,79.9,2024-06,355.6,93.5,27.1,21.2,11.6,0.4,clay,2.78,0.56,Flood
7.0,79.975,2024-12,191.6,97.8,26.1,12.2,9.0,0.5,clay,1.67,0.56,Flood
7.075,80.175,2024-02,33.8,93.5,26.5,15.6,88.0,17.9,loam,3.92,0.54,No Risk
7.1,79.925,2024-03,73.7,96.7,28.2,15.4,4.3,0.6,clay,11.44,0.49,Warning
7.075,80.2,2025-02,33.6,96.5,26.1,14.2,99.7,13.8,loam,2.77,0.62,No Risk
6.9,80.35,2023-12,546.1,96.5,24.2,10.2,121.1,24.6,loam,15.0,0.75,Landslide
6.975,79.9,2025-04,161.7,95.2,27.4,14.0,18.4,0.3,clay,2.77,0.59,Flood
7.0,79.9,2024-02,43.1,91.7,27.6,17.7,22.7,1.5,clay,4.0,0.5,No Risk
7.125,80.25,2025-02,42.2,96.8,25.1,13.6,183.4,27.4,sandy,2.29,0.59,No Risk
7.0,80.175,2023-08,156.5,95.0,25.5,15.9,74.0,13.3,sandy,11.44,0.73,Warning
7.075,80.0,2024-02,26.8,92.3,28.1,16.3,89.4,13.9,loam,3.55,0.55,No Risk
6.975,80.3,2024-01,236.9,96.2,25.3,9.9,228.2,18.0,loam,15.0,0.82,Landslide
6.95,80.1,2023-11,568.2,98.5,25.1,10.6,68.6,15.4,clay,14.21,0.69,Landslide
7.15,79.875,2025-02,34.5,91.7,27.3,17.8,5.4,2.0,loam,15.0,0.43,No Risk
7.025,80.325,2024-10,598.7,95.9,24.9,12.0,167.2,17.8,sandy,15.0,0.78,Landslide
6.9,80.025,2023-11,584.2,99.3,25.2,10.6,77.1,15.8,sandy,13.24,0.69,Landslide
6.925,79.95,2025-01,322.1,97.8,25.3,12.1,7.2,0.3,clay,6.21,0.51,Warning
7.1,80.2,2023-02,99.6,96.4,25.3,12.1,88.8,13.2,loam,0.0,0.79,Warning
7.025,80.1,2024-05,821.3,97.1,26.8,15.8,79.7,8.2,loam,8.25,0.75,Warning
6.925,80.2,2024-02,39.0,96.1,27.2,12.8,95.2,12.3,loam,15.0,0.58,No Risk
6.975,79.95,2024-02,32.2,93.4,27.8,15.5,19.8,1.1,clay,2.29,0.43,Warning
7.05,80.35,2024-02,27.9,94.5,26.4,12.8,132.8,27.5,sandy,15.0,0.6,No Risk
7.125,80.15,2025-02,41.6,96.1,26.0,14.4,153.9,18.9,loam,2.99,0.7,No Risk
7.1,80.1,2025-03,179.3,97.5,26.2,12.4,75.3,10.7,loam,2.22,0.7,Warning
7.125,80.2,2023-07,274.9,95.3,25.7,16.9,92.0,7.0,sandy,2.78,0.71,Warning
6.95,80.1,2023-02,114.0,98.1,25.1,11.9,68.6,15.4,clay,14.21,0.68,Landslide
6.9,79.975,2024-09,383.1,96.3,26.5,17.5,23.2,3.9,loam,10.01,0.62,Warning
7.075,80.05,2023-05,233.2,96.7,26.8,14.2,38.7,7.9,clay,0.55,0.63,Flood
7.025,80.15,2025-05,326.0,98.4,26.2,15.3,108.4,8.3,loam,10.01,0.77,Warning
7.125,79.875,2025-02,34.5,91.6,27.2,17.7,3.0,2.0,clay,15.0,0.33,No Risk
6.9,80.275,2024-02,42.8,94.3,26.7,12.2,132.8,33.3,sandy,15.0,0.59,No Risk
7.1,80.125,2024-05,773.7,97.2,26.8,15.6,71.0,11.4,loam,2.78,0.71,Warning
6.975,79.925,2024-01,121.8,93.6,26.0,15.0,14.6,0.6,clay,0.78,0.61,Flood
6.9,80.075,2024-01,197.5,96.7,25.9,11.3,48.0,3.8,clay,15.0,0.63,Warning
7.05,79.875,2023-04,122.3,96.6,27.1,13.7,22.2,6.6,clay,9.88,0.63,Warning
7.05,80.125,2024-09,350.6,97.6,25.9,16.8,34.8,4.8,clay,7.47,0.64,Warning
7.05,80.05,2024-02,27.2,91.5,28.1,16.6,22.4,3.7,loam,3.33,0.36,No Risk
7.025,80.35,2024-07,352.7,95.2,24.9,12.9,168.9,24.2,sandy,15.0,0.81,Landslide
7.1,79.9,2024-10,421.1,95.4,26.2,16.8,20.9,6.5,clay,12.94,0.57,Warning
6.9,80.175,2024-06,426.5,95.8,26.1,15.7,105.0,17.4,loam,15.0,0.79,Landslide
6.9,80.35,2023-04,282.6,95.3,24.9,9.2,121.1,24.6,loam,15.0,0.76,Landslide
7.05,80.35,2024-02,27.7,94.4,26.4,13.0,132.8,27.5,sandy,15.0,0.6,No Risk
7.125,79.875,2025-02,34.5,91.8,27.3,17.7,3.0,2.0,clay,15.0,0.33,No Risk
6.9,79.95,2023-01,120.8,93.3,25.0,14.3,23.8,4.0,clay,7.85,0.57,Warning
6.975,79.925,2025-04,165.0,95.2,27.4,13.9,14.6,0.6,clay,0.78,0.58,Flood
7.075,80.025,2024-02,27.5,91.3,28.1,16.5,86.0,16.6,loam,2.83,0.52,No Risk
7.1,80.05,2024-04,228.9,98.5,28.1,12.3,41.6,6.9,loam,2.22,0.62,Flood
6.925,80.175,2024-02,39.4,96.1,27.1,12.8,65.1,18.1,loam,15.0,0.58,No Risk
6.925,80.05,2024-02,38.0,96.3,27.4,13.1,82.3,7.8,loam,12.47,0.56,No Risk
7.075,80.225,2024-02,25.4,94.5,26.2,14.3,87.8,9.6,sandy,3.92,0.57,No Risk
6.9,80.275,2025-04,378.4,99.1,25.5,10.6,132.8,33.3,sandy,15.0,0.83,Landslide
6.95,80.25,2024-12,177.7,98.1,24.4,11.0,182.1,27.5,sandy,15.0,0.8,Landslide
6.95,80.35,2024-08,484.0,95.3,24.5,14.1,144.3,16.2,loam,15.0,0.82,Landslide
7.1,80.05,2024-08,265.0,96.4,26.2,16.4,41.6,6.9,loam,2.22,0.64,Flood
7.05,79.95,2024-10,395.3,97.3,25.9,14.3,19.3,2.2,clay,5.55,0.64,Warning
7.025,79.975,2023-10,631.5,98.3,25.4,12.9,18.0,0.9,loam,1.76,0.62,Flood
7.15,80.025,2024-04,210.0,98.4,28.1,12.8,44.0,2.2,loam,8.25,0.58,Warning
6.975,80.125,2024-09,355.8,97.3,25.9,16.4,37.5,4.8,clay,14.32,0.63,Warning
6.975,79.95,2023-12,412.3,98.1,25.8,13.6,19.8,1.1,clay,2.29,0.62,Flood
7.025,79.875,2023-06,370.5,94.9,27.0,19.9,22.2,5.8,clay,7.89,0.59,Warning
6.9,80.3,2023-05,302.9,94.6,25.1,11.8,186.2,18.2,sandy,15.0,0.85,Landslide
6.95,79.9,2023-04,136.7,95.4,27.3,13.6,20.5,4.8,loam,0.0,0.62,Flood
6.9,80.1,2024-02,39.5,96.5,27.1,12.8,75.8,7.3,loam,15.0,0.54,No Risk
7.0,80.175,2024-06,470.1,95.8,25.3,16.1,74.0,13.3,sandy,11.44,0.72,Warning
7.075,79.85,2023-08,109.1,92.5,27.1,19.9,25.8,2.4,loam,13.79,0.63,Warning
7.05,79.9,2024-02,42.3,91.2,27.7,17.8,18.4,1.2,clay,8.45,0.42,No Risk
7.1,80.325,2023-01,148.1,93.7,24.3,13.4,154.6,24.9,loam,9.82,0.79,Landslide
6.925,79.875,2025-02,49.0,92.1,27.4,14.6,16.7,1.3,loam,0.78,0.44,Warning
7.125,80.1,2025-04,256.2,98.3,26.0,13.4,39.1,1.8,loam,1.24,0.64,Flood
6.925,80.125,2023-03,180.9,98.2,25.7,9.9,34.1,5.4,loam,15.0,0.61,Warning
7.05,80.375,2023-08,109.5,96.3,20.9,14.6,212.7,17.2,sandy,15.0,0.78,Landslide
7.075,80.15,2024-02,26.3,91.3,27.8,16.5,81.5,10.9,loam,6.21,0.62,No Risk
7.125,80.35,2024-09,284.9,95.2,24.8,16.5,158.1,30.1,loam,9.82,0.82,Landslide
7.125,80.175,2024-01,157.5,95.3,25.5,13.3,116.2,10.0,loam,3.92,0.78,Warning
7.025,80.225,2023-09,667.4,96.1,25.0,16.0,137.7,19.0,sandy,8.78,0.85,Landslide
7.125,79.9,2023-06,336.4,94.6,27.1,20.5,29.0,5.3,clay,15.0,0.65,Warning
6.925,80.2,2023-07,357.0,96.4,25.7,15.3,95.2,12.3,loam,15.0,0.71,Warning
6.9,80.35,2023-11,774.5,97.8,24.0,9.8,121.1,24.6,loam,15.0,0.8,Landslide
6.9,80.275,2025-03,163.9,98.9,25.7,10.7,132.8,33.3,sandy,15.0,0.82,Landslide
7.025,80.0,2024-05,695.3,97.3,27.3,16.5,75.1,17.7,clay,1.24,0.71,Landslide
7.025,80.25,2024-11,522.4,98.6,24.6,11.6,95.1,18.9,sandy,10.01,0.78,Landslide
7.125,79.875,2023-06,336.4,94.6,27.1,20.5,3.0,2.0,clay,15.0,0.56,Warning
6.95,80.175,2024-02,39.6,96.0,27.1,12.7,117.2,19.0,loam,15.0,0.61,No Risk
7.15,80.0,2024-08,276.9,96.2,26.1,16.7,84.9,11.8,sandy,9.55,0.73,Warning
7.1,79.9,2024-06,301.6,93.6,27.0,21.6,20.9,6.5,clay,12.94,0.57,Warning
6.95,80.125,2024-01,190.0,97.1,25.6,10.3,28.9,5.4,clay,15.0,0.64,Warning
7.025,80.2,2024-03,87.3,94.4,27.4,16.3,123.8,29.9,sandy,8.32,0.79,Landslide
7.05,80.325,2024-02,25.7,94.5,26.7,14.3,217.1,18.9,sandy,13.79,0.66,No Risk
7.075,80.05,2023-05,225.3,96.7,26.9,14.0,38.7,7.9,clay,0.55,0.63,Flood
7.05,80.225,2025-02,32.9,96.8,26.2,14.3,90.0,17.9,sandy,6.21,0.56,No Risk
6.95,80.3,2023-12,496.2,97.6,25.2,10.8,238.9,30.8,sandy,15.0,0.78,Landslide
7.125,80.1,2023-07,266.4,96.3,26.0,17.3,39.1,1.8,loam,1.24,0.61,Flood
6.925,79.975,2023-09,573.5,96.9,25.5,16.9,9.3,0.8,clay,7.89,0.55,Warning
6.925,79.975,2023-10,657.4,98.0,25.4,12.9,9.3,0.8,clay,7.89,0.57,Warning
7.0,80.275,2023-12,518.7,98.1,25.1,10.9,241.0,35.6,sandy,13.88,0.84,Landslide
6.95,80.325,2025-05,411.5,98.9,25.3,11.3,174.0,30.3,sandy,15.0,0.75,Landslide
6.925,80.025,2024-02,38.0,95.8,27.3,13.1,52.5,3.1,clay,11.02,0.46,No Risk
6.975,79.9,2023-09,545.4,95.2,26.0,19.9,18.4,0.3,clay,2.77,0.59,Flood
7.025,79.875,2024-03,93.8,95.0,28.0,16.4,22.2,5.8,clay,7.89,0.62,Warning
7.025,80.2,2023-03,164.0,97.5,25.1,10.3,123.8,29.9,sandy,8.32,0.8,Landslide
6.925,80.1,2023-06,341.0,97.5,25.8,14.8,54.2,8.0,loam,15.0,0.62,Warning
7.05,79.95,2024-08,263.9,95.8,26.4,17.1,19.3,2.2,clay,5.55,0.56,Warning
7.025,80.125,2024-02,42.0,94.2,27.6,14.2,60.4,12.0,clay,9.71,0.49,No Risk
7.0,79.95,2025-01,328.2,97.1,25.4,13.4,31.8,5.9,clay,1.11,0.64,Flood
7.1,80.3,2023-01,98.9,92.4,23.4,13.3,227.7,27.9,loam,8.0,0.81,Landslide
7.1,80.175,2025-02,41.8,96.0,26.1,14.5,146.2,35.3,loam,2.78,0.65,No Risk
7.1,80.05,2025-03,186.9,98.0,26.5,12.0,41.6,6.9,loam,2.22,0.65,Flood
7.125,80.125,2023-12,387.0,97.0,25.5,15.1,79.8,17.8,sandy,1.76,0.71,Landslide
6.95,80.2,2023-01,129.3,96.5,24.2,11.6,66.3,6.2,loam,15.0,0.69,Warning
7.05,80.15,2023-04,203.6,97.0,26.8,12.4,133.4,17.5,loam,7.85,0.85,Landslide
7.05,80.0,2025-01,305.5,96.5,25.4,14.5,74.6,7.6,clay,2.22,0.72,Warning
6.925,80.225,2024-02,39.7,96.2,27.1,12.8,132.0,36.4,loam,15.0,0.65,No Risk
7.15,79.9,2023-09,519.6,94.7,26.0,20.5,7.8,0.8,clay,15.0,0.54,Warning
7.05,80.075,2025-04,257.3,98.1,26.5,12.6,48.9,3.6,loam,4.33,0.63,Warning
6.925,80.15,2023-03,180.9,98.2,25.7,9.9,109.4,14.2,sandy,15.0,0.84,Warning
6.975,79.9,2023-04,175.5,97.7,27.0,13.9,18.4,0.3,clay,2.77,0.54,Flood
7.125,80.05,2024-02,29.4,91.2,28.1,17.1,50.3,6.3,loam,4.33,0.47,No Risk
7.125,80.3,2024-02,22.6,92.4,26.9,16.0,121.9,24.6,sandy,5.9,0.56,No Risk
7.025,80.075,2023-03,194.3,98.4,26.2,10.3,77.9,17.8,loam,6.71,0.7,Landslide
7.0,80.125,2025-02,45.7,96.4,26.3,14.2,32.7,2.6,clay,12.17,0.45,Warning
7.025,80.35,2023-09,553.4,96.7,23.9,16.0,168.9,24.2,sandy,15.0,0.82,Landslide
7.1,80.325,2023-04,188.3,96.8,26.3,11.5,154.6,24.9,loam,9.82,0.77,Landslide
6.9,80.275,2024-02,42.6,94.4,26.8,12.2,132.8,33.3,sandy,15.0,0.59,No Risk
7.0,80.3,2024-08,456.7,94.2,25.5,14.8,223.5,30.2,loam,15.0,0.79,Landslide
7.0,80.35,2024-12,148.9,98.3,25.0,10.6,193.9,27.8,loam,15.0,0.78,Landslide
7.075,80.35,2024-12,163.1,98.1,24.1,10.5,222.8,24.9,loam,13.74,0.82,Landslide
7.125,79.9,2023-07,188.6,92.0,26.9,21.3,29.0,5.3,clay,15.0,0.53,Warning
7.025,79.85,2023-12,362.7,96.3,26.0,15.5,24.8,3.0,clay,10.01,0.58,Warning
6.95,80.3,2025-02,51.8,97.0,25.9,12.1,238.9,30.8,sandy,15.0,0.66,Warning
7.1,79.85,2024-02,27.5,90.4,27.8,18.0,19.7,1.6,clay,15.0,0.35,No Risk
6.925,80.225,2025-02,59.6,98.0,26.1,13.2,132.0,36.4,loam,15.0,0.71,Landslide
6.9,80.0,2024-02,36.9,95.2,27.5,14.7,64.3,14.6,loam,11.8,0.52,No Risk
7.0,80.1,2023-03,188.5,97.7,25.9,10.5,29.7,6.4,loam,10.47,0.64,Warning
6.925,80.05,2024-05,755.7,97.9,26.8,15.7,82.3,7.8,loam,12.47,0.76,Warning
7.025,79.975,2023-08,136.4,95.8,26.7,17.6,18.0,0.9,loam,1.76,0.58,Flood
7.0,80.0,2024-02,32.5,93.5,27.7,15.5,74.6,6.2,clay,2.48,0.54,No Risk
6.975,79.9,2023-09,534.8,95.2,26.0,19.8,18.4,0.3,clay,2.77,0.59,Flood
7.15,79.975,2024-04,205.5,98.7,28.0,12.8,28.4,6.7,clay,11.39,0.58,Warning
7.05,80.2,2025-02,32.7,96.5,24.9,14.2,99.8,17.4,sandy,5.55,0.58,No Risk
7.125,80.15,2023-07,274.9,95.3,25.7,16.9,153.9,18.9,loam,2.99,0.83,Landslide
6.9,80.275,2024-11,526.2,98.5,24.7,11.5,132.8,33.3,sandy,15.0,0.77,Landslide
7.025,79.975,2024-10,444.4,97.3,25.9,14.3,18.0,0.9,loam,1.76,0.59,Flood
7.075,80.15,2024-08,298.8,95.7,25.9,16.5,81.5,10.9,loam,6.21,0.73,Warning
6.95,80.0,2023-04,213.5,97.7,26.8,11.7,15.8,1.9,clay,7.11,0.54,Warning
7.025,80.15,2024-04,197.2,96.8,27.9,12.7,108.4,8.3,loam,10.01,0.75,Warning
7.025,80.2,2024-02,46.0,95.3,26.5,13.3,123.8,29.9,sandy,8.32,0.69,Warning
7.075,79.9,2024-02,42.8,91.3,27.7,17.9,28.5,5.2,clay,10.66,0.46,No Risk
7.075,80.0,2025-02,58.8,96.1,27.1,14.3,89.4,13.9,loam,3.55,0.59,Warning
6.975,80.35,2024-01,291.5,95.1,24.3,8.8,187.8,28.4,loam,15.0,0.8,Landslide
7.0,80.225,2023-08,156.5,95.0,26.2,15.9,93.3,10.0,sandy,11.44,0.71,Warning
7.05,79.975,2025-03,186.2,98.9,26.7,11.8,7.1,1.2,clay,3.72,0.56,Warning
7.125,80.25,2024-05,713.5,96.8,25.6,16.2,183.4,27.4,sandy,2.29,0.77,Landslide
7.1,80.125,2024-02,26.8,91.3,27.8,16.3,71.0,11.4,loam,2.78,0.53,No Risk
7.125,80.075,2025-02,36.0,95.1,26.7,15.7,72.3,12.6,loam,2.83,0.46,No Risk
7.125,80.1,2024-02,25.4,91.0,27.8,17.2,39.1,1.8,loam,1.24,0.4,No Risk
6.925,80.075,2023-08,160.2,96.9,26.4,17.2,23.4,3.6,clay,14.15,0.6,Warning
6.9,79.85,2025-05,274.2,94.1,27.8,18.1,8.8,0.6,clay,3.14,0.55,Flood
7.15,80.025,2025-02,43.7,95.1,27.0,15.6,44.0,2.2,loam,8.25,0.48,No Risk
6.975,80.35,2024-02,50.0,93.8,25.4,11.1,187.8,28.4,loam,15.0,0.64,Warning
6.975,80.275,2024-10,598.7,95.9,25.2,12.0,191.4,27.2,loam,15.0,0.79,Landslide
7.075,80.325,2025-03,183.0,98.4,24.7,10.0,99.7,18.4,sandy,11.88,0.77,Landslide
7.1,80.05,2023-11,557.1,99.3,25.4,10.0,41.6,6.9,loam,2.22,0.65,Flood
6.925,79.95,2023-09,573.5,96.9,25.5,16.9,7.2,0.3,clay,6.21,0.59,Warning
7.025,80.325,2023-07,401.1,94.6,25.2,14.0,167.2,17.8,sandy,15.0,0.76,Landslide
7.075,80.125,2025-03,178.8,97.8,26.2,12.1,86.3,10.8,sandy,5.27,0.71,Warning
6.9,80.075,2024-12,199.0,98.2,25.6,12.5,48.0,3.8,clay,15.0,0.7,Warning
6.925,79.875,2024-08,334.0,92.8,26.8,19.1,16.7,1.3,loam,0.78,0.55,Flood
7.075,80.125,2024-03,93.8,94.3,28.3,16.3,86.3,10.8,sandy,5.27,0.75,Warning
7.025,79.95,2023-03,152.8,97.5,26.4,11.7,14.2,1.5,clay,2.99,0.62,Flood
6.975,80.225,2023-05,234.3,95.5,26.4,12.5,118.1,16.4,sandy,14.15,0.77,Landslide
7.125,80.375,2023-03,143.5,94.6,25.2,11.4,175.1,24.7,sandy,11.88,0.83,Landslide
7.025,79.85,2023-02,64.1,95.8,25.7,15.9,24.8,3.0,clay,10.01,0.55,Warning
7.075,79.925,2024-05,599.9,95.1,27.7,19.8,12.8,1.0,loam,9.19,0.61,Warning
6.9,79.85,2024-10,410.6,95.4,26.3,16.9,8.8,0.6,clay,3.14,0.59,Flood
7.0,80.0,2025-03,189.9,98.5,26.7,11.0,74.6,6.2,clay,2.48,0.71,Warning
6.925,80.05,2024-04,227.3,98.2,27.7,12.5,82.3,7.8,loam,12.47,0.69,Warning
6.925,80.0,2024-02,37.9,95.4,27.6,14.7,60.1,18.3,loam,9.44,0.51,No Risk
6.925,80.075,2024-07,328.2,97.8,26.3,15.7,23.4,3.6,clay,14.15,0.58,Warning
7.1,80.125,2024-02,26.6,91.4,27.8,16.2,71.0,11.4,loam,2.78,0.53,No Risk
6.925,80.175,2025-02,59.6,98.0,26.1,13.2,65.1,18.1,loam,15.0,0.57,Warning
7.125,80.35,2024-02,26.9,91.8,26.3,15.9,158.1,30.1,loam,9.82,0.6,No Risk
7.075,80.15,2024-01,188.3,94.5,25.9,13.1,81.5,10.9,loam,6.21,0.7,Warning
7.0,79.925,2023-09,539.9,95.1,26.0,19.8,3.0,2.2,clay,2.29,0.58,Flood
6.925,80.375,2024-07,377.5,95.1,26.0,12.4,164.7,30.7,loam,15.0,0.79,Landslide
7.075,79.925,2025-03,153.9,96.3,26.8,12.5,12.8,1.0,loam,9.19,0.58,Warning
7.05,80.175,2025-02,32.8,96.8,26.1,14.2,121.1,17.9,sandy,6.21,0.62,No Risk
7.0,79.95,2024-09,359.8,96.1,26.6,17.7,31.8,5.9,clay,1.11,0.61,Flood
7.125,80.125,2024-02,25.7,91.1,27.8,17.1,79.8,17.8,sandy,1.76,0.51,No Risk
6.9,80.075,2024-05,755.7,97.9,26.8,15.7,48.0,3.8,clay,15.0,0.67,Warning
7.075,80.375,2023-10,569.3,97.6,22.1,10.7,115.1,6.0,sandy,15.0,0.84,Warning
6.975,79.975,2025-02,59.4,95.5,27.3,13.9,17.0,0.8,loam,3.24,0.43,Warning
6.925,80.35,2025-04,349.6,98.9,24.5,10.8,196.5,16.3,sandy,15.0,0.78,Landslide
6.975,80.25,2023-05,254.7,94.5,26.1,12.0,209.1,35.5,loam,14.94,0.85,Landslide
6.9,80.325,2024-09,412.8,96.1,24.4,12.3,190.9,31.7,sandy,15.0,0.75,Landslide
6.95,79.975,2024-03,117.0,97.1,28.0,14.7,33.0,1.8,clay,5.79,0.61,Warning
7.05,79.9,2024-05,599.9,95.1,27.7,19.8,18.4,1.2,clay,8.45,0.65,Warning
7.075,80.375,2024-03,109.9,95.6,24.4,12.2,115.1,6.0,sandy,15.0,0.79,Warning
6.925,80.375,2023-01,222.5,94.6,24.1,9.2,164.7,30.7,loam,15.0,0.84,Landslide
7.125,79.875,2024-02,26.9,90.4,27.7,18.2,3.0,2.0,clay,15.0,0.36,No Risk
7.075,80.025,2024-01,192.4,94.4,26.1,13.7,86.0,16.6,loam,2.83,0.77,Landslide
7.025,80.125,2024-06,417.7,96.6,26.1,16.7,60.4,12.0,clay,9.71,0.65,Warning
7.15,80.0,2023-04,195.4,97.9,27.0,12.1,84.9,11.8,sandy,9.55,0.73,Warning
6.975,80.35,2024-09,377.7,96.0,24.5,13.2,187.8,28.4,loam,15.0,0.77,Landslide
7.1,80.125,2024-11,518.6,98.5,25.1,13.7,71.0,11.4,loam,2.78,0.65,Warning
6.925,80.15,2024-10,509.7,97.0,25.5,13.9,109.4,14.2,sandy,15.0,0.76,Warning
7.075,80.1,2024-03,93.8,94.3,28.3,16.3,32.2,3.5,clay,3.55,0.62,Warning
7.15,79.95,2024-01,163.8,94.8,26.1,14.7,35.5,5.1,loam,13.55,0.62,Warning
6.925,79.9,2023-05,230.4,94.8,27.4,17.2,11.6,0.4,clay,2.78,0.64,Flood
7.075,79.9,2024-08,275.8,92.6,26.7,20.0,28.5,5.2,clay,10.66,0.64,Warning
7.125,79.85,2024-02,26.4,90.6,27.8,18.1,6.1,0.5,clay,15.0,0.37,No Risk
7.05,79.9,2024-02,42.3,91.2,27.8,17.7,18.4,1.2,clay,8.45,0.42,No Risk
7.075,80.375,2024-02,36.9,96.0,23.4,10.9,115.1,6.0,sandy,15.0,0.59,No Risk
7.05,80.375,2024-07,263.0,96.5,21.0,14.3,212.7,17.2,sandy,15.0,0.8,Landslide
6.975,79.975,2023-06,368.9,96.8,26.6,17.0,17.0,0.8,loam,3.24,0.6,Flood
7.1,80.05,2024-05,717.2,97.6,27.1,15.5,41.6,6.9,loam,2.22,0.62,Flood
6.925,80.275,2023-06,463.6,94.8,25.7,12.1,193.9,32.8,loam,15.0,0.8,Landslide
6.95,80.2,2023-09,737.1,95.9,25.1,15.6,66.3,6.2,loam,15.0,0.67,Warning
7.0,80.325,2024-03,91.4,92.9,26.5,12.4,237.4,27.0,sandy,15.0,0.84,Landslide
6.9,80.25,2024-02,43.0,94.5,26.8,12.2,113.0,8.2,sandy,15.0,0.64,No Risk
7.1,80.05,2023-08,119.1,96.0,26.6,17.1,41.6,6.9,loam,2.22,0.59,Flood
6.975,79.9,2024-02,43.4,91.8,27.6,17.6,18.4,0.3,clay,2.77,0.48,Warning
6.9,80.1,2023-05,241.1,96.6,26.3,13.2,75.8,7.3,loam,15.0,0.7,Warning
6.95,80.075,2023-11,584.2,99.3,25.2,10.6,54.5,2.1,loam,12.22,0.7,Warning
6.975,79.925,2023-12,362.7,96.3,25.9,15.5,14.6,0.6,clay,0.78,0.62,Flood
6.9,80.35,2023-09,618.5,96.2,23.8,15.4,121.1,24.6,loam,15.0,0.81,Landslide
7.05,80.0,2024-02,26.7,92.4,28.0,16.1,74.6,7.6,clay,2.22,0.57,No Risk
7.025,79.95,2024-12,191.6,97.8,26.1,12.2,14.2,1.5,clay,2.99,0.59,Flood
6.975,80.25,2025-02,51.2,96.7,25.9,12.5,209.1,35.5,loam,14.94,0.68,Warning
6.975,80.025,2024-01,203.6,95.5,26.1,12.4,70.2,12.1,sandy,6.33,0.73,Warning
7.05,79.975,2025-02,58.8,96.1,27.1,14.3,7.1,1.2,clay,3.72,0.43,Warning
6.95,80.1,2023-09,608.4,96.8,25.0,16.9,68.6,15.4,clay,14.21,0.68,Landslide
7.025,80.325,2023-01,178.5,94.7,23.7,11.3,167.2,17.8,sandy,15.0,0.84,Landslide
7.025,80.1,2025-05,326.0,98.4,26.2,15.3,79.7,8.2,loam,8.25,0.72,Warning
7.1,80.225,2024-02,33.2,93.8,27.3,15.6,125.1,18.9,loam,2.77,0.68,No Risk
7.0,79.975,2024-11,426.5,98.9,25.4,12.7,9.0,0.5,clay,1.67,0.54,Flood
7.05,80.275,2024-02,25.2,94.3,26.8,14.2,201.8,19.8,loam,10.01,0.52,No Risk
7.075,79.875,2025-03,153.9,96.3,26.8,12.5,9.5,1.1,clay,12.18,0.6,Warning
6.975,79.975,2025-04,216.2,97.7,26.9,12.3,17.0,0.8,loam,3.24,0.62,Flood
7.1,79.875,2024-06,290.4,93.5,27.0,21.9,24.4,3.5,clay,14.57,0.6,Warning
7.0,80.05,2025-01,358.9,97.6,25.2,13.5,33.9,6.9,sandy,6.47,0.61,Warning
7.075,80.15,2024-02,26.4,91.6,27.9,16.3,81.5,10.9,loam,6.21,0.62,No Risk
6.9,80.325,2023-06,401.0,95.7,24.6,11.3,190.9,31.7,sandy,15.0,0.78,Landslide
7.075,80.325,2024-02,27.3,94.6,25.7,12.9,99.7,18.4,sandy,11.88,0.53,No Risk
7.125,80.3,2024-01,182.0,95.5,25.3,12.6,121.9,24.6,sandy,5.9,0.81,Landslide
7.125,80.175,2025-02,42.1,96.1,26.2,14.7,116.2,10.0,loam,3.92,0.59,No Risk
7.075,80.125,2023-11,597.1,98.6,25.2,10.0,86.3,10.8,sandy,5.27,0.73,Warning
6.975,80.325,2023-05,284.0,95.4,25.2,11.3,173.5,36.6,sandy,15.0,0.84,Landslide
7.025,80.3,2025-03,168.2,98.9,25.5,10.6,203.1,17.9,loam,13.87,0.77,Landslide
7.05,80.225,2024-12,153.2,97.5,25.3,12.5,90.0,17.9,sandy,6.21,0.69,Landslide
7.1,80.225,2024-02,33.5,93.6,27.3,15.5,125.1,18.9,loam,2.77,0.68,No Risk
7.1,80.0,2023-12,386.0,97.9,25.8,14.1,72.7,8.6,loam,5.98,0.73,Warning
6.95,80.225,2023-06,381.0,95.8,25.9,13.2,67.0,14.3,loam,15.0,0.68,Warning
6.925,79.85,2023-09,560.5,95.1,26.0,19.2,24.7,3.2,clay,2.29,0.61,Flood
7.0,79.875,2024-12,133.7,94.9,26.4,14.1,36.2,4.8,loam,6.21,0.63,Warning
6.9,80.15,2024-03,113.7,95.5,28.0,16.3,132.2,24.6,loam,15.0,0.81,Landslide
6.925,79.85,2023-12,404.9,96.4,25.9,14.9,24.7,3.2,clay,2.29,0.6,Flood
6.95,80.2,2024-11,482.2,98.3,25.0,12.6,66.3,6.2,loam,15.0,0.78,Warning
7.125,80.1,2024-01,151.8,93.9,25.7,14.3,39.1,1.8,loam,1.24,0.58,Flood
6.9,79.85,2024-01,133.7,94.1,26.0,14.3,8.8,0.6,clay,3.14,0.54,Flood
7.1,80.05,2024-10,412.7,97.4,25.9,13.4,41.6,6.9,loam,2.22,0.63,Flood
7.15,79.95,2023-01,122.5,90.8,25.1,16.6,35.5,5.1,loam,13.55,0.62,Warning
6.975,80.025,2024-11,469.8,98.8,25.3,13.2,70.2,12.1,sandy,6.33,0.66,Warning
7.025,79.875,2024-09,304.0,93.0,27.0,20.5,22.2,5.8,clay,7.89,0.67,Warning
6.975,80.25,2023-06,395.4,94.7,25.6,12.7,209.1,35.5,loam,14.94,0.82,Landslide
6.975,79.925,2023-05,229.4,95.9,27.3,17.4,14.6,0.6,clay,0.78,0.56,Flood
7.05,80.25,2024-08,387.8,94.5,26.1,15.6,124.2,29.2,loam,7.85,0.81,Landslide
6.95,79.85,2023-10,564.4,96.6,25.6,14.8,17.7,1.4,clay,4.0,0.57,Warning
6.95,79.875,2023-08,149.6,92.8,27.0,19.7,39.8,2.5,loam,2.78,0.65,Flood
7.125,79.95,2023-11,513.5,99.6,25.4,10.1,22.8,6.1,loam,11.39,0.57,Warning
6.975,79.9,2025-01,278.2,94.5,25.6,15.2,18.4,0.3,clay,2.77,0.56,Flood
7.05,79.925,2024-04,180.0,96.2,28.1,14.5,35.5,6.6,clay,6.77,0.59,Warning
7.125,80.225,2023-07,308.0,93.4,24.8,16.1,101.5,18.6,clay,0.78,0.77,Landslide
7.125,80.05,2023-12,396.8,97.1,25.8,14.6,50.3,6.3,loam,4.33,0.67,Warning
6.95,80.1,2024-02,39.0,96.3,27.1,12.9,68.6,15.4,clay,14.21,0.55,No Risk
6.95,80.1,2025-02,74.5,97.5,26.1,13.4,68.6,15.4,clay,14.21,0.63,Warning
7.125,80.175,2025-02,41.9,96.1,26.1,14.4,116.2,10.0,loam,3.92,0.59,No Risk
7.0,80.0,2024-02,32.4,93.5,27.8,15.5,74.6,6.2,clay,2.48,0.54,No Risk
6.975,80.05,2024-05,772.3,97.6,27.0,15.7,76.5,13.7,loam,8.33,0.73,Warning
6.975,80.25,2024-07,387.1,95.2,25.8,13.1,209.1,35.5,loam,14.94,0.82,Landslide
6.9,80.1,2025-04,301.3,98.8,25.8,12.7,75.8,7.3,loam,15.0,0.75,Warning
7.125,80.375,2024-05,686.7,97.1,25.8,16.2,175.1,24.7,sandy,11.88,0.85,Landslide
7.05,79.925,2024-02,42.2,91.0,27.8,17.7,35.5,6.6,clay,6.77,0.51,No Risk
7.0,80.325,2023-09,553.4,96.7,23.9,16.0,237.4,27.0,sandy,15.0,0.8,Landslide
7.1,79.95,2024-02,23.8,92.3,28.0,16.4,26.6,4.4,sandy,9.55,0.45,Warning
7.075,80.025,2024-08,265.0,96.4,26.2,16.4,86.0,16.6,loam,2.83,0.72,Landslide
7.075,80.35,2024-11,603.2,98.6,23.8,10.9,222.8,24.9,loam,13.74,0.77,Landslide
7.05,80.025,2023-06,324.3,97.4,26.3,16.2,87.5,19.3,clay,0.56,0.77,Landslide
6.925,79.975,2024-01,168.0,96.8,26.0,12.0,9.3,0.8,clay,7.89,0.58,Warning
7.0,80.25,2023-05,254.7,94.5,26.1,12.0,127.9,31.1,loam,12.41,0.83,Landslide
6.95,80.225,2023-01,129.3,96.5,24.2,11.6,67.0,14.3,loam,15.0,0.67,Warning
7.025,80.0,2024-12,191.6,97.8,26.1,12.2,75.1,17.7,clay,1.24,0.69,Landslide
6.9,79.875,2023-08,149.6,92.8,27.0,19.7,17.2,0.3,clay,2.29,0.54,Flood
7.075,79.9,2025-02,46.2,92.1,27.2,16.5,28.5,5.2,clay,10.66,0.44,Warning
6.925,80.075,2024-03,128.0,97.2,27.9,14.9,23.4,3.6,clay,14.15,0.58,Warning
7.1,80.375,2023-09,509.0,96.8,24.8,17.1,126.9,33.0,sandy,13.74,0.78,Landslide
7.1,80.0,2024-06,352.7,95.8,26.8,18.3,72.7,8.6,loam,5.98,0.73,Warning
7.05,79.95,2025-05,288.8,97.0,27.3,16.7,19.3,2.2,clay,5.55,0.59,Warning
7.1,80.075,2023-06,324.3,97.4,26.3,16.2,92.3,13.0,clay,0.55,0.76,Warning
7.15,79.925,2023-05,248.7,96.1,27.0,15.3,12.6,0.5,clay,15.0,0.57,Warning
7.05,80.1,2024-04,224.0,96.8,28.0,12.8,43.6,5.2,clay,5.98,0.65,Warning
6.925,80.125,2024-06,403.3,96.8,26.0,17.1,34.1,5.4,loam,15.0,0.57,Warning
6.925,79.9,2024-07,318.1,93.7,27.2,18.9,11.6,0.4,clay,2.78,0.58,Flood
6.925,80.125,2025-03,169.4,98.8,25.9,12.0,34.1,5.4,loam,15.0,0.63,Warning
6.975,79.925,2024-01,128.9,93.4,26.0,14.9,14.6,0.6,clay,0.78,0.61,Flood
6.925,80.1,2025-03,169.4,98.8,25.9,12.0,54.2,8.0,loam,15.0,0.61,Warning
6.95,79.95,2025-03,189.7,98.4,26.7,10.4,10.8,0.5,clay,4.0,0.5,Warning
6.975,79.9,2025-05,281.3,94.0,27.8,19.3,18.4,0.3,clay,2.77,0.61,Flood
6.95,80.075,2024-12,199.0,98.2,25.6,12.5,54.5,2.1,loam,12.22,0.6,Warning
7.05,80.1,2024-06,393.4,96.6,26.1,17.0,43.6,5.2,clay,5.98,0.61,Warning
7.1,80.25,2024-03,91.3,94.5,27.9,15.7,182.6,19.8,loam,4.0,0.79,Landslide
7.075,79.975,2023-06,325.2,96.6,26.6,17.5,18.3,2.2,loam,5.71,0.6,Warning
7.05,80.225,2023-03,156.8,97.0,25.9,11.4,90.0,17.9,sandy,6.21,0.78,Landslide
6.95,79.9,2024-10,410.6,95.4,26.3,16.9,20.5,4.8,loam,0.0,0.6,Flood
6.95,80.15,2024-02,39.2,96.4,27.1,12.8,110.9,14.4,sandy,15.0,0.65,No Risk
7.075,80.3,2025-05,303.7,98.0,25.6,13.5,99.1,6.7,loam,9.88,0.82,Warning
7.1,79.9,2024-02,42.7,91.2,27.7,17.9,20.9,6.5,clay,12.94,0.51,No Risk
7.075,79.925,2024-02,42.5,91.3,27.8,17.9,12.8,1.0,loam,9.19,0.4,No Risk
6.9,79.875,2023-07,245.9,92.8,26.8,20.9,17.2,0.3,clay,2.29,0.57,Flood
6.925,80.15,2023-02,114.0,98.1,25.1,11.9,109.4,14.2,sandy,15.0,0.82,Warning
7.0,79.95,2024-03,111.6,96.8,28.1,15.0,31.8,5.9,clay,1.11,0.64,Flood
6.975,79.975,2024-04,227.5,98.6,28.0,12.8,17.0,0.8,loam,3.24,0.59,Flood
7.075,80.35,2023-02,110.6,96.6,24.0,10.1,222.8,24.9,loam,13.74,0.78,Landslide
6.95,80.15,2024-05,766.7,97.3,26.7,16.0,110.9,14.4,sandy,15.0,0.78,Warning
6.95,79.85,2024-03,79.9,94.9,28.1,16.7,17.7,1.4,clay,4.0,0.53,Warning
7.025,80.25,2025-04,365.3,98.9,25.4,11.2,95.1,18.9,sandy,10.01,0.73,Landslide
6.95,79.925,2024-06,355.6,93.5,27.1,21.2,29.7,6.4,clay,2.77,0.67,Flood
6.975,79.85,2024-08,309.0,92.7,26.8,19.6,9.5,0.5,clay,6.21,0.56,Warning
7.075,80.025,2023-07,278.9,96.1,26.3,16.8,86.0,16.6,loam,2.83,0.71,Landslide
6.975,80.225,2025-04,314.4,97.9,25.8,11.7,118.1,16.4,sandy,14.15,0.82,Landslide
7.0,80.35,2025-05,347.8,99.0,25.7,11.9,193.9,27.8,loam,15.0,0.79,Landslide
6.975,79.95,2023-01,110.3,91.5,25.2,15.1,19.8,1.1,clay,2.29,0.57,Flood
6.925,80.05,2024-11,482.8,98.9,25.2,13.0,82.3,7.8,loam,12.47,0.72,Warning
6.925,79.9,2024-05,674.3,95.2,27.7,20.1,11.6,0.4,clay,2.78,0.6,Flood
7.075,80.2,2023-05,221.1,95.4,26.4,13.2,99.7,13.8,loam,2.77,0.75,Warning
7.05,80.05,2023-10,618.4,98.1,25.4,12.5,22.4,3.7,loam,3.33,0.57,Flood
7.125,80.25,2024-02,22.4,92.2,26.2,15.8,183.4,27.4,sandy,2.29,0.65,No Risk
7.05,80.2,2024-10,474.7,96.6,24.1,13.0,99.8,17.4,sandy,5.55,0.72,Landslide
6.9,79.85,2023-03,141.2,95.9,26.5,13.1,8.8,0.6,clay,3.14,0.55,Flood
7.125,80.075,2024-02,25.6,90.8,27.7,17.3,72.3,12.6,loam,2.83,0.48,No Risk
7.05,80.125,2024-02,27.3,91.2,27.8,16.1,34.8,4.8,clay,7.47,0.45,No Risk
6.975,80.0,2024-10,444.4,97.3,25.9,14.3,74.9,18.6,loam,5.12,0.7,Landslide
6.925,80.025,2023-09,568.4,97.8,25.1,16.8,52.5,3.1,clay,11.02,0.69,Warning
7.0,80.0,2023-12,415.3,98.2,25.8,13.5,74.6,6.2,clay,2.48,0.69,Warning
6.975,80.325,2023-02,114.5,95.3,23.9,9.3,173.5,36.6,sandy,15.0,0.8,Landslide
7.075,80.05,2023-11,571.4,99.3,25.4,10.1,38.7,7.9,clay,0.55,0.61,Flood
6.975,79.85,2023-01,90.4,91.7,25.2,17.9,9.5,0.5,clay,6.21,0.54,Warning
6.95,80.125,2023-02,114.0,98.1,25.1,11.9,28.9,5.4,clay,15.0,0.64,Warning
7.125,79.95,2024-03,73.7,96.7,28.2,15.4,22.8,6.1,loam,11.39,0.55,Warning
6.95,80.375,2025-05,369.2,99.0,23.5,11.4,212.6,38.0,loam,15.0,0.8,Landslide
7.1,79.875,2023-07,188.6,92.0,26.9,21.3,24.4,3.5,clay,14.57,0.57,Warning
6.9,80.2,2024-02,39.0,96.1,27.1,12.7,74.7,8.5,sandy,15.0,0.57,No Risk
7.1,80.3,2024-03,106.1,94.6,27.1,14.7,227.7,27.9,loam,8.0,0.79,Landslide
7.0,80.0,2023-11,479.3,99.6,25.4,10.2,74.6,6.2,clay,2.48,0.74,Warning
6.925,79.925,2023-02,67.3,95.1,25.6,15.8,31.7,5.7,loam,3.92,0.49,Warning
6.9,79.875,2024-11,350.8,96.5,25.7,15.2,17.2,0.3,clay,2.29,0.56,Flood
6.9,79.875,2025-01,278.6,94.9,25.6,14.2,17.2,0.3,clay,2.29,0.59,Flood
6.95,80.275,2025-04,378.4,99.1,25.5,10.6,186.9,15.9,sandy,15.0,0.85,Landslide
6.95,79.875,2024-01,145.8,94.3,26.0,14.1,39.8,2.5,loam,2.78,0.62,Flood
7.05,79.85,2024-06,301.6,93.6,27.1,21.6,7.3,1.1,clay,11.8,0.55,Warning
7.125,80.075,2023-05,229.9,96.1,26.6,14.5,72.3,12.6,loam,2.83,0.75,Warning
7.15,79.85,2024-11,398.3,97.3,25.6,16.0,3.2,1.5,clay,15.0,0.62,Warning
7.0,79.85,2023-02,64.1,95.8,25.7,15.9,13.7,1.6,loam,7.85,0.49,Warning
7.0,80.05,2024-05,772.3,97.6,27.0,15.7,33.9,6.9,sandy,6.47,0.6,Warning
6.925,80.1,2023-09,608.4,96.8,25.0,16.9,54.2,8.0,loam,15.0,0.67,Warning
6.975,80.15,2023-04,218.2,97.2,26.6,11.7,94.7,8.2,loam,14.94,0.76,Warning
6.925,80.0,2024-01,168.0,96.8,26.0,12.0,60.1,18.3,loam,9.44,0.65,Landslide
7.05,80.275,2023-01,148.1,93.7,24.0,13.4,201.8,19.8,loam,10.01,0.79,Landslide
6.9,79.875,2024-07,313.6,93.6,27.2,18.8,17.2,0.3,clay,2.29,0.62,Flood
7.025,80.025,2023-09,562.6,97.2,25.3,16.8,69.5,11.7,loam,2.83,0.74,Warning
6.95,79.925,2025-03,124.6,94.8,27.3,11.6,29.7,6.4,clay,2.77,0.6,Flood
7.025,80.15,2025-03,173.9,98.4,26.1,12.1,108.4,8.3,loam,10.01,0.8,Warning
6.975,79.95,2024-06,360.1,95.7,26.7,18.1,19.8,1.1,clay,2.29,0.58,Flood
6.925,80.05,2024-03,128.0,97.2,27.9,14.9,82.3,7.8,loam,12.47,0.68,Warning
7.1,80.125,2023-07,301.7,96.6,25.9,16.4,71.0,11.4,loam,2.78,0.73,Warning
7.0,79.925,2024-03,105.5,95.1,28.0,16.2,3.0,2.2,clay,2.29,0.55,Flood
7.1,80.25,2024-02,22.1,92.3,27.0,15.8,182.6,19.8,loam,4.0,0.61,No Risk
7.125,80.35,2024-02,26.9,91.6,26.3,15.8,158.1,30.1,loam,9.82,0.6,No Risk
7.1,80.35,2024-08,342.0,94.1,25.9,16.8,104.3,12.9,sandy,12.01,0.73,Warning
7.1,80.35,2023-07,286.6,93.3,26.0,16.1,104.3,12.9,sandy,12.01,0.78,Warning
7.075,80.175,2025-01,291.3,98.2,24.0,12.9,88.0,17.9,loam,3.92,0.74,Landslide
6.9,79.875,2025-05,272.5,94.0,27.7,17.9,17.2,0.3,clay,2.29,0.61,Flood
6.95,80.025,2024-02,38.5,96.2,27.3,13.1,88.4,10.8,loam,8.69,0.58,No Risk
6.925,79.9,2025-03,136.5,94.8,27.3,11.6,11.6,0.4,clay,2.78,0.59,Flood
7.125,80.375,2024-07,323.5,94.4,25.2,15.9,175.1,24.7,sandy,11.88,0.8,Landslide
6.95,80.35,2024-01,345.7,94.6,24.3,9.5,144.3,16.2,loam,15.0,0.77,Landslide
7.1,79.9,2024-08,275.8,92.6,26.7,20.0,20.9,6.5,clay,12.94,0.62,Warning
6.9,79.85,2023-11,488.6,97.5,25.6,12.0,8.8,0.6,clay,3.14,0.56,Flood
7.025,80.025,2024-11,469.8,98.8,25.3,13.2,69.5,11.7,loam,2.83,0.71,Warning
7.1,80.1,2025-04,256.2,98.3,26.0,13.4,75.3,10.7,loam,2.22,0.67,Warning
6.975,79.9,2025-01,271.4,94.5,25.6,15.4,18.4,0.3,clay,2.77,0.56,Flood
6.95,80.0,2024-02,37.5,95.3,27.5,14.7,15.8,1.9,clay,7.11,0.47,Warning
6.925,79.975,2024-12,198.0,97.6,26.1,12.2,9.3,0.8,clay,7.89,0.59,Warning
7.075,80.125,2024-09,350.6,97.6,25.9,16.8,86.3,10.8,sandy,5.27,0.74,Warning
7.125,80.1,2024-04,225.6,97.0,28.0,13.1,39.1,1.8,loam,1.24,0.66,Flood
6.925,80.1,2023-11,568.2,98.5,25.1,10.6,54.2,8.0,loam,15.0,0.67,Warning
7.05,80.05,2023-09,563.7,97.1,25.4,17.0,22.4,3.7,loam,3.33,0.59,Flood
6.975,80.0,2024-09,366.3,96.2,26.6,17.7,74.9,18.6,loam,5.12,0.72,Landslide
7.05,80.375,2024-02,36.4,95.9,21.4,11.2,212.7,17.2,sandy,15.0,0.6,No Risk
6.975,79.95,2023-12,415.3,98.2,25.8,13.5,19.8,1.1,clay,2.29,0.62,Flood
6.975,80.125,2023-02,120.6,97.0,25.4,12.3,37.5,4.8,clay,14.32,0.63,Warning
7.0,79.975,2023-01,126.4,91.5,25.2,15.0,9.0,0.5,clay,1.67,0.54,Flood
6.925,80.125,2023-07,364.4,97.5,25.7,16.7,34.1,5.4,loam,15.0,0.65,Warning
6.925,79.875,2024-07,322.5,93.6,27.2,19.1,16.7,1.3,loam,0.78,0.62,Flood
7.125,80.05,2025-02,43.2,95.5,26.9,15.4,50.3,6.3,loam,4.33,0.5,No Risk
7.125,80.2,2024-02,19.6,91.8,27.4,16.4,92.0,7.0,sandy,2.78,0.55,No Risk
7.075,79.85,2025-05,288.9,95.1,27.8,20.2,25.8,2.4,loam,13.79,0.6,Warning
7.0,79.9,2024-11,382.9,96.9,25.7,15.2,22.7,1.5,clay,4.0,0.62,Warning
7.125,80.15,2023-05,232.4,95.5,26.4,14.7,153.9,18.9,loam,2.99,0.81,Landslide
6.925,79.9,2025-01,273.9,94.9,25.6,14.1,11.6,0.4,clay,2.78,0.56,Flood
6.925,79.9,2023-09,554.6,95.0,26.0,19.3,11.6,0.4,clay,2.78,0.63,Flood
6.9,80.2,2025-02,59.6,98.0,26.1,13.2,74.7,8.5,sandy,15.0,0.62,Warning
7.025,80.0,2024-02,31.4,93.4,27.8,15.5,75.1,17.7,clay,1.24,0.56,No Risk
7.05,80.325,2023-10,592.3,97.7,24.7,13.1,217.1,18.9,sandy,13.79,0.79,Landslide
7.125,80.125,2024-05,687.7,97.4,26.8,16.0,79.8,17.8,sandy,1.76,0.75,Landslide
6.9,79.975,2023-01,120.8,93.3,25.0,14.3,23.2,3.9,loam,10.01,0.6,Warning
7.15,79.925,2023-01,122.5,90.8,25.1,16.6,12.6,0.5,clay,15.0,0.57,Warning
6.975,79.95,2023-04,178.0,97.7,26.9,12.2,19.8,1.1,clay,2.29,0.5,Flood
6.925,80.25,2024-02,42.6,94.2,26.7,12.1,228.8,33.0,sandy,15.0,0.64,No Risk
6.9,80.15,2025-04,301.3,98.8,25.8,12.7,132.2,24.6,loam,15.0,0.8,Landslide
6.925,80.3,2023-06,463.6,94.8,25.7,12.1,197.1,18.5,loam,15.0,0.79,Landslide
7.025,80.1,2024-09,355.8,97.3,25.9,16.4,79.7,8.2,loam,8.25,0.73,Warning
6.975,79.95,2024-09,366.3,96.2,26.6,17.7,19.8,1.1,clay,2.29,0.64,Flood
7.025,80.325,2024-08,456.7,94.2,25.2,14.8,167.2,17.8,sandy,15.0,0.78,Landslide
7.0,79.9,2024-03,93.8,95.0,28.0,16.4,22.7,1.5,clay,4.0,0.6,Warning
7.075,79.85,2024-07,271.7,93.5,27.2,20.0,25.8,2.4,loam,13.79,0.64,Warning
7.05,80.35,2025-04,266.8,98.4,25.3,11.3,132.8,27.5,sandy,15.0,0.81,Landslide
7.025,80.05,2023-09,562.6,97.2,25.3,16.8,34.0,3.7,loam,4.33,0.62,Warning
7.075,79.875,2024-02,41.5,91.2,27.7,17.8,9.5,1.1,clay,12.18,0.47,No Risk
7.05,80.05,2024-06,382.0,96.5,26.6,17.2,22.4,3.7,loam,3.33,0.61,Flood
7.05,80.3,2023-12,438.8,98.2,25.0,11.6,128.7,31.4,loam,11.8,0.73,Landslide
6.975,80.275,2024-06,451.6,95.4,25.7,15.3,191.4,27.2,loam,15.0,0.8,Landslide
6.925,80.375,2024-04,341.0,95.2,27.4,9.5,164.7,30.7,loam,15.0,0.76,Landslide
6.95,80.275,2023-03,198.0,95.8,25.5,9.9,186.9,15.9,sandy,15.0,0.81,Landslide
7.025,80.125,2023-03,188.5,97.7,25.9,10.5,60.4,12.0,clay,9.71,0.64,Warning
6.9,80.075,2023-11,584.2,99.3,25.2,10.6,48.0,3.8,clay,15.0,0.68,Warning
7.075,80.125,2023-08,121.5,95.5,26.4,17.1,86.3,10.8,sandy,5.27,0.74,Warning
7.075,80.175,2023-01,136.7,92.2,23.7,14.8,88.0,17.9,loam,3.92,0.68,Landslide
6.9,80.05,2024-01,197.5,96.7,25.9,11.3,22.1,5.5,clay,14.89,0.6,Warning
6.975,79.85,2024-02,43.2,91.9,27.7,17.6,9.5,0.5,clay,6.21,0.38,No Risk
7.075,79.925,2024-08,275.8,92.6,26.7,20.0,12.8,1.0,loam,9.19,0.57,Warning
6.975,79.95,2023-03,154.8,97.6,26.3,11.5,19.8,1.1,clay,2.29,0.61,Flood
7.075,80.35,2023-08,131.8,93.8,25.0,15.8,222.8,24.9,loam,13.74,0.77,Landslide
7.0,80.0,2024-02,31.9,93.4,27.9,15.5,74.6,6.2,clay,2.48,0.54,No Risk
6.925,80.0,2023-02,112.9,97.7,25.5,12.9,60.1,18.3,loam,9.44,0.7,Landslide
7.125,80.325,2024-02,27.3,91.8,27.3,15.9,114.8,10.7,loam,8.19,0.62,No Risk
7.125,80.075,2023-08,91.1,95.5,26.4,17.9,72.3,12.6,loam,2.83,0.7,Warning
7.025,80.375,2023-12,540.4,97.5,24.3,9.9,119.5,13.0,loam,15.0,0.78,Warning
7.1,80.375,2024-03,93.9,94.8,27.7,13.3,126.9,33.0,sandy,13.74,0.81,Landslide
7.0,79.975,2023-07,249.9,95.5,26.6,17.8,9.0,0.5,clay,1.67,0.59,Flood
6.925,80.1,2024-02,39.1,96.4,27.1,12.8,54.2,8.0,loam,15.0,0.53,No Risk
7.025,79.85,2024-11,382.9,96.9,25.8,15.2,24.8,3.0,clay,10.01,0.59,Warning
6.95,80.3,2023-07,413.1,94.8,25.5,13.3,238.9,30.8,sandy,15.0,0.83,Landslide
7.1,80.025,2025-02,42.4,95.2,27.0,15.7,59.1,4.2,loam,3.55,0.49,No Risk
7.05,80.275,2025-02,60.2,97.2,25.8,12.7,201.8,19.8,loam,10.01,0.71,Warning
6.975,80.3,2025-02,51.2,96.7,25.9,12.5,228.2,18.0,loam,15.0,0.72,Warning
6.9,80.3,2024-12,177.7,98.1,24.0,11.0,186.2,18.2,sandy,15.0,0.82,Landslide
7.025,79.875,2024-11,382.9,96.9,25.7,15.2,22.2,5.8,clay,7.89,0.59,Warning
6.925,79.925,2024-02,38.3,92.8,27.6,17.0,31.7,5.7,loam,3.92,0.42,Warning
6.9,80.1,2024-09,363.1,97.4,25.7,16.7,75.8,7.3,loam,15.0,0.69,Warning
7.025,80.125,2024-01,200.0,95.7,25.8,11.7,60.4,12.0,clay,9.71,0.69,Warning
6.95,79.875,2024-05,660.3,94.9,27.6,20.1,39.8,2.5,loam,2.78,0.64,Flood
6.925,80.275,2023-01,187.1,96.1,24.0,10.5,193.9,32.8,loam,15.0,0.79,Landslide
7.1,80.225,2023-07,326.1,95.4,25.7,15.8,125.1,18.9,loam,2.77,0.81,Landslide
6.9,80.25,2025-05,411.5,98.9,25.6,11.3,113.0,8.2,sandy,15.0,0.78,Warning
7.05,80.075,2024-11,472.7,98.8,25.3,13.4,48.9,3.6,loam,4.33,0.67,Warning
7.0,79.925,2023-04,169.1,98.1,27.0,13.7,3.0,2.2,clay,2.29,0.55,Flood
7.0,80.025,2024-03,121.6,96.0,28.2,15.4,80.3,6.7,sandy,4.47,0.71,Warning
6.925,79.9,2024-11,350.4,96.5,25.8,14.9,11.6,0.4,clay,2.78,0.65,Flood
6.925,80.075,2024-10,468.1,97.6,25.6,13.8,23.4,3.6,clay,14.15,0.58,Warning
6.95,80.1,2024-02,39.0,96.4,27.1,12.9,68.6,15.4,clay,14.21,0.55,No Risk
7.1,79.85,2025-02,35.4,91.7,27.3,17.6,19.7,1.6,clay,15.0,0.44,No Risk
7.025,80.175,2024-09,346.2,96.6,25.7,15.0,132.6,16.4,loam,8.78,0.75,Landslide
6.925,79.85,2024-01,116.1,94.2,26.0,14.2,24.7,3.2,clay,2.29,0.61,Flood
7.05,79.95,2024-04,235.2,98.8,28.0,12.8,19.3,2.2,clay,5.55,0.55,Warning
6.95,79.9,2024-09,295.6,92.9,27.0,20.1,20.5,4.8,loam,0.0,0.57,Flood
6.9,79.875,2023-10,564.4,96.6,25.6,14.8,17.2,0.3,clay,2.29,0.55,Flood
7.05,80.375,2024-11,606.1,98.6,20.0,9.6,212.7,17.2,sandy,15.0,0.83,Landslide
6.9,79.875,2024-09,318.2,92.9,27.0,20.0,17.2,0.3,clay,2.29,0.57,Flood
7.05,80.225,2024-04,194.2,96.6,27.7,12.5,90.0,17.9,sandy,6.21,0.72,Landslide
6.975,79.9,2023-10,497.7,96.9,25.6,14.9,18.4,0.3,clay,2.77,0.6,Flood
7.0,80.2,2025-02,55.1,97.2,26.2,14.0,62.8,13.7,sandy,11.1,0.57,Warning
7.1,80.0,2024-01,164.6,95.3,26.1,13.8,72.7,8.6,loam,5.98,0.72,Warning
6.925,79.875,2025-03,132.0,94.7,27.3,11.3,16.7,1.3,loam,0.78,0.59,Flood
6.9,79.95,2024-03,117.0,97.1,28.0,14.7,23.8,4.0,clay,7.85,0.6,Warning
7.1,79.925,2025-03,163.7,99.0,26.5,12.5,4.3,0.6,clay,11.44,0.57,Warning
7.025,79.875,2024-02,44.1,91.8,27.5,17.5,22.2,5.8,clay,7.89,0.47,No Risk
7.1,79.85,2024-02,26.7,90.4,27.7,18.1,19.7,1.6,clay,15.0,0.35,No Risk
7.0,79.925,2025-05,278.6,94.1,27.8,19.2,3.0,2.2,clay,2.29,0.56,Flood
6.9,79.85,2023-07,249.7,93.0,26.9,21.0,8.8,0.6,clay,3.14,0.56,Flood
7.025,79.875,2023-05,233.6,95.9,27.3,17.4,22.2,5.8,clay,7.89,0.57,Warning
6.925,80.3,2024-11,526.2,98.5,24.7,11.5,197.1,18.5,loam,15.0,0.84,Landslide
7.025,79.95,2024-11,416.6,98.9,25.3,12.5,14.2,1.5,clay,2.99,0.58,Flood
7.1,80.075,2025-04,257.3,98.1,26.5,12.6,92.3,13.0,clay,0.55,0.74,Warning
6.9,80.375,2023-06,401.0,95.7,24.6,11.3,172.8,22.7,sandy,15.0,0.79,Landslide
7.05,80.275,2024-02,25.1,94.2,26.8,14.3,201.8,19.8,loam,10.01,0.52,No Risk
6.95,80.0,2024-05,761.3,97.1,27.2,16.4,15.8,1.9,clay,7.11,0.61,Warning
7.075,79.875,2023-03,117.5,95.7,26.5,13.8,9.5,1.1,clay,12.18,0.58,Warning
7.0,80.25,2025-03,168.2,98.9,25.5,10.6,127.9,31.1,loam,12.41,0.75,Landslide
6.925,80.1,2023-07,364.4,97.5,25.7,16.7,54.2,8.0,loam,15.0,0.65,Warning
6.975,80.275,2024-01,236.9,96.2,25.3,9.9,191.4,27.2,loam,15.0,0.78,Landslide
7.075,80.375,2023-11,802.4,98.6,22.1,8.2,115.1,6.0,sandy,15.0,0.79,Warning
7.025,79.925,2024-06,326.9,93.5,27.0,21.4,7.6,1.0,clay,4.77,0.59,Warning
6.975,79.925,2024-01,124.1,93.6,26.0,15.1,14.6,0.6,clay,0.78,0.61,Flood
6.95,80.025,2024-10,468.1,97.6,25.6,13.8,88.4,10.8,loam,8.69,0.78,Warning
7.075,80.15,2023-09,592.1,96.8,25.1,17.4,81.5,10.9,loam,6.21,0.75,Warning
6.925,80.0,2024-03,117.0,97.1,28.0,14.7,60.1,18.3,loam,9.44,0.66,Landslide
6.95,80.05,2024-02,38.5,96.1,27.3,13.1,79.7,18.7,loam,10.23,0.57,No Risk
6.95,80.2,2024-02,38.6,96.2,27.1,12.8,66.3,6.2,loam,15.0,0.49,No Risk
6.975,79.975,2023-07,256.4,95.4,26.6,17.6,17.0,0.8,loam,3.24,0.6,Flood
7.0,80.175,2023-02,123.9,97.0,24.6,11.6,74.0,13.3,sandy,11.44,0.72,Warning
7.05,80.175,2025-04,299.2,98.3,25.7,12.3,121.1,17.9,sandy,6.21,0.84,Landslide
6.95,79.925,2024-07,308.8,93.8,27.2,19.3,29.7,6.4,clay,2.77,0.65,Flood
6.9,80.375,2024-08,484.0,95.3,24.5,14.1,172.8,22.7,sandy,15.0,0.82,Landslide
7.05,80.35,2024-11,603.2,98.7,24.5,10.9,132.8,27.5,sandy,15.0,0.84,Landslide
6.9,80.175,2024-02,39.1,96.1,27.1,12.7,105.0,17.4,loam,15.0,0.61,No Risk
6.95,80.325,2024-02,42.3,94.3,26.4,12.2,174.0,30.3,sandy,15.0,0.57,No Risk
7.0,79.925,2024-09,310.1,93.0,27.0,20.4,3.0,2.2,clay,2.29,0.58,Flood
7.125,79.975,2025-03,163.7,99.0,26.5,12.5,15.6,2.2,loam,9.71,0.6,Warning
7.075,80.125,2024-10,438.3,96.9,25.5,13.5,86.3,10.8,sandy,5.27,0.71,Warning
7.1,79.9,2024-02,41.8,91.0,27.7,17.7,20.9,6.5,clay,12.94,0.51,No Risk
7.1,80.0,2024-02,26.4,92.1,28.0,16.4,72.7,8.6,loam,5.98,0.57,No Risk
7.05,79.975,2024-09,325.9,96.2,26.6,17.9,7.1,1.2,clay,3.72,0.54,Warning
7.0,79.9,2024-02,43.5,91.7,27.7,17.4,22.7,1.5,clay,4.0,0.5,No Risk
7.15,80.025,2025-03,180.6,98.3,26.4,12.7,44.0,2.2,loam,8.25,0.71,Warning
7.1,80.025,2024-01,168.3,94.2,26.1,14.5,59.1,4.2,loam,3.55,0.62,Warning
7.0,79.975,2025-01,352.4,97.1,25.3,13.2,9.0,0.5,clay,1.67,0.59,Flood
6.975,80.275,2024-03,86.9,93.6,27.8,14.1,191.4,27.2,loam,15.0,0.71,Landslide
7.1,80.275,2023-08,132.2,93.3,26.7,16.3,138.0,32.2,loam,6.0,0.79,Landslide
6.95,80.25,2023-11,648.1,98.2,24.2,9.9,182.1,27.5,sandy,15.0,0.78,Landslide
7.125,80.3,2024-02,22.2,92.2,27.1,15.9,121.9,24.6,sandy,5.9,0.56,No Risk
7.15,80.025,2024-02,28.8,91.1,28.1,17.1,44.0,2.2,loam,8.25,0.46,No Risk
6.9,80.125,2024-08,359.2,96.3,25.7,16.3,76.5,15.5,sandy,15.0,0.68,Landslide
6.95,79.9,2023-08,149.6,92.8,27.0,19.7,20.5,4.8,loam,0.0,0.62,Flood
7.05,80.2,2024-02,33.7,93.7,26.0,15.5,99.8,17.4,sandy,5.55,0.5,No Risk
6.975,80.025,2024-02,36.0,93.6,27.8,15.1,70.2,12.1,sandy,6.33,0.59,No Risk
7.025,80.225,2024-04,200.0,96.4,27.8,12.8,137.7,19.0,sandy,8.78,0.78,Landslide
6.9,80.125,2023-11,568.2,98.5,25.1,10.6,76.5,15.5,sandy,15.0,0.72,Landslide
7.125,79.875,2025-02,34.3,91.7,27.3,17.8,3.0,2.0,clay,15.0,0.33,No Risk
7.0,80.225,2024-06,470.1,95.8,26.0,16.1,93.3,10.0,sandy,11.44,0.78,Warning
6.925,79.9,2023-06,381.1,94.5,27.0,19.5,11.6,0.4,clay,2.78,0.6,Flood
7.05,80.075,2023-02,120.8,95.4,25.9,13.2,48.9,3.6,loam,4.33,0.67,Warning
6.975,80.2,2023-03,164.0,97.5,25.8,10.3,118.9,8.0,sandy,13.88,0.79,Warning
7.025,79.95,2024-04,241.5,98.8,27.9,13.0,14.2,1.5,clay,2.99,0.62,Flood
7.0,79.95,2024-09,360.0,96.2,26.6,17.8,31.8,5.9,clay,1.11,0.61,Flood
7.05,80.15,2024-10,438.3,96.9,25.5,13.5,133.4,17.5,loam,7.85,0.81,Landslide
7.025,80.15,2023-12,475.0,97.8,25.5,12.5,108.4,8.3,loam,10.01,0.83,Warning
7.05,80.15,2025-04,283.7,98.4,26.0,12.8,133.4,17.5,loam,7.85,0.78,Landslide
7.1,80.225,2024-02,33.6,93.6,27.4,15.6,125.1,18.9,loam,2.77,0.68,No Risk
6.975,79.85,2024-02,43.0,91.7,27.8,17.7,9.5,0.5,clay,6.21,0.38,No Risk
7.125,80.225,2023-09,470.1,95.7,23.8,18.0,101.5,18.6,clay,0.78,0.79,Landslide
6.95,80.15,2024-04,186.5,96.9,27.7,13.3,110.9,14.4,sandy,15.0,0.78,Warning
6.9,79.9,2023-03,141.2,95.9,26.4,13.1,18.9,1.4,clay,4.0,0.56,Warning
6.925,80.35,2024-11,636.6,98.2,23.7,10.4,196.5,16.3,sandy,15.0,0.73,Landslide
7.125,79.85,2024-07,257.9,93.1,27.1,20.2,6.1,0.5,clay,15.0,0.54,Warning
7.1,79.875,2023-04,168.7,98.0,27.0,13.8,24.4,3.5,clay,14.57,0.62,Warning
6.975,80.2,2024-12,155.3,97.8,25.3,12.2,118.9,8.0,sandy,13.88,0.83,Warning
6.975,80.025,2023-04,204.1,98.1,26.8,11.4,70.2,12.1,sandy,6.33,0.7,Warning
6.95,80.05,2024-05,755.7,97.9,26.8,15.7,79.7,18.7,loam,10.23,0.69,Landslide
7.075,80.05,2023-12,395.4,97.7,25.8,13.7,38.7,7.9,clay,0.55,0.62,Flood
6.9,79.975,2023-09,573.5,96.9,25.5,16.9,23.2,3.9,loam,10.01,0.59,Warning
6.9,80.25,2024-06,455.6,94.8,25.9,14.4,113.0,8.2,sandy,15.0,0.78,Warning
7.125,80.175,2023-04,152.8,96.4,26.9,12.7,116.2,10.0,loam,3.92,0.83,Warning
7.0,79.975,2024-12,192.1,97.9,26.1,12.1,9.0,0.5,clay,1.67,0.56,Flood
6.975,79.925,2023-09,547.8,95.1,26.0,19.9,14.6,0.6,clay,0.78,0.54,Flood
6.95,80.25,2024-11,526.2,98.5,24.1,11.5,182.1,27.5,sandy,15.0,0.79,Landslide
7.025,79.95,2023-01,112.9,91.5,25.1,15.2,14.2,1.5,clay,2.99,0.61,Flood
7.1,80.1,2024-02,25.3,91.0,27.9,17.1,75.3,10.7,loam,2.22,0.5,No Risk
6.95,79.9,2023-06,381.4,94.7,27.0,19.7,20.5,4.8,loam,0.0,0.57,Flood
7.125,80.25,2023-07,308.0,93.4,24.8,16.1,183.4,27.4,sandy,2.29,0.8,Landslide
7.075,80.175,2023-11,568.6,98.8,24.1,10.6,88.0,17.9,loam,3.92,0.76,Landslide
7.0,79.975,2024-03,111.6,96.8,28.1,15.0,9.0,0.5,clay,1.67,0.62,Flood
7.025,79.95,2023-10,637.3,98.2,25.4,12.9,14.2,1.5,clay,2.99,0.59,Flood
7.05,80.125,2023-04,203.6,97.0,26.8,12.4,34.8,4.8,clay,7.47,0.64,Warning
6.95,79.875,2025-05,274.2,94.1,27.8,18.1,39.8,2.5,loam,2.78,0.63,Flood
7.075,80.025,2024-02,27.7,91.4,28.1,16.6,86.0,16.6,loam,2.83,0.52,No Risk
7.125,80.25,2024-02,22.5,92.1,26.2,15.8,183.4,27.4,sandy,2.29,0.65,No Risk
6.95,80.275,2024-02,42.9,94.4,26.7,12.2,186.9,15.9,sandy,15.0,0.68,No Risk
7.05,79.85,2024-11,386.9,97.2,25.7,15.8,7.3,1.1,clay,11.8,0.61,Warning
7.05,80.1,2023-07,301.7,96.6,25.9,16.4,43.6,5.2,clay,5.98,0.65,Warning
6.9,80.225,2024-02,38.7,96.1,27.1,12.9,111.9,8.1,sandy,15.0,0.67,No Risk
7.075,80.125,2023-04,203.6,97.0,26.8,12.4,86.3,10.8,sandy,5.27,0.73,Warning
7.0,80.1,2025-01,350.2,98.2,25.0,12.7,29.7,6.4,loam,10.47,0.59,Warning
6.95,79.925,2024-12,130.0,94.2,26.7,13.7,29.7,6.4,clay,2.77,0.58,Flood
7.125,80.0,2025-02,43.2,95.3,27.0,15.6,61.0,15.4,loam,7.47,0.56,No Risk
7.0,80.275,2024-11,522.4,98.6,24.6,11.6,241.0,35.6,sandy,13.88,0.79,Landslide
7.125,80.3,2024-02,22.4,92.3,27.0,15.7,121.9,24.6,sandy,5.9,0.56,No Risk
7.025,80.225,2023-05,234.3,95.5,26.4,12.5,137.7,19.0,sandy,8.78,0.8,Landslide
7.125,80.275,2025-02,42.3,96.7,26.0,13.4,199.1,34.9,sandy,4.23,0.66,No Risk
6.95,80.2,2024-02,39.3,96.0,27.1,12.9,66.3,6.2,loam,15.0,0.49,No Risk
7.0,80.25,2024-01,236.9,96.2,25.3,9.9,127.9,31.1,loam,12.41,0.85,Landslide
7.0,80.2,2023-12,464.8,98.1,25.3,11.7,62.8,13.7,sandy,11.1,0.68,Warning
7.125,80.175,2024-06,338.8,96.3,25.9,18.2,116.2,10.0,loam,3.92,0.79,Warning
7.05,80.225,2023-01,136.7,92.2,24.5,14.8,90.0,17.9,sandy,6.21,0.71,Landslide
6.925,79.85,2023-08,149.6,92.8,27.0,19.7,24.7,3.2,clay,2.29,0.59,Flood
7.125,79.9,2024-02,26.1,90.5,27.8,18.2,29.0,5.3,clay,15.0,0.39,No Risk
6.975,79.975,2024-04,232.2,98.6,28.0,12.9,17.0,0.8,loam,3.24,0.59,Flood
6.9,80.125,2024-11,507.2,98.4,25.0,13.8,76.5,15.5,sandy,15.0,0.69,Landslide
7.075,80.025,2024-02,27.7,91.4,28.1,16.7,86.0,16.6,loam,2.83,0.52,No Risk
6.95,80.125,2025-04,301.3,98.8,25.8,12.7,28.9,5.4,clay,15.0,0.6,Warning
6.925,79.85,2024-09,304.5,92.9,27.0,20.0,24.7,3.2,clay,2.29,0.56,Flood
7.125,79.875,2025-02,34.2,91.7,27.3,17.8,3.0,2.0,clay,15.0,0.33,No Risk
7.0,79.925,2023-07,215.8,92.9,26.9,21.3,3.0,2.2,clay,2.29,0.57,Flood
7.125,79.85,2024-02,26.5,90.4,27.9,18.1,6.1,0.5,clay,15.0,0.37,No Risk
7.1,80.15,2024-12,142.8,97.5,25.4,13.1,109.5,13.6,sandy,4.96,0.74,Warning
6.925,80.275,2024-02,42.8,94.2,26.8,12.3,193.9,32.8,loam,15.0,0.69,No Risk
6.9,79.9,2024-05,656.3,95.1,27.7,20.1,18.9,1.4,clay,4.0,0.58,Warning
7.075,80.15,2024-02,27.0,91.3,27.9,16.3,81.5,10.9,loam,6.21,0.62,No Risk
6.975,79.95,2024-10,444.4,97.3,25.9,14.3,19.8,1.1,clay,2.29,0.53,Flood
6.975,80.375,2024-07,315.6,97.3,21.5,12.6,153.1,24.6,sandy,15.0,0.81,Landslide
6.95,79.85,2025-02,49.0,92.1,27.4,14.6,17.7,1.4,clay,4.0,0.46,Warning
7.125,79.95,2024-08,268.0,95.6,26.4,17.3,22.8,6.1,loam,11.39,0.57,Warning
6.925,79.875,2023-08,165.4,92.8,27.1,19.7,16.7,1.3,loam,0.78,0.56,Flood
6.95,79.85,2025-05,274.2,94.1,27.8,18.1,17.7,1.4,clay,4.0,0.55,Warning
7.125,80.275,2024-02,22.7,92.4,27.0,16.0,199.1,34.9,sandy,4.23,0.59,No Risk
7.0,79.875,2024-07,302.3,93.5,27.1,19.5,36.2,4.8,loam,6.21,0.59,Warning
7.0,79.85,2024-10,416.9,95.4,26.3,16.9,13.7,1.6,loam,7.85,0.61,Warning
7.0,80.375,2025-02,49.7,96.2,25.8,11.6,175.5,36.1,sandy,15.0,0.63,Warning
7.0,80.025,2024-02,36.2,93.7,27.7,15.0,80.3,6.7,sandy,4.47,0.54,No Risk
7.075,80.15,2024-06,393.4,96.6,26.1,17.0,81.5,10.9,loam,6.21,0.68,Warning
7.05,80.175,2024-07,331.9,96.0,26.0,15.4,121.1,17.9,sandy,6.21,0.79,Landslide
7.075,80.325,2024-02,28.1,94.5,25.7,12.9,99.7,18.4,sandy,11.88,0.53,No Risk
6.975,80.0,2024-07,361.1,96.3,26.8,16.6,74.9,18.6,loam,5.12,0.71,Landslide
7.0,79.95,2023-12,415.3,98.2,25.8,13.5,31.8,5.9,clay,1.11,0.59,Flood
6.95,79.925,2025-01,278.6,94.9,25.6,14.2,29.7,6.4,clay,2.77,0.61,Flood
7.125,79.85,2025-02,34.6,91.7,27.3,17.7,6.1,0.5,clay,15.0,0.45,No Risk
6.95,80.175,2024-02,38.6,96.2,27.2,12.6,117.2,19.0,loam,15.0,0.61,No Risk
6.9,79.85,2023-03,141.2,95.7,26.5,13.0,8.8,0.6,clay,3.14,0.55,Flood
6.95,79.85,2023-04,138.2,95.4,27.4,13.7,17.7,1.4,clay,4.0,0.62,Warning
6.925,79.975,2024-10,460.2,97.1,25.9,14.4,9.3,0.8,clay,7.89,0.59,Warning
6.95,80.075,2024-07,328.2,97.8,26.3,15.7,54.5,2.1,loam,12.22,0.67,Warning
7.075,80.325,2024-02,27.2,94.2,25.6,12.9,99.7,18.4,sandy,11.88,0.53,No Risk
7.075,79.925,2024-02,42.3,91.2,27.7,17.8,12.8,1.0,loam,9.19,0.4,No Risk
7.1,80.025,2025-02,43.4,95.3,27.0,15.6,59.1,4.2,loam,3.55,0.49,No Risk
7.075,80.15,2025-04,283.7,98.4,26.0,12.8,81.5,10.9,loam,6.21,0.67,Warning
7.025,80.175,2025-04,314.4,97.9,25.8,11.7,132.6,16.4,loam,8.78,0.82,Landslide
7.125,80.1,2023-04,174.6,97.1,26.9,12.9,39.1,1.8,loam,1.24,0.61,Flood
7.05,80.05,2025-03,203.5,98.2,26.5,11.8,22.4,3.7,loam,3.33,0.64,Flood
7.05,80.15,2023-02,109.4,95.8,25.6,12.7,133.4,17.5,loam,7.85,0.82,Landslide
6.95,79.875,2023-04,138.2,95.4,27.3,13.7,39.8,2.5,loam,2.78,0.61,Flood
7.025,80.075,2023-02,110.2,97.1,25.6,13.2,77.9,17.8,loam,6.71,0.7,Landslide
7.025,80.275,2024-01,236.9,96.2,25.3,9.9,190.6,30.0,sandy,11.77,0.83,Landslide
7.05,80.2,2023-09,566.4,96.3,23.6,16.9,99.8,17.4,sandy,5.55,0.75,Landslide
6.975,80.075,2024-12,186.0,97.9,25.7,12.3,57.2,4.9,clay,10.32,0.68,Warning
7.05,80.35,2024-06,338.0,96.4,25.4,16.2,132.8,27.5,sandy,15.0,0.81,Landslide
7.125,80.2,2023-03,147.9,95.8,26.2,12.9,92.0,7.0,sandy,2.78,0.7,Warning
6.925,80.1,2024-04,186.5,96.9,27.7,13.3,54.2,8.0,loam,15.0,0.75,Warning
6.925,80.0,2023-11,541.1,99.5,25.3,10.6,60.1,18.3,loam,9.44,0.64,Landslide
7.075,80.3,2024-06,405.7,95.6,25.6,16.6,99.1,6.7,loam,9.88,0.77,Warning
6.925,79.9,2023-09,557.5,95.2,26.0,19.3,11.6,0.4,clay,2.78,0.63,Flood
7.1,80.275,2024-11,540.7,98.6,25.3,12.0,138.0,32.2,loam,6.0,0.8,Landslide
7.075,79.9,2024-12,129.1,95.1,26.2,14.6,28.5,5.2,clay,10.66,0.58,Warning
6.975,80.375,2024-04,244.6,95.7,22.8,8.6,153.1,24.6,sandy,15.0,0.78,Landslide
7.1,79.925,2024-05,606.9,97.2,27.4,16.3,4.3,0.6,clay,11.44,0.51,Warning
7.1,80.1,2024-02,25.2,90.9,27.8,17.1,75.3,10.7,loam,2.22,0.5,No Risk
7.15,79.9,2024-02,26.5,90.4,27.8,18.3,7.8,0.8,clay,15.0,0.41,No Risk
7.0,80.275,2023-10,687.8,97.6,24.7,12.1,241.0,35.6,sandy,13.88,0.82,Landslide
7.025,80.25,2024-10,598.7,95.9,25.2,12.0,95.1,18.9,sandy,10.01,0.73,Landslide
6.9,79.875,2024-08,340.2,92.9,26.7,19.1,17.2,0.3,clay,2.29,0.58,Flood
7.0,79.975,2025-03,181.3,98.5,26.6,11.0,9.0,0.5,clay,1.67,0.61,Flood
7.1,80.05,2023-03,180.7,97.4,26.4,11.4,41.6,6.9,loam,2.22,0.65,Flood
7.025,79.925,2024-12,133.7,94.9,26.4,14.1,7.6,1.0,clay,4.77,0.6,Warning
7.025,79.95,2023-05,237.5,96.6,26.9,14.8,14.2,1.5,clay,2.99,0.56,Flood
6.975,79.975,2023-11,493.5,99.6,25.4,9.7,17.0,0.8,loam,3.24,0.62,Flood
7.125,80.025,2023-10,597.0,98.2,25.3,12.8,86.7,12.3,loam,5.71,0.74,Warning
6.925,80.0,2024-09,383.1,96.3,26.5,17.5,60.1,18.3,loam,9.44,0.68,Landslide
7.025,80.075,2023-12,447.4,98.2,25.7,12.8,77.9,17.8,loam,6.71,0.72,Landslide
7.125,80.1,2024-05,704.0,97.4,26.7,15.7,39.1,1.8,loam,1.24,0.6,Flood
6.9,79.875,2025-02,49.0,92.1,27.4,14.6,17.2,0.3,clay,2.29,0.43,Warning
7.025,80.075,2023-01,129.0,91.8,25.1,14.5,77.9,17.8,loam,6.71,0.76,Landslide
7.125,80.325,2024-01,166.9,95.3,25.8,11.7,114.8,10.7,loam,8.19,0.79,Warning
6.95,80.025,2023-03,182.7,98.6,25.9,9.9,88.4,10.8,loam,8.69,0.7,Warning
7.075,80.2,2023-02,99.6,96.4,25.3,12.1,99.7,13.8,loam,2.77,0.71,Warning
7.075,80.2,2025-02,33.5,96.8,26.1,14.2,99.7,13.8,loam,2.77,0.62,No Risk
7.025,79.975,2023-01,110.3,91.5,25.2,15.1,18.0,0.9,loam,1.76,0.56,Flood
7.125,80.075,2024-02,25.4,90.9,27.8,17.2,72.3,12.6,loam,2.83,0.48,No Risk
7.075,80.225,2025-02,60.2,97.2,25.3,12.7,87.8,9.6,sandy,3.92,0.65,Warning
7.125,79.875,2025-03,152.8,96.4,26.7,12.8,3.0,2.0,clay,15.0,0.51,Warning
7.075,80.2,2024-02,34.2,93.7,27.3,15.5,99.7,13.8,loam,2.77,0.63,No Risk
7.075,80.375,2023-09,377.0,97.4,22.0,15.7,115.1,6.0,sandy,15.0,0.73,Warning
7.1,80.05,2024-12,155.4,98.0,25.8,12.4,41.6,6.9,loam,2.22,0.65,Flood
7.1,80.175,2023-10,491.4,97.8,24.9,13.6,146.2,35.3,loam,2.78,0.76,Landslide
6.925,79.95,2024-03,117.0,97.1,28.0,14.7,7.2,0.3,clay,6.21,0.55,Warning
6.975,79.975,2023-07,254.2,95.5,26.6,17.6,17.0,0.8,loam,3.24,0.6,Flood
7.125,80.275,2024-02,22.3,92.3,27.0,15.9,199.1,34.9,sandy,4.23,0.59,No Risk
6.975,79.925,2025-03,150.0,95.4,27.2,12.0,14.6,0.6,clay,0.78,0.55,Flood
7.075,79.9,2023-01,101.0,90.3,25.1,18.3,28.5,5.2,clay,10.66,0.59,Warning
7.0,79.975,2024-09,366.3,96.2,26.6,17.7,9.0,0.5,clay,1.67,0.56,Flood
6.975,79.975,2024-09,366.3,96.2,26.6,17.7,17.0,0.8,loam,3.24,0.55,Flood
6.925,80.1,2024-12,173.2,98.2,25.3,12.4,54.2,8.0,loam,15.0,0.68,Warning
7.025,79.925,2024-02,43.2,91.8,27.6,17.4,7.6,1.0,clay,4.77,0.42,No Risk
6.975,80.325,2024-06,366.8,96.2,24.8,14.9,173.5,36.6,sandy,15.0,0.79,Landslide
6.95,80.25,2024-08,484.2,94.0,24.9,14.1,182.1,27.5,sandy,15.0,0.83,Landslide
7.05,80.35,2024-03,93.9,94.8,27.3,13.3,132.8,27.5,sandy,15.0,0.79,Landslide
6.95,79.875,2024-07,325.8,93.7,27.2,18.9,39.8,2.5,loam,2.78,0.61,Flood
7.1,79.9,2024-09,294.4,92.8,27.0,20.8,20.9,6.5,clay,12.94,0.58,Warning
7.025,80.275,2024-07,387.1,95.2,25.8,13.1,190.6,30.0,sandy,11.77,0.82,Landslide
7.05,80.2,2023-10,578.0,97.5,23.6,13.3,99.8,17.4,sandy,5.55,0.74,Landslide
6.925,79.875,2024-10,410.6,95.4,26.3,16.9,16.7,1.3,loam,0.78,0.6,Flood
7.025,80.05,2023-11,565.1,99.4,25.3,10.0,34.0,3.7,loam,4.33,0.65,Warning
7.075,80.25,2024-03,87.6,95.2,28.3,14.9,117.6,18.7,sandy,6.21,0.76,Landslide
6.925,80.125,2023-10,624.0,97.0,25.1,13.2,34.1,5.4,loam,15.0,0.58,Warning
7.025,79.9,2024-02,43.4,91.9,27.7,17.7,21.7,7.3,loam,6.0,0.47,No Risk
7.0,79.975,2024-05,695.3,97.3,27.3,16.5,9.0,0.5,clay,1.67,0.51,Flood
7.075,80.1,2023-02,109.4,95.8,25.6,12.7,32.2,3.5,clay,3.55,0.6,Warning
7.075,80.325,2024-02,28.6,94.3,25.7,13.1,99.7,18.4,sandy,11.88,0.53,No Risk
7.125,80.325,2025-04,216.3,97.9,26.2,12.0,114.8,10.7,loam,8.19,0.77,Warning
7.125,80.05,2023-02,118.6,94.7,25.8,13.7,50.3,6.3,loam,4.33,0.62,Warning
7.025,80.175,2023-06,342.8,95.8,25.9,13.3,132.6,16.4,loam,8.78,0.82,Landslide
7.1,80.0,2024-10,395.3,97.3,25.9,14.3,72.7,8.6,loam,5.98,0.66,Warning
6.975,79.9,2024-07,302.3,93.5,27.1,19.5,18.4,0.3,clay,2.77,0.6,Flood
6.925,80.325,2024-05,851.9,97.2,25.4,13.3,210.0,18.2,sandy,15.0,0.8,Landslide
7.075,80.275,2024-01,206.0,96.7,25.2,11.1,201.6,18.5,loam,7.89,0.82,Landslide
6.95,79.875,2023-06,372.4,94.8,27.0,19.6,39.8,2.5,loam,2.78,0.58,Flood
7.025,80.2,2023-05,234.3,95.5,25.7,12.5,123.8,29.9,sandy,8.32,0.83,Landslide
7.15,79.925,2024-12,160.5,98.0,25.7,13.1,12.6,0.5,clay,15.0,0.56,Warning
7.075,80.2,2025-02,33.6,96.6,26.0,14.0,99.7,13.8,loam,2.77,0.62,No Risk
7.025,80.125,2024-02,41.9,94.1,27.5,14.1,60.4,12.0,clay,9.71,0.49,No Risk
6.95,80.15,2023-02,114.0,98.1,25.1,11.9,110.9,14.4,sandy,15.0,0.8,Warning
6.9,80.3,2024-03,95.3,93.0,26.9,14.6,186.2,18.2,sandy,15.0,0.81,Landslide
7.025,79.85,2024-02,43.3,91.9,27.7,17.5,24.8,3.0,clay,10.01,0.49,No Risk
7.05,80.175,2023-08,120.1,94.8,26.2,16.7,121.1,17.9,sandy,6.21,0.82,Landslide
7.15,79.9,2024-07,257.9,93.1,27.1,20.2,7.8,0.8,clay,15.0,0.55,Warning
7.025,80.1,2025-04,282.7,98.3,25.9,12.8,79.7,8.2,loam,8.25,0.74,Warning
7.15,79.85,2024-02,26.9,90.5,27.8,18.1,3.2,1.5,clay,15.0,0.37,No Risk
7.0,79.975,2025-01,336.0,97.1,25.4,13.2,9.0,0.5,clay,1.67,0.59,Flood
7.0,79.975,2023-12,415.3,98.2,25.8,13.5,9.0,0.5,clay,1.67,0.54,Flood
7.075,80.325,2024-03,93.9,94.8,26.7,13.3,99.7,18.4,sandy,11.88,0.76,Landslide
7.15,79.95,2024-07,299.1,96.1,26.8,17.7,35.5,5.1,loam,13.55,0.6,Warning
7.075,80.0,2024-11,437.4,99.1,25.4,12.9,89.4,13.9,loam,3.55,0.75,Warning
7.05,80.0,2024-08,263.9,95.8,26.4,17.1,74.6,7.6,clay,2.22,0.7,Warning
6.95,80.325,2025-04,378.4,99.1,25.2,10.6,174.0,30.3,sandy,15.0,0.8,Landslide
7.0,80.075,2024-02,35.9,93.7,27.7,15.0,52.6,1.6,sandy,8.25,0.54,No Risk
7.0,80.125,2023-02,120.6,97.0,25.4,12.3,32.7,2.6,clay,12.17,0.59,Warning
7.0,80.25,2024-03,86.9,93.6,27.8,14.1,127.9,31.1,loam,12.41,0.74,Landslide
6.95,80.15,2024-10,509.7,97.0,25.5,13.9,110.9,14.4,sandy,15.0,0.76,Warning
7.025,80.025,2025-01,358.9,97.6,25.2,13.5,69.5,11.7,loam,2.83,0.66,Warning
7.025,80.075,2025-02,69.5,96.2,26.6,14.2,77.9,17.8,loam,6.71,0.6,Warning
7.075,80.375,2025-02,44.6,98.7,22.5,11.0,115.1,6.0,sandy,15.0,0.62,No Risk
6.95,80.275,2024-12,177.7,98.1,25.0,11.0,186.9,15.9,sandy,15.0,0.83,Landslide
7.025,80.35,2025-04,277.1,98.9,24.6,11.0,168.9,24.2,sandy,15.0,0.79,Landslide
7.025,80.0,2023-05,237.5,96.6,26.9,14.8,75.1,17.7,clay,1.24,0.68,Landslide
7.0,79.925,2023-12,356.1,96.3,25.9,15.4,3.0,2.2,clay,2.29,0.54,Flood
7.075,80.35,2024-02,27.6,94.5,25.7,12.9,222.8,24.9,loam,13.74,0.57,No Risk
7.1,79.85,2023-06,336.4,94.6,27.1,20.5,19.7,1.6,clay,15.0,0.58,Warning
7.125,80.075,2024-10,393.0,97.0,25.5,13.8,72.3,12.6,loam,2.83,0.73,Warning
7.025,80.025,2024-02,35.7,93.6,27.8,15.0,69.5,11.7,loam,2.83,0.52,No Risk
6.9,79.95,2023-11,541.1,99.5,25.3,10.6,23.8,4.0,clay,7.85,0.61,Warning
7.125,80.025,2024-03,102.7,95.3,28.4,16.2,86.7,12.3,loam,5.71,0.71,Warning
7.05,79.875,2024-08,275.8,92.6,26.7,20.0,22.2,6.6,clay,9.88,0.57,Warning
7.05,80.375,2024-03,109.9,95.6,22.5,12.2,212.7,17.2,sandy,15.0,0.78,Landslide
6.925,79.85,2024-07,313.6,93.6,27.1,19.2,24.7,3.2,clay,2.29,0.65,Flood
7.025,80.125,2024-11,499.0,98.3,25.1,14.1,60.4,12.0,clay,9.71,0.67,Warning
6.925,80.0,2024-04,224.9,98.5,27.9,12.7,60.1,18.3,loam,9.44,0.66,Landslide
7.0,79.925,2023-05,227.7,95.8,27.3,17.2,3.0,2.2,clay,2.29,0.54,Flood
6.925,80.125,2025-04,301.3,98.8,25.8,12.7,34.1,5.4,loam,15.0,0.64,Warning
6.975,79.95,2023-07,259.7,95.6,26.6,18.0,19.8,1.1,clay,2.29,0.6,Flood
6.975,80.3,2023-08,174.7,93.3,26.0,15.2,228.2,18.0,loam,15.0,0.78,Landslide
6.9,80.125,2025-03,169.4,98.8,25.9,12.0,76.5,15.5,sandy,15.0,0.76,Landslide
6.925,80.0,2023-03,185.9,98.2,26.2,11.0,60.1,18.3,loam,9.44,0.67,Landslide
7.125,80.2,2024-07,312.9,96.0,26.0,16.6,92.0,7.0,sandy,2.78,0.72,Warning
7.125,79.875,2023-09,519.6,94.7,26.0,20.5,3.0,2.0,clay,15.0,0.55,Warning
6.975,80.0,2025-05,276.5,96.8,27.2,15.9,74.9,18.6,loam,5.12,0.69,Landslide
6.925,79.975,2023-11,541.1,99.5,25.3,10.6,9.3,0.8,clay,7.89,0.62,Warning
7.125,80.1,2023-03,157.3,95.4,26.4,13.0,39.1,1.8,loam,1.24,0.61,Flood
7.0,79.95,2023-07,254.2,95.5,26.6,17.6,31.8,5.9,clay,1.11,0.61,Flood
6.9,79.925,2023-08,149.6,92.8,27.0,19.7,28.1,3.3,sandy,6.21,0.55,Warning
7.05,80.175,2024-09,313.3,97.0,25.6,15.7,121.1,17.9,sandy,6.21,0.82,Landslide
7.025,80.325,2024-04,203.0,96.8,27.2,11.1,167.2,17.8,sandy,15.0,0.84,Landslide
7.0,80.125,2024-09,355.8,97.3,25.9,16.4,32.7,2.6,clay,12.17,0.56,Warning
6.975,80.225,2024-11,502.7,98.4,25.0,12.8,118.1,16.4,sandy,14.15,0.8,Landslide
6.9,80.0,2024-02,37.2,95.4,27.6,14.6,64.3,14.6,loam,11.8,0.52,No Risk
7.025,79.875,2023-10,504.7,96.8,25.6,15.1,22.2,5.8,clay,7.89,0.62,Warning
7.025,79.925,2024-02,43.6,91.9,27.5,17.6,7.6,1.0,clay,4.77,0.42,No Risk
7.125,80.375,2023-09,410.3,95.8,24.1,18.6,175.1,24.7,sandy,11.88,0.74,Landslide
7.075,80.2,2024-02,34.2,93.8,27.3,15.6,99.7,13.8,loam,2.77,0.63,No Risk
7.05,80.05,2023-07,271.5,96.1,26.3,16.9,22.4,3.7,loam,3.33,0.6,Flood
7.125,80.075,2025-02,35.8,95.1,26.6,15.7,72.3,12.6,loam,2.83,0.46,No Risk
6.95,80.35,2023-10,742.6,96.9,23.9,11.8,144.3,16.2,loam,15.0,0.74,Landslide
7.075,79.975,2023-02,101.8,94.9,25.9,13.4,18.3,2.2,loam,5.71,0.62,Warning
7.0,79.925,2023-07,214.2,92.8,26.9,21.3,3.0,2.2,clay,2.29,0.57,Flood
6.975,80.125,2023-11,597.3,98.5,25.2,10.2,37.5,4.8,clay,14.32,0.62,Warning
7.1,80.075,2023-09,563.7,97.1,25.4,17.0,92.3,13.0,clay,0.55,0.69,Warning
6.975,80.2,2024-05,817.5,97.0,26.7,15.0,118.9,8.0,sandy,13.88,0.81,Warning
6.925,80.1,2024-11,507.2,98.4,25.0,13.8,54.2,8.0,loam,15.0,0.71,Warning
6.925,80.25,2024-07,404.4,95.2,25.9,12.7,228.8,33.0,sandy,15.0,0.82,Landslide
6.975,80.1,2023-01,160.0,92.7,24.7,14.4,59.2,7.7,sandy,12.17,0.62,Warning
6.9,80.2,2024-02,39.1,96.1,27.1,12.7,74.7,8.5,sandy,15.0,0.57,No Risk
6.925,80.075,2024-12,199.0,98.2,25.6,12.5,23.4,3.6,clay,14.15,0.59,Warning
7.1,80.1,2024-03,71.2,93.6,28.3,16.3,75.3,10.7,loam,2.22,0.61,Warning
7.125,79.875,2024-06,290.4,93.5,27.0,21.9,3.0,2.0,clay,15.0,0.64,Warning
7.125,79.85,2023-01,106.2,91.2,25.1,18.5,6.1,0.5,clay,15.0,0.53,Warning
7.025,79.95,2024-05,701.6,97.3,27.3,16.6,14.2,1.5,clay,2.99,0.62,Flood
7.1,80.225,2025-05,305.5,98.3,25.9,14.4,125.1,18.9,loam,2.77,0.82,Landslide
7.1,80.25,2024-02,22.0,92.3,27.0,15.8,182.6,19.8,loam,4.0,0.61,No Risk
6.925,80.325,2024-02,61.8,92.0,25.2,10.8,210.0,18.2,sandy,15.0,0.68,Warning
7.125,79.85,2024-12,112.9,95.0,26.2,15.2,6.1,0.5,clay,15.0,0.59,Warning
6.9,80.225,2024-02,39.6,96.2,27.2,12.7,111.9,8.1,sandy,15.0,0.67,No Risk
6.975,79.875,2025-04,164.1,95.3,27.4,14.0,28.7,5.1,sandy,3.92,0.6,Warning
7.05,80.0,2024-05,637.4,97.3,27.4,16.3,74.6,7.6,clay,2.22,0.66,Warning
7.025,80.275,2023-05,254.7,94.5,26.1,12.0,190.6,30.0,sandy,11.77,0.79,Landslide
6.975,79.9,2025-02,47.3,92.0,27.4,15.4,18.4,0.3,clay,2.77,0.38,Warning
7.05,80.025,2023-03,183.6,97.2,26.5,11.5,87.5,19.3,clay,0.56,0.67,Landslide
6.925,80.375,2023-02,146.4,94.6,25.0,9.6,164.7,30.7,loam,15.0,0.76,Landslide
6.975,80.075,2024-06,391.5,96.7,26.4,17.0,57.2,4.9,clay,10.32,0.63,Warning
7.0,79.975,2024-04,232.2,98.6,28.0,12.9,9.0,0.5,clay,1.67,0.57,Flood
6.975,80.075,2024-04,222.8,98.2,28.0,12.4,57.2,4.9,clay,10.32,0.69,Warning
7.075,80.025,2023-02,120.8,95.4,25.9,13.2,86.0,16.6,loam,2.83,0.72,Landslide
7.1,79.875,2023-10,431.7,96.5,25.6,14.7,24.4,3.5,clay,14.57,0.58,Warning
7.125,80.05,2023-11,582.5,99.2,25.3,10.2,50.3,6.3,loam,4.33,0.66,Warning
7.15,80.0,2023-12,396.8,97.1,25.8,14.6,84.9,11.8,sandy,9.55,0.7,Warning
7.075,80.3,2024-02,25.3,94.3,26.7,14.1,99.1,6.7,loam,9.88,0.62,No Risk
6.925,79.875,2024-06,354.8,93.6,27.1,21.0,16.7,1.3,loam,0.78,0.55,Flood
6.975,80.025,2024-08,284.7,96.4,26.1,16.3,70.2,12.1,sandy,6.33,0.66,Warning
6.925,80.2,2024-10,570.2,96.0,25.5,12.8,95.2,12.3,loam,15.0,0.77,Warning
6.9,80.35,2024-09,412.8,96.1,24.4,12.3,121.1,24.6,loam,15.0,0.77,Landslide
7.05,80.175,2024-11,508.6,98.5,24.8,12.8,121.1,17.9,sandy,6.21,0.8,Landslide
6.9,79.875,2023-07,266.4,93.0,26.9,20.7,17.2,0.3,clay,2.29,0.57,Flood
6.9,79.9,2024-08,334.0,92.8,26.8,19.1,18.9,1.4,clay,4.0,0.62,Warning
7.125,80.1,2023-05,234.7,96.0,26.7,14.7,39.1,1.8,loam,1.24,0.67,Flood
7.0,80.125,2025-04,282.7,98.3,25.9,12.8,32.7,2.6,clay,12.17,0.58,Warning
7.075,80.15,2023-07,301.7,96.6,25.9,16.4,81.5,10.9,loam,6.21,0.67,Warning
6.975,80.0,2024-02,32.3,93.4,27.8,15.4,74.9,18.6,loam,5.12,0.54,No Risk
7.15,79.875,2023-05,259.2,95.7,27.4,18.0,5.4,2.0,loam,15.0,0.5,Warning
6.95,80.025,2024-02,37.7,96.2,27.3,13.0,88.4,10.8,loam,8.69,0.58,No Risk
7.1,80.15,2024-05,773.7,97.2,26.8,15.6,109.5,13.6,sandy,4.96,0.75,Warning
7.125,80.025,2023-07,241.7,95.9,26.3,17.2,86.7,12.3,loam,5.71,0.76,Warning
7.025,80.0,2025-04,226.5,97.7,26.9,12.3,75.1,17.7,clay,1.24,0.62,Landslide
7.1,80.1,2024-10,393.0,97.0,25.5,13.8,75.3,10.7,loam,2.22,0.72,Warning
7.0,79.85,2023-09,545.4,95.2,26.1,19.9,13.7,1.6,loam,7.85,0.54,Warning
7.0,80.15,2024-02,42.6,94.1,27.5,14.2,147.0,20.3,sandy,12.41,0.62,No Risk
7.0,79.9,2025-02,47.3,92.0,27.4,15.4,22.7,1.5,clay,4.0,0.48,Warning
7.1,79.975,2023-08,113.9,95.8,26.7,17.7,4.1,2.0,clay,7.47,0.56,Warning
7.025,80.125,2024-10,476.9,96.7,25.6,13.5,60.4,12.0,clay,9.71,0.64,Warning
6.95,80.375,2024-12,151.0,97.7,22.9,10.6,212.6,38.0,loam,15.0,0.83,Landslide
6.9,80.05,2023-04,197.0,98.1,26.5,11.0,22.1,5.5,clay,14.89,0.69,Warning
6.95,80.125,2023-10,624.0,97.0,25.1,13.2,28.9,5.4,clay,15.0,0.64,Warning
7.1,80.3,2024-02,26.6,91.9,26.3,16.1,227.7,27.9,loam,8.0,0.63,No Risk
7.025,80.1,2023-11,597.3,98.5,25.2,10.2,79.7,8.2,loam,8.25,0.75,Warning
6.975,79.9,2024-11,382.9,96.9,25.7,15.2,18.4,0.3,clay,2.77,0.55,Flood
7.0,80.075,2023-12,447.4,98.2,25.7,12.8,52.6,1.6,sandy,8.25,0.65,Warning
7.1,80.225,2025-02,33.3,96.7,26.1,14.2,125.1,18.9,loam,2.77,0.63,No Risk
6.95,79.9,2023-09,554.6,95.0,26.0,19.3,20.5,4.8,loam,0.0,0.6,Flood
7.075,79.85,2024-02,41.8,91.4,27.7,18.1,25.8,2.4,loam,13.79,0.46,No Risk
6.95,80.125,2025-01,332.0,99.1,24.8,11.3,28.9,5.4,clay,15.0,0.63,Warning
7.1,80.0,2023-10,616.8,98.4,25.4,12.6,72.7,8.6,loam,5.98,0.7,Warning
6.975,79.975,2023-02,85.4,96.6,25.6,13.3,17.0,0.8,loam,3.24,0.57,Warning
7.1,80.175,2025-02,41.9,95.8,26.1,14.6,146.2,35.3,loam,2.78,0.65,No Risk
6.975,80.1,2024-04,197.2,96.8,27.9,12.7,59.2,7.7,sandy,12.17,0.7,Warning
7.125,80.1,2023-07,266.5,96.4,25.9,17.3,39.1,1.8,loam,1.24,0.61,Flood
6.9,80.05,2025-05,319.7,98.6,26.5,16.0,22.1,5.5,clay,14.89,0.63,Warning
7.05,80.275,2024-02,25.0,94.3,26.7,14.3,201.8,19.8,loam,10.01,0.52,No Risk
7.025,80.325,2023-04,195.6,96.2,25.8,10.7,167.2,17.8,sandy,15.0,0.82,Landslide
6.975,79.925,2025-02,47.3,92.0,27.4,15.4,14.6,0.6,clay,0.78,0.44,Warning
6.975,79.9,2023-05,244.3,95.8,27.3,17.3,18.4,0.3,clay,2.77,0.57,Flood
7.05,80.2,2023-01,136.7,92.1,23.3,14.8,99.8,17.4,sandy,5.55,0.77,Landslide
6.975,79.85,2023-04,168.5,98.0,27.1,13.9,9.5,0.5,clay,6.21,0.54,Warning
6.95,80.325,2023-02,135.7,95.6,24.6,10.9,174.0,30.3,sandy,15.0,0.78,Landslide
7.125,80.25,2025-04,269.4,97.9,24.8,12.7,183.4,27.4,sandy,2.29,0.84,Landslide
7.075,80.25,2024-02,26.0,94.5,27.5,14.4,117.6,18.7,sandy,6.21,0.52,No Risk
7.125,80.3,2024-08,377.5,94.0,25.5,16.5,121.9,24.6,sandy,5.9,0.8,Landslide
7.05,80.175,2023-04,160.9,96.7,26.6,11.7,121.1,17.9,sandy,6.21,0.83,Landslide
6.9,80.025,2024-10,468.1,97.6,25.6,13.8,77.1,15.8,sandy,13.24,0.74,Landslide
7.15,79.925,2023-03,160.5,95.9,26.6,12.5,12.6,0.5,clay,15.0,0.53,Warning
7.05,80.0,2024-02,26.3,92.4,28.0,16.2,74.6,7.6,clay,2.22,0.57,No Risk
6.925,80.025,2023-06,360.3,98.4,25.9,15.7,52.5,3.1,clay,11.02,0.67,Warning
7.05,80.225,2025-03,205.9,97.8,25.9,11.6,90.0,17.9,sandy,6.21,0.74,Landslide
7.1,80.225,2024-10,474.7,96.6,25.3,13.0,125.1,18.9,loam,2.77,0.81,Landslide
6.975,80.375,2025-05,330.0,99.0,21.4,11.6,153.1,24.6,sandy,15.0,0.81,Landslide
6.9,79.95,2023-02,112.9,97.7,25.5,12.9,23.8,4.0,clay,7.85,0.61,Warning
7.125,80.025,2024-10,384.5,97.3,25.7,13.5,86.7,12.3,loam,5.71,0.75,Warning
6.925,80.05,2024-02,38.8,96.0,27.3,13.1,82.3,7.8,loam,12.47,0.56,No Risk
6.9,79.875,2023-10,567.0,96.5,25.6,14.7,17.2,0.3,clay,2.29,0.55,Flood
6.9,79.85,2023-06,379.3,94.7,27.1,19.5,8.8,0.6,clay,3.14,0.57,Flood
7.1,80.05,2023-07,278.9,96.1,26.3,16.8,41.6,6.9,loam,2.22,0.61,Flood
7.05,80.275,2023-04,188.3,96.8,26.0,11.5,201.8,19.8,loam,10.01,0.8,Landslide
6.925,80.2,2024-08,402.8,95.4,25.8,14.8,95.2,12.3,loam,15.0,0.78,Warning
7.0,79.875,2023-10,504.7,96.8,25.6,15.1,36.2,4.8,loam,6.21,0.6,Warning
7.125,80.3,2025-02,42.4,96.9,25.9,13.4,121.9,24.6,sandy,5.9,0.68,No Risk
7.025,80.3,2024-12,150.5,98.2,25.0,10.9,203.1,17.9,loam,13.87,0.81,Landslide
7.025,80.125,2023-09,584.4,96.6,25.1,17.0,60.4,12.0,clay,9.71,0.69,Warning
7.025,79.975,2024-06,351.1,95.9,26.7,18.1,18.0,0.9,loam,1.76,0.62,Flood
7.025,79.975,2023-01,103.5,91.7,25.3,15.4,18.0,0.9,loam,1.76,0.56,Flood
7.1,80.275,2025-02,60.2,97.2,26.5,12.7,138.0,32.2,loam,6.0,0.66,Landslide
6.95,80.125,2023-11,568.2,98.5,25.1,10.6,28.9,5.4,clay,15.0,0.62,Warning
6.95,80.225,2024-11,482.2,98.3,25.0,12.6,67.0,14.3,loam,15.0,0.67,Warning
6.95,80.25,2024-02,43.0,94.4,25.9,12.3,182.1,27.5,sandy,15.0,0.67,No Risk
7.025,80.375,2024-02,50.0,93.8,25.4,11.1,119.5,13.0,loam,15.0,0.66,Warning
7.15,79.9,2025-02,33.9,91.5,27.4,18.0,7.8,0.8,clay,15.0,0.43,No Risk
6.95,80.25,2024-10,612.3,95.4,24.6,11.8,182.1,27.5,sandy,15.0,0.85,Landslide
7.1,80.1,2023-08,91.1,95.5,26.4,17.9,75.3,10.7,loam,2.22,0.66,Warning
7.0,80.0,2024-02,32.2,93.4,27.8,15.5,74.6,6.2,clay,2.48,0.54,No Risk
6.975,80.325,2023-08,159.9,93.8,25.0,14.5,173.5,36.6,sandy,15.0,0.8,Landslide
6.95,79.925,2025-03,127.9,94.9,27.3,11.6,29.7,6.4,clay,2.77,0.6,Flood
7.075,80.05,2024-11,472.4,99.1,25.3,13.2,38.7,7.9,clay,0.55,0.65,Flood
7.075,79.875,2024-02,42.2,91.4,27.7,17.8,9.5,1.1,clay,12.18,0.47,No Risk
7.05,80.175,2023-02,99.6,96.4,25.3,12.1,121.1,17.9,sandy,6.21,0.8,Landslide
7.125,80.375,2024-09,284.9,95.2,24.8,16.5,175.1,24.7,sandy,11.88,0.83,Landslide
6.9,80.05,2023-01,146.5,93.9,24.8,13.6,22.1,5.5,clay,14.89,0.56,Warning
7.075,80.125,2024-02,26.8,91.4,27.7,16.3,86.3,10.8,sandy,5.27,0.54,No Risk
6.95,79.9,2024-06,360.4,93.6,27.2,21.2,20.5,4.8,loam,0.0,0.6,Flood
7.125,80.2,2024-09,290.9,96.8,25.6,16.7,92.0,7.0,sandy,2.78,0.73,Warning
7.025,80.2,2023-01,167.6,94.4,23.6,13.1,123.8,29.9,sandy,8.32,0.82,Landslide
7.125,80.3,2025-01,299.1,97.5,24.7,13.1,121.9,24.6,sandy,5.9,0.8,Landslide
7.075,79.975,2024-10,395.3,97.3,25.9,14.3,18.3,2.2,loam,5.71,0.59,Warning
6.9,79.95,2023-10,657.4,98.0,25.4,12.9,23.8,4.0,clay,7.85,0.6,Warning
7.075,80.05,2024-12,175.0,98.0,25.7,12.6,38.7,7.9,clay,0.55,0.64,Flood
7.125,80.25,2024-12,158.0,97.3,24.3,11.9,183.4,27.4,sandy,2.29,0.8,Landslide
6.95,79.85,2024-09,310.4,92.9,27.1,20.0,17.7,1.4,clay,4.0,0.58,Warning
6.975,79.9,2023-05,233.6,95.9,27.3,17.4,18.4,0.3,clay,2.77,0.57,Flood
7.05,79.9,2024-02,42.9,91.1,27.7,17.7,18.4,1.2,clay,8.45,0.42,No Risk
7.125,79.85,2023-09,519.6,94.7,26.0,20.5,6.1,0.5,clay,15.0,0.54,Warning
6.925,80.15,2024-02,39.2,96.4,27.1,12.7,109.4,14.2,sandy,15.0,0.57,No Risk
7.0,80.3,2024-01,236.9,96.2,25.3,9.9,223.5,30.2,loam,15.0,0.78,Landslide
7.05,80.325,2024-02,25.5,94.4,26.8,14.1,217.1,18.9,sandy,13.79,0.66,No Risk
6.975,79.975,2024-07,361.8,96.3,26.8,16.6,17.0,0.8,loam,3.24,0.59,Flood
7.1,80.1,2025-02,35.9,95.1,26.5,15.8,75.3,10.7,loam,2.22,0.55,No Risk
6.975,79.925,2023-05,245.8,95.9,27.3,17.4,14.6,0.6,clay,0.78,0.56,Flood
7.025,79.975,2023-11,479.3,99.6,25.4,10.2,18.0,0.9,loam,1.76,0.61,Flood
7.05,80.0,2024-02,25.8,92.3,28.0,16.3,74.6,7.6,clay,2.22,0.57,No Risk
6.975,80.0,2024-02,31.8,93.4,27.8,15.4,74.9,18.6,loam,5.12,0.54,No Risk
7.125,79.95,2024-01,163.8,94.8,26.1,14.7,22.8,6.1,loam,11.39,0.6,Warning
7.15,79.95,2023-11,513.5,99.6,25.4,10.1,35.5,5.1,loam,13.55,0.61,Warning
7.0,80.05,2024-02,36.2,93.7,27.7,15.0,33.9,6.9,sandy,6.47,0.51,Warning
6.925,80.075,2024-08,340.6,97.0,26.0,16.4,23.4,3.6,clay,14.15,0.65,Warning
6.95,80.15,2024-11,507.2,98.4,25.0,13.8,110.9,14.4,sandy,15.0,0.77,Warning
7.1,79.85,2024-07,257.9,93.1,27.1,20.2,19.7,1.6,clay,15.0,0.59,Warning
7.1,79.85,2024-11,398.3,97.3,25.6,16.0,19.7,1.6,clay,15.0,0.62,Warning
7.075,79.975,2023-11,509.4,99.5,25.4,9.8,18.3,2.2,loam,5.71,0.59,Warning
6.975,79.925,2024-04,163.5,96.4,28.2,14.6,14.6,0.6,clay,0.78,0.58,Flood
6.9,80.15,2024-05,766.7,97.3,26.7,16.0,132.2,24.6,loam,15.0,0.82,Landslide
6.975,80.025,2023-09,562.6,97.2,25.3,16.8,70.2,12.1,sandy,6.33,0.7,Warning
7.125,80.15,2025-02,42.0,96.0,26.2,14.5,153.9,18.9,loam,2.99,0.7,No Risk
6.9,79.875,2025-03,124.6,94.8,27.3,11.6,17.2,0.3,clay,2.29,0.58,Flood
6.925,79.85,2023-01,85.9,91.1,25.1,17.3,24.7,3.2,clay,2.29,0.6,Warning
6.9,80.1,2024-01,190.0,97.1,25.6,10.3,75.8,7.3,loam,15.0,0.71,Warning
7.125,79.9,2023-12,312.3,95.5,26.0,16.8,29.0,5.3,clay,15.0,0.57,Warning
6.95,79.85,2023-01,85.9,91.1,25.2,17.3,17.7,1.4,clay,4.0,0.56,Warning
7.05,80.35,2025-01,330.3,98.9,24.5,9.7,132.8,27.5,sandy,15.0,0.81,Landslide
7.025,80.225,2024-08,391.2,95.2,25.8,15.0,137.7,19.0,sandy,8.78,0.78,Landslide
7.05,80.1,2025-02,51.4,95.6,26.4,15.1,43.6,5.2,clay,5.98,0.5,Warning
7.0,80.125,2023-08,141.7,95.8,26.3,17.0,32.7,2.6,clay,12.17,0.53,Warning
7.15,79.925,2025-03,163.7,99.0,26.5,12.5,12.6,0.5,clay,15.0,0.57,Warning
7.1,79.95,2024-09,309.9,96.3,26.6,18.2,26.6,4.4,sandy,9.55,0.59,Warning
7.1,80.275,2024-02,25.1,94.5,27.5,14.1,138.0,32.2,loam,6.0,0.59,No Risk
6.95,79.925,2025-01,284.7,94.8,25.6,14.0,29.7,6.4,clay,2.77,0.61,Flood
6.9,79.875,2025-04,178.2,95.1,27.4,13.4,17.2,0.3,clay,2.29,0.61,Flood
7.0,79.875,2024-01,121.8,93.6,26.0,15.0,36.2,4.8,loam,6.21,0.61,Warning
6.975,80.25,2024-04,203.0,96.8,27.5,11.1,209.1,35.5,loam,14.94,0.83,Landslide
6.9,80.3,2023-02,135.7,95.6,24.0,10.9,186.2,18.2,sandy,15.0,0.8,Landslide
7.125,80.375,2025-02,27.7,96.5,25.3,13.1,175.1,24.7,sandy,11.88,0.64,No Risk
7.0,79.925,2023-06,364.1,94.9,27.0,20.0,3.0,2.2,clay,2.29,0.54,Flood
6.975,79.95,2023-08,139.4,95.8,26.7,17.5,19.8,1.1,clay,2.29,0.54,Flood
7.05,79.9,2024-03,78.7,94.8,28.0,16.3,18.4,1.2,clay,8.45,0.54,Warning
7.125,80.075,2025-02,36.3,95.2,26.6,15.6,72.3,12.6,loam,2.83,0.46,No Risk
7.1,80.25,2024-06,323.3,95.3,25.7,17.9,182.6,19.8,loam,4.0,0.8,Landslide
6.9,80.15,2024-02,39.2,96.3,27.2,12.7,132.2,24.6,loam,15.0,0.7,No Risk
7.05,80.2,2025-02,33.5,96.5,24.9,14.0,99.8,17.4,sandy,5.55,0.58,No Risk
7.0,79.975,2023-10,619.2,98.5,25.4,12.8,9.0,0.5,clay,1.67,0.55,Flood
6.975,79.975,2025-01,335.0,97.1,25.4,13.0,17.0,0.8,loam,3.24,0.6,Flood
6.925,79.875,2023-05,238.3,94.7,27.3,17.0,16.7,1.3,loam,0.78,0.61,Flood
7.05,80.15,2024-01,188.3,94.5,25.9,13.1,133.4,17.5,loam,7.85,0.8,Landslide
6.925,79.85,2025-05,274.2,94.1,27.7,18.1,24.7,3.2,clay,2.29,0.6,Flood
7.025,79.9,2024-07,302.3,93.5,27.1,19.5,21.7,7.3,loam,6.0,0.64,Warning
6.95,80.375,2023-03,215.5,94.8,23.2,9.2,212.6,38.0,loam,15.0,0.8,Landslide
6.925,80.1,2024-02,39.4,96.5,27.1,12.8,54.2,8.0,loam,15.0,0.53,No Risk
7.0,79.975,2024-04,222.1,98.7,28.0,12.8,9.0,0.5,clay,1.67,0.57,Flood
7.125,80.075,2025-05,270.7,98.5,26.3,16.9,72.3,12.6,loam,2.83,0.69,Warning
7.125,80.15,2023-01,104.2,91.3,24.6,15.9,153.9,18.9,loam,2.99,0.8,Landslide
7.125,80.275,2023-04,145.4,96.2,26.5,12.4,199.1,34.9,sandy,4.23,0.78,Landslide
7.025,79.975,2024-07,360.9,96.3,26.8,16.7,18.0,0.9,loam,1.76,0.58,Flood
7.025,79.85,2024-02,43.1,91.8,27.7,17.7,24.8,3.0,clay,10.01,0.49,No Risk
6.925,79.95,2023-07,292.2,95.6,26.5,17.5,7.2,0.3,clay,6.21,0.57,Warning
7.125,80.275,2024-08,377.5,94.0,25.5,16.5,199.1,34.9,sandy,4.23,0.76,Landslide
6.95,80.375,2024-10,542.0,96.0,23.2,11.4,212.6,38.0,loam,15.0,0.84,Landslide
7.025,80.375,2024-08,387.9,95.2,24.6,14.5,119.5,13.0,loam,15.0,0.76,Warning
7.125,80.3,2023-06,280.0,94.3,25.7,15.4,121.9,24.6,sandy,5.9,0.79,Landslide
7.05,80.25,2023-09,619.5,96.1,25.3,16.9,124.2,29.2,loam,7.85,0.8,Landslide
7.1,80.25,2023-02,99.4,96.0,25.0,13.0,182.6,19.8,loam,4.0,0.76,Landslide
7.125,80.225,2024-02,22.5,92.4,26.2,15.8,101.5,18.6,clay,0.78,0.63,No Risk
7.05,80.125,2024-06,393.4,96.6,26.1,17.0,34.8,4.8,clay,7.47,0.63,Warning
7.125,80.025,2025-03,180.6,98.3,26.4,12.7,86.7,12.3,loam,5.71,0.72,Warning
7.025,80.175,2024-01,189.7,96.6,25.6,11.1,132.6,16.4,loam,8.78,0.8,Landslide
7.0,80.075,2024-08,284.7,96.4,26.1,16.3,52.6,1.6,sandy,8.25,0.66,Warning
7.1,80.125,2025-03,178.8,97.8,26.2,12.1,71.0,11.4,loam,2.78,0.73,Warning
7.025,80.075,2024-10,437.2,97.4,25.8,13.6,77.9,17.8,loam,6.71,0.66,Landslide
7.125,80.35,2023-06,240.5,94.6,25.0,15.3,158.1,30.1,loam,9.82,0.82,Landslide
6.9,79.95,2024-10,460.2,97.1,25.9,14.4,23.8,4.0,clay,7.85,0.62,Warning
7.1,80.05,2023-10,617.2,98.2,25.5,12.7,41.6,6.9,loam,2.22,0.6,Flood
7.075,80.2,2024-09,313.3,97.0,25.6,15.7,99.7,13.8,loam,2.77,0.76,Warning
6.975,80.075,2023-06,329.7,97.9,26.2,15.7,57.2,4.9,clay,10.32,0.64,Warning
6.95,79.875,2024-12,130.8,94.2,26.7,13.7,39.8,2.5,loam,2.78,0.6,Flood
7.0,80.375,2024-05,749.0,97.4,26.6,13.5,175.5,36.1,sandy,15.0,0.79,Landslide
7.075,80.175,2023-12,416.7,97.6,24.4,12.9,88.0,17.9,loam,3.92,0.72,Landslide
7.075,79.975,2025-03,186.2,98.9,26.7,11.8,18.3,2.2,loam,5.71,0.54,Warning
7.1,79.85,2023-12,312.3,95.5,26.0,16.8,19.7,1.6,clay,15.0,0.59,Warning
7.1,80.05,2024-04,222.5,98.3,28.1,12.5,41.6,6.9,loam,2.22,0.62,Flood
7.05,80.2,2025-04,299.2,98.3,24.4,12.3,99.8,17.4,sandy,5.55,0.71,Landslide
6.95,79.875,2025-03,124.6,94.8,27.3,11.6,39.8,2.5,loam,2.78,0.63,Flood
6.9,79.875,2024-05,655.8,95.0,27.8,20.0,17.2,0.3,clay,2.29,0.57,Flood
6.95,79.9,2023-12,414.9,96.3,25.9,14.7,20.5,4.8,loam,0.0,0.63,Flood
6.9,80.075,2024-02,38.8,96.1,27.3,13.0,48.0,3.8,clay,15.0,0.48,No Risk
7.125,80.275,2023-07,308.0,93.5,25.6,16.1,199.1,34.9,sandy,4.23,0.85,Landslide
6.975,79.875,2024-02,42.9,91.7,27.6,17.6,28.7,5.1,sandy,3.92,0.43,No Risk
7.0,79.925,2025-05,283.2,94.2,27.8,19.2,3.0,2.2,clay,2.29,0.56,Flood
7.075,79.9,2023-07,205.5,92.5,26.9,21.4,28.5,5.2,clay,10.66,0.58,Warning
7.075,80.025,2023-05,233.2,96.7,26.8,14.2,86.0,16.6,loam,2.83,0.69,Landslide
7.025,79.95,2024-08,294.4,95.9,26.4,16.6,14.2,1.5,clay,2.99,0.57,Flood
6.925,80.375,2023-06,401.0,95.7,25.8,11.3,164.7,30.7,loam,15.0,0.8,Landslide
7.025,80.0,2023-11,479.3,99.6,25.4,10.2,75.1,17.7,clay,1.24,0.68,Landslide
7.0,80.075,2023-02,110.2,97.1,25.6,13.2,52.6,1.6,sandy,8.25,0.65,Warning
7.075,80.05,2024-10,405.0,97.4,25.8,13.4,38.7,7.9,clay,0.55,0.57,Flood
7.15,79.975,2024-08,268.0,95.6,26.4,17.3,28.4,6.7,clay,11.39,0.61,Warning
7.075,80.175,2024-04,194.2,96.6,26.9,12.5,88.0,17.9,loam,3.92,0.72,Landslide
6.975,80.075,2024-02,36.1,93.6,27.7,15.1,57.2,4.9,clay,10.32,0.53,No Risk
7.15,79.9,2025-02,34.5,91.9,27.3,17.8,7.8,0.8,clay,15.0,0.43,No Risk
7.125,79.9,2024-02,26.5,90.6,27.7,18.3,29.0,5.3,clay,15.0,0.39,No Risk
6.925,80.225,2023-05,254.9,95.5,26.4,12.5,132.0,36.4,loam,15.0,0.82,Landslide
7.05,80.3,2024-02,25.4,94.4,26.7,14.2,128.7,31.4,loam,11.8,0.63,No Risk
6.925,79.95,2024-05,761.3,97.1,27.2,16.4,7.2,0.3,clay,6.21,0.56,Warning
6.9,80.05,2024-06,391.0,97.2,26.3,17.3,22.1,5.5,clay,14.89,0.56,Warning
6.975,79.95,2023-05,235.5,96.8,26.9,14.6,19.8,1.1,clay,2.29,0.65,Flood
7.025,80.025,2025-03,198.0,98.2,26.4,11.3,69.5,11.7,loam,2.83,0.64,Warning
7.075,80.275,2024-06,405.7,95.6,25.6,16.6,201.6,18.5,loam,7.89,0.8,Landslide
7.075,79.9,2024-09,294.4,92.8,27.0,20.8,28.5,5.2,clay,10.66,0.62,Warning
7.1,80.225,2025-03,205.9,97.8,25.9,11.6,125.1,18.9,loam,2.77,0.77,Landslide
6.975,79.85,2024-02,43.3,91.8,27.7,17.5,9.5,0.5,clay,6.21,0.38,No Risk
6.925,79.9,2024-09,310.4,92.9,27.0,20.0,11.6,0.4,clay,2.78,0.58,Flood
7.075,79.925,2024-02,42.2,91.1,27.7,17.7,12.8,1.0,loam,9.19,0.4,No Risk
6.975,79.95,2024-07,361.1,96.3,26.8,16.6,19.8,1.1,clay,2.29,0.55,Flood
7.125,80.05,2024-12,154.0,97.9,25.6,12.9,50.3,6.3,loam,4.33,0.66,Warning
7.15,80.025,2024-06,363.0,96.6,26.4,17.9,44.0,2.2,loam,8.25,0.65,Warning
7.0,79.975,2023-01,106.2,91.5,25.2,15.0,9.0,0.5,clay,1.67,0.54,Flood
7.05,80.15,2023-03,178.2,96.9,26.2,11.6,133.4,17.5,loam,7.85,0.8,Landslide
7.075,80.125,2025-01,281.8,97.5,25.1,14.9,86.3,10.8,sandy,5.27,0.7,Warning
7.125,80.125,2025-02,36.6,95.0,26.7,15.6,79.8,17.8,sandy,1.76,0.56,No Risk
7.0,79.975,2025-03,190.7,98.4,26.6,10.9,9.0,0.5,clay,1.67,0.61,Flood
7.025,79.975,2024-10,443.9,97.4,25.9,14.2,18.0,0.9,loam,1.76,0.59,Flood
6.95,80.0,2023-11,541.1,99.5,25.3,10.6,15.8,1.9,clay,7.11,0.58,Warning
7.125,80.05,2024-04,210.0,98.4,28.1,12.8,50.3,6.3,loam,4.33,0.67,Warning
6.975,79.9,2025-05,278.6,94.1,27.8,19.2,18.4,0.3,clay,2.77,0.61,Flood
7.125,79.9,2025-02,34.2,91.6,27.3,17.9,29.0,5.3,clay,15.0,0.4,No Risk
6.9,80.175,2025-04,304.4,98.1,25.9,11.1,105.0,17.4,loam,15.0,0.76,Landslide
6.9,80.175,2023-08,160.0,95.5,26.2,15.7,105.0,17.4,loam,15.0,0.75,Landslide
6.9,80.275,2024-02,42.5,94.3,26.7,12.1,132.8,33.3,sandy,15.0,0.59,No Risk
7.15,79.9,2025-02,34.1,91.5,27.2,17.8,7.8,0.8,clay,15.0,0.43,No Risk
6.95,80.15,2023-10,624.0,97.0,25.1,13.2,110.9,14.4,sandy,15.0,0.75,Warning
7.075,80.325,2024-02,27.7,94.5,25.7,13.0,99.7,18.4,sandy,11.88,0.53,No Risk
7.075,80.1,2025-05,307.2,98.5,26.2,15.7,32.2,3.5,clay,3.55,0.64,Warning
6.9,80.125,2024-02,39.3,96.3,27.1,12.9,76.5,15.5,sandy,15.0,0.62,No Risk
6.95,79.9,2024-08,328.0,92.6,26.9,19.2,20.5,4.8,loam,0.0,0.62,Flood
7.05,79.925,2023-11,473.5,97.8,25.5,11.8,35.5,6.6,clay,6.77,0.61,Warning
7.05,80.125,2023-12,434.2,97.2,25.5,13.6,34.8,4.8,clay,7.47,0.56,Warning
7.0,79.975,2024-11,427.7,98.9,25.4,12.4,9.0,0.5,clay,1.67,0.54,Flood
7.05,80.125,2024-02,26.7,91.5,27.8,16.4,34.8,4.8,clay,7.47,0.45,No Risk
6.975,80.075,2024-07,324.6,97.3,26.5,15.6,57.2,4.9,clay,10.32,0.64,Warning
6.925,80.175,2023-01,129.3,96.5,24.2,11.6,65.1,18.1,loam,15.0,0.66,Landslide
7.1,79.85,2024-09,257.0,92.4,27.1,20.9,19.7,1.6,clay,15.0,0.55,Warning
6.975,79.975,2024-01,182.4,95.5,26.1,12.6,17.0,0.8,loam,3.24,0.59,Flood
6.95,79.9,2024-05,648.9,95.1,27.6,20.0,20.5,4.8,loam,0.0,0.57,Flood
7.0,80.125,2023-01,160.0,92.7,24.7,14.4,32.7,2.6,clay,12.17,0.59,Warning
6.9,79.85,2023-10,564.4,96.6,25.6,14.8,8.8,0.6,clay,3.14,0.55,Flood
6.95,80.325,2023-12,496.2,97.6,24.8,10.8,174.0,30.3,sandy,15.0,0.84,Landslide
7.075,80.125,2024-08,298.8,95.7,25.9,16.5,86.3,10.8,sandy,5.27,0.73,Warning
6.9,80.05,2024-12,199.0,98.2,25.6,12.5,22.1,5.5,clay,14.89,0.55,Warning
6.9,79.875,2023-03,139.6,95.9,26.4,13.0,17.2,0.3,clay,2.29,0.61,Flood
7.1,80.375,2023-01,147.3,93.8,24.1,11.8,126.9,33.0,sandy,13.74,0.78,Landslide
7.025,79.95,2024-07,361.1,96.3,26.8,16.6,14.2,1.5,clay,2.99,0.59,Flood
6.975,79.925,2024-10,423.4,95.2,26.2,16.8,14.6,0.6,clay,0.78,0.56,Flood
6.95,80.1,2024-04,186.5,96.9,27.7,13.3,68.6,15.4,clay,14.21,0.72,Landslide
6.925,80.075,2025-02,69.4,97.1,26.3,13.4,23.4,3.6,clay,14.15,0.54,Warning
7.0,80.025,2025-01,358.9,97.6,25.2,13.5,80.3,6.7,sandy,4.47,0.7,Warning
7.1,80.375,2024-02,28.1,94.4,26.7,12.8,126.9,33.0,sandy,13.74,0.62,No Risk
7.125,80.175,2024-02,19.3,91.9,27.4,16.4,116.2,10.0,loam,3.92,0.55,No Risk
7.1,80.025,2024-02,29.3,91.2,28.1,17.1,59.1,4.2,loam,3.55,0.49,No Risk
6.9,79.875,2024-08,328.2,92.8,26.9,19.2,17.2,0.3,clay,2.29,0.58,Flood
7.125,80.1,2025-01,269.6,97.3,25.1,16.2,39.1,1.8,loam,1.24,0.6,Flood
7.125,80.1,2023-11,608.9,98.5,25.1,10.5,39.1,1.8,loam,1.24,0.65,Flood
7.025,80.35,2023-06,378.6,95.2,24.7,12.0,168.9,24.2,sandy,15.0,0.79,Landslide
7.075,80.15,2024-10,438.3,96.9,25.5,13.5,81.5,10.9,loam,6.21,0.66,Warning
7.075,80.275,2023-06,327.3,95.0,25.5,13.8,201.6,18.5,loam,7.89,0.79,Landslide
6.9,80.3,2024-06,455.6,94.8,24.9,14.4,186.2,18.2,sandy,15.0,0.85,Landslide
7.0,79.975,2023-11,493.0,99.6,25.4,10.2,9.0,0.5,clay,1.67,0.55,Flood
7.0,80.0,2024-08,308.4,96.0,26.4,16.8,74.6,6.2,clay,2.48,0.68,Warning
7.025,80.3,2023-08,174.7,93.3,26.0,15.2,203.1,17.9,loam,13.87,0.77,Landslide
6.925,79.9,2023-10,569.0,96.7,25.6,14.8,11.6,0.4,clay,2.78,0.59,Flood
7.075,79.85,2023-03,117.5,95.7,26.6,13.8,25.8,2.4,loam,13.79,0.63,Warning
6.925,79.875,2023-01,85.9,91.1,25.2,17.3,16.7,1.3,loam,0.78,0.53,Warning
6.9,79.85,2023-06,375.7,94.7,27.1,19.5,8.8,0.6,clay,3.14,0.57,Flood
7.05,80.175,2024-02,33.2,93.6,27.4,15.5,121.1,17.9,sandy,6.21,0.6,No Risk
7.075,80.35,2024-06,338.0,96.3,24.8,16.2,222.8,24.9,loam,13.74,0.83,Landslide
6.95,79.9,2024-08,334.0,92.8,26.8,19.1,20.5,4.8,loam,0.0,0.62,Flood
7.075,80.05,2024-05,728.1,97.7,27.1,15.4,38.7,7.9,clay,0.55,0.66,Flood
7.125,80.15,2024-02,19.8,91.9,27.4,16.5,153.9,18.9,loam,2.99,0.58,No Risk
7.025,80.025,2024-02,36.3,93.6,27.8,15.0,69.5,11.7,loam,2.83,0.52,No Risk
7.0,79.975,2023-07,254.2,95.5,26.6,17.6,9.0,0.5,clay,1.67,0.59,Flood
7.025,79.95,2025-01,343.7,97.1,25.4,13.1,14.2,1.5,clay,2.99,0.59,Flood
7.125,80.05,2024-02,28.8,91.2,28.2,17.0,50.3,6.3,loam,4.33,0.47,No Risk
7.025,80.175,2024-06,470.1,95.8,26.0,16.1,132.6,16.4,loam,8.78,0.85,Landslide
7.05,79.925,2024-02,41.7,91.3,27.7,18.1,35.5,6.6,clay,6.77,0.51,No Risk
7.1,80.3,2024-08,342.0,94.1,24.8,16.8,227.7,27.9,loam,8.0,0.77,Landslide
7.025,80.0,2024-01,182.1,95.6,26.0,12.7,75.1,17.7,clay,1.24,0.72,Landslide
6.925,80.375,2023-10,742.6,97.0,25.1,11.8,164.7,30.7,loam,15.0,0.8,Landslide
7.125,80.225,2024-02,22.1,92.3,26.2,15.8,101.5,18.6,clay,0.78,0.63,No Risk
7.1,80.05,2024-01,192.4,94.4,26.1,13.7,41.6,6.9,loam,2.22,0.71,Flood
7.05,80.125,2025-05,307.2,98.5,26.2,15.7,34.8,4.8,clay,7.47,0.64,Warning
7.075,80.225,2023-10,592.3,97.7,24.1,13.1,87.8,9.6,sandy,3.92,0.74,Warning
6.95,80.325,2025-02,51.8,97.0,25.6,12.1,174.0,30.3,sandy,15.0,0.69,Warning
7.125,80.325,2024-12,154.6,97.5,25.6,11.1,114.8,10.7,loam,8.19,0.78,Warning
6.975,80.1,2024-02,42.0,94.2,27.5,14.4,59.2,7.7,sandy,12.17,0.53,No Risk
6.975,80.0,2024-06,359.3,95.8,26.7,18.1,74.9,18.6,loam,5.12,0.74,Landslide
6.9,79.95,2024-06,368.9,96.0,26.7,18.3,23.8,4.0,clay,7.85,0.6,Warning
7.075,80.325,2024-01,240.6,96.3,24.4,9.8,99.7,18.4,sandy,11.88,0.75,Landslide
6.925,80.1,2023-01,158.0,95.0,24.4,12.9,54.2,8.0,loam,15.0,0.68,Warning
6.925,80.0,2023-12,449.5,98.6,25.7,12.9,60.1,18.3,loam,9.44,0.66,Landslide
7.05,80.05,2024-03,109.4,95.7,28.3,15.6,22.4,3.7,loam,3.33,0.61,Flood
6.95,80.05,2024-12,199.0,98.2,25.6,12.5,79.7,18.7,loam,10.23,0.72,Landslide
6.925,80.325,2025-02,58.2,95.8,24.5,10.9,210.0,18.2,sandy,15.0,0.7,Warning
6.9,80.275,2023-12,496.2,97.6,25.2,10.8,132.8,33.3,sandy,15.0,0.82,Landslide
7.15,79.975,2023-06,314.5,96.6,26.7,17.7,28.4,6.7,clay,11.39,0.61,Warning
7.0,80.275,2025-04,365.3,98.9,25.4,11.2,241.0,35.6,sandy,13.88,0.77,Landslide
7.075,80.125,2024-02,26.6,91.3,27.8,16.2,86.3,10.8,sandy,5.27,0.54,No Risk
7.075,80.05,2023-12,397.2,97.7,25.8,13.4,38.7,7.9,clay,0.55,0.62,Flood
7.025,80.275,2025-03,168.2,98.9,25.5,10.6,190.6,30.0,sandy,11.77,0.81,Landslide
7.075,80.175,2023-07,326.1,95.4,24.8,15.8,88.0,17.9,loam,3.92,0.72,Landslide
7.075,80.075,2024-10,405.0,97.4,25.8,13.4,71.6,10.1,clay,2.83,0.72,Warning
7.05,80.225,2023-06,324.4,95.9,25.8,14.4,90.0,17.9,sandy,6.21,0.75,Landslide
7.05,80.375,2024-02,37.4,96.0,21.4,11.2,212.7,17.2,sandy,15.0,0.6,No Risk
7.05,80.15,2023-11,597.1,98.6,25.2,10.0,133.4,17.5,loam,7.85,0.8,Landslide
7.1,80.0,2024-12,148.9,98.1,25.8,12.6,72.7,8.6,loam,5.98,0.71,Warning
7.0,80.15,2024-12,178.3,97.8,25.4,12.7,147.0,20.3,sandy,12.41,0.8,Landslide
7.15,80.025,2023-06,304.6,97.0,26.3,17.0,44.0,2.2,loam,8.25,0.61,Warning
6.95,80.3,2024-01,224.1,96.2,25.4,10.2,238.9,30.8,sandy,15.0,0.81,Landslide
7.025,80.1,2023-07,359.7,97.1,25.9,16.2,79.7,8.2,loam,8.25,0.74,Warning
6.925,79.85,2025-01,275.9,94.9,25.6,14.5,24.7,3.2,clay,2.29,0.62,Flood
7.0,80.35,2023-10,660.6,97.4,25.0,11.6,193.9,27.8,loam,15.0,0.8,Landslide
6.95,79.875,2024-08,334.0,92.8,26.8,19.1,39.8,2.5,loam,2.78,0.67,Flood
7.05,80.25,2024-09,338.8,95.5,26.1,14.8,124.2,29.2,loam,7.85,0.8,Landslide
6.975,79.975,2024-05,703.4,97.4,27.3,16.3,17.0,0.8,loam,3.24,0.57,Flood
7.125,80.325,2024-02,26.5,91.8,27.4,16.0,114.8,10.7,loam,8.19,0.62,No Risk
6.95,80.05,2024-02,38.5,96.1,27.4,13.1,79.7,18.7,loam,10.23,0.57,No Risk
7.075,80.175,2025-02,33.2,96.6,25.3,14.3,88.0,17.9,loam,3.92,0.57,No Risk
7.1,80.225,2023-03,156.8,97.0,25.9,11.4,125.1,18.9,loam,2.77,0.79,Landslide
7.125,80.2,2025-01,274.9,97.5,24.8,14.8,92.0,7.0,sandy,2.78,0.73,Warning
6.95,80.075,2023-04,197.0,98.1,26.5,11.0,54.5,2.1,loam,12.22,0.64,Warning
7.0,79.95,2024-02,32.2,93.4,27.8,15.5,31.8,5.9,clay,1.11,0.42,Warning
7.1,80.1,2024-02,25.3,90.9,27.8,17.2,75.3,10.7,loam,2.22,0.5,No Risk
7.125,80.325,2024-09,284.9,95.2,25.9,16.5,114.8,10.7,loam,8.19,0.78,Warning
6.925,80.325,2023-03,215.5,94.9,24.3,9.2,210.0,18.2,sandy,15.0,0.79,Landslide
7.1,80.0,2024-04,235.2,98.8,28.0,12.8,72.7,8.6,loam,5.98,0.67,Warning
6.95,80.075,2023-06,360.3,98.4,25.9,15.7,54.5,2.1,loam,12.22,0.68,Warning
7.0,79.95,2024-06,371.1,95.8,26.7,18.0,31.8,5.9,clay,1.11,0.61,Flood
6.975,80.375,2024-05,710.7,98.3,22.3,12.6,153.1,24.6,sandy,15.0,0.76,Landslide
6.925,80.1,2025-02,74.5,97.5,26.1,13.4,54.2,8.0,loam,15.0,0.56,Warning
6.95,79.875,2023-03,149.1,95.9,26.4,13.0,39.8,2.5,loam,2.78,0.62,Flood
6.9,79.875,2023-06,382.2,94.8,27.0,19.6,17.2,0.3,clay,2.29,0.61,Flood
7.075,80.175,2023-04,160.9,96.6,25.8,11.7,88.0,17.9,loam,3.92,0.75,Landslide
7.0,79.95,2025-01,347.2,97.2,25.4,13.0,31.8,5.9,clay,1.11,0.64,Flood
7.075,80.2,2024-02,33.6,93.7,27.3,15.4,99.7,13.8,loam,2.77,0.63,No Risk
7.05,80.275,2023-10,592.3,97.7,24.6,13.1,201.8,19.8,loam,10.01,0.81,Landslide
7.1,80.025,2025-04,260.0,98.2,26.4,13.1,59.1,4.2,loam,3.55,0.68,Warning
7.025,79.975,2023-09,569.7,96.6,25.6,17.1,18.0,0.9,loam,1.76,0.6,Flood
7.075,80.075,2023-03,183.6,97.2,26.5,11.5,71.6,10.1,clay,2.83,0.72,Warning
7.15,79.975,2024-05,606.9,97.2,27.4,16.3,28.4,6.7,clay,11.39,0.59,Warning
7.1,80.0,2025-04,230.2,98.1,26.8,12.8,72.7,8.6,loam,5.98,0.67,Warning
7.1,79.875,2025-05,252.1,95.0,27.7,20.8,24.4,3.5,clay,14.57,0.62,Warning
7.1,80.3,2025-02,27.8,96.7,25.3,13.0,227.7,27.9,loam,8.0,0.57,No Risk
6.975,80.05,2023-11,565.1,99.4,25.3,10.0,76.5,13.7,loam,8.33,0.7,Warning
6.925,80.2,2024-07,353.9,96.5,26.1,14.3,95.2,12.3,loam,15.0,0.77,Warning
6.925,80.3,2023-08,190.3,93.5,26.1,14.4,197.1,18.5,loam,15.0,0.81,Landslide
7.025,80.225,2023-12,464.8,98.1,25.3,11.7,137.7,19.0,sandy,8.78,0.74,Landslide
6.975,79.9,2025-03,134.2,95.4,27.2,12.0,18.4,0.3,clay,2.77,0.59,Flood
7.1,80.25,2024-09,275.1,95.3,25.5,16.4,182.6,19.8,loam,4.0,0.81,Landslide
6.925,79.9,2023-04,143.1,95.5,27.3,13.6,11.6,0.4,clay,2.78,0.54,Flood
7.075,79.85,2025-02,46.2,92.1,27.3,16.5,25.8,2.4,loam,13.79,0.36,Warning
7.0,79.975,2024-03,109.6,96.9,28.1,15.0,9.0,0.5,clay,1.67,0.62,Flood
7.075,80.275,2024-10,514.5,96.2,25.0,12.7,201.6,18.5,loam,7.89,0.79,Landslide
7.125,80.125,2024-02,25.1,91.0,27.8,17.4,79.8,17.8,sandy,1.76,0.51,No Risk
7.125,80.225,2024-02,22.0,92.4,26.2,15.7,101.5,18.6,clay,0.78,0.63,No Risk
7.075,80.25,2024-05,809.0,97.3,27.0,15.0,117.6,18.7,sandy,6.21,0.82,Landslide
7.0,80.025,2025-04,289.0,98.0,26.4,12.4,80.3,6.7,sandy,4.47,0.69,Warning
6.925,79.9,2024-10,410.6,95.4,26.3,16.9,11.6,0.4,clay,2.78,0.54,Flood
6.975,80.35,2023-09,553.4,96.7,23.9,16.0,187.8,28.4,loam,15.0,0.82,Landslide
7.05,80.3,2023-11,614.2,98.9,24.6,10.5,128.7,31.4,loam,11.8,0.83,Landslide
7.05,80.125,2025-01,281.8,97.5,25.1,14.9,34.8,4.8,clay,7.47,0.61,Warning
6.95,80.275,2024-02,42.1,94.5,26.7,12.2,186.9,15.9,sandy,15.0,0.68,No Risk
7.1,80.125,2024-02,26.5,91.2,27.8,16.2,71.0,11.4,loam,2.78,0.53,No Risk
6.9,80.175,2024-07,353.9,96.5,26.1,14.3,105.0,17.4,loam,15.0,0.77,Landslide
6.975,79.925,2023-11,455.7,97.8,25.6,12.0,14.6,0.6,clay,0.78,0.6,Flood
7.125,79.9,2025-02,34.0,91.8,27.2,17.7,29.0,5.3,clay,15.0,0.4,No Risk
7.075,79.85,2025-03,153.9,96.3,26.9,12.5,25.8,2.4,loam,13.79,0.65,Warning
6.95,79.925,2023-03,141.2,95.9,26.4,13.1,29.7,6.4,clay,2.77,0.6,Flood
7.0,80.0,2024-02,32.0,93.5,27.8,15.5,74.6,6.2,clay,2.48,0.54,No Risk
7.05,79.9,2024-02,42.8,91.1,27.7,17.8,18.4,1.2,clay,8.45,0.42,No Risk
7.125,80.0,2023-02,118.6,94.7,25.8,13.7,61.0,15.4,loam,7.47,0.66,Landslide
7.075,80.275,2023-10,592.3,97.7,24.6,13.1,201.6,18.5,loam,7.89,0.78,Landslide
7.0,80.15,2024-03,105.1,95.0,28.1,16.4,147.0,20.3,sandy,12.41,0.8,Landslide
7.1,80.3,2024-07,323.5,94.4,25.2,15.9,227.7,27.9,loam,8.0,0.78,Landslide
7.025,80.325,2025-02,51.2,96.7,25.6,12.5,167.2,17.8,sandy,15.0,0.65,Warning
7.025,80.05,2024-07,324.6,97.3,26.5,15.6,34.0,3.7,loam,4.33,0.57,Warning
6.95,79.875,2024-09,321.6,93.0,27.0,19.8,39.8,2.5,loam,2.78,0.63,Flood
6.9,79.875,2024-05,649.5,95.0,27.6,20.1,17.2,0.3,clay,2.29,0.57,Flood
6.975,80.025,2025-03,198.0,98.2,26.4,11.3,70.2,12.1,sandy,6.33,0.71,Warning
7.1,79.85,2023-01,106.2,91.2,25.1,18.5,19.7,1.6,clay,15.0,0.6,Warning
7.075,80.35,2025-04,266.8,98.4,24.7,11.3,222.8,24.9,loam,13.74,0.78,Landslide
6.95,80.1,2023-06,341.0,97.5,25.8,14.8,68.6,15.4,clay,14.21,0.66,Landslide
7.05,80.05,2024-08,265.0,96.4,26.2,16.4,22.4,3.7,loam,3.33,0.61,Flood
6.925,80.25,2024-09,417.6,95.1,25.6,12.8,228.8,33.0,sandy,15.0,0.8,Landslide
7.0,80.05,2023-03,194.3,98.4,26.2,10.3,33.9,6.9,sandy,6.47,0.56,Warning
7.0,80.2,2023-10,680.7,97.5,25.0,12.8,62.8,13.7,sandy,11.1,0.69,Warning
6.975,80.35,2023-11,754.6,98.1,24.0,9.6,187.8,28.4,loam,15.0,0.85,Landslide
7.125,80.05,2024-03,102.7,95.3,28.4,16.2,50.3,6.3,loam,4.33,0.69,Warning
7.125,80.175,2025-02,42.1,96.2,26.2,14.4,116.2,10.0,loam,3.92,0.59,No Risk
7.075,80.05,2023-02,121.7,95.5,25.9,13.4,38.7,7.9,clay,0.55,0.65,Flood
6.925,79.925,2023-04,138.2,95.4,27.3,13.7,31.7,5.7,loam,3.92,0.58,Warning
6.95,79.9,2023-11,481.2,97.5,25.5,12.2,20.5,4.8,loam,0.0,0.58,Flood
7.025,79.95,2023-06,369.6,96.8,26.6,17.0,14.2,1.5,clay,2.99,0.61,Flood
6.9,80.2,2023-07,357.0,96.4,25.7,15.3,74.7,8.5,sandy,15.0,0.71,Warning
7.125,79.85,2023-04,168.7,98.0,27.0,13.8,6.1,0.5,clay,15.0,0.59,Warning
7.0,79.95,2024-01,175.9,95.5,26.0,12.6,31.8,5.9,clay,1.11,0.56,Flood
6.925,80.0,2024-02,37.5,95.3,27.5,14.7,60.1,18.3,loam,9.44,0.51,No Risk
7.025,79.9,2024-08,309.0,92.7,26.7,19.6,21.7,7.3,loam,6.0,0.61,Warning
7.05,79.975,2023-02,101.8,94.9,25.9,13.4,7.1,1.2,clay,3.72,0.55,Warning
6.95,80.325,2024-02,43.3,94.2,26.3,12.0,174.0,30.3,sandy,15.0,0.57,No Risk
7.075,80.15,2024-02,26.9,91.3,27.9,16.3,81.5,10.9,loam,6.21,0.62,No Risk
6.9,80.2,2023-12,481.4,98.3,25.4,11.4,74.7,8.5,sandy,15.0,0.75,Warning
6.975,79.925,2023-07,217.0,92.9,26.9,21.3,14.6,0.6,clay,0.78,0.6,Flood
6.975,79.975,2024-12,191.6,97.8,26.1,12.2,17.0,0.8,loam,3.24,0.6,Flood
7.025,80.0,2023-10,631.5,98.3,25.4,12.9,75.1,17.7,clay,1.24,0.69,Landslide
7.1,80.375,2024-02,27.6,94.4,26.7,12.9,126.9,33.0,sandy,13.74,0.62,No Risk
7.05,80.075,2024-07,315.7,97.0,26.5,16.0,48.9,3.6,loam,4.33,0.64,Warning
7.05,80.325,2023-02,96.5,96.6,25.0,11.3,217.1,18.9,sandy,13.79,0.81,Landslide
7.0,79.975,2025-05,258.3,96.7,27.2,15.8,9.0,0.5,clay,1.67,0.59,Flood
6.925,80.2,2024-11,482.2,98.3,25.0,12.6,95.2,12.3,loam,15.0,0.74,Warning
7.05,79.9,2025-04,221.9,96.0,27.0,14.7,18.4,1.2,clay,8.45,0.59,Warning
7.1,80.2,2025-03,205.9,97.8,25.9,11.6,88.8,13.2,loam,0.0,0.7,Warning
7.05,80.075,2024-02,27.8,91.4,28.1,16.4,48.9,3.6,loam,4.33,0.45,No Risk
7.1,80.075,2024-11,472.7,98.8,25.3,13.4,92.3,13.0,clay,0.55,0.7,Warning
7.1,80.375,2024-08,365.2,95.2,25.5,15.4,126.9,33.0,sandy,13.74,0.82,Landslide
7.0,80.0,2024-01,182.1,95.6,26.0,12.7,74.6,6.2,clay,2.48,0.71,Warning
7.075,80.35,2023-07,313.7,94.5,24.6,14.5,222.8,24.9,loam,13.74,0.77,Landslide
7.05,79.975,2025-04,230.2,98.1,26.8,12.8,7.1,1.2,clay,3.72,0.59,Warning
6.975,80.275,2024-09,383.8,95.3,25.5,13.8,191.4,27.2,loam,15.0,0.79,Landslide
7.025,79.95,2024-06,357.0,95.8,26.7,18.1,14.2,1.5,clay,2.99,0.57,Flood
6.95,80.2,2023-06,381.0,95.8,25.9,13.2,66.3,6.2,loam,15.0,0.68,Warning
6.925,80.025,2023-11,584.2,99.3,25.2,10.6,52.5,3.1,clay,11.02,0.62,Warning
7.125,80.325,2023-11,652.5,98.5,25.3,10.3,114.8,10.7,loam,8.19,0.68,Warning
7.125,79.95,2024-09,309.9,96.3,26.6,18.2,22.8,6.1,loam,11.39,0.61,Warning
7.075,80.15,2024-02,26.4,91.3,27.7,16.3,81.5,10.9,loam,6.21,0.62,No Risk
7.0,80.075,2025-03,198.0,98.2,26.4,11.3,52.6,1.6,sandy,8.25,0.62,Warning
7.075,79.975,2023-01,114.3,90.9,25.3,16.0,18.3,2.2,loam,5.71,0.53,Warning
6.975,80.325,2025-01,374.0,99.2,23.7,8.6,173.5,36.6,sandy,15.0,0.81,Landslide
6.95,79.925,2025-03,126.6,94.7,27.3,11.5,29.7,6.4,clay,2.77,0.6,Flood
6.9,79.85,2024-07,314.5,93.6,27.2,19.1,8.8,0.6,clay,3.14,0.62,Flood
7.0,80.1,2023-08,141.7,95.8,26.3,17.0,29.7,6.4,loam,10.47,0.63,Warning
7.025,79.95,2024-01,193.6,95.8,26.0,12.9,14.2,1.5,clay,2.99,0.61,Flood
7.125,79.95,2024-12,160.5,98.0,25.7,13.1,22.8,6.1,loam,11.39,0.61,Warning
7.05,80.375,2024-04,213.4,96.9,22.2,9.4,212.7,17.2,sandy,15.0,0.72,Landslide
6.975,79.95,2023-10,636.5,98.2,25.4,12.8,19.8,1.1,clay,2.29,0.63,Flood
7.15,79.925,2024-06,335.6,95.9,26.8,18.7,12.6,0.5,clay,15.0,0.61,Warning
6.975,80.325,2024-03,91.4,92.9,26.5,12.4,173.5,36.6,sandy,15.0,0.75,Landslide
6.9,79.85,2025-01,279.2,94.8,25.8,14.0,8.8,0.6,clay,3.14,0.58,Flood
6.975,80.025,2025-01,358.9,97.6,25.2,13.5,70.2,12.1,sandy,6.33,0.71,Warning
7.1,79.9,2025-03,153.9,96.3,26.8,12.5,20.9,6.5,clay,12.94,0.56,Warning
7.0,80.0,2024-07,361.1,96.3,26.8,16.6,74.6,6.2,clay,2.48,0.65,Warning
7.0,79.925,2023-07,205.4,92.8,26.9,21.2,3.0,2.2,clay,2.29,0.57,Flood
7.025,80.1,2025-03,173.9,98.4,26.1,12.1,79.7,8.2,loam,8.25,0.72,Warning
6.95,80.175,2025-03,132.8,98.8,26.0,11.4,117.2,19.0,loam,15.0,0.81,Landslide
7.05,80.2,2024-04,194.2,96.6,26.5,12.5,99.8,17.4,sandy,5.55,0.74,Landslide
7.0,80.35,2024-04,254.2,95.8,27.3,9.6,193.9,27.8,loam,15.0,0.73,Landslide
7.075,80.2,2025-02,32.7,96.8,26.2,14.1,99.7,13.8,loam,2.77,0.62,No Risk
7.125,80.1,2024-06,342.8,96.8,26.1,18.5,39.1,1.8,loam,1.24,0.61,Flood
6.9,80.35,2023-01,222.5,94.5,23.0,9.2,121.1,24.6,loam,15.0,0.75,Landslide
7.05,80.05,2023-11,557.1,99.3,25.4,10.0,22.4,3.7,loam,3.33,0.59,Flood
7.025,79.975,2023-09,576.6,96.6,25.6,16.9,18.0,0.9,loam,1.76,0.6,Flood
6.925,79.9,2025-03,120.6,94.7,27.3,11.5,11.6,0.4,clay,2.78,0.59,Flood
7.025,80.25,2024-07,387.1,95.2,25.8,13.1,95.1,18.9,sandy,10.01,0.77,Landslide
6.9,80.325,2023-09,618.5,96.2,23.8,15.4,190.9,31.7,sandy,15.0,0.84,Landslide
7.1,79.95,2024-06,335.6,95.9,26.8,18.7,26.6,4.4,sandy,9.55,0.56,Warning
7.1,80.175,2024-02,19.1,92.0,27.3,16.4,146.2,35.3,loam,2.78,0.62,No Risk
6.9,80.275,2024-08,484.2,94.0,25.6,14.1,132.8,33.3,sandy,15.0,0.78,Landslide
6.925,80.225,2023-09,737.1,95.9,25.1,15.6,132.0,36.4,loam,15.0,0.8,Landslide
6.95,80.175,2023-12,481.4,98.3,25.4,11.4,117.2,19.0,loam,15.0,0.76,Landslide
6.975,79.85,2024-06,326.9,93.5,27.1,21.4,9.5,0.5,clay,6.21,0.58,Warning
6.925,80.175,2024-02,39.1,96.0,27.1,12.7,65.1,18.1,loam,15.0,0.58,No Risk
6.925,80.275,2024-08,484.2,94.0,25.6,14.1,193.9,32.8,loam,15.0,0.82,Landslide
7.0,80.075,2025-02,69.5,96.2,26.6,14.2,52.6,1.6,sandy,8.25,0.56,Warning
7.125,80.025,2023-05,231.4,96.8,26.8,14.6,86.7,12.3,loam,5.71,0.7,Warning
7.1,80.275,2024-02,25.7,94.4,27.5,14.0,138.0,32.2,loam,6.0,0.59,No Risk
7.075,80.075,2024-02,27.3,91.4,28.1,16.7,71.6,10.1,clay,2.83,0.47,No Risk
7.1,79.9,2024-04,180.0,96.2,28.1,14.5,20.9,6.5,clay,12.94,0.56,Warning
6.925,80.0,2024-07,363.2,96.3,26.7,16.3,60.1,18.3,loam,9.44,0.65,Landslide
7.075,80.025,2024-02,27.8,91.3,28.1,16.6,86.0,16.6,loam,2.83,0.52,No Risk
7.075,80.075,2025-02,50.5,95.7,26.9,14.8,71.6,10.1,clay,2.83,0.54,Warning
7.15,79.875,2024-02,26.3,90.5,27.8,18.2,5.4,2.0,loam,15.0,0.32,No Risk
6.9,80.375,2025-03,204.4,98.3,24.4,9.8,172.8,22.7,sandy,15.0,0.77,Landslide
7.05,80.375,2025-05,266.8,98.4,20.9,12.8,212.7,17.2,sandy,15.0,0.79,Landslide
6.975,79.95,2024-08,306.5,95.9,26.4,17.0,19.8,1.1,clay,2.29,0.6,Flood
7.1,80.0,2024-02,26.6,92.3,28.0,16.2,72.7,8.6,loam,5.98,0.57,No Risk
6.925,79.85,2023-12,411.6,96.3,25.9,14.7,24.7,3.2,clay,2.29,0.6,Flood
6.9,79.85,2024-08,335.2,92.7,26.8,19.1,8.8,0.6,clay,3.14,0.51,Flood
7.05,80.1,2025-01,281.8,97.5,25.1,14.9,43.6,5.2,clay,5.98,0.64,Warning
7.075,80.05,2024-03,85.7,95.8,28.3,15.7,38.7,7.9,clay,0.55,0.6,Flood
6.925,80.05,2023-07,296.9,97.1,26.0,16.8,82.3,7.8,loam,12.47,0.72,Warning
7.075,80.175,2025-03,205.9,97.8,25.1,11.6,88.0,17.9,loam,3.92,0.69,Landslide
7.1,80.025,2023-09,544.0,97.4,25.3,17.5,59.1,4.2,loam,3.55,0.68,Warning
7.1,79.95,2023-03,160.5,95.9,26.6,12.5,26.6,4.4,sandy,9.55,0.59,Warning
6.9,79.85,2023-05,238.3,94.7,27.4,17.0,8.8,0.6,clay,3.14,0.54,Flood
7.0,80.275,2023-07,401.1,94.6,25.5,14.0,241.0,35.6,sandy,13.88,0.82,Landslide
7.1,80.35,2023-08,101.4,92.4,26.6,17.5,104.3,12.9,sandy,12.01,0.72,Warning
7.0,80.325,2024-10,514.5,96.2,24.3,11.6,237.4,27.0,sandy,15.0,0.83,Landslide
6.975,80.325,2025-03,166.6,98.5,24.5,10.4,173.5,36.6,sandy,15.0,0.85,Landslide
7.05,79.85,2025-03,153.9,96.3,26.9,12.5,7.3,1.1,clay,11.8,0.6,Warning
7.075,80.1,2024-10,438.3,96.9,25.5,13.5,32.2,3.5,clay,3.55,0.57,Warning
6.95,79.9,2024-10,404.9,95.4,26.3,17.0,20.5,4.8,loam,0.0,0.6,Flood
7.15,79.9,2024-08,265.6,92.3,26.7,20.2,7.8,0.8,clay,15.0,0.58,Warning
7.125,80.325,2023-01,98.9,92.4,24.6,13.3,114.8,10.7,loam,8.19,0.79,Warning
6.925,80.275,2024-06,455.6,94.8,25.9,14.4,193.9,32.8,loam,15.0,0.78,Landslide
6.9,80.325,2024-12,151.0,97.7,23.9,10.6,190.9,31.7,sandy,15.0,0.76,Landslide
7.025,80.325,2025-05,375.1,98.9,25.3,12.2,167.2,17.8,sandy,15.0,0.79,Landslide
7.05,80.1,2025-05,307.2,98.5,26.2,15.7,43.6,5.2,clay,5.98,0.61,Warning
6.925,80.025,2024-01,197.5,96.7,25.9,11.3,52.5,3.1,clay,11.02,0.67,Warning
7.125,80.0,2023-04,195.4,97.9,27.0,12.1,61.0,15.4,loam,7.47,0.71,Landslide
6.975,79.95,2025-05,275.4,96.8,27.2,16.1,19.8,1.1,clay,2.29,0.62,Flood
7.125,80.05,2025-05,276.9,98.1,26.9,16.9,50.3,6.3,loam,4.33,0.63,Warning
7.075,79.875,2023-01,101.0,90.3,25.1,18.3,9.5,1.1,clay,12.18,0.51,Warning
6.9,80.2,2024-02,39.3,96.1,27.1,12.6,74.7,8.5,sandy,15.0,0.57,No Risk
7.0,79.95,2025-01,321.0,97.2,25.5,13.1,31.8,5.9,clay,1.11,0.64,Flood
6.975,80.225,2024-08,391.2,95.2,25.8,15.0,118.1,16.4,sandy,14.15,0.79,Landslide
7.075,80.1,2025-01,281.8,97.5,25.1,14.9,32.2,3.5,clay,3.55,0.59,Warning
7.025,79.925,2024-02,43.5,91.9,27.6,17.7,7.6,1.0,clay,4.77,0.42,No Risk
7.0,80.175,2024-10,559.3,96.4,24.8,12.6,74.0,13.3,sandy,11.44,0.73,Warning
7.1,80.275,2025-05,303.7,98.1,26.3,13.5,138.0,32.2,loam,6.0,0.85,Landslide
7.075,80.05,2024-09,345.4,97.3,26.3,17.0,38.7,7.9,clay,0.55,0.63,Flood
7.15,80.0,2025-02,43.3,95.3,27.0,15.6,84.9,11.8,sandy,9.55,0.54,No Risk
6.95,80.325,2024-03,95.3,93.0,27.5,14.6,174.0,30.3,sandy,15.0,0.79,Landslide
7.125,80.05,2024-01,168.3,94.2,26.1,14.5,50.3,6.3,loam,4.33,0.65,Warning
6.9,80.3,2024-04,239.7,96.0,26.6,11.6,186.2,18.2,sandy,15.0,0.85,Landslide
7.0,80.05,2024-11,469.8,98.8,25.3,13.2,33.9,6.9,sandy,6.47,0.59,Warning
7.125,79.9,2023-02,96.0,94.3,25.7,16.7,29.0,5.3,clay,15.0,0.64,Warning
7.1,80.25,2025-05,265.6,97.5,25.8,14.8,182.6,19.8,loam,4.0,0.79,Landslide
7.025,79.95,2025-04,217.5,97.7,26.9,12.0,14.2,1.5,clay,2.99,0.57,Flood
6.975,79.95,2024-06,366.1,95.7,26.6,18.3,19.8,1.1,clay,2.29,0.58,Flood
6.975,79.975,2023-10,636.1,98.4,25.4,13.0,17.0,0.8,loam,3.24,0.6,Flood
6.925,80.275,2024-02,42.6,94.3,26.7,12.1,193.9,32.8,loam,15.0,0.69,No Risk
6.925,79.975,2023-02,112.9,97.7,25.5,12.9,9.3,0.8,clay,7.89,0.58,Warning
6.95,79.95,2024-06,368.9,96.0,26.7,18.3,10.8,0.5,clay,4.0,0.59,Warning
6.9,79.975,2023-10,657.4,98.0,25.4,12.9,23.2,3.9,loam,10.01,0.63,Warning
7.05,80.2,2025-02,33.5,96.8,24.9,14.3,99.8,17.4,sandy,5.55,0.58,No Risk
7.0,80.225,2024-11,502.7,98.4,25.0,12.8,93.3,10.0,sandy,11.44,0.7,Warning
6.95,80.2,2023-05,254.9,95.5,26.4,12.5,66.3,6.2,loam,15.0,0.66,Warning
7.05,80.0,2024-01,164.6,95.3,26.1,13.8,74.6,7.6,clay,2.22,0.69,Warning
7.0,79.925,2024-06,312.1,93.4,27.0,21.3,3.0,2.2,clay,2.29,0.58,Flood
7.05,79.875,2023-07,205.5,92.5,26.9,21.4,22.2,6.6,clay,9.88,0.66,Warning
7.0,80.0,2023-08,136.4,95.8,26.7,17.6,74.6,6.2,clay,2.48,0.7,Warning
6.95,80.375,2023-11,774.5,97.8,22.9,9.8,212.6,38.0,loam,15.0,0.79,Landslide
7.1,80.125,2024-08,298.8,95.7,25.9,16.5,71.0,11.4,loam,2.78,0.67,Warning
6.9,80.325,2024-07,377.5,95.1,24.9,12.4,190.9,31.7,sandy,15.0,0.79,Landslide
7.025,79.975,2023-06,383.4,96.8,26.6,16.9,18.0,0.9,loam,1.76,0.61,Flood
7.125,79.925,2025-02,36.3,95.6,27.1,14.9,3.0,1.9,clay,13.44,0.39,Warning
6.95,80.3,2024-07,404.4,95.2,25.9,12.7,238.9,30.8,sandy,15.0,0.77,Landslide
7.1,80.35,2025-02,27.4,96.4,26.4,13.1,104.3,12.9,sandy,12.01,0.56,No Risk
7.025,80.025,2023-02,110.2,97.1,25.6,13.2,69.5,11.7,loam,2.83,0.7,Warning
7.025,79.95,2024-10,444.4,97.3,25.9,14.3,14.2,1.5,clay,2.99,0.6,Flood
7.125,80.0,2024-02,29.0,91.4,28.1,17.4,61.0,15.4,loam,7.47,0.39,No Risk
7.125,80.15,2024-01,157.5,95.3,25.5,13.3,153.9,18.9,loam,2.99,0.8,Landslide
7.0,80.2,2024-06,470.1,95.8,26.0,16.1,62.8,13.7,sandy,11.1,0.63,Warning
6.925,80.125,2024-12,173.2,98.2,25.3,12.4,34.1,5.4,loam,15.0,0.64,Warning
6.9,80.0,2024-05,761.3,97.1,27.2,16.4,64.3,14.6,loam,11.8,0.67,Warning
7.075,80.375,2024-02,37.0,96.1,23.3,11.2,115.1,6.0,sandy,15.0,0.59,No Risk
6.925,79.9,2023-04,138.2,95.4,27.3,13.7,11.6,0.4,clay,2.78,0.54,Flood
7.125,80.2,2024-02,19.5,91.9,27.4,16.3,92.0,7.0,sandy,2.78,0.55,No Risk
6.9,80.35,2025-03,204.4,98.3,24.4,9.8,121.1,24.6,loam,15.0,0.85,Landslide
6.9,80.1,2023-12,462.6,98.5,25.3,12.0,75.8,7.3,loam,15.0,0.73,Warning
7.025,80.025,2025-04,289.0,98.0,26.4,12.4,69.5,11.7,loam,2.83,0.73,Warning
7.075,80.2,2024-02,34.1,93.5,27.2,15.4,99.7,13.8,loam,2.77,0.63,No Risk
6.925,80.2,2024-05,800.1,96.8,26.8,14.9,95.2,12.3,loam,15.0,0.67,Warning
7.025,80.05,2024-11,469.8,98.8,25.3,13.2,34.0,3.7,loam,4.33,0.62,Warning
6.925,80.2,2025-02,59.6,98.0,26.1,13.2,95.2,12.3,loam,15.0,0.64,Warning
6.975,80.1,2023-02,120.6,97.0,25.4,12.3,59.2,7.7,sandy,12.17,0.69,Warning
6.95,79.875,2024-11,358.5,96.5,25.8,15.1,39.8,2.5,loam,2.78,0.65,Flood
7.0,80.0,2024-02,32.4,93.3,27.9,15.5,74.6,6.2,clay,2.48,0.54,No Risk
7.125,80.1,2024-07,318.0,96.7,26.0,16.8,39.1,1.8,loam,1.24,0.63,Flood
7.075,80.0,2023-03,179.2,96.6,26.5,11.9,89.4,13.9,loam,3.55,0.72,Warning
6.925,79.9,2023-04,143.5,95.4,27.4,13.7,11.6,0.4,clay,2.78,0.54,Flood
6.9,80.0,2024-02,37.5,95.2,27.5,14.6,64.3,14.6,loam,11.8,0.52,No Risk
7.1,80.225,2024-02,34.4,93.7,27.2,15.6,125.1,18.9,loam,2.77,0.68,No Risk
7.1,80.275,2023-04,188.3,96.8,26.8,11.5,138.0,32.2,loam,6.0,0.74,Landslide
6.95,79.875,2025-05,276.7,94.1,27.8,18.3,39.8,2.5,loam,2.78,0.63,Flood
7.075,80.2,2024-10,474.7,96.6,25.3,13.0,99.7,13.8,loam,2.77,0.79,Warning
6.9,80.025,2024-11,482.8,98.9,25.2,13.0,77.1,15.8,sandy,13.24,0.68,Landslide
7.025,79.975,2024-08,308.4,96.0,26.4,16.8,18.0,0.9,loam,1.76,0.55,Flood
7.125,79.975,2023-09,519.4,96.6,25.6,17.5,15.6,2.2,loam,9.71,0.6,Warning
7.125,80.15,2024-02,18.8,91.8,27.5,16.6,153.9,18.9,loam,2.99,0.58,No Risk
7.025,80.05,2024-03,121.6,96.0,28.2,15.4,34.0,3.7,loam,4.33,0.63,Warning
6.95,80.2,2023-12,481.4,98.3,25.4,11.4,66.3,6.2,loam,15.0,0.72,Warning
7.125,80.1,2024-06,344.8,96.7,26.1,18.4,39.1,1.8,loam,1.24,0.61,Flood
6.925,80.2,2023-02,114.0,97.6,25.2,11.6,95.2,12.3,loam,15.0,0.68,Warning
7.025,80.05,2025-01,358.9,97.6,25.2,13.5,34.0,3.7,loam,4.33,0.61,Warning
7.125,80.225,2024-02,21.8,92.4,26.2,16.0,101.5,18.6,clay,0.78,0.63,No Risk
7.05,80.175,2025-02,33.0,96.4,26.1,14.2,121.1,17.9,sandy,6.21,0.62,No Risk
7.075,80.075,2023-09,563.7,97.1,25.4,17.0,71.6,10.1,clay,2.83,0.65,Warning
7.075,79.875,2023-02,60.6,93.6,25.7,16.3,9.5,1.1,clay,12.18,0.52,Warning
6.925,80.35,2023-01,222.5,94.5,23.0,9.2,196.5,16.3,sandy,15.0,0.84,Landslide
7.125,80.075,2024-01,152.2,94.0,25.8,14.0,72.3,12.6,loam,2.83,0.7,Warning
7.05,79.975,2024-03,83.2,96.9,28.2,15.1,7.1,1.2,clay,3.72,0.51,Warning
7.075,80.225,2023-11,614.2,98.9,24.1,10.5,87.8,9.6,sandy,3.92,0.75,Warning
7.075,79.85,2025-04,221.9,96.0,27.1,14.7,25.8,2.4,loam,13.79,0.6,Warning
6.975,79.975,2024-04,243.0,98.6,28.1,13.0,17.0,0.8,loam,3.24,0.59,Flood
7.1,80.35,2024-04,240.3,96.6,27.8,12.0,104.3,12.9,sandy,12.01,0.79,Warning
7.125,79.9,2024-02,26.6,90.4,27.8,18.3,29.0,5.3,clay,15.0,0.39,No Risk
6.925,80.1,2025-05,317.5,98.8,26.0,15.3,54.2,8.0,loam,15.0,0.65,Warning
7.0,80.1,2025-04,282.7,98.3,25.9,12.8,29.7,6.4,loam,10.47,0.61,Warning
7.05,80.35,2025-02,53.6,97.4,25.6,11.7,132.8,27.5,sandy,15.0,0.69,Warning
7.075,80.275,2024-03,87.6,95.2,27.6,14.9,201.6,18.5,loam,7.89,0.71,Landslide
7.0,80.2,2023-04,163.6,96.7,26.5,11.1,62.8,13.7,sandy,11.1,0.66,Warning
6.975,80.075,2025-02,69.5,96.2,26.6,14.2,57.2,4.9,clay,10.32,0.62,Warning
6.9,79.925,2023-12,410.4,96.3,25.9,14.8,28.1,3.3,sandy,6.21,0.6,Warning
7.05,79.85,2024-02,42.1,91.1,27.8,17.9,7.3,1.1,clay,11.8,0.41,No Risk
7.0,79.85,2023-06,370.5,94.9,27.1,19.9,13.7,1.6,loam,7.85,0.62,Warning
7.025,80.1,2024-02,42.9,94.3,27.5,14.3,79.7,8.2,loam,8.25,0.61,No Risk
7.05,80.15,2024-12,142.8,97.5,25.4,13.1,133.4,17.5,loam,7.85,0.83,Landslide
7.1,80.225,2023-01,136.7,92.2,24.5,14.8,125.1,18.9,loam,2.77,0.8,Landslide
6.95,80.15,2025-01,332.0,99.1,24.8,11.3,110.9,14.4,sandy,15.0,0.75,Warning
7.125,80.225,2024-09,275.1,95.2,24.7,16.4,101.5,18.6,clay,0.78,0.7,Landslide
7.125,80.325,2023-03,143.5,94.7,26.4,11.4,114.8,10.7,loam,8.19,0.76,Warning
7.075,79.875,2023-05,224.2,95.1,27.3,17.6,9.5,1.1,clay,12.18,0.61,Warning
6.925,80.275,2024-12,177.7,98.1,25.0,11.0,193.9,32.8,loam,15.0,0.81,Landslide
6.975,80.125,2024-11,499.0,98.3,25.1,14.1,37.5,4.8,clay,14.32,0.57,Warning
7.0,80.375,2023-10,660.6,97.4,25.0,11.6,175.5,36.1,sandy,15.0,0.79,Landslide
6.975,79.95,2023-10,623.4,98.2,25.4,12.7,19.8,1.1,clay,2.29,0.63,Flood
6.9,79.85,2025-04,189.2,94.8,27.5,13.3,8.8,0.6,clay,3.14,0.58,Flood
7.0,80.325,2023-06,378.6,95.2,24.7,12.0,237.4,27.0,sandy,15.0,0.81,Landslide
7.075,79.9,2025-01,269.5,94.8,25.5,16.5,28.5,5.2,clay,10.66,0.64,Warning
7.1,80.125,2023-01,139.2,90.5,24.9,15.9,71.0,11.4,loam,2.78,0.68,Warning
6.975,79.95,2024-08,308.4,96.0,26.4,16.8,19.8,1.1,clay,2.29,0.6,Flood
7.075,80.1,2024-02,26.8,91.5,27.8,16.5,32.2,3.5,clay,3.55,0.41,No Risk
7.075,80.375,2024-02,36.8,96.2,23.4,11.3,115.1,6.0,sandy,15.0,0.59,No Risk
6.9,80.075,2023-02,124.2,98.1,25.3,12.8,48.0,3.8,clay,15.0,0.66,Warning
7.05,80.05,2023-02,120.8,95.4,25.9,13.2,22.4,3.7,loam,3.33,0.65,Flood
7.1,80.2,2025-01,291.3,98.2,24.9,12.9,88.8,13.2,loam,0.0,0.75,Warning
6.925,79.85,2025-05,280.7,94.1,27.7,18.1,24.7,3.2,clay,2.29,0.6,Flood
7.1,80.075,2024-02,27.7,91.3,28.1,16.6,92.3,13.0,clay,0.55,0.58,No Risk
7.125,79.85,2024-02,27.2,90.3,27.7,18.1,6.1,0.5,clay,15.0,0.37,No Risk
6.95,80.3,2023-05,302.9,94.6,26.2,11.8,238.9,30.8,sandy,15.0,0.84,Landslide
7.075,80.075,2023-10,618.4,98.1,25.4,12.5,71.6,10.1,clay,2.83,0.68,Warning
6.975,80.25,2023-08,174.7,93.3,26.0,15.2,209.1,35.5,loam,14.94,0.85,Landslide
6.95,79.875,2024-11,350.8,96.4,25.8,15.0,39.8,2.5,loam,2.78,0.65,Flood
7.125,79.85,2024-06,290.4,93.5,27.0,21.9,6.1,0.5,clay,15.0,0.59,Warning
6.975,79.875,2024-05,607.9,95.2,27.8,19.9,28.7,5.1,sandy,3.92,0.6,Warning
7.0,80.2,2024-07,355.1,96.4,26.1,14.5,62.8,13.7,sandy,11.1,0.69,Warning
6.925,80.05,2024-02,38.4,96.1,27.3,13.0,82.3,7.8,loam,12.47,0.56,No Risk
6.95,80.325,2024-05,858.9,96.7,26.2,13.5,174.0,30.3,sandy,15.0,0.84,Landslide
6.95,80.225,2024-12,169.4,98.2,25.4,11.7,67.0,14.3,loam,15.0,0.72,Warning
7.0,80.15,2023-12,475.0,97.8,25.5,12.5,147.0,20.3,sandy,12.41,0.8,Landslide
6.9,80.3,2024-02,42.5,94.2,25.7,12.3,186.2,18.2,sandy,15.0,0.59,No Risk
6.975,79.9,2024-03,93.8,95.0,28.0,16.4,18.4,0.3,clay,2.77,0.58,Flood
7.15,79.975,2024-10,413.1,97.1,25.9,14.2,28.4,6.7,clay,11.39,0.68,Warning
6.975,79.9,2024-11,388.3,96.8,25.7,14.9,18.4,0.3,clay,2.77,0.55,Flood
7.0,80.05,2025-04,289.0,98.0,26.4,12.4,33.9,6.9,sandy,6.47,0.6,Warning
6.925,79.85,2024-10,410.6,95.4,26.3,16.9,24.7,3.2,clay,2.29,0.57,Flood
6.975,80.35,2024-06,366.8,96.2,24.8,14.9,187.8,28.4,loam,15.0,0.79,Landslide
7.05,80.225,2024-08,344.1,95.2,25.7,15.7,90.0,17.9,sandy,6.21,0.7,Landslide
7.05,79.875,2024-02,42.0,91.2,27.7,17.8,22.2,6.6,clay,9.88,0.45,No Risk
7.125,80.3,2024-12,158.0,97.4,25.1,11.9,121.9,24.6,sandy,5.9,0.77,Landslide
6.975,79.85,2024-05,607.9,95.2,27.8,19.9,9.5,0.5,clay,6.21,0.56,Warning
6.95,79.925,2023-12,414.9,96.3,25.9,14.8,29.7,6.4,clay,2.77,0.59,Flood
6.9,80.0,2024-12,198.0,97.6,26.1,12.2,64.3,14.6,loam,11.8,0.62,Warning
6.975,79.95,2024-06,352.5,95.8,26.7,17.7,19.8,1.1,clay,2.29,0.58,Flood
7.0,80.175,2023-03,164.0,97.5,25.1,10.3,74.0,13.3,sandy,11.44,0.68,Warning
7.1,80.175,2025-02,41.4,95.8,26.1,14.4,146.2,35.3,loam,2.78,0.65,No Risk
6.975,80.2,2023-08,156.5,95.0,26.2,15.9,118.9,8.0,sandy,13.88,0.8,Warning
7.05,80.325,2023-11,614.2,98.9,24.7,10.5,217.1,18.9,sandy,13.79,0.75,Landslide
7.125,80.075,2024-02,25.6,90.9,27.9,17.1,72.3,12.6,loam,2.83,0.48,No Risk
7.05,80.175,2024-02,33.8,93.7,27.3,15.5,121.1,17.9,sandy,6.21,0.6,No Risk
6.9,80.0,2025-05,307.3,96.9,27.1,15.7,64.3,14.6,loam,11.8,0.69,Warning
7.025,80.125,2023-02,120.6,97.0,25.4,12.3,60.4,12.0,clay,9.71,0.65,Warning
7.075,80.25,2023-02,96.5,96.6,25.6,11.3,117.6,18.7,sandy,6.21,0.75,Landslide
7.1,80.2,2025-02,33.2,96.6,26.1,14.2,88.8,13.2,loam,0.0,0.53,No Risk
7.125,79.875,2024-09,257.0,92.4,27.1,20.9,3.0,2.0,clay,15.0,0.58,Warning
6.95,80.2,2025-02,59.6,98.0,26.1,13.2,66.3,6.2,loam,15.0,0.58,Warning
7.1,79.9,2023-11,473.5,97.8,25.5,11.8,20.9,6.5,clay,12.94,0.6,Warning
7.1,79.975,2023-01,114.3,90.9,25.3,16.0,4.1,2.0,clay,7.47,0.61,Warning
7.15,79.975,2023-04,192.0,97.3,27.0,12.3,28.4,6.7,clay,11.39,0.61,Warning
7.1,80.25,2025-02,42.2,96.8,25.9,13.6,182.6,19.8,loam,4.0,0.69,No Risk
7.125,79.925,2025-03,163.7,99.0,26.5,12.5,3.0,1.9,clay,13.44,0.57,Warning
7.125,80.125,2024-02,25.6,90.9,27.8,17.2,79.8,17.8,sandy,1.76,0.51,No Risk
6.925,80.025,2024-02,38.5,96.1,27.3,13.1,52.5,3.1,clay,11.02,0.46,No Risk
7.075,80.075,2023-11,557.1,99.3,25.4,10.0,71.6,10.1,clay,2.83,0.66,Warning
6.925,79.9,2023-03,141.2,95.9,26.4,13.1,11.6,0.4,clay,2.78,0.55,Flood
7.025,80.275,2024-02,46.5,94.6,26.7,12.3,190.6,30.0,sandy,11.77,0.68,Warning
6.95,80.15,2024-01,190.0,97.1,25.6,10.3,110.9,14.4,sandy,15.0,0.69,Warning
6.95,79.9,2023-03,145.7,96.0,26.5,13.1,20.5,4.8,loam,0.0,0.54,Flood
6.975,79.95,2023-12,412.3,98.3,25.8,13.5,19.8,1.1,clay,2.29,0.62,Flood
7.025,80.175,2024-03,87.3,94.4,28.2,16.3,132.6,16.4,loam,8.78,0.78,Landslide
6.95,79.85,2024-04,177.2,96.1,28.2,14.5,17.7,1.4,clay,4.0,0.61,Warning
7.15,80.025,2023-03,192.6,96.3,26.5,12.6,44.0,2.2,loam,8.25,0.68,Warning
6.95,80.325,2025-03,163.9,98.9,25.4,10.7,174.0,30.3,sandy,15.0,0.78,Landslide
7.1,79.95,2024-01,163.8,94.8,26.1,14.7,26.6,4.4,sandy,9.55,0.57,Warning
7.025,80.325,2024-11,522.4,98.6,24.3,11.6,167.2,17.8,sandy,15.0,0.84,Landslide
7.025,79.925,2025-04,164.1,95.3,27.4,14.0,7.6,1.0,clay,4.77,0.56,Warning
6.95,80.025,2024-05,755.7,97.9,26.8,15.7,88.4,10.8,loam,8.69,0.76,Warning
7.1,80.25,2025-02,42.5,96.8,25.9,13.6,182.6,19.8,loam,4.0,0.69,No Risk
6.975,79.9,2025-03,137.8,95.4,27.2,12.0,18.4,0.3,clay,2.77,0.59,Flood
6.925,79.85,2025-02,49.0,92.1,27.3,14.6,24.7,3.2,clay,2.29,0.5,Warning
7.025,80.325,2023-08,174.7,93.3,25.7,15.2,167.2,17.8,sandy,15.0,0.83,Landslide
7.05,80.35,2023-06,299.7,95.4,25.3,13.5,132.8,27.5,sandy,15.0,0.81,Landslide
7.1,80.2,2024-09,313.3,97.0,25.6,15.7,88.8,13.2,loam,0.0,0.74,Warning
7.1,80.25,2023-08,97.0,92.4,26.3,17.3,182.6,19.8,loam,4.0,0.83,Landslide
6.975,79.85,2024-02,42.7,91.7,27.7,17.6,9.5,0.5,clay,6.21,0.38,No Risk
7.025,79.975,2024-06,371.2,95.9,26.7,18.4,18.0,0.9,loam,1.76,0.62,Flood
7.125,79.95,2023-07,244.2,95.2,26.6,18.2,22.8,6.1,loam,11.39,0.59,Warning
7.025,79.95,2025-04,224.1,97.8,26.9,12.3,14.2,1.5,clay,2.99,0.57,Flood
6.95,79.875,2023-02,67.3,95.1,25.6,15.8,39.8,2.5,loam,2.78,0.56,Warning
7.075,80.05,2024-12,147.7,97.9,25.7,12.9,38.7,7.9,clay,0.55,0.64,Flood
7.1,80.25,2025-01,299.1,97.5,24.7,13.1,182.6,19.8,loam,4.0,0.84,Landslide
6.95,80.175,2023-11,607.9,98.2,25.1,10.1,117.2,19.0,loam,15.0,0.77,Landslide
7.1,80.125,2025-04,283.7,98.4,26.0,12.8,71.0,11.4,loam,2.78,0.7,Warning
7.025,80.225,2023-03,164.0,97.5,25.8,10.3,137.7,19.0,sandy,8.78,0.76,Landslide
7.0,79.95,2025-02,59.4,95.5,27.3,13.9,31.8,5.9,clay,1.11,0.49,Warning
7.125,79.975,2025-05,256.8,97.1,27.3,17.7,15.6,2.2,loam,9.71,0.59,Warning
7.0,80.35,2025-02,49.7,96.2,25.8,11.6,193.9,27.8,loam,15.0,0.67,Warning
6.925,79.9,2023-12,413.0,96.3,25.9,14.9,11.6,0.4,clay,2.78,0.6,Flood
6.925,80.2,2024-04,193.3,96.3,27.9,13.3,95.2,12.3,loam,15.0,0.77,Warning
7.075,79.975,2025-02,58.8,96.1,27.1,14.3,18.3,2.2,loam,5.71,0.5,Warning
7.025,79.875,2024-12,133.7,94.9,26.4,14.1,22.2,5.8,clay,7.89,0.61,Warning
6.95,80.175,2025-02,59.6,98.0,26.1,13.2,117.2,19.0,loam,15.0,0.69,Warning
7.025,79.975,2023-07,260.1,95.6,26.6,17.6,18.0,0.9,loam,1.76,0.6,Flood
7.125,80.375,2024-12,154.6,97.4,24.4,11.1,175.1,24.7,sandy,11.88,0.78,Landslide
7.1,80.05,2023-12,410.3,97.9,25.8,13.5,41.6,6.9,loam,2.22,0.67,Flood
6.95,80.25,2024-06,455.6,94.8,25.2,14.4,182.1,27.5,sandy,15.0,0.77,Landslide
7.125,80.075,2024-05,687.7,97.4,26.8,16.0,72.3,12.6,loam,2.83,0.72,Warning
7.1,79.85,2024-01,139.3,93.0,26.1,16.3,19.7,1.6,clay,15.0,0.58,Warning
7.1,80.1,2024-02,25.8,91.1,27.8,17.1,75.3,10.7,loam,2.22,0.5,No Risk
6.9,79.85,2024-07,317.4,93.5,27.2,18.9,8.8,0.6,clay,3.14,0.62,Flood
7.0,80.05,2023-07,281.7,96.5,26.2,16.6,33.9,6.9,sandy,6.47,0.68,Warning
6.925,80.025,2024-11,482.8,98.9,25.2,13.0,52.5,3.1,clay,11.02,0.64,Warning
7.0,80.15,2024-02,42.5,94.2,27.5,14.2,147.0,20.3,sandy,12.41,0.62,No Risk
6.95,80.025,2023-06,360.3,98.4,25.9,15.7,88.4,10.8,loam,8.69,0.74,Warning
7.025,79.95,2024-12,198.3,97.9,26.1,12.2,14.2,1.5,clay,2.99,0.59,Flood
7.05,80.05,2023-01,130.0,90.4,25.3,16.0,22.4,3.7,loam,3.33,0.63,Flood
7.125,80.05,2023-04,195.4,97.9,27.0,12.1,50.3,6.3,loam,4.33,0.59,Warning
7.1,79.875,2023-02,96.0,94.3,25.7,16.7,24.4,3.5,clay,14.57,0.59,Warning
6.9,80.025,2023-04,197.0,98.1,26.5,11.0,77.1,15.8,sandy,13.24,0.68,Landslide
7.075,79.85,2024-11,386.9,97.2,25.7,15.8,25.8,2.4,loam,13.79,0.6,Warning
7.05,80.05,2024-08,268.0,96.5,26.2,16.6,22.4,3.7,loam,3.33,0.61,Flood
7.075,80.175,2024-02,34.1,93.7,26.6,15.3,88.0,17.9,loam,3.92,0.54,No Risk
7.0,79.925,2023-09,534.0,95.1,26.0,20.0,3.0,2.2,clay,2.29,0.58,Flood
6.9,80.275,2023-10,694.2,97.0,24.8,11.9,132.8,33.3,sandy,15.0,0.79,Landslide
6.975,79.9,2023-07,229.0,92.8,26.9,21.4,18.4,0.3,clay,2.77,0.62,Flood
6.925,80.175,2024-02,39.1,96.1,27.1,12.7,65.1,18.1,loam,15.0,0.58,No Risk
7.05,79.85,2024-01,130.5,93.1,26.1,15.6,7.3,1.1,clay,11.8,0.61,Warning
7.05,79.85,2024-02,42.6,91.4,27.8,17.7,7.3,1.1,clay,11.8,0.41,No Risk
7.075,80.35,2023-11,776.4,98.5,24.0,9.8,222.8,24.9,loam,13.74,0.82,Landslide
7.125,80.225,2025-02,42.6,96.7,25.1,13.5,101.5,18.6,clay,0.78,0.59,No Risk
7.0,80.0,2023-06,368.9,96.8,26.6,17.0,74.6,6.2,clay,2.48,0.66,Warning
7.05,80.325,2024-02,25.9,94.3,26.8,14.2,217.1,18.9,sandy,13.79,0.66,No Risk
6.975,80.3,2024-07,387.1,95.2,25.8,13.1,228.2,18.0,loam,15.0,0.84,Landslide
6.925,79.9,2024-07,308.4,93.6,27.2,19.0,11.6,0.4,clay,2.78,0.58,Flood
7.0,80.325,2023-02,114.5,95.3,23.9,9.3,237.4,27.0,sandy,15.0,0.82,Landslide
6.9,80.175,2024-02,39.4,96.1,27.1,12.6,105.0,17.4,loam,15.0,0.61,No Risk
7.125,80.3,2024-03,91.3,94.5,27.9,15.7,121.9,24.6,sandy,5.9,0.75,Landslide
7.0,80.3,2025-02,51.2,96.7,25.9,12.5,223.5,30.2,loam,15.0,0.67,Warning
7.125,80.225,2023-08,97.0,92.3,25.4,17.3,101.5,18.6,clay,0.78,0.78,Landslide
7.025,80.15,2024-12,178.3,97.8,25.4,12.7,108.4,8.3,loam,10.01,0.78,Warning
7.125,79.975,2023-06,314.5,96.6,26.7,17.7,15.6,2.2,loam,9.71,0.59,Warning
6.9,80.175,2024-03,86.6,94.1,28.3,16.4,105.0,17.4,loam,15.0,0.66,Landslide
7.075,80.05,2024-07,313.3,97.0,26.5,15.9,38.7,7.9,clay,0.55,0.62,Flood
7.1,80.275,2024-10,514.5,96.3,25.8,12.7,138.0,32.2,loam,6.0,0.75,Landslide
7.1,79.975,2023-10,616.8,98.4,25.4,12.6,4.1,2.0,clay,7.47,0.57,Warning
7.0,79.95,2025-04,226.5,97.7,26.9,12.3,31.8,5.9,clay,1.11,0.62,Flood
6.975,79.925,2025-03,137.8,95.4,27.2,12.0,14.6,0.6,clay,0.78,0.55,Flood
7.1,80.15,2023-12,434.2,97.2,25.5,13.6,109.5,13.6,sandy,4.96,0.8,Warning
7.0,79.85,2024-05,607.9,95.2,27.8,19.9,13.7,1.6,loam,7.85,0.59,Warning
6.975,80.0,2024-02,32.2,93.6,27.7,15.3,74.9,18.6,loam,5.12,0.54,No Risk
6.9,79.9,2023-07,250.1,92.9,26.9,21.0,18.9,1.4,clay,4.0,0.56,Warning
6.975,79.975,2023-04,178.0,97.7,26.9,12.2,17.0,0.8,loam,3.24,0.51,Flood
7.1,79.975,2025-04,230.2,98.1,26.8,12.8,4.1,2.0,clay,7.47,0.51,Warning
7.1,80.05,2025-04,236.0,97.9,26.5,12.6,41.6,6.9,loam,2.22,0.62,Flood
6.925,80.15,2024-02,39.0,96.4,27.1,12.9,109.4,14.2,sandy,15.0,0.57,No Risk
7.075,80.3,2024-02,25.0,94.4,26.8,14.3,99.1,6.7,loam,9.88,0.62,No Risk
7.125,80.35,2023-10,466.4,97.4,24.2,13.5,158.1,30.1,loam,9.82,0.75,Landslide
7.075,80.175,2024-05,755.8,97.2,25.8,15.4,88.0,17.9,loam,3.92,0.76,Landslide
7.075,80.2,2024-04,194.2,96.6,27.7,12.5,99.7,13.8,loam,2.77,0.75,Warning
6.925,80.05,2023-09,568.4,97.8,25.1,16.8,82.3,7.8,loam,12.47,0.68,Warning
7.075,80.275,2024-02,25.3,94.5,26.7,14.2,201.6,18.5,loam,7.89,0.6,No Risk
7.075,80.25,2024-02,25.4,94.4,27.5,14.1,117.6,18.7,sandy,6.21,0.52,No Risk
7.0,79.975,2025-01,340.2,97.1,25.4,13.3,9.0,0.5,clay,1.67,0.59,Flood
7.05,79.9,2024-02,42.1,91.0,27.8,17.8,18.4,1.2,clay,8.45,0.42,No Risk
7.15,79.9,2023-02,96.0,94.3,25.7,16.7,7.8,0.8,clay,15.0,0.53,Warning
7.125,80.25,2024-02,21.7,92.2,26.3,15.7,183.4,27.4,sandy,2.29,0.65,No Risk
6.925,80.175,2023-02,114.0,97.6,25.2,11.6,65.1,18.1,loam,15.0,0.71,Landslide
6.9,79.85,2024-09,318.9,92.9,27.0,19.8,8.8,0.6,clay,3.14,0.6,Flood
6.925,80.15,2023-10,624.0,97.0,25.1,13.2,109.4,14.2,sandy,15.0,0.82,Warning
7.05,80.25,2023-06,327.3,95.0,26.2,13.8,124.2,29.2,loam,7.85,0.8,Landslide
6.9,79.975,2024-05,761.3,97.1,27.2,16.4,23.2,3.9,loam,10.01,0.63,Warning
7.1,80.325,2024-09,338.8,95.5,25.6,14.8,154.6,24.9,loam,9.82,0.8,Landslide
6.925,79.9,2024-12,133.4,94.3,26.7,13.5,11.6,0.4,clay,2.78,0.55,Flood
7.1,80.0,2024-02,26.8,92.3,28.1,16.2,72.7,8.6,loam,5.98,0.57,No Risk
7.05,79.85,2024-04,180.0,96.2,28.2,14.5,7.3,1.1,clay,11.8,0.62,Warning
6.925,80.175,2023-07,357.0,96.4,25.7,15.3,65.1,18.1,loam,15.0,0.65,Landslide
7.0,80.275,2025-05,375.1,98.9,25.6,12.2,241.0,35.6,sandy,13.88,0.79,Landslide
6.975,79.925,2023-08,128.3,92.9,27.0,19.9,14.6,0.6,clay,0.78,0.58,Flood
7.05,79.925,2025-05,288.9,95.1,27.7,20.2,35.5,6.6,clay,6.77,0.61,Warning
6.95,80.1,2024-08,359.2,96.3,25.7,16.3,68.6,15.4,clay,14.21,0.66,Landslide
7.0,80.35,2024-09,377.7,96.0,25.5,13.2,193.9,27.8,loam,15.0,0.76,Landslide
7.15,80.025,2025-02,43.8,95.2,27.0,15.6,44.0,2.2,loam,8.25,0.48,No Risk
6.925,79.95,2024-10,460.2,97.1,25.9,14.4,7.2,0.3,clay,6.21,0.58,Warning
6.975,79.9,2023-12,373.1,96.4,25.9,15.4,18.4,0.3,clay,2.77,0.58,Flood
7.1,80.175,2023-06,285.7,95.4,25.9,16.1,146.2,35.3,loam,2.78,0.74,Landslide
7.125,80.275,2023-01,106.8,91.8,24.2,14.6,199.1,34.9,sandy,4.23,0.81,Landslide
6.9,79.85,2023-11,484.1,97.5,25.6,12.0,8.8,0.6,clay,3.14,0.56,Flood
7.0,79.9,2023-03,112.6,97.4,26.4,13.6,22.7,1.5,clay,4.0,0.6,Warning
7.075,80.05,2024-10,404.8,97.5,25.8,13.3,38.7,7.9,clay,0.55,0.57,Flood
7.075,80.35,2024-02,27.8,94.3,25.7,13.0,222.8,24.9,loam,13.74,0.57,No Risk
7.125,80.0,2024-02,29.1,91.2,28.0,17.0,61.0,15.4,loam,7.47,0.39,No Risk
7.1,80.075,2025-05,299.7,97.8,26.8,15.9,92.3,13.0,clay,0.55,0.75,Warning
7.075,80.325,2024-02,27.3,94.4,25.7,13.0,99.7,18.4,sandy,11.88,0.53,No Risk
7.05,79.9,2023-05,224.2,95.1,27.3,17.6,18.4,1.2,clay,8.45,0.6,Warning
7.025,80.15,2024-07,306.0,97.0,26.2,15.8,108.4,8.3,loam,10.01,0.79,Warning
6.95,80.05,2024-09,378.4,97.8,26.0,16.8,79.7,18.7,loam,10.23,0.71,Landslide
6.925,80.375,2024-09,412.8,96.1,25.6,12.3,164.7,30.7,loam,15.0,0.83,Landslide
7.05,80.05,2023-12,404.3,97.8,25.8,13.8,22.4,3.7,loam,3.33,0.57,Flood
6.95,80.375,2024-03,139.7,92.3,25.3,12.4,212.6,38.0,loam,15.0,0.85,Landslide
7.075,80.0,2024-07,313.3,96.2,26.8,17.2,89.4,13.9,loam,3.55,0.75,Warning
7.0,80.225,2024-07,355.1,96.4,26.1,14.5,93.3,10.0,sandy,11.44,0.66,Warning
7.0,80.0,2023-09,576.6,96.6,25.6,16.9,74.6,6.2,clay,2.48,0.71,Warning
6.9,80.0,2024-04,224.9,98.5,27.9,12.7,64.3,14.6,loam,11.8,0.68,Warning
6.95,80.175,2024-02,39.2,96.0,27.1,12.6,117.2,19.0,loam,15.0,0.61,No Risk
7.0,80.0,2024-10,444.4,97.3,25.9,14.3,74.6,6.2,clay,2.48,0.7,Warning
6.975,79.95,2024-06,359.3,95.8,26.7,18.1,19.8,1.1,clay,2.29,0.58,Flood
7.05,80.375,2025-02,44.9,98.9,20.6,11.1,212.7,17.2,sandy,15.0,0.69,No Risk
7.0,79.85,2023-07,214.2,92.8,26.9,21.3,13.7,1.6,loam,7.85,0.55,Warning
7.125,79.9,2024-02,26.7,90.3,27.8,18.2,29.0,5.3,clay,15.0,0.39,No Risk
7.1,80.275,2024-02,25.4,94.3,27.5,14.2,138.0,32.2,loam,6.0,0.59,No Risk
7.15,79.85,2024-05,574.7,94.9,27.7,19.6,3.2,1.5,clay,15.0,0.57,Warning
7.025,80.0,2024-10,444.4,97.3,25.9,14.3,75.1,17.7,clay,1.24,0.68,Landslide
7.075,79.925,2023-03,117.5,95.7,26.5,13.8,12.8,1.0,loam,9.19,0.57,Warning
6.925,80.3,2025-01,333.7,99.2,24.6,9.0,197.1,18.5,loam,15.0,0.84,Landslide
7.15,79.875,2023-12,312.3,95.5,26.0,16.8,5.4,2.0,loam,15.0,0.51,Warning
7.075,80.35,2023-06,299.7,95.4,24.7,13.5,222.8,24.9,loam,13.74,0.84,Landslide
7.1,80.025,2023-05,231.4,96.8,26.8,14.6,59.1,4.2,loam,3.55,0.67,Warning
6.975,80.275,2025-03,168.2,98.9,25.5,10.6,191.4,27.2,loam,15.0,0.75,Landslide
7.05,80.05,2025-03,199.8,98.0,26.5,11.8,22.4,3.7,loam,3.33,0.64,Flood
6.925,79.95,2024-04,224.9,98.5,27.9,12.7,7.2,0.3,clay,6.21,0.55,Warning
6.95,80.2,2023-04,173.9,96.5,26.5,11.0,66.3,6.2,loam,15.0,0.68,Warning
7.05,80.2,2025-02,33.7,96.6,24.9,14.2,99.8,17.4,sandy,5.55,0.58,No Risk
7.1,80.25,2023-11,584.8,98.7,24.7,10.8,182.6,19.8,loam,4.0,0.83,Landslide
7.05,80.35,2024-07,348.3,95.2,25.6,14.2,132.8,27.5,sandy,15.0,0.79,Landslide
6.9,80.25,2023-03,198.0,95.8,25.5,9.9,113.0,8.2,sandy,15.0,0.8,Warning
7.125,80.3,2023-02,99.4,96.0,25.0,13.0,121.9,24.6,sandy,5.9,0.82,Landslide
7.1,80.375,2024-10,438.3,96.6,25.2,12.5,126.9,33.0,sandy,13.74,0.79,Landslide
7.1,79.925,2023-01,122.5,90.8,25.1,16.6,4.3,0.6,clay,11.44,0.5,Warning
7.1,80.075,2025-02,50.5,95.7,26.9,14.8,92.3,13.0,clay,0.55,0.59,Warning
6.925,80.025,2024-08,340.6,97.0,26.0,16.4,52.5,3.1,clay,11.02,0.66,Warning
6.9,79.85,2024-07,325.8,93.6,27.2,19.2,8.8,0.6,clay,3.14,0.62,Flood
